is_hr,launch_angle,launch_speed,bat_speed,swing_length,plate_x,plate_z,inning,balls,strikes,is_stand_left,is_throw_left
0,33,91.3,76.3,8.2,-0.45,1.98,9,0,2,1,0
0,-20,71.4,79.2,8,0.26,2.02,9,1,2,0,0
0,36,103.4,72.3,6.4,-0.04,2.75,9,3,2,1,0
0,4,100.8,72.2,8.4,-0.65,1.81,8,2,1,1,0
0,20,102.3,67.8,5.9,-0.4,2.78,8,0,0,1,0
0,28,90.4,79.1,7.7,-0.25,2.08,8,1,2,1,1
0,27,90.4,74.7,8.2,-0.23,1.58,8,1,2,0,1
0,12,76.9,70.4,6.6,-0.94,2.14,7,2,2,0,0
0,8,101.5,74.3,7,-0.15,2.7,7,3,2,1,0
0,-25,90.4,77,6.7,0.17,2.35,6,0,0,1,1
0,16,80.5,69.6,6.6,0.48,3.19,6,0,0,1,0
0,50,93.4,73.8,7.1,-0.5,2.6,6,2,2,1,0
0,68,83.1,80,7.3,-0.7,2.35,5,0,0,0,0
0,7,104.6,78,7.9,-0.11,2.38,5,2,2,1,0
0,-12,91.4,78.2,7.5,0.18,1.43,5,0,0,0,0
0,1,78.9,78.7,8.9,-0.37,1.15,5,1,1,1,0
0,20,68,66.5,6.4,-0.99,2.56,5,0,1,0,0
0,16,92.3,62.8,7.1,-0.41,3.18,5,0,1,1,0
0,38,96.1,78.4,7.2,-0.52,1.83,4,0,1,1,0
1,27,106.8,73.3,7,-0.2,2.63,4,0,0,0,0
0,47,80.8,67.9,7.7,-0.58,2.04,4,0,0,0,0
0,20,80.8,74.9,8.4,0.25,1.76,4,1,2,1,0
1,28,98.2,74.8,6.9,-0.91,2.82,4,2,2,0,0
0,3,103.9,74.5,8,0.55,2.42,4,1,1,0,0
0,14,111.4,77.4,7.2,0.2,2.2,4,0,1,1,0
0,-73,54.7,67.1,7.2,-0.54,2.73,4,2,2,1,0
0,-25,98.9,75.7,7.2,-0.42,2.45,4,3,2,1,0
0,47,100.4,80.2,8.1,0.43,1.42,3,2,2,1,0
0,8,102.3,69.1,5.9,-0.34,3.2,3,2,1,0,0
0,-7,107.4,76.6,6.1,-0.3,2.49,3,1,1,1,0
0,44,100.5,80.3,7.4,0.3,2.24,3,2,0,0,0
0,33,103.1,72.3,7.3,-0.47,2.21,3,0,0,0,0
0,-3,101.3,65.2,7.4,-0.07,2.14,2,3,2,0,0
0,-48,56.4,66.9,7,0.66,2.98,2,0,1,1,0
0,60,91.5,68.3,6.8,-0.58,2.76,2,1,0,1,0
0,-43,76,70.2,7.3,0.13,2.07,2,1,1,1,0
0,21,104.3,75.7,7.6,-0.29,2,1,1,0,1,0
0,-9,98,76.8,7,-0.07,2.37,1,2,1,0,0
0,14,93.5,81.5,7.3,0.47,2.49,1,2,0,1,0
0,0,92,75.8,8.1,0.85,2.06,1,0,1,0,0
0,-7,104.2,69.9,7.2,0.17,2.86,1,3,2,1,0
0,-9,69.9,75.7,6.9,0.84,2.51,1,2,2,1,0
0,13,88.3,74.6,7.1,0.78,2.14,9,2,1,0,0
0,-26,63.3,71.8,7.5,0.9,2.8,9,2,2,0,0
0,10,94.3,68.9,6.4,-0.48,2.83,9,2,2,1,0
0,-21,104.4,77.8,7.5,-0.42,2.03,8,1,0,0,0
0,-1,102,85.9,7.9,-0.16,2.05,8,1,0,1,0
0,49,86.7,70.5,6.8,-0.13,2.26,8,0,0,1,0
0,44,95,72.7,8.2,0.16,1.91,8,0,0,1,0
0,-13,103.6,77.4,7.7,0.31,1.97,8,2,2,0,0
0,-64,62.4,59.6,6.7,0.97,2.31,8,0,2,0,0
0,38,91.1,66.7,6.4,0.22,3.12,7,1,2,0,1
0,53,90.4,69.8,6.5,0.26,2.96,7,0,0,0,1
0,23,101.4,68.4,7.7,0.32,2.03,7,1,1,1,0
0,-9,98.9,70.9,6.5,-0.14,1.75,7,2,2,1,0
0,-12,102.5,68.9,7.3,0.85,1.92,6,3,2,0,1
0,18,80.4,67.3,7.4,-0.98,2.07,6,1,0,1,0
0,59,73.7,72.3,8,1.01,2.35,6,1,1,0,0
0,46,98.4,78.1,7.3,0.33,2.33,5,0,0,0,1
0,18,96.4,69.4,6.8,0.91,2.38,5,2,2,0,1
0,40,95.7,67.8,7.8,0.09,2.05,5,0,1,1,0
0,23,94.2,68.4,7.9,0.32,2.74,5,0,0,0,0
0,30,85.4,74,8.4,0.69,2.24,4,0,2,0,1
0,22,92.9,60.8,6.2,0.11,3.22,4,0,1,0,1
0,34,101.9,70.9,7.4,-0.14,3.46,4,0,1,0,0
0,-14,76.8,69.2,7.8,-0.9,1.97,4,0,2,1,0
0,35,99,69.3,7.5,0.58,3.03,4,2,2,0,0
0,8,80.9,78,6.9,-0.39,2.96,4,2,1,0,0
0,-1,82.3,69.1,7.6,1.11,2.32,3,0,0,0,1
0,62,72.3,77,6.7,-0.35,2.87,3,0,0,0,1
0,1,93.1,62.9,6.2,-0.31,3.2,3,1,1,1,0
0,30,79.6,68.5,8,0.13,2.12,2,2,1,0,1
0,4,88.8,75.4,8,0.33,2.14,2,0,2,0,0
0,12,98,78,7.4,0.75,2.98,2,1,1,0,0
0,36,91.4,71.9,6.5,0.22,2.81,1,1,2,0,1
0,13,100.5,73.4,6.9,-0.05,2.24,1,1,1,0,1
0,29,94.3,67.4,6.7,-0.11,2.26,1,2,1,0,0
0,13,103.9,70.5,7.4,0.05,2.48,1,1,0,1,0
0,13,101.7,75.2,7.1,0.23,2.77,1,2,2,0,0
0,15,96,66.5,6.3,-0.14,2.17,9,2,2,1,0
0,43,87,66.5,7.2,0.29,2.3,9,1,2,0,0
0,-38,80.1,70.2,7,0.54,2.51,8,3,2,0,0
0,1,79,70,7.8,0.46,1.78,8,1,1,0,0
0,61,67,71.9,6.9,0.74,3.02,8,0,2,1,0
0,39,85.7,74.3,6.6,-0.26,2.5,8,1,1,0,0
0,19,72.2,66,7,0.51,2.36,8,0,0,1,0
0,-27,74.8,70.6,6.5,0.18,2.1,8,2,2,1,0
0,24,87.4,66,6.5,-0.08,3.01,8,0,0,1,0
0,-25,84.9,68.9,6.7,-1.32,2.17,8,1,0,0,0
0,-23,83.7,70.2,8.4,-0.51,1.85,8,1,2,1,0
0,33,98.7,74.2,7.4,-0.08,2.21,7,0,0,1,0
0,7,88.3,67.9,7.1,0.69,2.16,6,0,0,0,1
0,15,75.2,74,7.2,-0.55,2.12,6,2,1,0,1
0,-4,86.2,62.3,7.7,0.43,1.78,6,2,2,0,0
0,7,80.6,69.1,6.7,-0.52,2.41,6,2,0,1,0
0,39,96,69.3,6.3,-0.27,3.32,6,1,1,0,0
0,-69,53,73.2,7.7,-0.56,1.34,5,0,1,0,1
0,-5,82.7,67.8,7.1,0.77,1.91,5,1,2,0,1
0,8,90.1,66.8,7,0.86,1.91,5,2,2,0,1
0,83,58.1,65.5,6.5,-1.38,3.31,5,0,0,0,0
0,22,92.8,64.1,8,0.67,1.66,5,1,2,0,0
0,14,100.7,68.8,6.4,0.68,2.75,4,1,2,0,1
0,27,100.6,71.2,7.2,-0.13,1.99,4,0,2,0,1
0,19,80.6,70.5,7.5,-0.64,2.41,4,3,1,1,1
0,44,100.3,72.6,7.7,-0.29,2.51,4,0,1,0,0
0,29,102.6,70.5,7.2,-0.11,3.12,4,0,0,1,0
0,36,83.7,67.7,6,0.2,3.44,3,3,2,0,1
0,-8,87.7,70.1,7.1,-0.55,1.74,3,2,2,0,1
0,23,94.2,66.4,7.5,0.1,1.82,3,0,2,0,0
0,50,83.7,70.2,7.8,-0.03,2.21,2,0,1,0,1
0,35,85.4,70.4,7.5,0.33,2.27,2,1,1,0,0
0,-9,74.4,70.9,7.5,0.47,1.83,1,3,2,0,1
0,53,59.8,70.7,7.5,-0.86,2.51,1,2,1,0,1
0,7,111.5,77.1,7,0.23,2.53,1,0,0,0,1
0,37,77.7,68.3,6.9,-0.57,3.15,1,0,0,0,1
0,38,65,66.8,6.3,-0.12,3.44,1,2,1,1,1
0,-3,93.8,63.8,6.2,-0.67,3.34,9,1,2,1,0
0,-31,62.4,73,7.7,0.2,2.43,9,0,0,0,0
0,22,93.1,68,6.8,-0.57,2.18,9,2,2,1,0
0,47,91.3,63.3,6.9,-0.79,3.07,8,0,2,1,0
0,12,104,72.7,7.1,-0.84,2.28,8,2,1,1,0
0,79,73.1,75.4,7.8,-0.39,1.99,8,2,1,1,0
0,46,77.2,59.3,6.4,-0.95,2.5,8,3,2,1,0
0,8,102.3,75.4,8.1,-0.21,2.11,8,2,1,0,0
0,31,97,72.1,6.7,-0.02,2.58,7,0,0,1,0
0,11,110,77.6,7.4,-0.12,1.8,7,3,2,0,0
0,-1,104.6,75.3,6.7,-0.21,2.25,7,3,2,1,0
1,32,95.3,67.5,7.9,-0.24,3,7,0,1,1,0
0,-21,86.2,73.5,6.8,0.6,2.22,7,1,2,1,0
0,27,94.3,66.7,7.1,-0.87,2.68,7,3,2,1,0
0,3,98.6,78.4,7.8,-0.26,2.3,7,3,1,0,1
0,39,92.4,70.7,7.1,-0.24,2.6,6,2,2,1,0
0,39,99.2,74.3,6.5,0.14,2.63,6,0,0,1,0
0,-30,71.8,74.2,7.8,0.45,2.95,6,1,0,0,0
0,-1,84.6,58.4,5.4,-0.42,3.77,6,2,2,1,0
0,65,77.6,69.6,7.3,1.14,2.66,6,2,2,0,0
0,52,89.2,80.5,8.3,0.05,2.1,6,1,0,0,0
0,46,96.3,74.7,7.6,-0.15,1.91,5,1,1,1,0
0,68,86.2,75.7,7.3,-0.57,2.64,5,0,0,1,0
0,36,68.7,59.3,6.7,0.53,2.59,5,2,2,1,0
0,12,90.6,71.2,7.7,-0.53,3.06,5,1,1,1,0
1,34,92.1,68.2,6.2,0.52,3.01,5,0,2,1,0
0,21,101.4,70.9,7.5,-0.37,2.82,5,2,1,0,0
0,10,95.2,71.5,6.3,-0.6,2.15,5,2,1,1,0
0,29,61.2,64.1,5.9,-0.05,3.27,5,2,2,1,0
0,34,84.8,69.5,6.8,-0.72,2.86,4,1,0,1,0
0,20,86.7,65.2,6.9,-1.03,1.88,4,0,1,1,0
0,20,96.3,74.4,7.4,-0.91,2.42,4,0,0,1,0
0,9,106.8,72.1,7.5,0.46,2.2,4,0,2,0,0
0,36,93.8,70.9,7.3,0.64,1.72,4,3,2,1,0
1,22,111.4,79.9,7.6,0.2,2.6,4,0,0,0,0
0,23,96.8,68.8,7.3,-0.31,2.51,4,1,0,0,0
0,26,85,72.3,7.1,-0.84,2.74,4,1,0,0,0
0,26,82.6,69.9,7.3,0.08,2.27,3,2,1,1,0
0,66,86.3,71.8,7.9,-0.47,2.51,3,2,1,1,0
0,23,97.5,69.4,7,-0.12,2.38,3,0,0,1,0
0,-27,92.6,76.8,7.2,-0.8,2.14,3,1,1,1,0
0,-18,87.1,73.9,7.2,-0.76,2.32,3,2,2,0,0
1,30,104.2,71.9,7.9,0.36,2.03,3,3,2,0,0
1,23,110.6,75.7,7.6,0.22,2.16,3,1,1,1,0
0,1,85.3,71.5,6.6,-0.18,1.96,3,1,1,1,0
0,58,88.6,70.1,7.1,0.68,2.41,3,0,0,0,0
0,-37,91.8,76.8,7.3,-0.2,2.22,2,2,2,0,0
0,30,83.2,75.6,7.8,-0.29,0.85,2,0,1,1,0
0,26,76.2,71.1,6.6,-0.4,2.68,2,1,1,0,0
0,0,76.7,76.9,7.9,0.69,2.27,2,2,2,0,0
0,-25,65.9,73.1,8.2,-1.25,2.48,1,1,0,1,0
0,0,90.9,64.1,6.3,-0.31,1.22,1,0,2,1,0
0,30,96.2,70.2,7.6,0.4,2.64,1,2,2,0,0
0,21,98.4,65.8,6,-0.32,2.7,1,0,2,0,0
0,31,80.9,74.7,8.1,-0.06,2.52,9,0,0,1,1
0,-6,83,73.5,8.9,0.86,1.91,9,0,1,0,1
1,31,102.2,73.3,7.2,0.15,2.58,9,1,0,1,1
0,32,76.3,61.3,7.9,0.41,1.23,9,0,1,0,1
0,-8,100.2,74.5,7.9,0.17,1.95,9,3,1,1,1
0,20,84.1,61.4,5.7,-0.71,3.27,9,0,2,0,1
0,3,95.4,69.2,6.4,0,2.72,9,1,0,0,1
0,11,103.7,80.5,7.4,0.63,2.78,9,1,0,1,1
0,-9,90,71.7,7.4,-0.56,2.45,9,0,0,1,0
0,53,84.1,75.6,6.6,0.24,3.53,9,1,1,0,0
0,14,97.8,72.4,7.1,0.08,1.81,9,0,2,1,0
0,64,73.5,72.4,7.7,-0.2,2.19,8,1,1,0,0
0,18,92,72.8,7.2,0.36,2.48,8,2,1,1,0
0,30,103,75,8.2,-0.01,2.4,8,1,0,0,0
0,31,97.8,74.8,7.1,0.15,2.87,8,0,0,1,0
0,10,87.6,69,6.9,-0.55,2.47,8,3,2,0,0
0,34,91,68.6,6.8,-0.33,2.53,7,0,2,1,1
0,8,90.2,69,5.9,-0.63,2.8,7,1,2,0,1
0,10,102.8,73.6,7.3,-0.06,1.8,7,2,1,1,1
0,31,96.9,73,7.1,-0.68,2.75,6,1,1,0,0
0,13,108.1,79.8,7.7,0.42,1.92,6,1,0,1,0
0,24,82.5,66.2,7.2,0.15,3.62,6,1,0,0,0
0,15,104.1,72.8,7.8,-0.13,1.91,6,1,2,1,0
0,52,89.7,68.9,6.2,-0.79,3,6,1,1,0,0
1,18,110.3,76.4,7.9,-0.58,2.53,6,1,0,0,0
0,11,102.3,66,6,-0.06,3.62,6,0,0,1,0
0,-6,105.1,80.8,7.6,-0.28,2.16,6,0,1,0,0
0,1,74.3,70,5.9,-0.72,2.76,6,0,1,0,0
0,59,97.3,75,7.9,-0.04,2.48,6,1,1,1,0
0,13,105.2,78.1,7,-0.35,2.25,6,0,1,0,0
0,-55,42.8,14.5,7,0.63,1.59,6,2,2,0,0
0,52,88.5,72.1,8.7,0.71,2.22,5,0,0,0,0
0,-21,91,76,7.2,0.15,2.18,5,2,1,1,0
0,52,84.7,68.1,7.8,0.15,2.57,5,3,2,0,0
0,27,89.8,70.7,7,0.66,2.51,5,1,1,0,0
0,38,94,74.5,6.8,-0.64,3.14,5,0,1,0,0
0,5,108.1,73.2,6.9,0.1,2.24,5,2,2,1,0
0,22,88.6,74.8,7.4,0.04,1.98,4,0,1,1,0
1,24,102.4,76,6.9,0.29,2.96,4,1,0,0,0
0,78,47.9,72.9,7.1,-1.16,3.38,4,0,2,0,0
0,-22,88,73.3,6.6,-0.39,3.12,4,1,0,0,0
0,20,71.6,71.5,6.9,0.15,2.58,4,2,2,1,0
0,16,109.5,79.3,7.3,-0.59,2.51,4,1,0,0,1
0,63,76.7,73.9,7.2,0.44,2.78,4,0,1,1,1
0,15,92.3,61.9,5.9,-0.84,3.51,4,2,2,0,1
0,-11,107.5,74.9,6.8,-0.29,2.49,4,0,1,0,1
0,-30,40.1,11.9,2.3,-0.19,1.88,4,0,0,0,1
0,29,78.4,54.5,7.6,-1.19,2.73,4,1,2,1,1
0,57,70.2,70.6,7.6,0.9,1.75,3,3,2,1,0
0,47,90.1,73.4,7.6,1.03,2.66,3,0,2,0,0
0,-21,89.7,62.8,5.1,-0.58,3.06,3,0,2,0,1
0,0,99.7,67.9,6.4,0.11,2.51,3,0,1,1,1
0,26,100.4,75,7.1,0.18,2.22,2,0,1,1,0
0,33,79.9,67.2,7.8,-0.43,1.61,2,2,1,0,0
0,9,107.4,77.5,7.3,-0.2,2.42,2,0,0,0,1
0,14,99.9,74.6,7.9,-0.96,1.85,2,2,1,0,1
0,18,83.8,76.9,7.1,0.59,1.96,1,1,1,1,0
0,-2,100.6,67.4,6.7,0.42,2.78,1,1,2,0,0
0,29,90.8,63.4,6,0.15,3.28,1,1,2,1,0
0,-10,102.5,70.3,6.6,0.03,2.19,1,0,0,0,1
0,-28,102.7,69,7.2,-0.16,2.33,1,0,0,1,1
0,18,88.6,75.1,7.3,0.71,2.23,1,0,0,1,1
0,17,75.9,71.7,6.8,-0.95,2.57,1,1,0,0,1
0,10,87.9,70.6,6.8,-0.62,2.19,9,0,1,0,0
0,17,73,72.7,7.9,-1.22,2.86,9,0,0,1,0
1,30,105.7,74.8,7.1,0.24,2.82,9,0,1,0,0
0,38,80.7,54.7,6.9,0.31,2.06,9,0,2,0,0
0,27,81.4,68.9,6.9,0.48,3.01,8,1,0,0,0
0,3,101.6,79.8,7.7,0.21,2.79,8,3,1,0,0
0,21,96.4,70.5,8.1,-0.1,1.58,8,2,2,0,0
0,-61,56.7,72.2,8.6,0.03,1.37,8,1,0,0,0
0,42,88.7,79.9,7.1,-0.04,3.47,7,0,1,1,0
0,-47,70.1,75.1,6.8,-0.64,2.04,7,2,2,0,0
0,34,82.8,79.6,8.2,0.44,2.89,7,1,0,0,0
0,-18,93.9,62.9,5.4,-0.11,2.42,7,2,1,0,1
0,9,99.6,71,6.4,-0.06,2.41,7,3,2,1,1
0,-5,77.3,73.8,7.6,-0.52,2.5,6,0,0,0,0
0,34,70.7,64.3,6.9,-0.92,2.15,6,2,2,1,0
0,-12,85.8,66.8,6.2,0.88,2.23,6,1,1,1,0
0,17,95.2,69.1,7.8,-0.03,1.92,6,1,0,0,0
0,-5,72.5,52.1,8.4,0.91,2.36,6,1,1,0,1
0,-3,101,67,6.3,-0.33,2.14,6,0,1,0,1
0,60,81.1,69.6,7.1,-0.12,2.99,6,1,1,0,1
1,25,108.7,77.5,7.6,0.44,2.63,5,0,0,0,0
0,-22,109.7,75.9,7.9,0,1.76,5,0,1,1,0
0,37,106.4,77.9,7.5,0.55,2.9,5,2,2,0,0
0,28,104.4,73.2,7.6,-0.38,2.03,5,1,2,0,1
0,32,73.1,70.2,8,-0.59,2.48,5,1,2,1,1
0,-5,96.2,72.8,7,-0.54,2.69,4,0,0,0,0
0,3,98.2,69.2,6.7,-0.06,2.73,4,1,1,0,0
0,-14,85,75.7,7.6,0.57,1.98,4,0,1,0,1
0,-47,67,59.8,5.7,-0.14,2.62,4,1,0,0,1
0,3,90.7,71.5,6.5,0.87,2.66,3,0,0,1,0
0,4,92.5,67.1,7.2,0.39,3.18,3,1,1,0,0
0,29,102,74.3,8.1,-0.5,1.99,3,2,0,1,0
1,28,107,78.3,8,0.05,1.95,3,0,0,0,0
0,-10,92.3,74.9,7.5,-0.56,2.81,3,3,2,0,1
0,-4,93.8,63.1,7.7,1.22,1.88,3,2,2,0,1
0,11,76.1,80.3,7.6,0.72,2.4,2,0,1,1,0
0,-3,112.5,77,7.4,0.42,1.9,2,2,1,0,0
0,5,78.2,67.5,6.4,-0.11,3.01,2,2,2,0,0
0,4,75.1,81,6.7,-0.3,2.48,2,1,0,0,1
0,56,88.2,68.4,6.8,0.69,2.9,2,2,1,1,1
0,14,95.5,73.1,7.3,0.34,1.99,2,0,2,0,1
0,9,96.1,63.1,5.4,-0.39,2.84,2,0,1,0,1
0,4,82.4,71.4,7.5,0.25,1.92,2,2,2,1,1
1,34,106.5,77,9,-0.52,2.28,2,0,0,0,0
0,58,74.8,70.4,6.9,0.87,2.4,2,1,1,0,0
0,39,83.1,68.6,6.2,0.91,2.88,1,0,2,1,0
0,-14,83.2,60.9,6.6,-0.96,2.78,1,1,2,1,0
0,-23,51.6,65.8,7.8,1.28,2.66,1,1,2,0,0
1,25,109.4,82,7.6,0.22,2.34,1,2,1,1,0
0,5,106.7,76.1,7.4,0.28,1.72,1,2,1,0,0
0,-19,78.3,72.7,8,0.9,2.08,1,1,0,0,0
0,-24,96.8,70.3,7.4,0.64,1.88,1,0,2,0,0
1,31,104.3,87,7.7,-0.49,3.38,1,1,2,1,0
0,24,73.7,72.9,7.7,0.41,2.13,1,2,0,0,0
0,1,83.8,61.1,6.5,1.3,1.58,1,1,2,0,0
0,50,87.1,70.3,7.7,0.39,2.84,9,2,0,0,0
0,-12,90.3,62.6,7.8,0.16,2.16,9,0,2,0,0
0,13,93.9,75.6,8,0.21,1.51,9,2,2,1,0
0,-25,69.2,64,7.9,0.99,1.28,8,1,2,0,0
0,10,106.4,71,6.8,-0.06,2.34,8,0,2,0,0
1,30,97.9,66.3,7.5,-0.27,2.87,8,0,2,1,0
0,-11,81,67.8,7.7,0.84,2.29,8,0,1,0,0
0,-11,59,73.8,6.4,0.63,2.72,8,1,0,1,0
0,11,97.5,77.3,7.3,-0.04,2.88,7,3,2,1,0
0,-3,102.7,76.8,7.1,0.04,2.55,7,3,1,0,0
0,-65,57,70,8.3,0.35,1.68,7,0,1,0,0
0,-1,84.7,73.6,7.2,0.45,3.25,7,0,1,0,0
0,8,111.1,78.8,7.4,-0.39,2.14,7,2,0,0,0
0,-16,89.9,76.7,6.9,-0.16,2.39,6,0,0,1,1
0,-30,80,77.9,8.1,-0.5,2.39,6,0,0,1,0
0,49,94.2,66.3,6.5,0.06,2.92,6,1,1,0,0
0,-20,86.2,68.3,7.8,-0.4,2.13,5,1,0,1,1
0,0,93.8,72.5,7.5,-0.63,2.03,5,0,1,1,1
0,49,99.7,72.4,7.5,-0.02,2.67,5,0,0,1,1
0,-34,96.8,80.4,7,-0.22,2.3,5,2,1,1,0
0,7,58.1,67.7,6.9,-1.11,2.1,5,1,2,0,0
0,57,67.9,68.6,7.8,1.09,2.23,4,2,1,0,0
1,31,109.5,79.4,7,0.02,2.73,4,0,0,1,0
1,23,109.6,73,7.2,0.02,2.67,4,1,1,1,0
0,7,97.1,70.1,7.5,0.31,2.14,4,3,2,1,0
0,6,105.2,80.8,7.4,0.22,2.13,4,0,0,0,0
0,4,96.4,67,6.6,0.03,3.53,4,0,0,1,0
0,36,83.9,70.7,6.7,0.49,2.62,4,1,1,1,0
0,44,86.9,61.2,7.4,0.72,2.64,4,1,2,0,0
0,31,99,75.5,7.9,-0.01,2.6,4,1,0,0,0
0,-27,93.6,65.1,7,0.61,1.7,3,2,2,0,0
0,-2,100.3,71.6,7.6,-0.24,1.85,3,0,1,1,0
0,11,82.1,77.3,6.9,0.61,2.87,3,0,0,1,0
0,3,105.6,78.3,7,-0.51,2.69,3,0,2,0,0
0,46,71.6,74.2,7.4,-0.67,3.1,3,2,0,0,0
0,75,78.7,74.7,7.7,0.22,2.16,3,0,0,1,0
0,-40,55.7,64.4,7.4,1.17,2.79,3,1,1,0,0
0,73,91.8,79.3,7.3,0.17,2.62,2,2,1,1,0
0,-14,91,70.5,6.5,0.54,2.12,2,3,2,1,0
0,-3,78,75.9,7.1,-0.48,1.92,2,3,2,0,0
0,-2,79.2,62,5.8,-0.4,3.51,1,0,1,1,0
0,18,101.1,68.2,6.6,0.35,3.09,1,0,0,0,0
0,8,81.4,71.9,6.5,0.55,2.64,1,2,0,1,0
0,27,104.1,74.6,8,-0.59,2.34,1,1,1,1,0
0,12,106.2,72.2,7.3,-0.74,2.81,1,1,1,1,0
0,5,103.9,71.3,7.3,-0.43,2.16,1,1,1,1,0
1,30,103.7,73,7.9,0.03,1.68,1,3,2,0,0
0,30,97.6,65.6,6.3,-0.58,3.13,8,0,0,1,0
0,45,90.6,70.4,7.6,-0.31,2.34,8,2,1,1,0
0,-17,69.5,66.2,7.1,0.24,2.77,8,1,1,0,0
0,29,89.4,71.1,7.3,0.73,3.01,8,0,0,0,0
0,-4,85.2,61.1,6.7,-0.8,2.08,7,2,2,1,0
0,67,83.4,67.8,7,-0.05,3.04,7,0,2,1,0
0,81,91.2,74.4,7.2,-0.93,2.99,7,3,2,0,0
0,36,80.1,57.4,7.8,0.69,1.85,7,0,2,0,1
0,32,89.7,62,6.8,-0.93,2.52,7,2,2,1,1
0,20,105.5,73.3,7.3,-0.67,1.91,7,0,1,0,0
0,20,81.6,70.7,8.2,-0.48,1.89,7,1,1,1,0
0,41,76.3,73.7,8.1,-0.48,1.65,7,1,2,0,0
0,53,90.1,71.8,7.5,-0.18,2.73,6,1,1,0,0
0,1,98.7,66.9,7.3,-1.18,2.08,6,0,2,1,0
0,-24,93.7,72.1,7.2,-0.95,2.84,6,1,2,1,0
0,-18,99.3,71.8,7.1,-0.6,1.95,6,0,0,0,0
0,49,91.4,79.2,7.6,-0.3,2.2,6,2,1,1,0
0,1,108.4,74,6.9,0.27,1.63,5,0,1,1,0
0,-40,51.4,71.4,7.4,-0.57,1.41,5,1,0,1,0
1,32,100.8,76.6,7.5,0.14,2.94,5,1,2,0,0
0,21,76.8,61.8,5.7,0.13,3.19,5,1,1,1,0
0,19,94.5,68.6,6.9,-0.34,2.29,5,0,1,1,0
0,17,95.5,64.2,7.9,-1,1.64,5,3,2,1,0
0,42,87.6,65.6,7.8,0.73,2.42,5,2,2,0,0
0,5,72.1,72,8.6,-0.01,2.15,5,1,1,1,0
0,-10,93.8,70.4,6.7,0.08,2.77,5,1,1,0,0
0,9,100.5,76.4,7,0.61,2.55,4,3,2,0,0
0,23,107.7,76.8,7.7,-0.31,2.25,4,0,0,1,0
0,10,71.6,72.2,7.7,0.81,2.21,4,0,0,0,0
0,17,85.6,65.4,7.1,-1.02,2.74,4,2,0,1,0
0,-1,90.6,77.1,7.3,0.22,1.87,4,0,0,1,0
0,-16,93,71.3,6.3,0.36,2.2,3,0,0,1,0
0,27,103.4,72.6,7.4,0.31,1.68,3,2,1,1,0
0,-24,85.7,71.3,6.6,-0.43,2.31,3,0,0,1,0
0,3,52.5,62.5,6.4,-1.11,2.15,3,3,2,0,0
0,11,95.9,72.4,7,-0.12,2.56,3,3,2,1,0
0,-23,71,69.9,7.8,0.56,2.08,3,1,1,0,0
0,13,84.4,72.6,6.5,-0.87,2.74,2,1,1,1,0
0,21,93.5,79.7,6.3,-0.3,2.15,2,2,0,0,0
0,26,93.1,72.8,7.9,0.49,1.76,2,1,1,0,0
0,12,101.7,73,7.5,-0.69,2.94,2,2,0,1,0
0,13,71.3,71.5,8.1,-0.68,1.55,2,2,2,1,0
0,8,102,72.1,7.3,-0.03,1.93,1,1,2,1,0
0,14,58.1,68.4,6.6,1,2.58,1,1,1,1,0
0,-24,104.1,72.9,6.9,-0.05,1.95,1,2,1,1,0
1,25,108.8,71.5,7.4,0.28,2.69,1,1,1,1,0
0,59,65.1,66.5,8.3,1.06,1.92,1,0,0,0,0
0,30,103.6,69.9,7,-0.77,2.94,1,0,1,1,0
0,28,88.1,62.8,8,0.41,1.24,9,0,0,0,0
0,1,67.9,65.2,6.2,-0.26,3.35,9,0,0,1,0
0,2,96.8,80.3,7.9,-0.02,1.77,9,1,1,0,0
0,30,86.2,71.3,6.8,-0.56,2.46,9,1,0,1,0
0,0,96.9,72.6,8,0.43,3.46,8,0,0,0,0
0,57,88.3,71.5,6.8,-0.69,3.08,8,2,0,1,0
0,14,105.7,74.4,7.5,-0.04,2.69,8,0,0,0,0
0,9,95.7,64.2,6.7,0.61,3.51,8,2,1,0,0
1,32,104.2,75,8,-0.08,2.26,8,0,0,1,0
0,6,89.8,67.3,6,0.06,3.02,8,0,2,1,0
0,-10,95,66.9,6.4,-0.36,3.33,8,1,2,1,0
0,22,85.9,68.5,7.4,-0.89,2.91,8,2,2,1,0
1,35,107.9,83.1,8.7,0.23,2.25,8,0,0,0,0
0,64,102.2,79.3,7.5,0.33,2.37,7,0,0,1,0
1,24,103.8,76.7,7.4,0.04,3.28,7,3,2,0,0
0,21,99.9,81.2,6.9,-0.8,2.39,7,1,1,1,0
0,-10,84.6,70.5,7.7,0.31,2.69,7,2,1,1,1
0,-4,101.6,66.9,7.2,-0.41,1.94,6,3,2,0,0
0,12,101,71,8.3,-0.12,1.54,6,0,2,0,0
0,63,80.7,75.4,7.5,0.21,2.15,6,3,2,1,0
0,17,85.6,69.9,6.5,-0.39,2.32,6,0,1,1,0
0,-35,69.6,50.3,4.6,0.26,1.81,6,1,2,1,0
0,63,65.9,67.1,6.6,-0.52,3.52,6,1,2,0,0
0,8,96.2,66.6,6.9,-1.12,3.35,6,0,1,1,0
0,13,112.9,83.2,8.4,0.29,2.32,6,1,2,0,0
0,5,79.5,76,7.4,-0.82,1.35,5,1,0,1,0
0,-61,54.2,68.8,7.6,0.53,2.13,5,3,2,0,0
0,7,95.9,74.2,7.3,-0.36,2.45,5,0,1,1,0
0,62,92.8,77.8,7.4,-0.19,3.05,5,0,1,0,0
0,-17,88.5,69,8.5,-0.35,1.19,5,0,2,1,0
0,13,91.4,73.5,6.8,-0.23,1.89,5,1,0,1,0
0,21,103.7,73.5,8,-0.53,2.52,5,1,0,1,0
0,5,98.8,68.7,6.3,0.04,2.12,4,1,1,1,0
0,50,75.5,72.7,9,0.37,1.94,4,0,0,0,0
0,52,90.4,83.7,6.8,-0.02,2.19,4,1,1,1,0
0,-20,93.3,76.8,7.8,-0.36,3.29,4,2,2,0,0
0,-59,48.3,57,7.9,-1.85,2.55,4,1,2,1,0
1,33,102.8,74.6,8.2,-0.8,3.03,4,0,0,0,0
0,69,86.9,73.1,6.6,-1.07,2.58,3,1,2,0,0
0,40,72.3,65.1,7.1,-1.62,2.65,3,3,2,1,0
0,47,85.7,71.9,7.2,0.2,3.37,3,1,1,1,0
0,11,77.3,68.6,7.3,-0.23,2.77,3,2,2,1,0
0,15,101.9,71.7,7.4,-0.72,2.03,3,0,1,1,0
1,31,102.8,72,6.3,0.83,3.07,2,2,2,1,1
0,15,81.9,73.4,8.2,0.15,1.69,2,0,1,0,1
0,36,83.3,80.1,9,0.47,2.02,2,0,0,0,1
1,32,102.6,72.3,6.7,-0.84,2.71,2,1,0,1,0
0,-1,60.6,62.9,7.4,0.77,2.48,2,3,2,0,0
0,75,71,68.1,7.1,0,3.29,2,2,2,0,0
0,39,90.5,74.8,7.4,0.05,2.75,2,2,1,0,0
0,27,93.1,75.9,7.9,0.24,1.63,1,2,2,1,0
0,8,100,72.2,7.4,-1.07,2.23,1,2,1,1,0
0,12,107.1,73.4,7.5,-0.25,1.62,1,0,0,0,0
0,12,92.3,68,6,-0.21,2.6,1,0,1,1,0
0,-2,102.3,82.3,8.5,0.08,2.06,1,1,0,1,0
0,37,78.1,75.3,8.3,-0.74,3.3,1,1,0,1,0
0,-9,91,72,8.9,0.32,1.88,1,2,2,0,0
0,4,101.2,75.1,6.8,0.5,2.28,9,3,1,0,0
0,39,96,69.2,6.7,-0.39,2.01,9,0,1,1,0
0,-45,33.9,51.1,7,0.6,1.9,9,0,2,0,0
0,34,73.2,75.9,8.3,-0.3,1.83,9,1,1,1,0
0,33,94.1,74.3,9.1,-0.07,1.54,9,0,1,0,0
0,34,85.3,66.3,6.4,0.28,2.92,8,3,2,1,0
0,-11,85.6,68.1,7.5,0.69,1.84,8,2,1,0,0
0,-62,59.9,77.1,7.8,1.43,2.06,8,1,1,0,1
0,34,77.3,64.5,5.8,0.95,3.09,8,3,2,1,1
0,-4,67.9,68.1,7.9,1,1.35,8,1,1,0,1
0,63,82.7,72.8,7.2,-0.34,2.09,8,0,2,1,1
0,-22,102.4,73.7,7.5,-0.28,2.04,7,1,0,1,0
0,21,80.1,67.7,6.1,1.01,2.57,7,0,1,1,0
0,39,85.7,74,8.9,-0.24,2.05,7,1,1,0,0
0,33,100.2,72.9,6.3,-0.04,2.66,6,2,2,1,0
0,2,86.1,77.5,8.3,-0.44,1.81,6,1,1,0,0
0,-22,105.3,73.4,7.1,-0.4,2.28,6,2,1,0,1
0,40,95.5,73.3,7.5,0.28,2.57,5,3,2,0,0
0,18,87.1,59.7,7.2,-0.76,2.43,5,0,1,0,0
0,-14,67.1,71.4,6.3,0.46,2.56,5,0,0,1,0
0,-28,79.8,79.7,7.7,0.51,2,5,2,1,0,0
0,16,74.7,71.7,6.7,0.49,2.33,5,0,1,1,0
0,-18,100.4,76.2,7,-0.22,2.26,5,1,1,1,1
0,11,23.1,6.8,1.2,0.06,2.87,5,1,1,1,1
0,-4,72.5,71.7,7.1,1.27,2.84,5,2,2,0,1
0,-1,94.8,71.2,6.4,0.7,2.18,5,1,0,1,1
0,32,78.5,69,7.4,0.6,2.05,4,0,0,0,0
0,-8,83.5,60.5,7.2,0.51,1.54,4,1,2,0,0
0,-10,98.6,73,5.9,0.32,3.14,4,1,2,1,0
0,31,96.6,77.3,8.5,0.04,1.85,4,0,1,0,1
0,22,98.7,79.9,8.7,0.21,2,4,1,0,0,1
0,-3,65.1,65.5,6.1,0.93,2.61,4,1,1,1,1
0,28,80.1,64,5.5,0.47,2.83,3,0,0,1,1
0,34,103.2,76.7,7.2,0.18,2.67,2,0,0,0,0
0,-8,95.4,75.3,7.5,0.69,2.32,2,1,1,1,1
0,39,98.5,73.3,8.1,0.39,2.98,2,1,0,0,1
0,-21,67,69.5,7.2,-0.12,3.19,2,2,2,0,1
0,-3,107.5,72.4,6.1,-0.37,2.3,1,0,0,1,0
0,-44,41.6,51.4,4.6,1.39,2.96,1,2,2,1,1
0,27,85.9,65.4,6.3,0.53,3.46,1,1,2,0,1
0,-22,52,79.6,7.3,0.2,2.57,1,2,0,1,1
0,30,99.3,71.5,7.6,-0.21,2.37,9,2,1,1,0
0,40,101.5,73.9,7,-0.12,2.88,9,0,0,1,0
0,16,98.1,66.5,6.8,-0.27,2.89,9,1,0,1,0
0,14,97.6,75.1,8,0.23,2.39,8,1,1,0,0
0,9,79.3,69.6,7.2,0.21,2.95,8,1,1,0,0
0,-31,65.9,68,7.3,-0.87,1.23,8,0,0,1,0
0,72,64.8,66.6,7.9,-0.34,1.72,8,0,1,1,0
0,-40,77.7,71.4,7.4,-0.06,2.11,7,0,0,1,1
0,-6,94.5,66.1,7.2,0.17,1.57,7,3,2,0,1
0,-11,97,74.5,7.1,0.07,2.86,7,2,2,1,0
0,-10,88.8,73.1,7.8,-0.52,2.29,7,0,1,1,0
0,64,96.6,74.2,7.1,-0.01,2.89,6,3,2,1,0
1,20,108.1,80.5,7.7,-0.61,2.55,6,1,0,0,0
0,-13,101.4,68,6.8,0.06,2.15,6,2,2,0,0
0,9,95,70.4,7.1,0.76,2.35,6,0,2,1,0
0,44,70.6,71.4,7.3,0.02,2.75,6,3,2,0,0
0,15,93.5,73.2,7.7,0.2,2.5,6,3,2,1,0
0,34,80.6,55.9,6.9,-1.02,1.71,6,1,2,1,0
0,36,102.4,73.1,8.5,0.14,2.01,6,0,0,1,0
0,25,96.7,67.2,8,-0.31,2.46,6,2,2,1,0
0,-8,95.1,67.8,6.2,0.17,2.84,6,1,1,1,0
0,48,88.7,67.1,7.2,0.46,1.84,6,0,1,1,0
0,-16,67.1,65,5.9,0.89,2.85,5,1,2,1,0
0,8,104.1,70.3,6.8,-0.94,3.28,5,1,2,1,0
0,8,105.2,74,6.7,-0.9,3.1,5,0,0,0,0
0,-1,90.6,62.2,5.4,0.68,2.48,5,0,2,1,0
0,8,92.2,69.3,6.7,0.45,3.35,5,3,2,1,0
0,4,85,73.7,7.8,-0.71,2.4,5,1,0,1,0
0,-48,57,63.3,6.2,0.83,3.08,5,1,2,1,0
0,21,90.5,70.8,7.7,-0.39,2.31,4,0,0,0,0
1,34,99.2,72.9,7.2,0.38,2.77,4,1,0,1,0
0,23,66.2,72,6.7,0.34,2.22,4,2,2,1,0
0,65,99.7,73.8,7.7,-0.3,3.4,4,0,0,1,0
0,-35,85.2,75.4,7.2,-0.16,3.47,4,0,1,1,0
0,36,93.1,76.5,7.2,-0.07,3.19,4,0,0,1,0
0,15,101.7,73.3,8.1,-0.5,1.99,4,1,1,1,0
0,69,78.1,66.3,6.6,0.7,3.38,4,2,2,1,0
0,-18,75.3,69.6,6.9,-0.17,1.8,3,2,2,1,0
0,-24,58.8,51.2,7.1,0.7,2.22,3,0,1,0,0
0,32,77.8,62.8,6.2,-0.52,2.6,3,2,2,0,0
0,23,97.2,71.5,6.7,-0.07,2.22,3,0,0,1,0
0,15,79.2,64.5,6.2,0.17,2.41,3,1,2,1,0
0,-49,78.8,69.6,6.5,-0.5,3.18,3,0,1,1,0
0,40,67.4,70.8,7.2,0.82,2.8,3,0,1,1,0
0,58,78.8,66.7,6.5,-0.43,3.31,2,1,2,0,0
0,-11,90.8,66.2,6.2,0.36,2.6,2,0,0,1,0
0,-19,97.8,75.1,7.1,-0.01,2.82,2,0,0,1,0
0,-8,92.5,79.3,7.7,0.25,2.9,2,2,0,1,0
0,17,74.4,77.7,7.9,-1.21,2.17,2,3,2,1,0
0,-6,92.2,60.5,5.9,-0.92,2.8,1,0,2,1,0
0,21,101.3,73.3,7.3,-0.24,2.26,1,2,2,1,0
0,62,50.6,59.5,6.4,0.67,2.34,1,1,0,1,0
0,-20,92.8,67.5,7.2,-1.06,1.94,1,1,2,1,0
0,0,106.5,72.8,6.5,0.61,2.96,1,1,1,1,0
0,-2,91.1,73.4,7.2,0.72,1.59,1,2,2,1,0
0,23,101.3,67.2,6.9,-0.76,2.21,1,2,1,1,0
0,23,76.4,69.9,7.1,0.07,1.93,1,2,2,1,0
0,15,102.6,74,7.7,0.07,1.79,1,0,0,1,0
0,14,106.9,75.7,7.3,-0.47,2.43,1,2,0,1,0
0,23,79.9,75.1,8.3,0.79,2.18,1,1,2,1,0
0,-49,69.9,74.5,6.9,-0.68,2.18,11,1,2,1,0
0,-42,61.2,77.7,7,-0.62,1.7,11,1,1,1,0
0,12,73.1,70.2,8.1,-0.19,1.5,11,1,2,1,0
0,4,102.3,69.4,6.9,-0.62,2.77,11,0,1,0,0
0,-16,102,74,7.4,-0.42,2.8,10,1,0,1,0
0,70,73.1,65,7.2,1.32,2.11,10,3,2,0,0
0,3,108.5,75.6,6.9,-0.5,1.94,10,1,1,0,0
0,23,72.3,70,8.5,0.03,0.97,10,2,2,1,0
0,30,67,68.9,6.4,0.21,2.54,9,0,2,1,0
0,22,84.8,63.2,7.2,-0.36,1.91,9,1,2,1,0
0,14,91.4,80.3,7.4,0.6,1.16,9,1,2,1,0
0,52,70.7,73.8,7.5,0.95,2.46,9,1,0,1,0
0,-4,108.2,76.8,6.8,-0.43,2.39,9,0,1,1,0
0,1,104.4,75.4,7,0.03,2.72,9,1,0,1,0
0,-51,66.9,76.5,6.9,0.02,2.05,9,2,2,0,0
0,50,63.7,69.9,6.6,-0.84,3.08,9,1,1,0,0
0,28,102,66,7.2,-0.01,1.77,8,1,1,0,0
0,27,90,77.2,7.5,0.33,2.94,8,2,1,1,0
0,-2,93.5,72.9,6.8,-0.14,2.04,8,2,0,0,0
0,67,78.2,71.9,6.5,0.01,3.16,8,2,2,0,0
0,13,103.8,68.4,6.2,-0.55,3.52,8,3,2,1,0
0,33,65.3,65.8,6.4,0.94,2.69,8,2,2,1,0
0,9,80,68.6,6.5,-0.81,2.8,7,3,2,0,0
0,25,89.7,72,8.4,-0.62,2.01,7,0,2,1,0
1,30,105,76,7.8,0.49,1.85,7,3,2,1,0
0,-13,92.7,73.1,7.3,0.68,1.49,7,3,2,0,0
0,2,87.9,58.7,6.3,-0.88,2.38,7,0,2,1,0
0,43,87.9,78.8,8.2,0.36,2.44,7,2,2,0,0
0,-16,72,72.4,8.1,0.05,1.38,6,0,2,1,0
0,45,87.9,76.9,7.5,0.1,2.77,6,1,1,1,0
0,-3,100,73.6,7.2,-0.58,2.83,6,1,2,0,1
0,40,73.2,62.3,7.3,0.47,1.79,5,2,2,0,0
0,20,81.5,67.1,6.3,0.1,3.08,5,2,2,1,0
0,11,108.5,74.7,8.1,-0.44,1.73,5,2,2,0,0
0,-7,71.6,60.9,6.9,0.85,1.79,5,3,2,0,1
0,60,72,74.7,6.6,0.35,2.65,4,2,1,1,0
0,37,90.8,78.9,8.1,-0.21,2.41,4,3,2,1,0
0,75,79.6,68.7,7.3,-0.31,2.73,4,1,0,0,0
0,35,84.9,83.6,7.4,0.04,2.99,4,3,2,0,0
0,86,74.1,71.4,7,0.02,2.5,4,3,2,0,0
0,17,106.8,76,7.5,-0.35,2.85,4,1,2,0,0
0,75,72,69.2,8.2,-0.37,2.01,3,2,2,1,0
0,29,101.1,73.9,6.8,0.28,2.94,3,2,2,0,0
0,-7,107.4,76.4,7.1,-0.43,3.4,3,0,0,0,0
1,34,99.2,70.1,6.9,0.29,4.05,3,2,2,1,0
0,16,96.1,72,7.3,0.36,1.49,3,3,2,0,0
0,-6,99.7,71.6,7.2,-0.18,2.99,3,0,0,1,0
0,73,93.2,82.8,7.5,-0.06,3.15,3,2,0,1,0
0,24,104.9,75,7.5,-0.14,2.09,3,1,1,0,0
0,33,90.6,66.3,6.5,-0.23,2.71,3,2,2,1,0
0,44,84.3,70.2,7.7,-0.09,1.68,2,0,0,1,0
0,61,76.6,65.6,6.1,0.17,4.07,2,2,2,1,0
0,8,59.5,44.8,7.3,-1.1,2.05,2,1,2,1,0
0,-3,72.5,68.7,7.6,-1,2.04,2,0,1,1,0
0,0,103.7,73.4,7.7,0.52,2.16,2,1,1,0,0
0,44,75.8,64.7,6.9,0.63,3.71,2,0,1,0,0
0,-42,77.5,71.9,7.4,-0.7,3.05,2,0,2,1,0
0,11,96.6,70.3,6.6,-0.43,2.5,2,0,2,1,0
1,34,100.8,80.4,7.9,-0.14,2.68,2,3,1,1,0
0,80,80.1,69.6,8,0.86,2.28,1,2,2,0,0
0,36,99.7,70.6,7.1,0.02,2.61,1,2,1,1,0
0,-12,69.4,82.2,8,-0.01,1.74,9,0,0,1,0
0,-6,99,65.5,5.5,-0.21,2.84,9,1,1,1,0
0,31,100.6,73.3,7.5,0.08,2,9,3,2,0,0
0,66,95.9,74.8,7.6,-0.34,3.36,9,1,1,1,0
0,-18,79,72.8,7.4,-0.74,1.83,8,0,0,1,0
0,43,86.8,78.6,7.1,-1.07,2.52,8,1,0,0,0
0,11,99.7,67.8,7.1,-1.25,2.47,8,1,2,1,0
0,21,103.4,68.3,7.7,-0.15,2.55,8,2,0,0,0
0,39,86.4,75.1,7.2,-0.25,1.42,8,0,0,1,0
0,70,78.4,67,6.5,0.68,2.39,8,1,2,1,0
0,-24,77,72.1,7.3,0.89,2.77,7,2,1,0,1
0,40,90.7,70.6,8,-0.73,1.99,7,1,2,0,1
0,0,79.1,68.7,7,1.07,1.79,7,0,2,0,1
0,5,91.5,69.2,6.9,0.11,3.04,7,1,2,0,0
0,38,74.5,66.6,6.5,-0.01,3.75,7,0,0,1,0
0,-4,105.2,72.9,6,-0.04,2.49,7,2,1,1,0
0,-23,82.2,67.4,6.8,-0.26,3.21,7,3,2,0,0
0,-17,80,74.3,6.4,-0.4,1.83,6,2,1,0,1
0,32,78.6,71,6.7,-0.67,2.92,6,0,2,0,1
0,-22,91.8,67.1,6.3,-0.53,2.47,6,0,1,0,1
0,-11,83.6,69.7,7.5,-0.08,2.85,6,2,2,1,0
0,-25,91.5,76.8,8.4,0.5,2.59,6,3,2,0,0
0,31,88.4,73.5,7.6,-0.24,2.31,6,0,1,1,0
0,17,82,69.9,6.9,-0.78,2.09,5,3,2,0,1
0,84,83.3,83.1,8,-0.32,2.42,5,3,1,0,1
0,79,79.7,67.1,8.3,0.59,2.56,5,1,0,0,0
0,-22,90.5,72,7.5,-0.14,2.34,4,2,2,0,1
0,22,89.2,76.2,6.4,-0.29,2.27,4,0,0,0,1
0,-17,58.4,64.4,5.7,0.18,3.51,4,2,2,1,0
0,37,79.6,73.7,7.5,-0.48,2.29,4,0,0,1,0
0,62,70.4,72.6,7.1,0.92,2.48,4,1,1,1,0
0,9,93.6,73.2,6.8,0.32,2.71,3,3,2,0,1
0,24,104.2,74,8.1,0.63,2.81,3,1,2,0,0
0,68,56.1,68.8,7.4,-0.95,2.79,3,2,2,0,0
0,-20,62.2,56.1,5.3,-0.73,3.23,2,1,2,0,1
0,21,92.6,64.7,7.6,0.55,2.07,2,0,0,0,1
0,-2,81.9,72.3,7.6,1.27,3.09,1,1,2,0,1
0,4,61.2,82.9,7.2,-0.34,2.64,1,0,1,0,1
0,24,93.2,65.4,6.1,-0.64,3.17,1,1,2,1,0
0,52,77.3,71.7,7.9,0.48,1.64,1,0,0,0,0
0,66,79.8,71.1,7,1.01,3.22,1,0,1,1,0
0,-56,75.2,68.1,7.2,-0.01,2.9,9,0,1,0,0
0,-5,105.3,73.4,6.7,-0.29,2.31,9,0,0,1,0
0,18,92.5,70.1,7,1.19,3.01,9,0,1,0,0
0,24,106.6,77.6,8.2,-0.11,1.7,9,1,1,0,0
0,16,95.2,66.4,7.2,0.58,1.9,9,1,1,0,0
0,6,110.3,75.3,7.7,0.09,2.21,9,0,0,1,0
0,25,92,62.7,6.1,0.08,2.85,9,3,2,0,0
0,38,72.1,71.3,6.3,0.75,3.1,8,0,0,1,0
0,16,94.3,61.7,7.8,0.43,3.93,8,0,2,0,0
0,-35,96.1,75.7,7,0.58,2.61,8,0,1,0,0
0,61,61.3,72.2,6.7,-0.89,3.53,8,0,0,0,0
1,22,104.5,73.8,8,0.47,2.64,8,1,1,0,0
0,3,88.8,69.9,6.8,-0.36,3.37,8,0,0,0,0
0,-22,82.8,63.5,8.1,1.15,2.2,7,1,0,0,0
0,56,91.7,72.1,7.2,0.22,2.84,7,2,1,0,0
0,-4,88.2,73.6,7.6,0.51,2.64,7,0,1,0,0
1,19,107.8,75.3,7.4,1.26,2.35,7,2,1,1,1
1,28,101.9,71.2,6.9,0.82,2.67,7,1,1,1,0
0,19,112.6,77,8.2,-0.2,2.84,7,0,0,0,0
0,9,104.3,75,6.6,0.91,2.61,7,2,2,1,0
0,14,105.8,72.4,7.6,0.72,3.46,7,1,2,0,0
0,43,101.5,76.6,7.5,-0.06,2.65,6,0,0,1,0
0,52,94,69.7,6.9,0,3.43,6,2,1,0,0
0,69,86.7,69.2,7.6,0.16,2.81,6,0,0,0,0
0,83,78,72.1,7.5,0.34,2.24,6,0,0,0,0
0,13,105.9,75.9,7.7,-0.38,2.48,6,3,1,1,0
0,11,102.2,70.2,7.2,0.51,2.96,6,2,1,0,0
0,-11,98,66.6,6,-0.09,2.84,6,0,0,1,0
0,29,95.5,77.9,7.6,-0.43,2.53,6,0,1,0,0
0,7,94.4,70.8,7.7,-0.04,1.38,5,1,2,0,0
0,69,91.1,72.7,8.2,0.75,3.35,5,0,0,0,0
0,-34,66.3,71.4,7.5,1.1,2.29,5,0,2,0,0
0,1,92.5,70.6,6.3,-0.27,2.51,5,2,2,0,1
0,19,103.1,70.6,6.8,0.16,2.12,5,0,2,0,1
0,1,97.9,74.4,7.6,0.09,1.95,4,1,1,0,0
0,42,94.5,75.1,6.8,-0.16,2.64,4,0,1,1,0
0,51,82,65.3,6.8,-0.15,2.64,4,0,0,0,1
1,39,101.3,75.5,8.7,-0.48,1.33,4,3,2,0,1
0,2,84.8,74.9,7.1,-0.54,2.67,3,1,0,0,0
0,22,79.9,76.2,8.3,0.77,2.65,3,1,0,0,0
1,32,99,72.5,7.7,-0.63,2.08,3,0,1,0,0
0,1,86.7,70.4,6.4,-0.13,3.24,3,2,2,0,0
0,5,102.6,74.2,7.4,0.46,1.5,3,0,0,1,1
1,37,102.5,75.3,7.9,0.09,2.08,3,1,0,0,1
0,8,102.9,81.4,8.9,0.49,2.3,3,1,2,0,1
0,-3,107.8,76.1,7,0.85,2.24,3,3,2,1,1
0,2,97.4,76.4,7,-0.77,2.29,2,0,1,0,0
0,13,99.1,77.9,7.6,0.01,2.06,2,0,0,1,0
0,27,84,57.9,7.6,-0.3,1.91,2,1,1,0,1
0,57,92.8,78.4,8.3,0.42,3.03,2,3,1,0,1
0,16,94.6,63.5,7.8,0.67,1.67,1,1,2,0,0
0,-13,65.3,66.5,7.9,1.09,1.17,1,0,0,0,0
0,36,86.8,65.9,7.8,-0.02,2.18,1,0,2,0,0
1,22,107,77.3,7.7,0.4,2.15,1,2,1,0,0
0,46,72.5,74.3,6.8,0.59,3.01,1,2,1,1,1
0,-47,82.8,73.2,7.1,0.37,2.25,1,0,1,0,1
0,57,68,60.1,6.5,-0.75,2.99,1,0,0,0,1
0,33,86.1,59.9,5.3,-0.23,3.22,9,3,1,1,0
0,6,110.2,79.4,7.6,-0.27,2.83,9,2,2,0,0
0,-18,87.3,76.7,7.9,-0.31,2.16,9,0,0,0,1
0,7,106.1,74.8,7.2,0.28,2.21,9,2,2,0,1
0,12,71.3,73.3,6.7,-0.26,2.93,9,0,2,0,1
0,-8,84.5,67.7,7.5,0.74,1.53,8,0,1,0,0
0,63,81.9,71.6,7.3,-0.13,3.04,8,1,2,0,0
0,72,91.1,72.9,6.9,0.03,3.43,8,1,0,0,0
0,81,77.4,65.4,6.2,0.49,3.4,8,3,2,1,0
0,36,81.7,67.6,6.4,-0.12,1.92,7,1,2,1,1
0,-47,38.3,47.3,6.6,-0.91,3.11,7,1,0,0,0
0,46,55,60.6,5.9,0.42,3.12,7,1,0,1,1
0,24,107.2,75.1,6.8,0.54,2.59,7,1,1,0,1
0,5,102.7,82.8,8.1,0.76,2.64,7,1,2,0,1
0,10,113.8,79.6,7.2,-0.69,2.84,7,3,2,1,1
0,37,94.7,78.4,7.3,-1.01,2.18,6,1,2,0,1
0,1,64.1,72.8,6.3,0.8,2.48,6,0,1,1,1
0,23,99.2,68.1,7.1,0.37,1.77,6,2,0,1,0
0,-8,109.2,72.8,6.9,0.84,1.71,6,3,2,0,0
0,0,96.6,80.2,9.3,0.42,1.61,5,1,1,0,1
0,-8,98,76.6,6.7,-0.35,2.24,5,0,2,0,1
0,36,99.3,81.1,8,-0.13,2.86,5,2,1,0,0
0,-19,93.2,66.1,6.2,-0.61,3.08,5,3,2,1,0
0,-20,96.3,75.3,7,-0.04,2.24,5,0,2,1,0
1,37,104.1,84.6,8,0.19,2.93,5,0,0,0,0
0,-19,104.3,71.4,7.7,-0.49,2.05,4,3,2,1,1
0,70,83.8,74.1,6.8,-0.39,3.3,4,1,1,0,1
0,-21,99.7,63.9,5.7,0.29,1.83,4,2,2,1,1
0,13,91.3,65.8,7.4,0.18,1.51,4,3,2,0,0
0,6,102.2,69.7,6.3,0.44,3.22,4,3,1,0,0
0,31,93.7,67.1,6.7,-0.47,2.4,4,0,1,1,0
0,18,109.2,76.8,7.7,1,2.06,4,2,1,0,0
0,1,76.4,79,7.5,-0.68,2.4,3,1,1,0,1
0,42,61.1,68.5,5.8,0.78,3.03,3,0,1,1,1
0,82,37.7,55.3,7.6,0.65,1.7,3,2,2,1,0
0,28,92.3,72.9,7.2,-0.66,2.51,3,2,1,1,0
0,-46,94.2,72.8,7.9,0.82,2.6,2,3,1,0,1
0,-17,86.8,78.2,6.8,0.96,2.35,2,0,1,1,1
0,52,87.8,68.9,6.9,0.66,3.25,2,2,1,0,1
0,12,95.5,71.1,7.7,0.03,2.2,2,1,0,0,0
0,40,90.2,62.1,6.9,0.64,2.37,2,1,2,1,0
0,15,99.2,73,7.8,-0.07,1.67,1,2,2,1,1
0,-19,99.3,79.7,7.5,-0.39,2.52,1,2,1,0,1
0,-10,107.9,76.2,7.4,-0.08,2.74,1,1,1,0,1
0,13,77.4,72.7,8.1,0.7,1.78,1,1,0,0,0
0,30,73.8,73.9,6.2,0.13,2.72,1,0,0,1,0
0,40,75.5,67.7,6.1,0.23,2.51,9,0,1,1,0
0,13,87.4,73.1,6.6,0.66,2.19,9,0,0,1,0
0,52,83.5,78.2,8,0.35,1.84,9,1,2,0,0
0,29,93.1,71.1,7.2,-0.58,2.72,9,1,2,1,0
0,8,97,74.8,7.8,0.53,1.93,9,1,2,0,0
1,34,105.4,73,7.7,-0.58,3.3,9,3,2,0,0
0,45,89.2,71,7.3,-0.08,2.75,9,0,1,0,0
0,1,102.9,71.8,7.4,-0.12,2.37,8,0,1,1,0
0,45,78.5,68.8,6.1,0.23,2.96,8,2,2,1,0
0,-1,88.6,73.8,6.3,0.05,2.54,8,3,2,1,0
0,28,95,74.3,8.2,0.73,2.13,8,0,1,0,0
0,-67,52.6,70.3,8.1,0.39,3.06,8,0,0,0,0
0,22,85.2,76.2,8.1,0.58,2.1,7,1,0,0,1
0,18,77.7,71.1,6.7,-0.41,3.33,7,1,2,0,1
0,16,82.4,56.3,7.3,-0.55,1.98,7,2,1,1,1
0,-12,96.5,70.1,7.7,0.44,1.01,7,0,2,1,0
0,26,98,72.4,7.1,0.28,2.52,7,0,0,0,0
0,-3,103.6,69,7.5,-0.03,1.52,6,0,2,1,0
0,-21,100.2,64.4,6.8,0.01,1.89,6,0,1,1,0
0,-20,83.5,82.7,7.1,-0.4,2.58,6,0,0,0,0
0,-15,77.6,71,7.9,-0.5,1.45,5,1,0,1,0
0,-30,74.6,74.2,6.6,-0.64,2.12,5,0,1,1,0
0,16,92.3,73.3,6.8,0.21,2.22,5,2,2,1,0
0,-29,87.4,73.4,8.2,-0.55,1.82,5,1,2,1,0
0,-69,74,67.1,6.2,-1.11,2.22,5,2,2,0,0
0,36,83.7,70.5,7.4,-0.24,2.22,5,1,1,1,0
0,23,65.4,56.3,5.2,-0.77,2.94,5,3,2,0,0
0,-3,106.6,76.1,7,-0.46,3.05,4,2,2,1,0
0,0,103.2,79.3,7.3,-0.35,2.02,4,0,1,1,0
0,-7,103.1,68.8,6.3,-0.86,2.3,4,0,0,1,0
0,48,84,68.1,8,0.05,2.05,4,2,2,1,0
0,5,95.6,74.4,7.3,-0.52,1.54,4,0,1,1,0
0,-19,105.4,81.6,7.2,0.36,2.48,4,0,0,0,0
0,20,86.2,70.5,6.9,-0.48,3,4,2,2,0,0
0,-23,90.5,62,5.9,-0.09,2.51,3,3,2,1,0
0,27,94.5,74.3,6.9,-1.24,3.34,3,0,0,0,0
0,-17,106.8,78.7,7.9,0.2,2.52,3,1,1,0,0
0,-1,96.9,68.2,6.1,-0.59,3.1,3,1,2,1,0
0,-3,95.4,66.1,6.2,0.08,2.86,3,0,1,1,0
0,-2,68.5,66,7.6,0.41,0.89,2,1,0,1,0
0,5,73.2,66.8,7.3,0.07,2.23,2,2,2,1,0
0,-5,73.4,72.7,7.6,0.36,1.48,2,2,1,0,0
0,22,72.6,77,6.6,-0.49,2.6,2,0,1,0,0
0,9,96.7,75.8,7.5,-0.59,2.03,2,1,2,0,0
0,6,107.3,78.9,7.6,-0.04,3.13,2,1,1,0,0
0,-10,92.8,74,7.3,-0.54,2.5,1,2,1,1,0
0,-16,92.5,71.4,7.3,-0.74,2.35,1,3,2,1,0
0,-11,93.6,64.3,6.5,0.27,1.42,1,1,2,1,0
0,24,93.7,67.7,7.3,0.69,2.07,1,2,2,0,0
0,1,105.7,71.7,6.7,-0.4,2.34,1,2,0,1,0
0,5,91.3,69.6,6.2,-0.07,2.3,1,0,2,0,0
0,23,104.5,69.6,6.7,-0.02,2.83,9,1,0,1,0
0,14,105.7,71.4,6.9,0.61,2.98,9,0,2,1,0
0,-19,78.3,74,7.4,0.19,2.65,9,2,2,0,0
0,21,97.7,71.7,7.6,-0.87,2.57,8,1,1,1,0
0,-2,98.1,69.5,6.4,-0.66,2.87,8,0,1,1,0
0,6,72.5,68.6,8,-0.07,2.05,8,2,2,1,0
0,35,98.7,72.7,7.1,0.1,3.11,8,1,1,0,0
0,12,90.1,70.6,6.4,-0.31,3.89,7,0,0,1,0
0,30,75.3,69.5,8,0.06,2.24,7,0,0,0,0
0,1,94.9,64,7.5,-0.5,1.35,7,0,2,1,0
0,14,73.4,66.3,7.4,0.97,2.42,6,1,1,0,0
0,46,93.8,70.8,7.7,0.55,2.61,6,1,0,0,0
0,-18,91.8,72.8,7.1,-0.46,2.52,6,0,0,1,0
0,6,78.2,83.9,7.7,0.33,3.05,6,3,1,0,0
0,1,98,73,6.5,-0.65,3.5,6,1,2,1,0
0,17,99.4,74.4,7,-0.22,2.66,6,0,0,1,0
0,-2,102.6,71.9,6.9,-0.14,1.63,6,0,2,0,0
0,33,93.7,71.7,8.1,-0.14,1.73,6,2,2,1,0
0,13,103.9,71,7,0.95,3.48,6,0,2,0,0
0,41,95.7,66.8,6.4,0.32,3.26,5,3,2,0,0
0,32,93.5,74.2,7.2,0.13,2.17,5,1,1,1,0
0,28,93.4,73.1,6.7,-0.17,2.42,4,2,1,1,0
0,19,73.3,77.4,8.4,0.28,1.79,4,1,0,0,0
0,25,94.5,77.6,7.7,-0.35,1.76,4,2,2,1,0
0,37,81.8,70.2,7.6,0.15,1.92,4,1,1,0,0
0,26,82,71.7,6.7,0.35,2.5,4,3,2,1,0
0,37,97.3,72.5,6.6,-0.23,2.72,4,0,1,0,0
0,-28,67,65.2,6.1,0.78,3.2,3,0,0,1,0
0,8,88.7,66.7,6.5,0.44,2.41,3,1,2,1,0
0,-17,65.9,71.3,7.6,-0.89,2.08,3,0,0,1,0
0,14,80.2,76.6,7.9,0.11,1.57,3,0,0,0,0
0,-19,89.7,64.7,6.4,0.17,2.38,3,0,2,1,0
0,63,68.1,61.9,5.8,-1.12,2.94,2,2,2,0,0
0,60,91.5,75.5,8.1,0.49,2.46,2,2,0,0,0
0,2,96.4,70.4,7.7,-0.34,2.31,2,1,0,1,1
0,9,87.3,69.5,7.9,0.41,1.73,2,2,2,1,0
0,-13,96.9,68.5,6.6,-0.25,2.16,2,0,0,1,0
0,-9,74.2,76.9,7.9,1.31,2.03,1,2,2,0,1
0,-11,88.6,77.1,7,0.49,2.51,1,1,1,1,1
0,21,100.7,68.6,6.7,0.55,2.89,1,2,1,0,1
0,-11,88.7,70.2,7,-0.54,2.05,1,3,2,0,0
0,36,95.2,73.6,7.9,-0.05,1.83,1,2,1,1,0
0,74,99.9,76.5,7.8,-0.32,3.22,9,2,1,0,1
0,-6,104.1,74.3,7.2,-0.38,2.15,9,2,2,0,1
0,-11,86.7,71.2,6.9,-0.07,3.2,9,0,0,0,1
0,-17,74.4,77.2,8.4,0.05,1.47,9,0,2,1,1
0,36,62.1,61.5,5.9,-0.92,3.52,9,1,2,0,0
0,9,80.9,57.3,5.9,-1.22,2.83,9,3,2,0,0
0,9,101.2,82.2,8.1,-0.65,2.49,8,1,2,0,0
0,-18,100.2,67.1,6.4,0.07,1.62,8,1,1,1,0
0,46,82.2,82.1,7.4,-0.74,3.26,8,0,1,0,0
0,-11,99.8,81.6,8.2,0.13,2.29,8,2,1,1,0
0,5,112.7,76.3,7,-0.01,2.23,7,3,2,1,1
0,-16,82.3,74.8,7,0,2.67,7,3,2,0,0
0,26,80.6,59.7,6.1,0.09,3.13,7,2,2,0,0
0,18,105.8,71.1,7.9,0.14,2.52,7,2,2,0,1
0,-4,76,69.4,7.8,0.07,1.44,7,1,2,0,0
0,10,107.6,76.9,6.8,0.36,2.43,7,2,2,0,0
0,24,89.3,73.5,8.6,0.02,1.82,6,0,1,1,0
0,-24,84.1,66.7,5.5,0.55,2.31,6,0,1,1,0
0,27,94.6,69.7,7.6,0.26,2.95,6,0,2,1,0
0,-15,95.3,73.5,7.6,-0.11,2.84,6,0,0,1,0
0,18,108.1,74.3,7.5,-0.11,1.96,6,0,0,0,0
0,77,91.8,80.5,7.9,-0.3,2.76,5,0,0,0,0
0,-11,93.5,82.2,8.2,-0.32,1.97,5,0,1,1,0
0,57,91.7,68.1,6.6,-0.14,3.28,5,2,1,0,0
0,-26,58.9,67.5,7.5,1.25,2.34,4,0,2,0,0
0,26,78.6,78.8,8.5,-1.23,2.1,4,0,2,1,0
0,14,81.2,73.7,7.3,-0.49,2.91,4,0,1,0,0
0,9,60.8,65,6.6,-0.84,2.2,4,3,2,0,0
1,33,109,78.7,7.6,-0.61,2.5,4,0,0,0,0
0,5,96.7,72.3,7.9,-0.23,1.74,4,2,1,1,0
0,-2,100.2,80.1,8.3,0.49,2.24,3,1,0,0,0
0,5,110.5,79.9,7.8,0.61,1.85,3,1,1,1,0
0,-67,39.9,54.8,4.9,-0.15,1.82,3,1,2,0,0
0,45,77.8,68.3,7.1,0.72,2.28,3,1,0,1,0
0,67,81.3,78.5,8,0.34,2.4,3,3,2,1,0
0,54,96.9,69.1,7.6,-0.16,2.51,2,0,0,1,0
0,11,108.1,78.2,7.4,-0.1,2.04,2,3,2,0,0
0,70,88.2,66.2,8.2,-0.36,2.09,2,1,1,0,0
0,21,109,75.1,8.1,0.36,2.55,2,0,0,0,0
0,29,91.6,70.3,7.8,0.54,2.26,2,1,2,0,0
0,3,100,73.1,7.5,0.16,2.21,2,0,1,1,0
0,51,44.4,40.2,6,-0.51,2.53,1,1,0,1,0
0,-1,106.1,77.8,7.9,0.57,2.45,1,2,2,0,0
0,26,60.7,79.4,8,0.98,1.6,1,0,0,1,0
0,69,84.2,85.8,8.7,0.65,1.83,1,1,0,1,0
0,66,77.1,74.4,8.1,0.63,1.75,8,1,0,0,0
0,-14,101.1,79.5,6.9,-0.01,1.92,8,1,1,1,0
0,12,108.6,83.1,7.6,0.5,2.11,8,0,0,1,0
1,26,100.6,69.9,7.3,-0.4,2.3,8,2,2,1,0
0,50,50.9,71.4,6.4,-1.57,2.51,8,1,1,0,0
0,31,84.7,76,8,0.64,1.54,7,3,2,0,0
0,-3,107.6,75.2,7.2,0.1,2.24,7,1,0,0,0
0,21,95.1,69.1,7.5,0.8,1.51,7,0,2,0,0
0,4,56.6,69.6,6.5,-0.89,2.93,7,0,1,0,0
1,26,99.5,78.7,7.8,-0.19,1.72,7,3,2,1,0
0,-8,91.5,61.1,7.5,0.61,2.28,6,3,2,0,1
0,9,88,67.5,5.9,0.47,2.95,6,0,1,1,1
0,-8,74.5,75.8,6.6,-0.78,2.47,6,0,1,0,1
0,19,77,69.9,7.8,-0.55,2,6,1,0,1,1
0,49,88.1,69.4,8,-0.72,2.39,6,0,1,1,0
0,14,109.7,77.5,7.5,0.68,2.32,6,0,0,1,1
0,5,105.2,76.5,7.7,-0.29,2.16,6,0,0,0,1
0,27,97.9,70.4,7.9,0.26,1.69,5,2,1,0,1
0,31,98.3,76.6,7.4,0.36,3.15,5,2,2,0,1
0,35,80.2,75.4,7.7,1.41,2.48,5,1,2,0,1
0,-27,55.8,73.2,6.2,0.07,2.53,5,3,2,0,1
0,7,78,72.6,6.4,-0.61,2.74,5,0,0,0,1
0,-18,73.7,71.2,8.2,0.51,1.65,4,0,1,0,1
0,-18,96.3,70.1,7.1,0.34,3.12,4,1,2,0,1
1,26,107.3,75.2,6.8,-0.35,2.84,4,1,1,0,1
0,10,98,68.4,6.7,0.08,2.65,4,3,1,0,1
0,-13,102.9,71.8,6.8,-0.39,2.7,4,0,1,1,1
0,8,108.3,82,7.9,0.63,2.18,3,3,2,0,1
0,13,112.8,80.9,7.5,-0.15,2.43,3,2,2,1,1
0,47,92.5,77.8,7.4,0.09,3,3,1,0,0,1
0,10,107.2,74.4,7.3,0.15,2.01,3,0,1,0,1
0,18,77.3,71.5,6.3,-0.63,3.83,3,1,2,0,1
0,0,100.2,74,6.5,-0.22,2.34,3,3,2,0,1
0,26,94,76.3,7.2,-0.36,2.24,3,2,2,0,1
0,-18,93.1,76.5,7.1,0.03,2.36,2,1,2,0,1
0,27,96.6,76.3,7.8,-0.07,2.08,2,2,2,0,1
0,72,79.5,78.1,8.2,0.76,2.27,2,0,0,0,1
0,-9,75.1,64.2,6,-0.55,2.37,2,1,1,0,1
0,4,104.7,72.8,7.6,0.21,1.96,2,1,1,0,1
0,-21,76.1,76,7.5,0.58,2.02,2,1,2,0,1
0,-3,101.7,71.7,6.5,0.47,2.28,1,0,1,1,1
0,12,115.4,81.4,6.9,0.3,2.29,1,1,0,0,1
0,54,92.7,70,6.6,0.01,2.69,1,1,2,1,1
1,38,102.5,74.2,7.9,-0.03,2.78,1,1,2,0,1
0,19,107.9,71,6.2,0.22,3.11,1,1,0,0,1
0,18,107.5,74.8,7.5,0.43,2.62,1,2,1,0,1
0,25,90.8,66.5,7.2,0.62,2.83,9,0,1,0,0
0,32,84.5,69.7,7.4,0.36,2.9,9,0,0,1,0
0,12,99.1,67.1,7.2,0.57,2.01,9,1,1,0,0
0,41,98.9,66.6,7.1,-0.27,1.89,8,1,1,0,0
0,45,52.2,70.8,6.2,-1.07,3.15,8,0,2,0,0
0,7,97.8,76.2,6.6,-0.2,2.46,8,3,2,1,0
0,10,93.8,78.4,8,-0.11,2.25,8,3,1,1,0
0,71,84.2,70.1,8.3,0.54,2.47,8,0,1,0,0
0,10,108.3,77.1,6.6,-0.13,2.15,8,1,0,0,0
0,-15,56.3,40.2,5.9,0.48,2.51,8,0,0,0,0
0,5,25.1,6.5,1.5,0.06,2.24,7,1,1,0,1
0,20,87.8,82.3,7.4,-0.13,1.76,7,0,1,0,1
0,-35,70.9,69.1,7.3,-0.04,1.38,7,0,1,1,0
0,-21,92.1,72.6,7.9,-0.24,1.6,7,3,2,1,0
0,75,82.2,77.5,7.6,-0.27,2.3,6,1,0,0,0
0,6,104.6,71.4,7.1,0.31,2.8,6,1,2,0,0
0,7,100.4,68.2,7,0.55,2.02,6,0,1,0,0
0,46,95.9,74.8,7.4,0.42,2.99,5,3,2,0,1
0,-20,104.4,68.2,6.9,0.44,2.11,5,2,2,0,1
0,32,101.8,73.9,5.9,-0.08,2.86,5,3,2,1,1
0,11,74.6,53.9,6.8,1.54,2.47,5,0,2,0,0
0,-44,57.5,70.9,8.4,-0.6,1.34,5,1,0,1,0
0,34,82.9,80.9,7.5,0.34,2.66,4,0,0,0,1
0,15,97.8,75.7,6.9,0.44,2.76,4,3,2,0,1
0,-40,63.8,69.1,7.9,0.41,1.61,4,2,2,0,0
0,4,88.9,75.7,8,-0.3,2.72,4,1,0,0,0
1,25,109.9,73.8,8.3,0.1,1.81,4,2,1,0,0
0,20,94.6,68,7.3,0.91,2.01,3,1,1,0,1
0,20,102.6,70,6.9,0.23,2.15,3,3,2,0,0
0,47,92.2,72,7.6,-0.1,2.52,3,1,0,1,0
0,3,76.7,87.7,7.8,-0.34,1.85,3,1,0,0,0
0,12,48.4,48.6,7.3,0.32,1.09,2,0,0,0,1
0,-18,99.9,70.4,5.8,0.22,2.69,2,2,2,0,1
0,15,98.5,72.9,7.4,-0.39,2.22,2,1,1,0,0
0,20,97,73.7,7.3,-0.31,1.81,2,0,0,0,0
0,28,101.1,75.3,6.3,-0.25,3.14,2,1,2,1,0
0,-7,105.6,73.9,7.4,0.59,2.27,1,1,2,0,1
0,36,99.9,74.9,6.9,0.28,2.59,1,0,0,0,1
0,39,83.6,79.4,7.9,-0.47,2.14,1,1,0,0,0
0,28,88.9,74.9,7,-0.13,1.95,1,1,1,0,0
0,30,90.9,71.9,7.6,-0.69,2.99,1,1,0,1,0
0,28,75.3,64.9,6.6,0.46,2.18,9,1,0,0,0
0,12,100.3,71.6,7.1,0.01,2.17,9,3,2,1,0
0,9,94.7,65.6,7.5,0.19,2.15,9,1,2,0,0
0,22,105,71.2,7.6,0.23,2.64,9,0,0,0,0
0,4,105.3,72.5,7.5,-0.52,2.13,9,0,1,1,0
0,13,95.9,68.2,6.3,-0.08,2.93,8,2,2,0,1
0,11,97.6,65.1,6,-0.03,3.36,8,3,2,0,1
0,-25,104.6,72.6,7.6,0.2,1.97,8,0,0,0,1
0,-4,104.4,75.4,6.9,0.25,2.18,8,3,1,0,1
0,81,70.1,79.7,7.5,0.06,3.02,7,2,2,1,0
0,24,78.9,69.8,6.8,-0.8,2.31,7,3,2,0,0
0,62,82.8,77.1,8,-0.06,2.5,7,0,0,1,0
0,13,109.6,74.2,7.1,-0.07,2.51,7,1,0,0,0
0,-6,91.6,62.4,5.8,-0.42,3.1,7,3,1,0,0
0,36,102,78.5,7,-0.35,2.86,7,2,0,1,0
0,23,103.4,78.2,7.2,-0.04,2.77,6,0,2,0,0
0,18,69.9,53.1,5.5,-0.77,3.35,6,1,0,0,0
0,24,99.6,68.6,6.8,-0.29,1.55,6,0,1,1,0
0,-3,100.6,69.8,6.9,0.07,2.48,6,2,1,0,0
0,-21,45.7,73.9,8.7,-0.71,2.03,6,1,1,0,1
0,-7,102.2,74.3,7.3,-0.17,2.57,6,0,0,0,1
0,11,66.8,79.7,8,0.59,1.67,5,2,0,1,0
0,16,91.9,62.9,5.9,-0.35,2.92,5,1,1,0,0
0,14,110.9,78.1,7.6,0.56,2.62,5,3,1,0,0
0,40,91.9,73.5,7.8,0.18,2.44,5,0,0,0,0
0,34,83.7,67.7,5.7,-0.21,3.3,5,1,1,1,0
0,38,82.7,71.4,6.8,-0.23,2.35,5,1,0,0,0
0,17,107.6,73.7,6.7,0,2.41,5,0,1,0,0
0,14,104.5,83.9,6.7,0.73,2.66,5,0,0,1,0
0,14,101.4,73,7.6,0.53,1.87,5,1,0,0,0
0,-5,93.9,63.8,5.1,0.08,2.97,5,0,1,1,0
0,5,106.2,74.5,7.2,-0.28,2.62,4,0,0,1,0
0,23,66.1,72.7,7,0.24,2.88,4,1,0,1,0
0,29,103.2,78.7,7.5,-0.12,1.5,4,1,2,0,0
0,16,79,71.6,8.2,0.12,1.99,4,1,1,1,0
1,23,111.3,75.2,7.6,-0.07,2.4,4,1,0,0,0
0,49,81.3,76.3,7.7,0.3,2.84,4,0,0,1,0
0,32,104.4,78.6,7.8,-0.2,1.94,3,1,1,0,0
0,29,97.2,73.3,7.8,0.87,2.43,3,2,1,0,0
0,0,103.3,70.3,6.2,1.07,2.87,3,1,2,1,1
0,1,98.4,73.5,7,-0.32,3,3,1,2,0,1
0,-15,80.6,74.7,7.1,-0.32,2.01,3,0,0,0,0
0,-9,97.4,63.7,5.9,0.04,1.72,3,1,2,0,0
0,58,76.1,70.9,8.1,0.38,1.81,2,2,2,0,1
0,-11,86.6,58.1,6.9,-1.15,1.51,2,0,2,1,1
0,13,99.4,68.5,6.6,0.62,2.73,2,0,1,0,1
0,5,52.3,66.8,6.7,0.55,2.62,2,1,1,1,0
1,28,103.5,74.9,8.3,-0.36,1.81,2,1,1,1,0
0,-5,60.9,73.2,7.3,0.56,2.22,1,0,1,1,1
0,23,67.9,69.8,9,0.71,1.35,1,0,1,0,1
0,36,86.9,74,7.3,0.22,2.17,1,0,1,0,1
0,52,91.8,77.2,6.4,-0.08,3.35,1,0,0,0,0
0,5,89.4,69.9,6.3,0.54,3.07,1,1,2,1,0
0,-6,105.3,80,7.8,0.02,2.32,9,2,1,0,0
0,-11,102.7,69.8,7.2,0.32,2.26,9,2,2,0,0
0,-30,88,80,7.5,-0.71,2.28,9,3,2,1,0
0,61,88.3,79.8,8,-0.24,2.5,9,1,1,0,0
0,18,78.1,48.3,6,-1.06,3.83,9,1,2,1,0
1,28,110.3,78,8.2,0.8,2.1,9,0,1,1,0
0,-50,97.1,77.4,7.2,-0.24,2.43,8,2,1,0,0
0,-6,76.3,74.1,7.5,-0.16,1.68,8,0,1,1,0
0,-56,66.9,68.3,9.5,0.55,1.02,8,0,2,0,0
0,45,92.6,83.2,7.6,-0.02,2.41,8,0,0,0,0
0,-42,89.4,65.4,7.4,-0.45,2.17,8,1,1,0,0
0,25,96.7,73.7,6.5,0.44,2.58,7,0,1,1,0
0,-27,89.9,78.9,7,-0.75,2.06,7,0,0,0,0
0,68,81.1,73.7,7.4,-0.06,2.45,7,2,1,1,0
1,26,99,75.1,7.9,0.14,2.93,7,0,0,0,0
0,-12,97.3,68.8,6.8,0.1,2.86,7,1,0,1,0
0,57,91.5,77.5,7.5,0.41,2.92,7,1,0,0,0
0,-12,80.8,65.1,8.1,0.07,2.04,6,0,0,0,0
0,14,103.9,77.9,7.1,-1.01,2.76,6,3,1,1,0
0,-49,79.2,69.7,8.2,0.83,1.86,6,1,1,0,0
0,-2,98.4,63.9,7.7,0.64,0.88,6,1,2,1,0
0,7,90.5,82.3,7.8,-0.28,2.02,6,1,1,0,0
0,0,71.5,74.5,7.7,-0.74,2.15,5,0,1,0,0
0,-1,107.6,75.3,6.9,0.22,2.66,5,2,0,1,0
0,-32,97,82,7,-0.45,2.48,5,0,0,0,0
0,15,108.2,72.6,7.3,-0.39,2.02,5,1,1,0,1
0,22,74.9,68.6,6.7,-0.9,2.08,5,2,2,0,1
1,27,98.5,73,7.1,-0.57,2.85,5,0,0,1,1
0,19,94,74.8,8,-0.16,2.21,5,1,2,0,0
0,-15,92.1,71.5,7.2,-0.22,2.56,4,2,2,1,0
0,-64,77.1,66.4,6.8,0.55,2.15,4,0,1,0,0
0,-16,83.7,67,7.6,0.62,1.99,4,0,0,0,0
0,20,99.5,78.8,7.6,-0.26,3.2,4,1,1,1,0
0,2,98,73.4,8.1,0.26,2.46,4,3,2,0,0
0,-9,96.4,69.4,7,-0.99,1.77,4,1,1,0,0
0,21,91.3,70.4,7.6,0.94,3.39,3,0,1,0,1
0,24,88.7,63.1,6.4,-0.43,3.19,3,2,2,1,0
0,-22,56.1,66.2,7.9,0.56,2.7,3,0,1,0,0
0,5,71.2,70.8,6.8,0.68,2.6,3,2,0,1,0
0,-14,91,73.9,8.1,0.28,2.07,3,3,2,0,0
0,-14,88.3,68.7,6.2,-0.24,2.72,2,0,0,1,1
0,-26,64,66.2,8.5,0.47,1.5,2,1,2,0,1
0,-17,82.6,79.7,7.2,-0.98,2.34,2,2,2,0,0
0,-17,67.9,66.5,7.8,0.35,2.48,2,2,0,0,0
0,-18,105,72,7.3,-0.41,1.16,2,2,2,1,0
0,51,85.9,67.5,8,0.8,2.34,1,3,2,0,1
0,42,90.1,66.9,7.9,-0.22,1.81,1,3,2,1,1
0,8,98.1,69.6,7.1,-0.43,3.27,1,1,1,1,0
0,-69,45.2,58.8,6.7,1.35,3.24,1,3,2,0,0
0,20,79.6,72.2,7.5,0.06,3.16,1,1,1,0,0
0,7,79.8,74.2,7.8,0.12,2.17,1,1,0,1,0
1,26,104.2,75.4,7,0.36,2.68,9,0,0,0,1
0,-8,103.6,70.9,8.2,0.44,1.43,9,2,1,0,1
0,12,92.9,63.5,6.8,-0.06,2.16,9,0,0,0,1
0,-19,55.3,73.7,7.5,0.69,2.97,9,0,1,1,1
0,-66,45.3,62.6,5.7,-1.03,2.62,8,0,0,0,0
0,-39,76,63.9,6,-0.5,2.5,8,0,0,0,0
0,-7,103.8,74.4,6.7,-0.51,1.97,8,2,0,0,0
0,-48,82.3,69.4,6.8,0.24,1.83,8,1,1,0,1
0,-26,95,67.9,7.6,-0.5,1.6,8,1,2,1,1
0,3,106.5,72.8,6.9,0.17,2.42,7,0,0,0,0
0,11,108.5,77.1,7.5,0.63,2.11,7,0,0,0,0
0,22,58.1,65.3,7.3,-0.17,2.92,7,2,2,0,0
0,14,100.1,66.3,6,-0.09,3.29,7,0,0,0,1
0,-29,98.2,65.3,8.3,1.1,1.99,7,0,2,0,1
0,-14,98.2,73.8,7.4,-0.05,1.84,6,1,1,0,0
0,29,97.3,68.9,7.8,0.38,2.79,6,2,2,0,0
0,54,100,72.9,7.4,0.27,2.79,6,2,2,0,0
0,32,85.4,65.6,7.5,0.56,1.78,6,1,1,0,1
0,-13,78.5,76.8,8.9,-0.29,1.52,6,0,0,0,1
0,41,79.3,67.6,7.2,-0.62,2.36,5,1,1,0,0
0,35,100.5,86.7,7.4,0.06,2.9,5,0,0,0,0
0,-4,103.4,75.2,7.1,-0.25,2.16,5,1,2,0,1
0,-51,57.4,68.3,7.5,0.14,1.69,5,0,0,1,1
0,-41,80.3,67.4,7.1,0.57,2.69,4,1,1,0,1
0,3,108.2,75.7,8.1,-0.53,1.61,4,1,0,0,1
0,28,75.8,58.1,7.3,0.8,3.06,3,0,1,0,0
0,48,101.7,73.8,7.9,0.31,2.9,3,3,2,0,0
0,17,75.4,69.3,7.7,0.1,2.05,3,1,1,0,0
0,2,75.4,67.8,7.4,0.49,2.78,3,0,0,0,1
0,-14,78,66.3,7.5,0.42,2.26,3,2,0,0,1
0,16,107.4,75,7.4,0.06,2.39,2,3,2,0,0
0,31,91.1,71.6,6.5,-0.19,3.14,2,0,0,0,0
0,-1,75.5,73.5,8.1,0.44,2.23,2,0,0,0,1
0,58,95.3,68.6,6.9,-0.39,3.08,1,0,0,0,0
0,60,82.2,62.7,8,0.31,2.51,1,2,2,0,0
0,4,55,69,6.7,-0.94,2.85,1,2,2,0,0
0,-5,88.2,78.1,8.2,0.33,2.43,1,0,1,0,1
0,-31,77.3,64.9,7,-0.5,1.71,1,0,0,0,1
0,-1,107.5,71.6,7.9,-0.51,1.17,10,1,1,0,0
0,44,88.8,67.4,7.4,-0.95,2.73,10,3,2,1,0
0,-19,95.9,71.3,7.3,-0.85,2.21,10,3,2,1,0
0,-9,82.6,65,6.6,0.42,1.96,10,1,2,1,0
0,2,103.7,73.8,7.4,0.46,2.1,10,0,1,1,0
0,5,106.9,80.5,7.5,-0.37,2.37,10,1,1,0,0
0,64,84.3,69.9,7.1,0.4,2.84,10,0,0,1,0
0,23,79.1,71.5,7.2,0.76,2.05,10,1,2,1,0
1,20,106.2,75.1,7.2,-0.66,2.91,10,0,0,0,0
0,24,87.4,68.9,7.7,0.16,2.62,9,1,2,0,0
0,-1,70.1,64.2,7.8,-0.72,1.51,9,1,2,1,0
0,10,81.1,63.5,7,0.53,2.08,9,1,2,0,0
0,11,80.8,68.6,8.1,-0.57,1.4,9,2,1,1,0
0,7,83.6,68,6.8,-1.07,2.92,9,0,1,0,0
1,26,102.5,70.8,7.1,0.03,2.09,9,3,1,1,0
0,12,85.5,67.6,7,-0.13,2.49,9,0,0,0,0
0,-16,87.3,75.6,8.6,-0.08,1.4,8,2,2,1,0
0,5,107.1,70.4,6.6,-0.05,2.52,8,0,0,0,0
1,25,113.2,78.8,7.9,0.1,2.93,8,0,0,1,0
0,4,106.9,78.1,7.5,-0.24,2.85,8,1,2,0,0
0,-18,96.3,72.1,7,-0.02,2.28,8,1,2,1,0
0,47,86.7,69.1,6.6,-0.17,3.1,8,3,1,1,0
0,37,98.7,70.8,7.2,0.86,1.97,8,0,1,1,0
0,45,100.6,74.1,8,-0.43,2.06,8,1,1,0,0
0,-14,69.7,65.1,6.7,-0.73,2.06,7,1,2,1,0
0,-4,92.8,83.5,7.9,-0.76,2.85,7,3,2,0,0
1,23,100.3,71.4,7.7,-0.26,1.77,7,1,1,1,0
0,-11,100.3,75.5,8,0.06,3.05,7,1,2,0,0
0,-9,105.9,74.9,6.9,-0.3,2.6,7,3,2,1,0
0,59,65.5,75,7.6,0.72,2.75,6,3,2,1,0
0,51,79.2,65.5,8,0.53,2.48,6,0,1,0,0
0,14,82.2,61.9,7.9,-0.52,1.66,6,1,2,1,0
0,82,84.5,71.4,6.9,-0.87,3.26,6,2,1,0,0
0,2,111.1,75.8,7.5,0.04,2.21,5,0,1,0,0
0,80,83.2,73.7,6.7,-0.13,3.07,5,2,2,1,0
0,-65,48.8,71.4,7.7,-0.1,2.22,5,2,2,1,0
0,50,88.4,74.8,7.6,0.48,3.28,5,3,2,0,0
0,0,91.1,72.4,7,-0.68,2.84,5,0,0,0,0
0,-16,86.3,65.6,8.1,0.81,0.97,4,1,2,0,0
0,28,100.7,68.8,6.7,0.15,2.46,4,2,1,1,0
0,-29,88.6,69.6,7.2,-0.62,2.11,4,0,1,1,0
0,22,70,69,7.1,0.96,2.18,4,2,1,0,0
0,-39,85.3,74.6,6.9,-0.45,2.54,4,1,0,1,0
0,33,94.5,76.8,7.3,-0.07,2.17,4,1,0,0,0
0,15,90.9,77.7,7.1,-1.05,2.16,4,1,1,0,0
1,26,100.4,70.7,6.7,0.66,3.09,4,0,0,1,0
0,41,95,78.4,8.6,-0.08,1.92,3,0,0,1,0
0,55,88,69.8,7.1,0.45,2.48,3,0,0,0,0
0,5,98.5,77.4,8.4,0.5,2.02,3,1,2,0,0
0,-2,80.1,71,6.7,-0.42,2.82,3,2,1,0,0
0,-7,79.9,67.6,5.6,0.36,2.7,3,0,0,1,0
0,78,91.7,76.6,7.6,-0.23,3.15,3,2,1,0,0
0,14,69.4,76,7.8,0.28,2.22,2,0,0,1,0
0,21,77,73.3,6.4,0.13,2.5,2,3,2,1,0
0,5,76.7,71,6.5,0.35,2.96,2,0,1,1,0
0,-19,109.2,74.9,7.3,-0.36,1.52,2,1,2,0,0
0,-7,103.5,74.4,7.3,0.55,2.89,1,0,0,1,0
0,-19,105.1,76.2,8,-0.67,2.53,1,1,1,1,0
1,35,101.6,67,6.5,-0.29,3.47,1,1,2,0,0
1,26,102.9,79.8,8.1,0.21,2.49,1,0,0,1,0
0,48,88.6,72.1,6.6,-0.44,3.2,1,2,1,0,0
0,13,80.5,74.3,7.8,-0.19,1.76,1,1,0,1,0
0,20,57.2,63.3,6.2,0.49,2.85,1,1,1,1,0
0,66,79.1,69.4,6.4,0.44,3.45,1,1,2,0,0
0,14,100.2,70.3,6.5,-0.59,3.09,1,0,1,1,0
0,-4,67,69.3,6.6,-0.35,2.13,9,1,2,0,0
0,47,64.1,74.4,6.9,0.26,2.41,9,1,0,1,0
0,-23,101.8,68.9,6.8,-0.45,2.26,9,1,1,0,0
0,17,112.8,78.5,7.3,-0.32,2.43,9,2,0,0,0
0,-14,97.1,67.6,7.5,0.86,2.84,9,1,2,0,0
0,-50,80.6,66.5,5.7,-0.13,2.49,9,0,2,0,0
0,-12,92.5,75.4,8,0.16,2.16,8,1,1,1,0
0,13,83.2,54.6,6.7,0.18,2.19,8,0,1,0,0
0,17,103.9,67.9,6.8,-0.74,2.88,8,0,2,1,0
0,17,85.9,66.7,7.3,-0.98,2.64,8,1,0,0,0
0,21,97.9,67.9,6.8,-0.9,2.96,8,3,1,0,0
0,44,97.1,72.6,7.2,0.35,2.24,8,1,0,1,0
0,29,96.8,70.7,7.5,0.62,2.49,8,0,0,1,0
0,35,88.9,73.1,6.8,0.11,3.42,7,0,1,0,1
0,1,88.9,71,8.3,0.51,2.25,7,2,1,1,1
0,71,91.6,77,8,0.17,2.64,6,1,0,1,1
0,33,88.1,71.3,6.1,0.32,3.37,6,0,1,0,1
0,-16,85.8,62.6,6.1,-0.27,3.01,6,0,1,0,1
0,45,78.2,70,6.4,-0.62,2.53,6,1,1,0,0
1,28,101.9,76.5,7.1,-0.24,2.85,6,0,0,1,0
0,-1,93.4,74.4,7.6,0.52,2.89,6,1,1,1,0
0,2,82.4,66.2,7.5,0.55,1.91,5,2,2,0,1
0,27,98.1,71.7,7.1,0.36,2.94,5,0,0,0,1
0,-15,94.8,74.1,7.6,0.3,1.49,5,0,1,0,0
0,-1,93.3,70.1,6.7,0.22,3.05,5,3,2,1,0
0,77,87.6,74.6,7.8,1.23,2.38,5,0,1,1,0
0,71,78.3,72.9,6.9,0,3.05,4,0,0,0,1
0,36,94.7,69.2,8,-0.01,1.76,4,2,1,0,1
0,8,86.9,69.2,6.6,-0.9,2.43,4,0,0,0,0
1,27,105.5,71.8,7.7,0.15,2.98,4,0,2,0,0
0,-2,100.4,75.3,7.7,-0.42,3.14,4,2,2,1,0
0,21,91.1,73.5,7.5,0.06,2.5,4,2,2,0,0
0,45,95.9,76.9,7.1,-0.05,2.5,3,2,2,1,1
0,42,86.6,73.5,7.3,0.35,2.22,3,3,2,0,1
0,-78,50.1,70.6,6.6,0.13,3.19,3,3,1,0,1
0,7,102.8,70.8,7.1,0.51,1.72,3,0,1,0,1
0,-4,98.2,68.1,8,0.11,1.98,3,3,2,1,0
0,77,78.5,72.3,6.6,0.77,3.4,3,0,2,1,0
0,-31,66.9,71.3,7,-1.03,2.1,3,1,1,0,0
0,32,72.1,61.9,6.1,0.97,2.47,3,0,1,1,0
0,52,86,72.1,7.3,0.57,2.91,2,1,0,0,1
0,46,77.6,72.5,7.7,-0.63,2.63,2,1,1,1,0
0,10,100.4,71.5,7.2,-0.42,3.03,2,0,0,0,0
0,74,77.1,73.9,7,0.67,3,1,2,2,0,1
0,1,107.7,74.3,7.8,-0.02,1.94,1,1,1,1,0
0,14,99,66.6,8.1,-0.41,1.45,1,1,2,1,0
0,16,109.2,75.1,7,0.35,2.1,1,0,0,1,0
0,-5,103.6,73.5,7.5,-0.3,2.11,1,2,1,0,0
1,31,100.6,72.4,7.1,0.12,2.34,1,1,1,1,0
0,-11,105.5,75.3,6.9,0.21,2.25,9,2,0,0,0
0,7,104.3,70.3,6.2,-0.53,2.51,9,2,2,1,0
0,12,101.3,69.8,7.3,0.56,2.87,9,2,2,0,0
0,-18,73.9,74.1,7.8,-0.57,1.38,9,1,2,1,0
0,51,87.2,70.4,8.5,0.65,2.31,9,2,2,0,0
0,4,91.5,76.8,7.3,-0.84,2.77,9,3,1,0,0
0,-18,102.7,74.4,7.2,0.5,1.81,8,0,2,0,0
0,8,101.5,75.3,7.4,0.06,2.5,8,3,2,1,0
0,4,98.3,72.2,8.2,0.5,1.26,8,0,1,0,0
0,64,85.3,66.7,7,-0.64,2.8,8,0,0,1,0
0,12,105.1,72.7,7.6,-0.02,1.96,8,2,2,1,0
1,31,108,74.3,7.3,-0.26,2.46,8,3,2,0,0
0,20,84.4,61.8,5.6,-0.59,2.97,7,1,1,0,0
0,-1,104.6,74.9,7.5,-0.82,2.45,7,3,2,0,0
0,21,107.5,76.6,7.4,0.16,2.34,7,0,0,0,0
0,-21,91.9,78.6,7.6,0.24,2.46,6,1,2,0,0
0,-28,103.8,74,7.4,0.14,1.85,6,0,0,0,0
0,12,105.7,71.8,7.2,0.65,2.71,6,1,1,0,0
0,9,58.6,69.4,5.8,-0.92,2.61,6,0,1,0,0
0,6,103.2,70.5,8.1,0.34,1.77,6,1,0,0,0
0,-14,80.4,57.8,7.5,-0.44,1.75,5,1,2,1,1
0,-11,94.8,73.7,6.5,0.26,1.9,5,0,2,0,1
0,-10,79.4,72.6,7.3,-0.74,1.85,5,2,1,1,0
0,24,85.7,74,8.7,-0.22,1.65,5,3,2,0,0
0,62,76.5,81.6,8,-0.04,1.81,5,2,0,1,1
0,2,104.4,77.3,7.7,0.43,2.16,5,1,2,1,1
0,43,86.2,75,7.4,0.16,2,4,1,0,0,1
0,35,102.1,70.8,6.2,-0.16,3.55,4,0,1,0,0
0,43,66.9,56,8,1.48,1.89,4,0,2,0,0
0,-14,78.5,67.4,6,-0.44,2.15,4,3,2,0,1
0,-18,77.9,68.1,6.3,-0.05,3.04,4,1,2,1,0
0,6,94.3,66.7,5.9,0.14,3.3,4,3,2,1,0
0,7,110.2,73.4,6.7,-0.38,2.02,3,0,0,1,0
0,20,104.8,74.5,8.5,0.16,1.83,3,0,1,0,0
0,-8,106.6,79.8,7.1,0.75,2.55,3,2,1,0,0
0,66,86.2,74.4,6.7,0.36,2.67,3,2,2,1,0
0,24,76.7,60.2,6.7,0.6,2.43,2,2,2,1,0
0,-24,90.4,73,7,-0.83,3.17,2,1,1,1,0
0,68,95.2,76.7,7.8,-0.16,2.62,2,2,1,1,0
0,0,101.7,71.1,6.4,-0.41,3.5,2,1,2,1,0
1,28,105.6,79.7,8.5,0.03,2.56,2,0,0,0,0
0,40,92,75.2,7.3,-0.04,2.01,2,3,1,1,0
0,15,92.8,74.8,7.5,0,1.45,2,0,1,1,0
0,27,99,75.5,7.4,-0.02,1.63,1,1,1,1,0
0,-3,87.8,74.2,7.6,0.35,2.01,1,1,1,0,0
0,34,86.2,73.1,7.4,-1,2.58,1,1,2,0,0
0,13,107,73.2,7.8,-0.29,1.78,1,2,2,1,0
1,27,112.3,79.9,7.2,0.15,2.43,1,0,1,0,0
0,35,97,72.5,7.9,0.04,1.64,1,3,2,0,0
0,11,81.3,69.9,7.1,-0.37,2.16,1,0,1,0,0
1,32,109.1,78.2,7.3,0.32,2.95,1,0,0,1,0
0,8,102.9,75,6.9,-0.31,2.21,1,1,1,1,0
0,10,72.3,74.7,8.3,-0.52,1.66,1,0,0,1,0
0,46,88.6,76.9,7.3,0.11,1.76,9,3,2,1,0
0,3,96.1,68.5,6.5,-1.2,1.95,9,1,1,1,0
0,-3,96.5,64.9,7.8,-0.14,2.78,9,2,2,1,0
0,55,102.7,83.7,8.5,0.02,2.41,9,2,1,0,0
0,10,110,75.5,7.7,0.06,2.56,9,0,0,1,0
0,64,95.8,74.1,6.8,0.35,3.67,9,2,2,1,0
0,-45,55.9,67.5,5.3,-0.85,2.32,8,0,1,0,0
0,-12,77,76.4,8,-0.73,1.74,8,2,2,1,0
0,-28,80.3,71.6,7.9,-0.31,0.91,8,1,2,1,0
0,-19,106.5,74.8,7.3,0.43,1.06,8,0,0,1,0
0,-54,71,61.5,6.9,-0.63,1.49,8,0,0,1,0
0,19,54.3,67.9,6.8,-0.62,2.69,7,0,0,0,0
0,14,89.1,72.3,6.4,0.13,2.29,7,1,0,1,0
0,-3,106.1,80.1,7.7,0.61,2.17,7,0,0,0,1
0,6,100.5,66.4,7.4,0.23,2.26,7,3,1,1,1
0,-23,99.4,74.6,7,-0.3,3.1,7,3,1,0,1
0,35,102.2,70.3,6.8,-0.24,3.11,7,0,0,1,1
0,-58,25.1,70.2,7.9,-0.8,1.79,6,1,2,0,1
0,9,84.9,78.5,7.3,0.08,1.8,6,2,2,0,1
0,10,84.7,72.5,7.3,1.03,2.7,6,0,0,1,0
0,4,63.1,82.9,7.7,-0.89,2.74,6,0,0,0,0
0,37,90.3,78.5,7.3,-0.95,2.11,5,3,2,0,0
0,35,79.6,69.1,6.8,-0.29,2.96,5,1,1,0,0
0,10,98.4,73.5,7.3,-1.1,2.55,5,1,1,1,0
0,36,100.1,72.9,7.5,-0.65,2.42,5,1,0,1,0
0,29,83.4,72.2,7.4,-0.27,2.21,4,1,1,1,0
0,37,86.5,71.1,6.5,0.03,3.45,4,2,2,1,0
0,33,101.4,73.1,6.4,-0.1,2.64,4,1,2,1,0
0,-27,72.2,73.5,7.9,-0.63,1.35,4,2,2,1,0
0,-14,71.4,73.3,8.3,-0.71,1.85,4,2,1,1,0
0,32,98.5,68.1,6.3,0.33,3.11,3,1,2,0,0
0,28,74.5,66.6,6.5,-0.79,3.08,3,0,0,0,0
0,-6,86.7,68.2,7.9,0.38,2.94,3,1,2,0,0
0,7,110.6,76,7.3,-0.54,2.37,3,1,1,1,0
0,24,90,68.3,6.9,-0.73,1.46,3,2,2,1,0
0,-35,68.9,66.5,7.7,-0.98,1.8,3,0,1,1,0
0,12,107.3,72,7.2,-0.63,3.06,3,3,1,1,0
1,31,110,79.6,8.2,-0.22,2.93,3,3,1,1,0
0,-5,107.5,75.3,7,-0.18,2.08,3,1,1,1,0
1,26,106.8,77.6,7.2,-0.19,3.36,3,0,1,1,0
0,-14,79,79.2,7.8,-0.93,2.15,2,0,0,1,0
0,-27,77.2,75,7,-0.97,1.88,2,1,2,1,0
0,45,63.9,69.8,6.4,0.62,2.7,2,1,2,1,0
0,-49,66.2,77.6,7.9,-1.06,2.28,2,1,1,1,0
0,-2,89.2,66.4,6.7,0.7,2.84,2,1,1,1,0
0,-12,79.7,57.3,5.7,-0.58,3.15,1,1,2,0,0
0,13,101.7,81,7.7,0.1,1.63,1,0,2,1,0
0,-15,99.2,70.4,7.3,0,2.12,1,1,1,0,0
0,22,78.1,63.6,6.4,-0.31,3.06,1,1,0,0,0
0,-34,97.6,72.5,6.5,-0.19,2.7,1,0,0,1,0
0,6,104.6,69.1,6.5,0.01,2.28,1,1,1,1,0
0,16,76.4,52.6,6.5,-0.03,1.64,1,2,1,1,0
0,5,94,73.3,7.2,-0.92,2.3,1,0,1,1,0
0,9,103.4,77.6,7.1,0,2.58,1,2,2,1,0
0,-16,96.3,67,7.3,-0.18,3.31,1,0,1,1,0
0,38,98.8,73.9,8.1,0.27,2.12,9,0,0,1,0
0,41,88.4,63.9,7.5,1.25,2.01,9,1,2,0,0
0,34,85.4,74,7.3,0.44,2.56,9,1,0,0,0
0,32,95.3,72.1,7.5,0.21,1.84,8,0,0,0,1
0,-35,73.4,66,7.3,-1.33,2.34,8,2,0,1,1
0,15,106.9,76.8,6.8,-0.59,2.4,8,0,1,0,1
0,16,103.5,71.1,6.1,-0.24,2.56,8,0,0,1,0
0,33,67.8,72.1,6.4,-0.99,2.41,8,0,0,1,0
0,-13,100.1,71.2,6.3,-0.13,2.46,7,0,0,1,0
0,-14,90,69.8,6.7,-0.09,3.1,7,0,2,0,0
1,36,104.5,81.8,8.1,-0.55,2.06,7,3,2,0,0
0,-18,95.9,77.3,7.7,-0.07,2.64,7,3,2,0,0
0,69,85.4,72,7.2,0.3,2.89,7,0,1,0,0
0,31,97.1,68,7.7,0.64,3.27,7,0,0,0,0
0,4,90.6,66.3,8.2,0.87,2.33,7,3,2,0,0
0,65,72.8,73.1,7.6,-0.03,2.78,6,1,1,1,0
0,9,94.8,72.6,6.4,-1.07,2.2,6,2,2,0,0
0,-1,97.7,73.3,6.5,0.3,2.26,6,2,0,1,0
0,59,83.4,71.2,6.7,0.22,3.04,6,3,2,0,0
0,14,96.7,73,8,0.43,1.76,6,0,1,0,0
0,64,87.1,77,8.2,0.4,2.76,6,1,1,0,0
0,-38,74.6,57.8,7.9,0.62,1.28,6,0,1,0,0
0,10,93.6,60.2,5.4,-0.31,3.74,5,0,2,0,1
0,-3,102,78.2,7.1,-0.07,2.98,5,2,1,1,1
0,10,105.2,74.4,8.2,0.35,1.81,5,0,0,0,0
0,38,74.1,68,7.2,0.92,2.63,5,2,0,1,0
0,24,99,72.5,7.8,-0.18,2.66,5,1,1,0,0
0,5,109,76.2,7.5,-0.36,2.22,4,1,2,0,1
0,-3,108.7,76.2,7.6,0.23,1.81,4,2,1,0,1
0,-14,72.1,76.4,7.3,-0.14,3.07,4,3,2,0,0
0,-3,102.3,71.8,6.5,-0.18,2.18,4,3,2,1,0
0,-3,102.5,74.3,7,0.67,3.29,3,0,0,0,1
0,26,101.6,73.3,7.3,-0.47,2.59,3,3,1,0,0
0,55,94.2,76.5,7.2,-0.41,2.64,2,0,0,1,1
1,36,106.1,76.6,7.2,-0.38,2.32,2,2,0,0,1
0,29,77,66.7,5.7,-0.15,3.38,2,3,2,0,1
0,25,90.3,75.7,7.6,0.19,1.81,2,0,1,0,1
0,15,91.2,62.4,6.6,-0.3,3.42,2,1,1,0,1
0,8,100.5,70.5,7.2,0.41,2.49,2,0,1,0,1
0,31,101.9,78.1,7.3,0.43,2.78,2,3,2,0,1
0,-20,86.9,59.9,6.1,-0.07,3.65,2,2,2,0,0
0,21,90.3,75,7.7,0.51,1.66,2,0,0,1,0
0,0,97.8,79,8.4,0.84,2.23,2,0,0,0,0
0,25,102.5,70.8,7.7,-0.14,2.29,1,1,1,0,1
0,0,101.4,70.8,7.1,-0.57,2.2,1,0,0,0,1
0,82,65.6,70.1,6.2,-0.75,3.34,1,1,0,0,1
0,-2,90.9,73.4,6.8,-0.33,2.44,1,2,2,0,1
0,55,72.6,72.6,7.8,0.59,1.97,1,2,2,0,0
0,-1,102.2,71.9,6.7,0.29,1.51,1,1,1,1,0
0,8,99.5,75,7.9,-0.76,2.1,9,1,1,0,1
0,26,100.2,72.7,7.6,-0.92,3.16,9,2,2,1,1
0,61,84.6,85.2,8.3,-0.56,2.95,9,1,0,0,1
0,12,102.5,70.5,7.3,-0.45,2.68,9,0,0,1,1
0,64,102.8,79.8,8.2,0.16,2.95,8,2,1,1,1
0,-27,81.7,64.2,6.8,1.28,2.5,8,1,2,0,1
0,12,93,77.4,7.3,0.67,2.06,8,0,0,1,1
0,37,77.8,63.5,7.4,-0.63,2.51,8,0,1,0,1
0,-15,100.6,77.6,8,-0.28,1.68,8,1,1,1,0
0,64,90.9,75.8,7.4,0.03,2.53,8,1,1,0,0
0,-1,93.5,64.3,5.7,0.1,1.78,7,3,2,1,0
0,7,91.6,71.2,7,-0.19,1.16,7,2,2,1,0
0,20,72,75.1,8,0.33,1.53,7,0,2,0,0
0,-1,82.5,75.5,7.4,-1.1,2.58,7,0,1,0,0
0,41,73.9,70.4,8.4,-0.41,2.78,7,0,1,1,1
0,-15,96.8,70.9,7.7,0.42,1.94,7,3,1,0,0
0,38,95.2,71.8,7.2,-0.06,2.5,7,1,2,1,1
0,9,109.6,82,8.5,-0.06,2.85,7,0,1,0,1
0,-19,98.6,64.1,5.9,0.79,2.76,6,1,1,0,1
0,-20,86.4,71.4,6.7,0.13,2.75,6,2,1,1,0
0,-14,101.2,73.4,7.6,-0.22,1.9,6,2,2,0,0
0,25,102.5,70.8,6.7,-0.06,2.09,6,0,0,1,1
0,2,104.5,70.6,7.8,0.22,2.01,6,1,1,0,1
0,8,91.6,71.2,7.6,0.64,1.83,6,1,1,0,1
1,42,112.5,80.6,8.2,0.01,3.14,6,3,1,1,1
0,-22,83.8,66.1,8.3,0.76,1.26,6,0,2,0,0
0,7,106.9,70.8,7.8,-0.43,2.16,6,0,0,1,0
0,33,86.1,66,6.3,-0.03,2.79,5,2,2,0,1
0,22,83.1,77.8,7.6,-0.97,2.57,5,2,0,0,1
0,-17,74.9,75.2,7.9,-0.63,2.47,5,3,1,1,0
0,31,88,68,8.1,0.08,2.43,5,0,1,0,0
0,-17,98.7,72.6,7.4,-0.25,2.61,4,0,0,0,1
0,23,84.4,68.2,7.5,-0.59,2.35,4,0,0,1,1
0,20,98.4,67.8,7.7,-1.07,2.43,4,0,1,1,0
0,-11,89.2,72.8,7.4,-0.05,2.35,4,1,1,1,0
0,-19,92.3,71.7,7,-0.46,2.14,3,2,2,0,1
0,22,96.5,83.9,7.5,-0.1,3.21,3,2,1,0,1
0,-21,90.2,79.2,7.7,0.08,2.43,3,0,0,0,0
0,3,110.3,75.4,7.3,-0.29,2.48,3,1,1,1,0
1,29,102.7,76.3,7.6,0.04,2.34,3,1,0,0,0
0,-11,73.8,67,7,-0.66,2.8,2,0,0,0,1
0,16,85.6,77.7,7.8,-0.56,1.81,2,1,1,1,1
0,-27,99.4,74.3,7.6,-0.38,2.2,2,0,0,0,1
0,12,94.8,73.8,7,-0.61,2.99,2,1,1,0,1
0,-6,87.4,78.6,8.1,0.46,2.55,2,2,0,0,1
0,20,97.1,69.4,8.3,-0.8,2.27,2,1,2,1,0
0,-42,71.1,75.4,8.8,0.27,2.49,2,0,0,0,0
1,32,97.8,69.8,8,0.34,2.04,2,1,0,1,0
0,26,95.7,69.7,7.4,-0.23,2.54,2,0,0,1,0
0,10,96.5,73.1,7.2,-0.09,2.3,1,3,2,0,1
0,57,89.8,81.6,7.8,-0.41,2.33,1,2,1,0,1
1,31,105.5,76,7.6,0.31,2.96,1,0,0,1,1
0,49,93.8,75.2,7.8,0.27,2.38,1,3,2,0,0
0,16,97.4,73.4,7,-0.26,3.18,1,0,0,1,0
0,38,94.7,74.1,8.4,0.12,1.84,1,1,1,0,0
1,30,113,82.4,8.6,0.28,2.34,1,1,1,0,0
0,-23,86.7,69.6,7.4,-0.01,2.21,1,2,2,1,0
0,-28,82.8,64.9,6.4,-0.61,2.44,9,0,1,0,0
0,39,84.2,65.2,6.8,0.11,1.83,8,0,1,1,0
0,55,98.6,75.2,7.2,0.03,3.15,8,0,0,0,0
0,46,92.3,67.3,6.8,-0.42,2.89,8,0,0,0,0
0,22,102.9,73.1,6.9,-0.29,3.19,8,0,1,0,0
0,22,91.9,82.1,7.3,-0.66,3.28,8,2,1,1,0
0,7,96,77.4,7.6,0.1,3.09,7,1,0,0,0
0,40,88.1,72.7,6.6,-0.04,2.9,7,1,0,0,0
0,-12,87.6,82.2,7.8,-0.76,2.66,6,1,2,1,0
0,38,86.6,75.6,7.6,-0.75,2.21,6,0,1,0,0
0,4,88,60.9,4.7,-0.03,2.79,6,0,1,1,0
0,69,88.2,78.5,8.2,-0.07,1.7,6,1,1,0,0
0,16,98.9,67.5,7.6,-0.45,1.43,6,0,0,1,0
0,45,84.4,82,8.3,0.35,2.57,6,0,0,1,0
0,23,73.2,69.5,6.8,-0.96,2.52,6,1,1,0,0
0,26,77.6,85.4,8,0.13,2.04,6,1,0,0,0
0,45,91.4,71.3,6.9,-0.07,2.01,5,1,1,0,0
0,15,100.5,70.2,7.1,-0.13,2.07,5,1,0,1,0
0,-69,43.4,55.9,5.8,0.17,2.18,5,0,0,1,0
0,5,105.3,78.2,6.8,-0.13,3.04,4,2,2,1,0
0,1,89.9,62.5,7,-0.73,2.31,4,1,0,1,0
0,17,101.2,74.5,7.6,-0.15,1.98,4,0,1,0,0
0,9,97.5,69.2,6.6,0.58,1.83,4,1,1,1,0
0,-18,87.8,75.1,8,0.57,2.06,4,1,1,0,0
0,1,78.8,67.7,7,-0.32,1.75,4,1,1,1,0
0,16,94.4,75.7,7.4,0.19,2.07,4,0,1,1,0
0,-15,72.7,67.2,8.3,1.26,2.75,4,2,2,0,0
0,-13,78.1,64.8,6.1,0.23,2.35,3,2,2,1,0
0,-12,78.6,73.8,7,-0.79,2.15,3,1,1,1,0
0,77,87,82.7,7.8,0.28,2.72,3,1,1,1,0
0,-6,99.4,73.2,7.7,0.36,2.13,3,1,1,0,0
0,-20,87.2,78.3,6.8,-0.17,2.59,2,1,1,0,0
0,-21,98,82.7,8.4,-0.16,2.17,2,3,1,1,0
0,32,93.8,73.5,6.9,-0.01,2.94,2,1,2,1,0
0,62,79.6,76.8,8.4,0.55,2.06,1,1,1,0,0
0,16,95.2,65.1,5.8,0.12,1.85,1,1,1,1,0
0,-15,101.6,79.7,7.6,-0.49,1.84,1,0,0,0,0
0,-22,102.1,78.1,6.9,0.04,2.6,1,3,2,1,0
0,-4,95.4,76.2,8.1,0,1.97,9,0,0,1,0
0,32,99.1,73,7.8,0.29,1.92,8,0,1,0,1
0,20,25.1,8.3,0.5,-0.25,3.04,8,0,0,0,0
0,1,96,70.1,7.5,0.47,2.57,8,0,0,0,0
0,-6,47.7,44.4,6.2,0.59,1.89,8,2,1,0,0
0,27,78.6,72.3,9,-0.51,2.49,8,0,2,1,1
0,18,103.3,73.3,8.2,0.22,1.83,8,0,2,0,1
0,71,81.1,71.9,7.8,-0.34,2.2,8,2,2,0,1
1,26,106.6,75.3,8.3,0.3,2.37,8,2,2,0,1
0,30,48,67.2,6,1.05,3.4,8,2,1,1,1
0,33,94.8,70.7,6.9,0.48,2.61,7,1,2,0,0
1,28,111.7,81.3,8,-0.02,1.88,7,1,2,1,0
0,31,100.3,67,7,-0.19,3.37,7,3,2,0,0
0,-4,70.9,66.6,6.5,0.93,2.78,7,0,0,1,1
0,-21,71.8,62.7,5.7,-0.42,2.69,7,1,0,0,0
0,9,105.8,78.1,7.1,-0.07,2.4,7,1,0,0,0
0,16,73.8,63.1,7.1,-0.18,1.83,7,1,2,1,0
0,0,84.9,68.4,6.2,0.63,2.18,7,2,0,1,0
0,8,88.1,65,7.9,0,1.45,6,2,2,0,0
0,12,100.4,75.6,7.7,-0.36,2.03,6,0,1,0,0
0,35,106.1,76.7,7.3,0.06,3.16,6,2,0,0,1
0,7,104.6,76.4,7.8,-0.52,2.45,6,1,0,0,1
0,15,85.6,80.4,7.9,-0.31,2.18,6,0,2,1,1
0,27,95.6,72.4,7.8,0.17,1.53,6,2,1,0,1
0,7,109.6,77.4,6.8,0.06,2.73,6,1,1,0,1
0,-22,75.5,71.3,7,0.71,1.95,5,2,1,0,0
0,3,87.1,71.8,8.2,0.1,2.52,5,2,1,0,0
0,5,103.4,70.3,7.3,-0.54,1.71,5,3,2,1,0
0,-22,91.5,72.4,7.7,0.55,1.19,5,0,1,0,1
0,-19,86.1,73.3,7.3,0.02,1.73,5,0,1,0,1
0,7,107.2,75.6,7.7,-0.52,2.62,5,1,0,1,1
0,28,87.8,76.5,8.4,0.41,1.83,4,0,1,0,0
0,28,101,73.3,7.4,-0.69,2.75,4,1,0,1,0
0,9,98.6,66.7,8.1,-0.15,1.83,4,1,0,0,0
0,-18,94.2,69.5,7.2,0.56,2.06,4,2,2,0,0
0,2,104.8,73.1,7.5,0.05,2.47,4,2,1,0,1
0,32,100.9,77.3,7.4,-0.12,2.25,4,2,1,0,1
0,31,100.1,69.7,7.7,-0.16,3.3,3,2,1,0,0
0,3,96.6,65.7,6.4,-0.1,3.19,3,1,1,1,0
1,24,103.7,70.7,7.4,0.21,2.48,3,1,0,1,0
0,-4,99.8,76.9,7.9,-0.06,1.59,3,2,1,1,1
0,-15,96.6,68.6,6.3,0.21,2.28,3,2,1,0,1
0,-9,93.3,62.4,7.2,1.22,1.82,3,1,2,0,1
0,-30,86.9,73.1,7.4,-0.45,2.46,2,0,0,1,0
0,17,73.8,64.4,8.1,1.09,2.34,2,0,2,0,0
0,-19,96.8,66.8,6.4,0.08,3.21,2,0,2,0,0
0,30,80.5,85.8,7.7,-0.08,2.23,2,0,0,0,1
0,28,104.5,77.3,7.8,-0.65,1.73,1,0,2,1,0
0,-7,80.9,62.9,6.5,-0.63,2.07,1,0,2,0,0
0,35,89.5,69.6,7.7,-0.15,1.43,1,2,1,1,0
0,33,101.7,70.3,7.3,0.13,3.27,1,1,0,0,1
0,12,104.7,69.9,6.3,-0.41,2.84,1,1,0,0,1
0,-29,67.8,68.6,7.7,1.19,2.2,9,1,1,0,0
0,-14,102.9,74.5,7.7,-0.11,1.98,9,0,1,0,0
0,-29,63.9,63.4,6.3,-0.79,3.74,8,0,1,0,0
0,-12,91.2,72.1,7.5,-0.92,2.77,8,0,0,1,0
0,-9,95,68,6.4,0.47,2.6,8,1,0,0,0
0,29,95.5,73.7,6.8,0.01,2.54,8,0,0,1,0
0,14,96.6,72.7,6.8,0.02,3.29,8,1,1,0,0
0,-3,91.9,67,6.9,-0.04,2.48,8,0,0,0,0
0,45,89,64.4,6.7,0.47,2.8,8,3,2,0,0
0,20,73.2,75.8,6.8,-0.49,2.54,8,0,0,1,0
0,-85,61.1,59,7.2,1.36,2.25,8,1,2,0,0
0,10,72,56.2,6.7,-1.22,1.71,7,0,2,1,1
0,28,99.8,76.1,7.4,-0.58,1,7,0,2,0,1
0,21,104.8,70.6,7.7,-0.45,1.81,7,0,0,0,1
0,16,92.1,82.3,7.4,0.18,2.55,7,0,0,1,1
0,-12,101.8,75.4,7.9,-0.06,1.84,7,1,1,0,1
0,-14,93.6,68.6,6.6,1.01,2.94,6,2,2,0,1
0,29,89.2,61.8,7.3,1,2.18,6,2,1,0,1
0,14,93.7,68.6,7,0.74,2.52,6,1,0,0,1
0,4,109.8,77.1,6.8,-0.19,2.22,6,3,1,0,0
0,23,87.2,59.6,6.8,0.42,1.45,6,1,2,0,0
0,1,103,72.1,7.1,-0.04,2.76,6,1,1,0,0
0,-2,107.1,72.6,7.1,0.52,2.37,5,1,1,0,1
0,-75,32,33.2,6.7,0.15,1.68,5,0,0,0,1
0,5,103.5,80.4,7.4,-0.18,2.3,5,2,0,0,1
0,-19,100,72,6.4,0.04,2.22,5,1,2,1,0
0,37,91.4,71.9,7.4,0.09,2.56,5,0,0,0,0
0,48,91,71.9,7.7,0.37,1.93,5,2,0,0,0
0,-23,76.1,73.4,8.2,0.73,1.78,4,0,0,0,1
0,7,50.5,64.1,6,-0.62,2.52,4,0,1,0,1
0,20,95.9,68.4,7,0.48,1.94,4,1,1,0,1
0,8,76.3,57.7,6.4,0.98,2.58,4,0,2,0,1
0,-6,88.1,68,6,0.36,1.75,4,2,2,0,0
0,-8,81.6,56.9,6.9,-0.09,0.78,4,0,1,0,0
1,29,98.6,72.4,8,0.05,2.39,3,1,1,0,0
0,8,117.5,80.7,8.1,0.17,1.99,3,1,0,0,0
1,26,104.7,83.1,7.5,-0.46,2.32,3,0,0,0,0
0,-27,80.2,72.5,5.7,-0.53,2.56,3,0,1,0,0
0,19,96.2,63.9,6.8,0.61,3.55,2,0,1,0,0
0,17,102.8,68,6.9,-0.16,3.23,2,3,1,0,0
0,13,109.4,73,7.2,0.31,2.64,2,3,1,0,0
0,11,94.9,74,8.3,0.45,2.09,2,0,0,0,1
1,37,109.7,80.2,7.7,-0.09,3.2,2,2,0,0,1
0,37,90.5,70.7,7.3,0.29,2.04,2,2,1,0,1
0,7,102.8,72,6.9,0.34,2.53,2,3,2,0,1
0,-17,39.9,64.5,8,-0.54,1.76,2,2,2,0,1
1,32,97.1,67.1,7.5,0.15,2.21,2,0,0,0,1
0,10,109.5,77.6,7.2,0.16,2.6,2,3,2,0,1
0,-14,85.5,74.9,8,0.73,2.4,2,2,1,0,0
0,-9,93.8,77,8,0.62,2.51,1,2,2,0,1
0,43,92.8,74.9,6.9,0.11,2.72,1,1,1,0,1
0,41,82.3,66.3,7.4,1.04,2.84,1,0,0,0,1
0,32,83.8,66.3,5.6,-0.3,2.48,1,0,1,0,0
0,10,102.2,77.2,8.2,-0.26,1.64,9,2,2,0,0
0,13,89,66.2,7.6,1.04,2.81,9,1,0,0,0
0,46,99.1,78.6,8.7,0.09,2.66,9,0,1,0,0
0,39,90.9,66.2,7.4,-0.33,3.6,9,0,2,0,0
0,87,80.3,77.4,7.7,0.71,2.24,9,2,0,1,0
0,55,81.1,76.9,7.8,-0.09,1.89,8,2,2,0,0
0,25,84.1,66.2,7.6,-0.5,1.52,8,1,2,1,0
0,44,102.4,72.1,7.2,-0.13,2.9,8,0,1,0,0
0,20,104.7,71.8,7.3,0.15,3.16,8,1,2,1,0
0,60,84.7,65.1,5.8,0.16,3.74,8,3,1,1,0
0,18,111.5,73.9,8.4,-0.33,3.18,8,0,0,0,0
0,39,93.5,75,7.3,-0.11,3.02,7,0,1,0,0
0,46,85.9,73.1,7.4,-0.63,3.66,7,1,2,0,0
0,63,93.7,74.6,7.1,0.27,2.54,7,2,0,0,0
0,32,86.5,64.4,5.8,0.5,3.58,7,1,2,1,1
0,18,80.6,63.6,7,-0.37,2.02,7,2,2,1,1
1,27,103.5,80.9,8.1,-0.07,2.96,7,2,1,0,1
0,3,96.8,68.2,7.8,0.18,1.95,7,0,1,1,1
0,0,85,69.7,6.9,-0.12,3.07,7,0,1,0,1
0,-13,99.4,69.4,6,0.26,3.52,7,2,2,1,1
0,7,108.8,75.7,7.8,0.25,1.89,6,1,2,0,0
0,13,104.7,71.8,7.1,0.37,2.84,6,0,0,0,0
0,-1,75.3,68.2,7.1,0.28,1.3,6,2,1,0,0
0,6,91,75.8,7.5,-0.29,2.35,6,1,0,1,0
0,69,92.5,68.9,6.8,0.11,3.18,6,0,0,0,1
0,16,93.9,64.4,8.4,0.61,1.43,5,3,2,0,0
0,4,76.4,72.2,7,1.05,2.19,5,2,2,0,0
0,2,95.9,73.2,7.7,0.03,2.2,5,0,0,0,0
0,13,97.4,81.7,8.1,-0.38,2.1,5,2,2,0,0
1,30,107,74.1,7.5,0.26,2.72,5,0,0,0,0
0,11,78.3,70.5,6.7,0.35,2.79,5,1,1,0,0
0,24,82.3,64.2,6.7,-0.62,2.92,5,0,0,1,1
0,-16,102.7,77.5,8,-0.63,1.53,5,2,2,0,1
0,-18,66.5,67.3,7.9,0.2,1.64,5,1,2,1,1
0,20,109,73.5,8.6,0.02,1.58,5,0,1,0,1
0,13,75.2,71.1,8.1,0.73,1.45,4,3,2,0,0
0,19,106.5,79.1,7.7,-0.48,2.47,4,1,1,0,0
0,11,100.3,76.3,7.7,0.25,2.07,4,1,1,1,0
0,-2,84.7,70.3,7,-0.77,2.81,3,1,2,0,0
0,-3,100.2,69.6,7,0.5,2.77,3,2,2,0,0
0,24,101.2,76.8,7.4,0.32,2.37,3,1,2,0,0
0,35,81.9,79.2,8.7,0.13,2.32,3,2,1,0,0
0,5,105,74,7.5,0.49,2.13,3,0,0,1,0
0,-20,82.6,65.1,7,-0.92,2.43,3,0,2,0,0
0,-10,70.3,73.8,7.8,-0.25,1.83,3,0,0,1,0
0,-51,79.8,67.7,7.1,0.18,2.74,2,2,0,0,0
0,-16,80,69.3,7,0.44,2.35,2,1,1,0,0
0,74,66.6,72.3,7,-0.01,2.93,2,1,1,1,0
0,-7,96.1,68.9,7.1,0.01,2.18,2,3,2,0,0
0,21,102.7,72.5,6.9,-0.04,2.78,2,1,2,1,0
0,6,101.7,72.3,7.5,-0.29,2.19,1,0,0,0,0
0,-2,92.2,60.5,7.3,0.43,2.42,1,2,2,0,0
0,1,96.6,76.5,7.7,0.5,3.14,1,1,0,0,0
0,28,83.8,67.6,7.3,0.67,1.94,1,2,2,1,0
0,73,75.5,70.1,7.4,-0.73,3.34,1,3,2,0,0
0,24,94.4,71.5,7.6,-0.45,2.02,1,1,0,0,0
0,17,93,75.8,7.9,-0.08,1.49,1,0,1,1,0
0,25,103,70.3,7,-0.26,3.13,9,1,1,0,0
0,7,84.1,68.4,7.5,-0.42,2.36,9,1,1,0,0
0,-4,82.5,70.4,6.6,-0.74,2.54,9,0,1,0,0
0,23,100.3,71,7.6,-0.35,2,9,3,2,1,0
0,33,79.2,64.4,5.2,0.61,3.06,9,1,2,1,0
0,-23,70.3,62.9,7.2,-1.23,2.51,9,1,2,1,0
0,-13,93.7,69.7,6,0.55,2.11,9,2,2,1,0
0,26,65.4,52.5,9.1,0.98,1.25,8,0,1,0,0
0,7,68.9,72.5,6.6,-0.9,2.61,8,2,1,0,0
0,17,97.8,68.9,7,0.02,4.2,8,0,0,0,0
0,25,91.3,70,6.6,0.04,3.47,8,0,0,0,0
0,51,43.6,52.5,7.2,0.46,1.87,8,2,2,1,0
0,35,98.1,83.4,7.7,0.08,2.36,8,2,0,0,0
0,2,84.1,64.6,7.1,-0.46,2.4,8,0,0,0,0
0,-47,85.9,69,7.1,0.27,1.68,8,2,2,1,0
0,-8,104.4,71.6,6.2,0.12,2.01,8,2,1,1,0
0,-33,69.1,69.2,7.9,-0.57,1.34,7,3,2,1,0
0,60,91.4,68.8,7.5,-0.45,2.22,7,2,1,1,0
0,27,101.2,72.7,6.8,0.49,3.09,7,0,1,1,0
0,40,104.8,78.9,8.3,0.37,2.29,6,0,0,0,0
0,12,74.1,70,6.9,0.16,2.46,6,0,1,0,0
0,-53,79.1,76.3,8.4,-0.15,1.55,6,2,2,1,0
0,72,77,63.3,5.4,0.48,3.49,6,1,2,1,0
0,28,89.5,72.5,7,-0.8,3.32,6,2,2,1,0
0,-13,97.2,68,7.5,0.16,1.39,5,1,2,0,1
0,-47,69.2,67.3,6.9,1.24,2.57,5,1,2,0,1
0,26,93.1,66.9,6.8,0.59,2.22,5,0,1,1,1
0,26,84.2,79.1,6.9,-0.84,2.48,5,0,1,0,0
0,20,93.4,68.3,7.5,-0.02,2.1,5,3,2,0,0
0,-37,76,74.7,8,0.58,2.46,4,2,1,0,1
0,40,80,70.6,7.9,0.3,1.63,4,2,2,0,1
0,27,104.7,76.6,8.5,0.07,1.71,4,0,0,1,0
0,27,96.3,67.7,6.7,-0.49,2.2,4,2,2,1,0
1,37,94.9,64,7.8,-0.32,2.17,4,0,0,1,0
0,-14,102.3,87.8,7.5,-0.57,2.28,4,3,1,0,0
0,19,83.3,70.6,7,1.32,3.24,4,0,1,1,0
0,24,73.5,77.5,6.9,-0.93,2.28,4,2,2,0,0
0,-10,86.1,73.2,6.4,-0.14,3.19,4,3,1,1,0
0,38,81.7,63.2,7.8,-0.54,2.13,2,0,0,0,1
0,51,92.4,75.7,7.4,-0.26,2.81,2,0,0,0,1
0,30,73.3,77,7.7,-0.21,2.31,2,2,1,0,1
0,46,75.5,60.2,4.9,0.6,3.52,2,1,1,1,0
0,70,85.1,72.6,7.1,0.58,2.97,2,1,2,1,0
0,-10,58.4,70.9,6.3,-0.98,2.94,2,3,2,0,0
0,51,100.9,78.3,7.9,-0.39,2.35,1,1,0,1,1
0,45,98.9,67.5,7.6,-0.16,3.11,1,0,0,0,1
0,-9,102.8,68.7,5.9,-0.17,3.02,1,0,0,1,0
0,-18,88.6,72.7,6.5,-1.02,2.73,10,0,1,0,0
0,1,91.5,62.1,6.8,0.33,2.68,10,2,2,1,0
0,32,80.3,73.2,6.8,0.15,2.45,10,1,1,1,0
0,-33,78.9,62.4,6.5,-0.82,2.11,10,0,2,1,0
1,27,109,80,8.4,-0.01,2.34,10,2,2,1,0
0,32,100.9,70.2,7,-0.15,3.45,10,2,2,1,0
0,-48,60.4,58.6,6,-0.45,2.78,10,0,0,1,0
0,10,93.7,71.2,7.4,-0.57,2.49,10,2,0,1,0
0,23,103.2,70.3,7.9,-0.26,2.27,10,0,0,1,0
0,28,97.1,70,7.7,0.07,1.57,10,1,0,1,0
0,-9,106,72.4,6.5,0.01,2.63,9,2,0,0,1
0,57,73.4,66.3,7.9,0.39,2.04,9,1,2,0,1
0,-11,5.6,7.8,1.3,1.16,3.19,9,0,1,0,1
0,-2,75.8,60.9,7.3,-0.44,2.3,9,1,0,1,0
0,16,108.7,73,7.3,0.08,2.64,9,1,1,1,0
0,10,65.5,64.9,6.5,1.01,2.6,8,1,2,1,1
0,-22,85.6,63.9,6.6,0.13,2.56,8,0,1,1,1
0,75,62.5,78.5,7.5,-0.42,2.98,8,1,0,0,0
0,8,109.7,75.7,7.3,0.12,2.36,8,0,1,1,0
0,2,84.4,67.2,6.9,-0.04,2.13,8,1,2,1,0
0,18,67.7,74.1,7.5,0.69,1.97,8,0,2,1,0
0,12,83.5,72,6.2,-0.35,2.66,7,3,2,0,0
0,6,99.2,75.3,7.1,-0.33,1.89,7,0,0,1,0
0,0,107.9,71.4,7.6,0.01,2.4,7,1,0,1,0
0,7,86.5,71.4,7.3,0.25,2.51,7,2,0,1,0
0,-11,90.6,71,6.8,0.7,1.86,7,0,2,1,0
0,3,91.1,66.8,6.7,0.58,2.34,7,0,1,1,0
0,-4,99.6,63.6,6,0.37,3.31,7,0,0,1,0
0,4,106.8,72.9,6.7,0.29,2.55,7,2,0,1,0
0,-11,101.6,69.1,6.1,-0.06,2.61,6,1,2,0,1
0,-12,111.2,75.9,7.1,0.12,2.46,6,3,2,0,1
0,30,99.4,66.9,7,-0.51,1.97,6,0,0,0,1
0,18,94.5,73,6.9,0.08,2.72,6,0,0,1,1
0,41,76,67.5,6.5,0.02,3.33,5,2,1,0,1
0,56,74.7,65.6,6.8,0.87,2.82,5,2,2,0,1
0,10,77.2,63.1,6.3,-0.78,2.85,5,1,0,1,0
0,27,92,78,8.8,-0.6,2.2,5,0,0,1,0
0,19,70,71.9,7.9,0.06,1.54,5,0,1,1,0
0,-27,83.2,75.3,7.4,0.6,2.49,4,1,1,0,1
0,-27,86,81.7,7.4,0.59,2.61,4,3,2,0,1
0,27,83,65.8,6.9,-0.19,1.6,4,1,2,1,0
0,8,85.8,69.9,7.8,-0.65,1.92,4,2,1,1,0
0,19,92,72.4,7.6,-0.31,2.01,3,1,0,0,1
0,-1,84.2,68.6,8,-0.96,1.36,3,2,2,1,0
0,1,99.3,66.7,7,-0.46,1.84,3,0,0,1,0
0,53,84.9,71.3,6.4,0,2.95,2,2,0,0,1
0,-6,95,67.5,6.9,0.32,2.51,2,2,2,0,1
0,-45,77.2,67,5.6,-0.23,2.55,2,2,1,1,0
0,33,72.9,73.5,8.2,-1.07,2.28,2,0,1,1,0
0,21,74.1,63.7,7.7,-0.76,1.44,2,0,2,1,0
0,5,106.5,75.9,7.3,0.17,2.67,1,1,1,0,1
0,9,62,73.6,6.5,-0.94,2.6,1,1,0,0,1
0,34,63.5,66.1,7,-0.05,2.33,1,1,2,1,1
0,-3,72.2,75.2,7.9,-0.54,1.65,1,1,0,1,0
0,68,88,73.1,6.9,0.13,2.96,1,0,0,1,0
0,-33,89.7,71.8,6.9,0.19,2.5,9,0,0,1,0
0,8,95.6,79.4,7.5,-0.15,2.08,9,1,2,0,0
0,38,97.7,81.3,7.8,-0.07,2.47,9,0,1,1,0
0,24,81.8,66.2,7.3,-0.7,1.56,9,0,2,1,0
0,-2,105.7,75.2,6.8,0.01,2.21,9,0,0,1,0
0,33,93,70.3,6.6,0.15,2.53,8,3,2,0,1
0,26,96.8,83.6,8.2,-0.4,2.8,8,1,0,0,0
0,26,79,67.8,6.1,0.38,2.25,8,2,0,1,0
0,18,82.3,60.3,7.6,0.08,2.09,8,2,1,0,0
0,10,74,60.5,7.9,0.78,1.71,7,1,1,0,0
0,-3,78.8,68.1,6.4,-0.51,2.95,7,0,0,0,0
0,18,96.2,76.1,7.7,0.62,1.85,7,0,0,0,0
0,-70,52.8,76.3,7,0.07,2.11,7,1,1,0,0
0,53,69.3,61.9,5.6,0.18,3.46,7,1,2,1,0
0,15,101.8,71.7,7.3,-0.62,2.52,7,2,1,0,0
0,37,71.3,62.8,7.9,-0.96,2.63,6,1,1,1,1
0,8,74.4,66.5,6,0.68,2.51,6,2,2,1,0
0,45,91.3,75.3,7.2,0.11,1.62,6,3,1,1,0
0,-14,62.4,65.2,6.8,0.61,3,5,0,2,0,0
0,-55,69.5,75.9,7.8,0.76,2.09,5,1,1,0,0
0,9,95.1,66.1,7.9,1.2,2.95,5,0,1,0,1
0,43,106.2,76.8,8.2,0.53,3.17,5,0,0,0,1
1,25,103.2,71.7,7.4,-0.26,2.25,5,3,2,1,1
0,22,103.3,74.5,7.9,-0.83,1.48,5,2,2,0,1
0,15,105,77.8,6.3,0.01,3.23,5,0,0,1,1
0,64,83,66.4,7.2,-0.54,3.02,4,1,0,1,0
0,56,90,74.7,7.3,0.21,1.9,4,0,1,1,0
0,43,80.9,74.2,7.8,-0.24,2.13,4,0,1,1,0
0,18,94.9,64.6,6.8,0.36,2.22,4,1,0,1,0
0,-13,99.6,72.1,7.2,-0.17,2.13,4,0,0,0,0
0,8,97.2,70.3,7,0.05,3.16,4,1,2,1,0
0,5,96.7,79,8.3,-0.02,2.02,4,0,0,0,1
0,54,93.3,73.6,8.5,0.46,3.04,4,1,0,0,1
0,0,104.6,72.2,7,0.04,2.19,4,3,2,1,1
0,13,107.4,72.8,7.1,-0.32,2.61,4,2,1,0,1
0,4,94.5,69.3,7.8,-0.14,2.93,3,1,1,0,0
0,68,101.4,73.4,8.1,0.4,2.39,3,3,2,1,0
0,11,102.5,71.1,6.6,0.54,3.2,3,0,2,0,0
0,15,107.7,76.5,7.4,0.25,2.69,2,1,0,1,0
0,-14,93.5,67.2,6.7,-0.49,2.86,2,2,2,1,0
0,16,47.4,60,5.8,-0.76,2.81,2,3,2,0,0
0,-26,24.1,21.7,4.9,-0.65,3.09,2,0,0,1,0
0,9,78.6,72.8,7.8,-0.7,2.69,2,0,1,0,0
0,-2,84.4,74,8,-0.07,2.58,2,1,0,0,1
0,20,108.2,78,7,-0.1,2.74,1,0,0,0,0
0,55,100.2,78.1,6.7,0.55,2.93,1,1,1,1,0
0,21,97.4,70.4,6.7,-0.69,2,1,0,2,1,0
0,33,105.6,75,7.7,0.41,2.58,1,2,2,0,1
0,10,76.2,64.3,6,0.4,3.21,1,0,0,1,1
0,47,90.3,69.2,7.5,0.42,2.17,9,1,1,0,0
0,-5,83.6,69.1,8.9,0.32,0.64,9,0,2,0,0
1,25,106.8,74.2,7.8,-0.11,2.6,8,2,0,0,1
0,-9,95.8,61.8,6.3,-0.68,2.35,8,1,2,1,1
0,-4,84.3,71.6,7,-0.61,2.06,8,1,2,0,1
0,-7,89.1,80.5,6.9,-0.48,2.18,8,2,2,0,1
0,32,93,68.8,7.6,0.22,2.86,8,0,0,0,0
0,19,103.8,77.5,6.9,0.03,2.44,8,0,1,1,0
0,1,99.4,74.9,7.5,-0.17,2.56,8,2,2,0,0
0,9,105.4,73.7,8.3,-0.2,2.19,7,1,0,1,0
0,22,104.2,75.5,7.2,-0.21,2.6,7,0,0,1,0
0,47,79.8,67.6,7.1,-0.11,2.83,7,2,1,1,0
0,14,91.5,72.7,6.2,0.22,3.4,7,0,2,1,0
0,-2,72.7,71.5,8.2,-0.83,1.36,7,0,0,0,1
0,45,100.8,75.1,7.5,0.44,2.35,7,0,0,1,1
0,18,105.2,74.7,7.6,0.56,2.62,7,2,2,0,0
0,70,93.5,73.1,7.6,0.54,3.21,6,1,1,0,0
0,15,89.1,74.8,7.4,0.51,3.29,6,1,1,0,0
0,-34,64.7,40.4,6.9,-0.68,1.14,6,3,2,1,0
0,-10,72.2,66.7,8.5,0.73,1.37,6,1,2,0,0
0,19,80.4,70.4,7.3,-0.47,1.82,6,3,1,1,0
0,36,94,72.3,6.9,0.34,2.76,5,3,2,0,1
0,15,105.2,76.9,6.8,0.19,2.64,5,2,2,1,1
0,-17,103.8,73.9,7.7,-0.24,1.58,5,1,1,0,1
0,33,92.4,70,7.9,-0.69,2.33,5,2,1,1,0
0,2,90.7,70,7.1,-0.72,2.23,5,0,2,0,0
0,-2,86.2,63.6,6.7,-0.84,3.28,5,0,0,0,0
0,0,94,75.2,7,-0.01,2.62,4,1,0,1,1
0,36,90.1,70.2,8.9,0.32,1.66,4,1,2,0,1
0,51,96.4,72.5,7.4,0.85,3.09,4,0,2,0,1
0,21,66.8,72.2,8.7,0.82,1.98,4,0,1,0,1
0,20,101.7,71.2,7,0.48,2.63,4,2,2,0,1
0,1,91,75.5,7.2,-0.09,2.14,4,0,0,1,1
0,20,110,78.7,8.1,-0.47,2.16,4,2,2,0,1
0,48,91.6,65.6,7.9,0.32,1.92,4,1,0,0,1
0,-24,78.8,73.3,7.5,0.82,2.62,3,0,1,0,1
0,5,105.7,72.5,7.8,0.24,1.49,3,0,1,0,1
0,5,101.7,82.7,8.3,-0.03,1.93,3,3,0,0,1
0,-1,76.5,75.7,8.7,0.65,1.51,3,0,2,1,1
0,48,93.4,67.8,6.7,-0.09,3.31,3,2,1,0,1
0,26,98.4,75.4,8.2,0.28,1.37,3,2,2,0,1
0,-3,77.8,65.2,6.6,-0.22,2.04,2,0,0,1,1
0,4,105.3,73,7.7,0.32,1.94,2,1,0,0,1
0,78,36.5,14.6,2.3,-0.33,2.16,2,0,0,1,1
0,17,97.9,74.6,7.6,0.28,2.96,2,0,0,0,1
0,19,93.9,75,7.5,-0.08,2.9,2,0,0,0,1
0,21,68.5,52.1,6.6,0.75,2.96,2,2,1,0,1
0,15,105,81.7,7.9,0.29,2.4,1,2,1,0,1
0,12,110.4,80.3,8.2,0.25,2.52,1,2,0,0,1
0,13,107.4,77.1,8.3,0.04,1.47,1,1,1,0,1
0,-16,66,51.6,5.9,-1.08,2.73,1,2,2,1,1
0,43,81,71.6,6.8,-0.7,3.27,1,3,2,0,1
0,45,91.9,72.5,7.6,0.43,1.69,1,1,1,0,1
0,-25,92.1,67.8,7.2,-0.45,2.18,9,0,0,1,0
0,26,93.2,66.2,7,0.25,1.59,9,0,2,0,0
0,-8,93.9,70.4,6.5,-0.51,2.46,8,0,0,0,0
0,14,81.9,66.5,6.5,-0.76,2.6,8,0,0,1,0
0,34,72.6,72.1,7.2,-0.49,2.27,8,0,0,1,0
0,22,63.8,64.7,7.2,-1.02,1.2,8,0,2,1,0
0,28,86.5,73.4,7.8,1.07,2.53,7,1,0,0,0
0,-4,101,65.6,6.1,0.19,1.74,7,3,2,0,1
0,36,97.1,76.6,7.5,0.14,2.4,6,0,0,1,0
0,-10,71.6,69.9,6.6,-0.42,2.26,6,2,2,0,0
0,-9,97.8,64.5,6,-0.22,2.91,6,0,1,0,0
0,75,84.3,69.2,6.5,0.29,2.58,6,3,2,1,0
0,32,33.3,66.3,7.4,-0.12,2.42,5,0,0,1,0
0,10,103.7,71.5,6.9,0,2.61,5,2,2,0,0
0,-6,94.9,73,6.6,0.61,1.93,5,0,1,1,0
0,-3,104.9,78.2,7.1,0.45,1.97,5,2,1,1,0
0,-45,63.3,71,7.4,-0.32,1.88,5,2,1,0,0
0,20,96.2,66.7,6.9,0.29,2.85,5,0,0,1,0
0,59,91.3,66.2,7.1,0.64,3.17,5,1,1,0,0
1,24,111.4,75.4,7.2,-0.39,2.39,5,0,1,0,0
0,-30,63.7,66.8,6.5,0.74,2.81,4,2,1,1,0
0,11,73.6,65.6,7.6,0.88,1.42,4,1,2,0,0
0,34,87.9,71.4,6.9,-0.35,2.23,4,1,1,1,0
0,30,84.4,73.8,7.1,-0.56,1.99,3,1,1,1,0
0,14,91.7,73.9,7.4,0.34,2.36,3,2,1,0,0
0,-24,67.1,67.2,6.7,0.42,2.59,3,2,2,1,0
0,-12,82,67.7,6.3,-0.58,2.27,3,2,2,0,0
0,-2,103.8,69.9,7.5,-0.26,1.64,3,0,1,0,0
0,39,92,69,7.3,0.47,2.41,2,0,0,1,0
0,40,91.2,72.6,7.8,-0.41,1.9,2,0,0,1,0
0,17,99.5,67.7,7.2,-0.51,2.33,2,2,1,1,0
0,4,73.5,67.8,7.7,1.26,2.83,2,0,2,0,0
0,13,96.2,73,7.4,-0.43,2.81,2,2,1,0,0
0,65,94.2,75,6.7,0.44,2.91,1,1,0,1,0
0,5,105.4,72.6,7.1,-0.11,2.47,1,3,2,0,0
0,45,86.4,67.8,8.1,0.1,1.91,1,1,2,1,0
0,17,85.7,70.1,6.2,-0.24,2.1,1,1,2,0,0
0,41,96.3,71.1,7,-0.27,3.12,1,3,1,1,0
0,-54,68.9,73.5,7.2,-0.81,2.56,9,1,2,1,0
0,51,96.1,79.7,7.7,0.4,2.72,9,2,1,1,0
0,-4,81.9,63.6,6.7,1.05,2.46,9,0,2,0,0
0,65,89,71.3,7.9,-0.28,2.55,9,2,0,1,0
0,40,94.2,72.3,7.5,0.26,2.19,9,1,0,0,0
0,16,101.1,71,6.8,0.25,3.01,8,2,1,1,0
0,-2,100.8,68.2,8.1,0.13,1.97,8,1,2,0,0
0,39,83,67,6.3,-0.22,3.34,8,1,0,0,1
0,-21,94.9,67.7,6.2,-0.11,2.65,8,1,0,0,1
1,27,105.4,73.6,7.6,0.68,1.84,8,1,0,1,1
0,-4,79.4,71.8,7.2,1.39,2.36,7,1,1,0,0
0,-49,73.8,76,7.5,-0.56,2.79,7,0,2,1,0
0,1,104.9,73.2,7.1,-0.22,3.15,7,1,1,1,0
0,45,88.2,70.5,6.6,-0.07,2.44,7,3,2,0,1
0,19,96.9,76.2,6.8,-0.37,2.3,7,3,2,0,1
0,17,82.8,68.2,8.1,-0.13,2.3,7,0,0,1,1
0,8,96.2,70.6,7.2,0.66,2.26,7,1,1,0,1
0,-3,97.7,65.5,6,-0.61,3.45,6,2,1,1,0
0,-15,74.8,72.6,7,-0.61,2.35,6,0,0,0,1
0,7,110.3,76.9,8,0.14,1.68,6,2,2,0,1
0,17,78.6,74.2,7.5,-0.32,2.1,6,0,2,1,1
0,3,93.5,66,8.3,0.39,1.19,6,2,2,0,1
0,10,99.4,72.3,7.4,-0.28,3.15,6,1,2,1,1
0,43,93.8,72,6.9,-0.04,2.31,6,3,2,0,1
0,-57,77.5,68.8,7.6,1.41,2.08,5,1,1,0,1
0,38,89.4,78.9,7.5,-0.32,2.55,5,3,1,0,1
0,60,78.2,69,8,0.66,2.1,5,0,1,1,1
0,42,88.1,70.9,8.2,0,2.22,5,1,1,0,1
0,51,94.1,73.6,7,-0.13,2.93,4,2,1,1,1
0,52,91.7,74.4,8.1,0.51,1.36,4,1,2,1,0
0,6,102.2,74.4,7.3,0.1,2.63,4,0,0,0,1
0,11,84.7,76.1,7.5,-0.41,2.11,4,2,2,0,1
0,44,81.3,63.4,5.8,0.62,3.41,4,0,0,1,1
0,25,93,68.1,6.9,-0.21,3.08,3,0,0,1,0
1,28,103.6,67.8,6.7,-0.17,3.21,3,1,2,0,0
0,-19,88.8,74.6,7.6,-0.19,2.26,3,2,2,1,0
0,43,95,70.5,7,-0.36,2.05,3,2,2,0,0
0,-43,62,65.5,7.5,-0.25,1.33,3,2,2,1,0
0,-68,36.5,17.6,1.7,0.3,2.8,3,0,0,0,0
0,13,94.5,74.9,8.5,0.68,2.73,3,1,2,0,0
0,71,94.1,75.8,7.1,-0.1,3.26,2,3,2,1,0
0,-9,75.2,70.4,7,0,3.14,2,0,1,0,0
0,19,103,68.1,7.4,0.56,2.64,2,1,0,1,0
0,28,92.4,70.5,6.6,0.72,2.6,2,2,2,0,0
0,-7,94.7,69.5,7.5,-0.35,2.21,2,1,1,1,0
0,-40,73.7,66.3,7.3,-0.06,2.75,2,1,1,0,0
0,-48,69.4,74.1,7.4,-0.17,2.55,1,1,0,1,0
0,10,102.6,69.6,7.2,-0.44,2.07,1,2,2,1,0
0,16,82.9,73.8,7.2,-0.45,2.14,1,0,0,1,0
0,20,107,78.6,8,0.07,3.27,1,3,2,0,0
0,-20,82.6,65.8,6.9,0.5,1.97,1,0,2,0,0
0,45,94.8,65.8,6.3,-0.13,2.97,10,3,1,0,0
0,-17,79.5,69.7,6,0.61,2.2,10,1,2,1,0
0,-40,84.6,61.6,6.5,-0.27,3.37,10,1,2,1,0
0,-22,92.7,65.8,7.3,-0.6,2.75,10,1,2,1,1
0,3,105.7,75.2,7.8,-0.35,1.87,10,2,0,0,1
0,17,102.3,66.2,7.2,0.58,2.42,9,1,2,0,1
0,-10,86.3,73.5,7.9,-0.79,2.36,9,1,2,1,1
0,23,99.4,71,8.3,0.11,2.31,9,1,2,0,1
0,-45,84.5,57.4,6.2,-0.11,3.11,9,2,2,1,1
0,-36,70,72,6.6,-0.02,2.01,9,1,2,1,1
0,-1,95.3,69.9,7.8,0.49,3,9,0,2,0,1
0,11,109.8,79.1,8,-0.23,2.31,8,2,0,0,0
0,-5,82.2,66.3,5.7,0.03,2.75,8,0,0,1,0
0,57,88,72.7,6.9,0.76,2.93,7,1,0,0,0
0,-38,85.9,70,6.4,-0.39,1.83,7,1,2,0,0
0,34,89.4,66.5,6.1,0.89,2.48,7,3,2,1,0
0,-3,101.1,73.9,7.8,0.22,2.9,7,1,1,1,0
1,33,104.4,75.4,7.1,-0.15,2.87,7,3,2,1,0
0,23,87.5,76.5,8.5,0.21,1.58,7,1,0,1,0
0,32,88.8,74.1,8,0.37,2.55,6,2,0,0,0
0,-30,91.5,77.2,7.9,-0.22,2.11,6,2,0,1,0
0,4,94.2,69.6,7.4,-0.38,2.21,6,0,0,0,0
0,26,97.4,72.1,6.5,-0.15,2.26,6,1,2,1,0
0,21,65.7,65.7,6.1,0.04,3.37,6,2,1,1,0
0,53,82,67.8,7.8,0.17,2.7,6,0,1,0,0
0,-16,83.9,53.9,6.9,-0.35,1.92,6,2,2,1,0
0,-17,41.9,48.6,7,1.14,1.5,5,0,2,0,0
0,19,95.9,71.3,6.9,-0.4,2.16,5,1,0,1,0
0,11,23.2,8.7,1.7,-0.08,1.77,5,0,0,0,0
0,5,94.8,67.9,6.5,-0.54,2.33,5,0,2,0,0
0,42,98.3,72.5,7.5,0,2.55,5,0,0,1,0
0,-56,75.2,71.4,7.8,-0.42,2.96,5,2,2,1,0
0,0,81.7,69.4,6.8,-0.8,2.45,4,1,1,0,0
0,-4,108.6,74.4,6.2,0.32,2.09,4,3,2,1,0
0,12,97.8,63.3,7.8,-0.68,1.9,4,1,1,1,0
0,-1,75.8,73.9,6.5,-0.56,2.37,4,0,0,0,0
0,0,93.7,78.8,7.6,-0.23,1.59,4,0,0,1,0
0,3,112.1,76.3,7.7,-0.38,2.34,4,3,2,1,0
0,11,98.4,76.7,7.5,0.44,2.91,4,2,2,1,0
0,6,102.2,70.6,7.4,-0.16,2.21,4,0,0,0,0
0,3,100.1,68.7,7.5,0.11,1.4,4,1,2,0,0
0,-20,70.7,75.4,8.2,-0.86,1.77,3,1,1,1,0
0,51,76.9,60,5.8,-0.84,3.4,3,2,2,0,0
0,-63,65.6,69,6.8,-0.76,2.19,3,0,1,0,0
1,27,108.6,81.4,8,-0.02,2.53,3,3,2,1,0
0,57,95.7,69.8,8,-0.45,2.46,3,2,0,1,0
0,-6,103.8,73.1,7.6,-0.45,3.01,3,0,0,1,0
0,28,98.5,70.2,7,-0.45,1.77,2,2,2,0,0
0,24,102.9,75.7,6.8,-0.01,2.01,2,2,0,1,0
0,13,91.4,69,7,-0.66,2.65,2,2,2,1,0
0,-40,63.4,86.4,8.2,-0.35,1.98,2,0,0,1,0
0,17,111.5,75.3,7.5,0.04,2.04,2,3,1,0,0
0,-12,84.5,76.6,7.4,-0.35,1.82,1,0,0,1,0
0,25,92.2,76.1,6.8,-0.2,2.23,1,2,1,1,0
0,65,80.3,71.6,7,-0.85,2.65,1,1,0,0,0
0,-15,102.6,68,6.4,0.25,2.29,1,1,1,1,0
0,-2,86.6,73.8,8.6,0.25,1.6,8,1,0,0,0
0,20,103.2,71.7,7.8,0.38,1.73,8,0,0,0,0
0,1,91,74.4,7.3,-0.03,3.13,8,0,0,0,0
0,26,93.6,70.8,6.6,-0.44,2.45,8,0,0,0,0
0,-20,105.6,72.3,7.6,0.35,2.07,7,0,0,0,0
0,34,84.8,60,6.7,-0.53,3.34,7,2,2,0,0
0,9,100,64.9,6.2,0.06,2.64,7,0,1,0,0
0,17,101.4,68.3,7.6,0.91,2.42,7,1,2,0,0
1,29,106.5,74.8,7.4,-0.12,2.74,7,2,1,0,0
0,22,94.8,67,7.1,0.16,2.98,7,3,2,0,0
0,-7,75.7,74.1,8.5,-0.48,1.47,7,3,2,1,0
0,17,105.1,71,6.2,0.43,3.58,6,3,2,0,0
0,16,103.3,71.5,6.5,-0.01,2.78,6,0,0,1,0
0,8,103.6,71,8.2,0.09,1.98,6,1,0,0,0
0,34,79.6,66,7.4,0.1,2.68,6,2,2,0,0
0,45,100.3,78.6,7.8,0.04,2.72,5,0,0,0,0
0,-63,40.6,58.1,6.1,-1.24,3.09,5,0,1,0,0
0,-29,81.1,75.9,7,0.56,1.96,5,2,2,0,0
0,30,102.9,76.2,7.8,0.23,2.58,4,1,1,0,0
0,-2,105.2,72.8,6.2,0.63,3.16,4,1,1,0,0
0,-2,70.2,71.9,6.4,0.84,2.6,4,1,1,1,0
0,20,100.6,75.6,7.5,-0.7,2.08,4,0,1,0,0
0,79,76.9,74,8.3,0.08,2.03,4,2,1,0,0
0,22,90.7,77.8,8.3,0.7,2.3,3,2,1,0,0
0,25,93.9,73.7,8.1,-0.05,2.16,3,2,0,0,0
0,-19,86.5,73.6,7,0.51,2.23,3,1,0,0,0
0,21,81.8,78.2,7.5,-0.29,2.67,3,3,2,0,0
0,21,89.3,70.1,7.4,0.86,2.05,3,2,2,0,0
0,-32,74.5,74.6,7.3,0.41,1.88,3,1,1,1,0
0,39,95.1,73.6,7.4,0.3,2.71,3,0,1,0,0
0,22,96.9,67.8,6,-0.84,1.6,3,2,2,0,0
0,23,61.1,65.3,6.3,-0.91,3.33,2,1,1,0,0
0,-1,99.3,69,6,0.07,3.24,2,1,2,1,0
0,-21,69.8,70.6,7.6,0.8,1.97,2,0,0,0,0
0,-60,73.3,68.5,6.4,0.08,1.69,2,1,2,0,0
0,39,96.3,75.2,8.1,0.33,2.04,1,3,1,0,0
0,20,100.9,73.5,7.5,0.41,2.26,1,0,0,0,0
0,-8,74.7,76.1,7.8,0.15,2.36,1,1,0,1,0
0,11,99.3,70.1,6.8,0.39,1.94,1,0,0,0,0
0,1,89.9,61.2,7.4,0.8,2.03,9,2,2,0,0
0,39,70,64.7,7.8,0.76,2.03,8,1,0,0,0
0,-16,91.1,75.8,6.6,0.32,2.35,8,0,1,1,0
0,56,90.9,75.1,7.3,-0.35,3,8,1,1,0,0
0,66,85,70.5,7.6,0.08,2.85,8,0,0,1,0
0,20,71.9,70,6.9,-0.84,2.21,8,1,1,0,0
0,-2,103.4,67.6,6.5,-0.03,2.18,8,0,0,1,0
0,21,105.4,76.8,6.4,-0.06,2.07,8,3,2,0,1
0,-1,110.3,78.5,7.8,-0.24,2.11,7,3,2,0,0
0,-27,79,72.3,7.6,-0.69,1.67,7,0,0,1,0
0,29,100.8,79.4,7,0.02,1.97,7,1,1,0,0
0,-12,101.1,69.2,7.1,-0.55,2.52,7,1,2,0,1
0,-21,91.9,59.9,5.1,0.01,3.09,7,1,1,1,1
0,33,96.7,68,6.5,-0.68,2.78,7,2,1,0,1
0,16,91.3,67.4,6.6,-0.61,2.41,6,2,2,0,0
0,4,90.9,73.7,8.4,0.88,3.07,6,0,0,0,0
0,-7,93.3,78,7.1,-0.43,2.43,6,0,0,0,1
0,10,97.9,70.9,7.3,-0.12,2.77,6,0,1,0,1
0,17,104.1,70.4,7.4,-0.36,2.73,6,2,2,0,1
0,9,91.2,70.8,7.2,-0.26,1.8,6,0,0,0,1
0,-9,104.4,72.1,7.5,0.08,1.6,6,2,2,0,1
0,79,63.2,67.5,6.3,0.96,2.86,5,0,2,1,0
0,1,72.3,68.5,7,0.72,1.96,5,0,0,0,0
0,10,64.3,49.3,6.8,0.73,2.26,5,0,0,0,0
0,11,101.9,76.6,7.5,0.28,2.97,5,1,2,1,0
0,41,92.3,70,7.8,-0.61,1.72,5,2,2,0,1
0,-38,82.7,64.9,6.2,-0.82,2.09,5,2,1,0,1
0,0,103.4,72.9,6.2,-0.23,2.68,4,2,2,1,0
0,4,83.6,72.3,7.5,0.43,1.91,4,0,1,0,0
0,-22,106,71,7.6,-0.13,2.16,4,1,2,0,0
0,-3,68.4,48.4,6.5,-0.89,2.79,4,1,0,0,1
0,10,103.6,71.9,7.1,0.26,2.34,4,0,0,0,1
0,28,65.6,61.4,5.9,-0.67,3.45,4,3,2,0,1
0,-7,82.1,56,6.7,0.32,1.25,4,0,2,0,1
0,9,108,76.5,7.6,-0.04,1.89,4,1,0,0,1
0,-23,100.8,76.4,7.1,-0.07,2.31,3,3,2,1,0
0,29,89.2,70.1,6.8,0.84,3.43,3,1,1,0,0
0,9,92.6,62.4,7.8,1.02,1.81,3,2,2,0,0
0,27,94.6,70.9,7.9,0.19,2.63,3,1,1,0,1
0,-6,96.4,64.1,5.6,0.03,2.95,3,2,1,1,1
0,73,81,75.1,7.4,0.25,3.44,2,0,1,0,0
0,19,90.6,72.8,6.5,-0.41,2.32,2,1,1,0,0
0,25,100.3,69.9,6.9,-0.73,2.39,2,2,0,1,0
0,27,94.3,83,6.8,-0.27,2.45,2,0,0,0,1
0,39,90.5,70.5,6.9,-0.15,2.7,2,0,0,0,1
0,37,62.7,67.5,6.4,-0.67,3.28,2,3,2,0,1
0,17,96.5,71.1,7.2,0.51,2.38,1,0,0,0,0
0,52,97,75.3,7.8,0.57,2.89,1,1,2,0,0
0,11,89.5,68.6,6.7,-0.34,3.69,1,3,1,0,0
0,-29,65.1,46,5.8,-0.05,1.94,1,0,2,0,1
0,35,92.4,69.3,7.7,-0.26,2.49,1,2,1,0,1
0,47,79.6,63.6,6.6,-0.24,1.94,1,0,2,1,1
0,46,99.7,72.6,8.3,-0.28,2.94,9,3,2,0,0
0,17,95.9,74.7,8.1,-0.02,2.06,9,1,2,0,0
0,-20,69,67.6,7.6,-1.05,2.08,9,1,1,1,0
0,-38,85,59.2,6.1,-0.16,2.29,8,2,2,1,1
0,8,105.8,72.2,8.3,0.1,1.59,8,1,2,0,1
0,-9,105.1,77.9,8,-0.26,1.72,8,0,1,0,1
0,-7,96.8,68.9,6.5,-0.71,2.42,8,2,1,0,1
0,21,103.2,73.1,6.7,-0.32,2.9,8,2,0,0,1
0,33,66.7,72.3,6.7,-0.95,3.31,8,0,0,0,1
0,9,92.8,72.2,6.6,-0.12,1.99,8,2,1,0,1
0,53,45,47.5,5.3,-1.03,3.26,7,0,0,0,0
0,30,97.2,75,8.1,-0.32,1.69,7,2,1,0,0
0,34,77.2,75,7.6,-0.63,3.15,7,0,0,1,0
0,41,84.5,74.6,7.1,-0.63,2.78,7,2,2,0,0
0,23,63.8,68.2,7.4,-0.71,1.63,7,1,2,1,0
0,11,107.1,81.4,7.6,-0.02,2.42,7,1,1,0,0
0,-72,54.1,65.3,8.4,-0.61,1.62,6,1,2,1,0
0,19,91.5,70.4,7.2,-0.65,1.79,6,1,2,1,0
0,3,91.5,61.6,5.8,0.49,3,6,1,2,1,0
0,57,86.7,76,7.3,-0.04,2.25,6,0,0,1,0
0,10,105.8,76,8,0.13,2.21,5,3,1,1,0
0,-14,64.9,64.1,6.4,-0.99,2.45,5,0,1,0,0
0,-35,77.2,70.8,7.8,-0.47,1.47,5,2,2,1,0
0,12,106.2,75.4,7.6,0.23,2.45,5,1,2,1,0
0,-1,103.4,81.8,8.6,0.16,2.09,5,0,0,0,0
0,68,79.2,66.7,7.5,0.49,1.54,4,2,2,0,0
0,22,92.9,65.1,5.5,0.01,3.26,4,1,1,1,0
0,14,82.8,65.8,7.1,-0.44,1.99,4,1,0,1,0
1,36,103.1,82.7,8.4,-0.58,1.96,4,1,0,0,0
0,13,85,72.9,7.1,0.33,2.42,4,0,0,1,0
1,35,102.1,71.6,7.5,-0.16,2.31,4,2,1,1,0
0,-7,103.1,73,7.3,-0.5,2.17,4,2,2,0,0
0,45,90.7,73.1,7.3,-0.25,2.14,4,2,0,1,0
0,7,104.2,83,7.8,0.21,2.59,4,0,1,0,0
0,-3,91.7,67.4,7.6,0.05,1.51,3,1,2,1,0
0,-14,47.1,51.8,5.6,0.96,3.5,3,0,1,1,0
0,18,96.1,71.5,7.5,-0.32,2.35,3,2,2,1,0
0,14,100.9,70.8,6.7,-0.47,3.13,3,0,2,1,0
0,-1,100.1,67.9,6.2,-0.12,2.64,3,0,2,1,0
0,-39,75.7,59.9,6.9,-0.88,2.24,2,1,1,1,0
0,25,92,80.9,8.5,-0.26,2.31,2,0,1,0,0
0,17,95.6,72.1,6.6,-0.56,2.64,2,2,2,0,0
0,17,106.3,76.5,8.2,0.44,2.54,2,0,1,0,0
0,-36,92.6,72.3,7.5,-0.18,2.91,1,1,2,0,0
0,-17,89.9,76.1,7.4,-0.27,2.16,1,0,0,1,0
0,16,85.8,69,7.2,0.43,2.31,1,1,2,1,0
0,62,92.4,73.2,6.6,-0.33,3.45,1,3,2,1,0
0,40,95.2,69.8,7.5,-0.91,2.38,1,0,1,0,0
0,10,108.3,79.3,6.9,-0.05,2.88,1,1,0,1,0
0,-52,76.5,70.1,6.8,-0.08,2.25,9,1,0,0,0
0,-4,100.4,76,6.9,-0.38,2.58,8,2,2,0,0
0,-23,97.7,63.7,6.2,-0.47,2.74,8,3,2,1,0
0,47,85.7,73.8,7.2,-0.27,3.05,8,1,0,0,0
0,7,91.3,73.4,6.8,0.78,2.46,8,0,0,1,0
0,-23,85.2,60.2,8,0.61,1.72,8,1,2,0,0
0,-11,92,73.3,7.4,-0.42,2.25,7,0,0,0,0
0,2,71.8,72.9,7.8,0.44,2.55,7,0,1,0,0
0,33,105.8,76.4,7.9,0.03,2.04,7,1,0,1,0
0,-11,95.3,66.9,6.6,-0.28,2.55,7,0,0,0,0
0,-1,97.1,80.6,7.5,0.33,2.16,7,0,2,0,0
0,26,101.4,73.8,6.8,-0.43,2.73,6,3,1,0,1
0,29,100.9,77.3,8.2,0.39,2.42,6,1,2,0,1
0,4,101.8,75.5,7.1,0.59,2.7,6,3,2,1,1
0,-26,77.4,72.2,6.9,0.16,3.13,5,1,0,1,1
0,41,85.9,74.1,7.2,-0.3,1.82,5,0,0,1,0
0,22,76.7,74,7.1,-1.05,1.81,5,2,2,0,0
0,-6,81.1,59.7,7.6,0.29,1.23,5,2,2,0,0
0,-7,100,69,7.5,0.4,1.95,5,2,0,0,1
0,37,70.6,73.3,8.6,-0.03,1.25,5,1,1,0,1
0,3,106.6,72.8,7.2,-0.22,2.56,5,1,1,1,1
0,18,97.9,68.8,6.5,-0.81,3.44,4,2,2,0,0
0,37,95.4,67.9,6.5,0.68,2.6,4,0,1,1,0
0,28,92,70.9,7.1,0.64,2.3,4,1,1,0,0
1,36,103.7,75.8,8.5,0.28,1.08,4,0,1,1,0
0,68,88.7,77.2,8,0.13,1.73,4,2,2,0,1
0,47,66.9,71.2,7.1,-0.08,2.62,4,2,2,0,1
0,3,77.5,85.5,6.9,-0.46,2.38,3,3,2,0,0
0,59,87.4,68.5,7.1,-0.94,3.19,3,3,2,1,0
0,9,83.2,73.7,7.2,0.36,1.64,3,0,1,0,0
0,53,75.4,71.9,8.4,-0.18,1.96,3,0,1,0,1
0,13,88.8,68.4,8,1.15,1.88,3,0,2,0,1
0,-6,96.5,63.2,5.8,0.3,3.12,2,0,2,0,0
0,10,78.4,70.3,8.1,0.41,1.86,2,2,2,0,0
0,4,103.5,70.8,6.8,-0.62,3.02,2,3,2,1,0
0,42,99.8,76.7,8,-0.27,2.34,2,1,0,1,1
0,42,98.6,75.4,7.1,0.31,2.32,2,2,2,0,1
0,-32,78.6,67.9,7.1,0.36,1.39,1,0,0,0,0
0,-4,103.2,75.1,7.3,-0.78,1.53,1,3,2,1,0
0,16,111.7,77.9,7.3,0.04,2.12,1,1,2,0,0
0,-19,64.3,71.3,8,-0.99,2.53,1,0,0,1,0
0,5,104.3,74.1,6.8,-0.28,2.84,1,0,0,1,0
0,58,81,68.2,7.7,0.77,2.83,1,2,2,0,1
0,45,97.5,72.8,7.5,-0.4,2.85,9,0,1,1,0
0,81,78,71.6,7.5,0.31,3.2,9,2,2,0,0
0,36,78.3,65.9,7.7,-0.76,1.99,9,2,2,1,0
0,16,88.8,75.2,7.8,0.33,3.05,9,0,1,1,0
0,30,99.5,75.2,7.2,0.08,2.85,9,1,0,1,0
0,29,83.6,67.6,6.4,0.49,2.34,9,1,0,1,0
0,20,58,73.3,6.9,0.64,1.98,8,1,1,1,1
0,-56,73.6,60.3,6.3,-0.46,1.71,8,0,1,0,1
0,-14,90.5,66.7,6.9,1.33,2.78,8,2,2,0,1
0,49,88,76,7.3,0.14,2.79,8,0,1,1,0
0,10,112.1,77.1,7.5,-0.09,2.53,8,0,0,1,0
0,19,90.9,69.7,7.3,-0.46,1.72,8,1,2,1,0
0,-7,73.5,72.2,7.4,-0.72,2.12,8,1,2,1,0
0,24,103.9,74.7,7.7,-0.52,3,8,1,0,1,0
0,11,91.3,75.8,8.1,-0.8,1.98,7,0,2,1,0
0,-6,95.7,76.4,6.9,-0.32,2.52,7,1,1,0,0
0,-16,95.1,74.6,7.4,-0.09,1.48,7,0,1,1,0
0,3,76.5,69.5,8,-0.24,1.91,7,0,0,1,0
0,46,80.7,74,8.1,0,2.26,7,0,0,1,0
0,7,102.8,74.5,6.9,0.63,2.63,6,1,1,1,0
0,36,83.6,70.9,7.3,-0.14,1.74,6,1,1,0,0
0,16,88.9,63.6,6.7,-1.09,2.21,6,2,2,1,0
0,52,84.6,69.4,7.7,-0.35,2.44,6,1,0,1,0
0,7,105.5,71.7,6.4,0.36,3,6,1,2,1,0
0,68,81.4,69.8,8.5,-0.95,2.57,6,1,1,1,0
0,25,94.3,71.9,7.6,-0.17,1.7,5,2,2,1,0
0,-51,55,85.2,8.3,-0.02,1.76,5,0,1,1,0
0,17,88.2,74.3,7.4,-0.76,2.24,5,1,1,1,0
0,33,89.4,71.2,7.6,0.41,2.85,5,0,1,1,0
1,34,113.3,81.6,8.3,0.33,2.54,5,0,0,1,0
0,48,103.8,84.7,8,-0.06,2.81,4,3,2,1,0
0,56,91.5,75.3,7.5,0.04,2.64,4,0,0,0,0
0,26,92.7,72.2,6.8,-0.78,2.23,4,2,2,1,0
0,-9,93.7,66.5,6.6,-0.08,2.3,4,0,0,1,0
0,13,85.8,67,6,0.09,2.64,4,0,0,1,0
0,-19,85.1,71.4,6.4,-0.16,3.28,4,1,2,1,0
0,16,95.5,67.6,7.3,-0.36,1.16,4,0,1,1,0
0,9,70,68.8,6.3,0.65,2.74,3,0,1,1,0
0,7,91.7,67.4,5.6,-0.31,2.8,3,3,2,0,0
0,12,87.8,64.9,5.5,0.33,2.73,3,0,2,1,0
0,-38,61,61.4,8.3,-0.96,1.8,3,0,1,1,0
0,23,101.5,76,6.9,0.77,3.24,3,1,0,1,0
0,-23,66.8,69.3,7.8,0.47,2.02,3,0,0,1,0
0,-19,101.3,72.9,7.5,-0.03,1.63,3,0,1,1,0
0,28,92,77.3,7.1,0.04,2.53,2,2,2,1,0
0,17,106.9,75.2,7.4,0.26,1.88,2,0,0,0,0
0,36,102.4,75.6,7.5,-0.97,3.28,2,2,2,1,0
0,-24,95.1,70.1,6.4,-0.43,3.21,2,0,1,1,0
0,15,88.7,64.4,6.1,0.1,2.91,2,1,0,1,0
1,22,107.5,75.7,8,-0.64,2.87,2,3,2,1,0
1,18,110.4,76.4,7,-0.03,2.49,2,2,1,1,0
0,41,90.1,67.3,6.6,0.03,2.33,2,1,0,1,0
0,9,82.6,78.6,8.2,-0.83,1.99,1,0,0,0,0
0,-11,104.5,75.5,6.9,-0.38,2.23,1,2,1,1,0
0,11,91.5,71.4,6.7,0,2.52,1,0,0,1,0
0,-26,83.4,70.9,7.7,0.16,1.46,1,2,1,1,0
1,23,111,75.8,7,0.1,2.73,9,1,0,0,1
0,68,84.8,74.8,6.7,-0.55,2.87,9,2,1,0,0
0,15,69.5,66,7.4,0.11,2.07,9,2,2,0,0
0,-11,71.5,61.5,7.2,-1.68,2.93,8,0,1,1,0
0,50,89,61.9,6.6,0.17,2.87,8,3,2,0,1
0,-3,96.7,66.1,6.2,0.55,2.46,8,3,1,1,0
0,57,88.2,73.3,7.3,0.23,2.6,8,0,2,0,0
1,40,109,85.3,8.2,0.47,2.89,8,0,0,1,0
0,23,102.1,67.6,8,0.02,2.3,8,2,0,0,0
0,44,84.6,68.9,6.5,0.46,2.79,7,1,0,1,1
0,-18,88.7,66.8,6.9,-0.16,3.36,7,3,2,0,0
0,-8,84.3,73.2,7.6,-0.17,2.35,7,1,1,1,0
0,0,68.8,75.6,7.8,-0.35,1.66,6,0,0,1,0
0,19,102,68.3,7,0.01,3.62,6,1,2,0,0
0,10,91.2,71.2,7.6,-0.09,1.87,6,0,0,1,0
0,-21,97,72.3,7.1,0.7,2.9,6,1,2,0,0
0,25,95.4,67.2,7,-0.4,1.81,6,1,0,1,0
0,21,102.7,74.8,8.9,0.74,2.15,6,1,1,0,0
0,12,109.8,76.6,7,0,2.21,6,3,1,1,0
0,-41,75.7,68,6.6,-0.97,3.3,6,0,0,0,0
0,-9,98.1,70.1,7.3,0.57,2.88,6,0,0,0,0
0,-8,84.3,63.5,5.6,-0.41,2.67,6,1,0,0,0
0,15,100.7,66.5,6.5,0.22,2.49,6,0,0,0,0
0,12,106.7,79.1,7.2,-0.02,2.13,6,2,2,0,0
0,-10,80.8,73.3,7.8,-0.72,2.2,5,3,2,1,0
0,57,76.8,74.5,7.9,-0.26,2.28,5,1,1,0,0
0,6,105.1,75.8,6.9,-0.01,2.14,5,3,2,1,0
0,-21,107.3,72.9,8.1,-1.2,2.16,5,3,2,1,0
0,14,74.6,78.4,8.2,-0.3,1.54,5,1,2,0,0
0,-12,89.4,67.8,6.7,-0.37,2.44,5,2,1,0,0
0,-3,96.5,66.3,6.6,-0.98,2.2,4,1,1,1,0
0,55,95.3,76.5,8.2,0.61,2.51,4,0,2,0,0
0,42,72.9,71.2,8.7,0.44,2.08,4,1,0,1,0
0,44,99.8,73.5,7.1,0.47,2.56,4,0,0,0,0
0,-37,84.2,63.5,6.2,0.3,3.02,4,0,0,1,0
0,-22,60.8,71.5,7.3,-0.73,2.72,4,3,2,0,0
0,-10,89.2,73.1,6.9,-0.6,2.58,4,1,1,1,0
0,23,98.6,69.2,7.9,-0.53,1.93,3,0,2,1,0
0,2,99.3,71,6.1,0.31,2.95,3,0,2,0,0
0,-10,97,66,7.2,0.28,3.56,3,0,0,0,0
0,32,99.5,73.6,6.9,-0.47,3.01,2,0,2,1,0
0,-15,96.8,73.5,6.8,-0.2,1.91,2,3,2,1,0
0,-24,92.5,77.6,6.8,-0.33,2.2,2,0,0,0,0
0,36,87.3,63.9,5.6,-0.5,3.11,2,0,0,0,0
0,7,104.9,71.5,6.8,-0.16,2.47,2,0,0,0,0
0,5,107.2,70.8,7.6,0.23,2.37,1,0,0,0,0
0,28,88.5,69.6,6.7,0.04,2.04,1,1,1,1,0
0,23,97.6,71.8,6.4,0.23,2.47,1,0,0,1,0
0,2,102.2,72,7.3,-0.35,2.51,1,0,0,0,0
0,-23,89.4,74.2,8.2,-0.62,2.06,1,1,2,1,0
0,8,102.7,87.7,8.1,-0.03,2.91,9,0,0,0,0
0,13,108.6,79.9,7.8,-0.14,3.07,9,1,1,0,1
0,-37,61.2,65.7,8.7,-1.41,1.7,9,1,2,1,1
0,-4,84,59.6,6.4,0.1,2.48,8,0,0,1,1
0,48,100.1,70.8,6.7,-0.44,2.88,8,2,2,0,0
0,25,67,67.4,5.9,-0.59,3.01,8,3,2,0,0
0,30,73.4,58.9,7.9,-0.48,1.5,8,2,2,0,1
0,87,88.8,69.8,7.8,-0.35,3.41,7,1,1,0,0
0,27,81,68.9,7.2,0.66,3.37,7,1,1,1,0
0,11,94,73.2,6.7,0.44,3.13,7,0,0,1,0
0,70,84.9,76.1,6.7,-0.45,2.73,6,1,0,0,0
0,47,86.3,69.8,7,0.57,2.25,6,1,2,0,0
0,35,100.7,73.7,6.3,0.32,3,6,2,2,1,0
0,70,85,68.7,6.7,-0.24,3.67,6,1,2,1,0
0,27,91.5,70.3,7.1,0,1.92,5,1,1,1,0
0,41,84.8,70.2,7.9,0.95,1.78,5,1,2,0,0
0,-13,100.6,66.6,8.6,0.04,1.4,5,3,2,1,1
0,39,96.5,78.1,7.6,0.68,3.53,5,1,2,0,1
0,32,90.4,69.8,8.4,0.47,2.09,4,0,0,0,0
0,-19,87.7,66.5,6.7,0,3.15,4,1,2,0,0
0,51,68,75.7,7.8,0.78,1.74,4,2,2,0,0
0,-2,78.2,65.8,6.9,0.91,2.02,4,1,2,0,0
0,60,81.3,75.1,7.2,-0.36,3.08,4,0,2,0,1
0,13,67.6,69.8,6.1,0.17,2.87,3,1,0,1,0
0,42,99.8,71.5,7,0.57,2.17,3,3,2,1,0
0,51,87.1,74.9,7.3,0.32,2.56,3,0,0,1,1
0,-42,92.3,65,7.2,-0.05,2.08,3,3,2,0,1
0,-18,92.7,78.1,7.5,0.28,2.61,3,2,2,0,1
0,-25,84.6,68.5,7.2,0.58,2.01,2,3,2,1,0
0,1,93.7,73.1,5.9,-0.27,3.12,2,0,1,0,0
0,52,78.3,69.3,6.7,0.01,3.16,2,3,2,1,1
0,4,91.1,66.4,6.6,0.52,1.57,2,0,1,1,1
0,-5,109.6,75.4,7.6,-0.21,1.95,2,1,0,0,1
0,6,103.9,74.8,7.5,0.41,2.49,2,0,0,1,1
0,17,104.6,74.8,7,0.2,2.98,1,2,1,1,0
0,-2,79.2,61.6,6,0.1,2.77,1,0,2,1,0
0,22,77.6,72.4,7,1.12,2.19,1,1,2,0,0
0,29,94.3,74.6,7.3,-0.3,2.64,1,0,0,0,1
0,-62,74.7,78.2,8,0.2,2.15,1,2,1,0,1
0,22,89.3,75.9,6.9,-0.75,2.51,1,2,0,0,1
0,26,76,75.2,7.7,0.17,1.98,1,3,2,0,1
0,68,83.3,72.9,7.5,-0.37,2.58,9,2,0,0,0
0,0,93.9,60.8,5.2,0.09,3.07,9,1,1,1,0
0,34,85.5,68.2,6.9,0.46,2.22,9,0,1,0,0
0,-33,90.1,67.7,5.3,0.25,2.38,9,0,0,1,1
0,-15,90.2,74.8,6.7,0.16,1.87,9,1,0,0,1
0,-34,62.9,72.4,7.5,-0.52,1.41,8,0,0,0,0
0,10,105.8,77.7,7.8,-0.09,2.18,8,2,0,0,1
0,14,88.8,76.5,7.5,0.4,2.21,8,0,0,0,1
0,42,70.2,65.5,7.8,0.96,1.26,8,0,0,0,1
0,-19,86.3,69.6,6.3,0.04,2.15,8,0,1,1,1
0,-29,86.9,72.4,7.5,0.04,2,8,1,2,0,0
0,70,82.3,71.6,6.9,-0.19,3.08,7,0,1,0,0
1,29,104.8,77.5,8.7,-0.32,2.14,7,2,1,1,0
0,69,72.8,71.1,8,0.13,1.84,7,0,0,0,0
0,-47,79.4,75.8,6.5,-0.42,1.9,7,0,0,1,0
0,-9,105.6,71.9,6,0.16,2.92,7,0,2,0,0
0,15,105.5,77,7.5,-0.11,2.18,7,1,2,0,0
0,19,86.3,75.2,7.6,-0.22,2.55,7,2,1,0,0
0,62,88.6,76,7.4,-0.83,2.24,6,0,2,0,0
0,57,84.7,67.8,7,0.11,2.2,6,0,1,0,0
0,41,93.3,68.6,6.9,0.18,2.64,6,2,2,1,0
0,-54,64.8,78.8,7.8,-0.46,2.46,6,0,0,1,1
0,70,91,74.9,8,0.04,2.24,5,0,1,1,0
0,-8,91.9,61.2,6.8,0.92,1.95,5,2,2,0,0
0,-15,93.2,69.2,7.8,-1.12,1.8,5,2,2,1,0
0,-21,73.3,74.4,7.2,-0.86,2.59,5,1,1,1,0
1,28,99.1,75,7.1,-0.37,2.38,5,0,1,0,0
0,18,84.2,71.2,7.2,0.66,1.62,5,0,1,0,1
0,15,84.4,76.4,7.9,0.95,1.89,5,1,1,0,1
0,43,74.3,72.8,8.6,-0.08,1.86,5,2,1,1,1
1,40,105.9,76.6,7,0.59,3.08,5,0,0,1,1
0,15,104.4,73.1,7.6,0.43,2.12,5,1,1,0,1
0,35,93.4,61.3,5.4,0.41,3.3,4,0,2,1,0
0,20,106.6,73.1,7.4,-0.22,1.99,4,2,2,1,0
0,18,79.6,73.2,7.9,0.54,1.31,4,1,2,0,0
0,28,93.9,73.6,7.6,-0.33,1.62,4,0,1,1,0
0,31,88.4,68,6.6,0.96,2.7,4,0,0,0,1
0,27,79.4,72.5,6.2,1,3.01,4,0,1,1,1
0,-24,87.4,76.2,6.7,0.26,2.56,4,1,2,0,1
0,-2,95.5,76.9,8.7,0.39,2.16,3,0,0,0,0
0,26,79,62.4,6.3,0.1,1.37,3,0,1,1,0
0,-37,82.4,78.6,7.3,0.08,1.66,3,1,2,0,0
0,55,90.3,70.7,7.4,0.06,2.15,3,0,1,0,0
0,54,84.3,65.5,8.3,0.62,2.03,3,0,1,0,1
1,24,108.1,73.7,8.6,0.12,1.85,3,0,0,0,1
0,52,77.3,73.5,8.4,-0.47,2.42,3,0,0,1,1
0,19,100.9,68.3,6.9,0.5,2.79,3,1,2,0,1
0,9,84.6,67.4,6.8,-0.43,1.42,2,2,1,1,0
0,-31,97.9,76.1,6.6,-0.65,2.55,2,0,1,0,0
0,3,87.5,66.5,6.4,-1.23,3.6,2,0,2,1,0
0,10,86.4,75.4,8.3,0.21,1.69,2,0,1,1,0
0,-48,71.6,73.6,7.4,1.16,3.06,2,0,0,0,1
0,43,103.7,70.2,7,0.37,2.48,2,2,1,0,1
0,-26,91,78.1,8.2,-0.23,1.84,1,1,1,0,0
0,29,90.9,64.7,6.6,-0.5,1.51,1,0,1,1,0
0,40,104,77,8,-0.64,1.71,1,3,2,0,0
0,58,74.7,75.5,6.7,0.43,2.22,1,3,2,1,1
0,32,75.9,75.1,7,0.5,1.76,1,1,1,0,1
0,27,89.1,76.1,7.6,0.61,2.59,1,2,0,0,1
0,46,105.4,78.5,7.9,-0.31,2.3,1,3,1,0,1
0,60,77.8,68.3,7.4,1.06,2.16,9,1,2,0,0
0,50,85.6,64.6,5.6,0.15,4,9,1,2,0,0
0,5,62,67.2,6.4,0.92,2.74,9,1,2,1,0
1,33,104.6,74.1,7.5,-0.51,3.12,9,0,1,0,0
0,47,80.3,71.2,7,-1.07,2.1,9,1,1,0,0
0,13,97.8,67.5,7.2,0.6,2.01,9,3,1,0,0
0,82,85.4,72.3,7.6,0.59,3.26,8,1,0,0,0
0,-10,104.9,75.8,7.4,0.24,2.6,8,1,0,1,1
0,10,89.5,78.6,6.8,-0.03,2.48,8,3,2,0,1
0,-33,104.6,78.5,7.6,0.03,2.44,7,1,1,0,0
0,38,97.2,72.6,7.1,-0.03,2,7,2,0,0,0
0,-7,63.7,69.1,7.7,0.54,0.84,7,1,1,1,0
0,-11,72.7,79.1,7.5,-0.47,1.89,6,2,0,1,1
0,9,108.6,74,7.2,0.36,1.78,6,0,1,0,1
0,26,79,75.7,7.6,-0.9,1.91,6,1,1,1,0
0,-4,103.4,74.4,7,0.43,3.13,6,1,2,0,0
0,75,69.5,75.9,7.6,-1.03,2.07,6,1,0,1,0
0,35,90.3,74.4,8.1,-0.03,2.02,5,0,0,0,1
0,-45,64.2,72.9,7.8,0.67,2.2,5,0,0,0,0
0,4,102.8,74.5,7.1,0.71,1.18,5,0,2,1,0
0,-17,103.5,69.2,7.8,-0.37,1.47,4,0,1,1,1
0,23,91.9,72.1,6.5,-0.28,2.33,4,0,0,0,1
0,-4,104.7,72.4,7.1,-0.17,1.85,4,0,1,1,1
0,32,98.1,69.7,7.3,0.07,2.35,4,0,0,0,0
0,33,103.3,80,8,-0.62,2.69,4,3,1,1,0
0,59,100.1,73.3,7.3,-0.52,3.33,4,2,1,1,0
0,50,85.6,67,8.1,0.43,2.13,3,0,0,0,0
0,2,102.8,77.9,7.9,-0.13,3.13,2,3,2,0,0
0,61,91.1,70.9,6.6,0.2,3.41,2,0,1,0,0
0,-11,95.1,67.4,7.6,-0.12,1,2,1,2,1,0
0,25,94.9,68,6.5,0.38,2.68,2,0,1,0,0
0,8,102.6,81.3,7.8,-0.55,2.28,2,0,0,1,0
0,62,96,76.9,7.7,0.14,3.2,2,3,2,0,0
0,45,102.4,74,6.8,0.03,2.98,1,2,2,0,0
0,1,90.1,61.8,5.5,-0.37,2.96,1,1,1,1,0
0,0,101.2,72.7,7.1,0.83,2.39,1,2,2,0,0
0,-15,74.6,74.9,7.6,-0.41,1.67,1,0,1,1,0
0,65,89.1,77,7.2,0.53,3,9,3,1,0,0
0,35,70.1,66.8,6.7,0.17,2.74,9,2,2,1,0
0,18,100.7,67.2,6.3,-0.36,2.65,9,0,1,0,0
0,-1,95.5,71.6,6.4,0.44,3.12,9,2,2,0,0
0,11,92,74.2,6.8,0.26,2.31,8,1,0,1,0
0,-1,98.3,72.5,6.8,-0.15,1.89,8,2,2,0,0
0,16,84.2,70.8,6.2,0.19,2.6,8,0,2,1,0
0,47,96.1,73,6.9,-0.03,2.52,7,1,1,1,0
0,7,65.4,76.8,8.6,0.3,1.85,7,1,2,0,0
0,26,77.3,70.9,7,0.73,2.3,7,0,0,0,0
0,29,69.8,69.3,9,0.79,1.76,7,1,1,0,0
0,-1,106.7,81.5,6.6,0.04,1.95,7,2,2,0,0
0,61,84.3,75,7.3,0.25,2.56,6,1,2,1,0
0,66,86.3,73.8,8.3,0.22,2.21,6,0,0,0,0
0,51,85.4,69.6,6.2,-0.53,2.95,6,2,2,0,0
0,51,97.5,75.5,7.8,-0.33,3.08,6,3,2,1,0
0,-27,75.3,73.5,7.3,0.28,1.34,5,0,0,0,0
0,17,104.7,72.5,6.6,-0.39,2.25,5,2,0,1,0
0,-6,80,75.5,7.2,-0.09,1.85,5,1,0,1,0
0,65,103.7,74.7,8.1,-0.49,2.43,5,2,2,0,0
0,-20,97.8,78.9,8.3,0.11,1.82,4,1,0,0,0
0,34,101.9,75.5,8.3,0.3,1.81,4,1,1,0,0
0,-16,89.6,65.3,7,0.02,2.75,4,0,1,1,0
0,13,94.8,75.4,6.8,0.45,2.7,3,0,0,1,0
0,12,101.2,69.5,7.3,0.58,1.37,3,1,2,1,0
0,20,100,81.1,8,0.19,1.25,3,2,2,0,0
0,24,75.7,74.4,6.8,0.79,2.87,2,0,0,1,0
0,26,95.8,68.7,7.5,0.57,2.08,2,3,2,0,0
1,25,100.5,73.8,7.3,0.3,2.49,2,2,0,1,0
0,-2,99.7,75.4,7.2,0.68,1.92,2,1,1,1,0
0,44,91.2,76.6,8,-0.58,1.96,2,1,0,0,0
0,15,98.1,67.7,7.4,-0.45,2.43,2,1,1,0,0
0,2,94.4,65.2,6.7,0.57,2.67,1,3,2,0,0
0,-21,92.4,72.8,7.2,-0.06,1.79,1,1,2,1,0
0,29,99.5,65.1,6.6,-0.57,2.27,1,3,2,0,0
0,17,101.8,72.9,8.1,-0.33,2.08,1,3,2,1,0
0,-1,85.8,76.7,8.2,-0.28,2.03,9,1,1,1,0
0,-1,97.7,70.9,7.6,0.61,2.87,9,0,1,0,0
0,48,95.3,73.4,8.6,0.92,2.94,9,1,1,0,0
0,48,76.4,57.8,6.4,-0.28,3.77,9,1,1,1,0
0,17,59,73.5,7.2,-0.95,2.44,9,0,1,0,0
0,28,99.4,71.2,6.6,0.32,2.69,8,0,0,1,0
0,36,66,58.7,8.3,0.75,2.22,8,0,1,0,0
0,19,92.3,71.5,7.3,-0.44,3.12,8,3,1,0,0
0,21,108.4,77.3,7.8,0.43,3.5,8,1,1,0,0
0,36,101.3,73.5,7.7,-0.16,2.18,8,1,1,1,0
1,26,103.8,74.1,8.9,0.45,1.98,8,0,0,0,0
0,19,102.4,73.9,6.8,-0.5,3.07,7,2,2,1,1
0,-15,92.9,65.7,5.7,-0.46,3.39,7,1,2,0,1
0,55,95.7,67.4,6.9,-0.18,3.09,7,2,2,0,1
0,65,91.1,71.9,8.4,1.3,2.57,7,0,2,0,0
0,29,66.1,78.2,7.9,-1.03,1.94,7,2,2,0,1
0,3,76.5,72.7,7.7,0.4,1.58,6,1,2,1,1
0,2,69.7,74.1,7.2,-0.85,3.1,6,0,1,0,0
0,29,86.8,65.9,8.2,1.19,1.77,6,2,2,0,0
0,18,90.2,77.5,8.4,0.08,1.96,6,0,0,1,0
0,16,58.1,66.5,5.9,0.78,2.88,5,2,2,1,0
1,24,106.1,72.8,7.4,0.33,2.36,5,0,0,1,0
0,-55,63.4,68,7.5,-0.05,1.67,5,1,0,0,0
0,-54,76,76.6,6.9,0.03,1.94,5,1,0,1,0
0,8,73.8,74,7,-0.67,1.97,5,1,0,0,0
0,9,100.7,78.7,8,-0.12,2.38,5,2,2,0,0
0,3,87.9,68.1,8.2,0.77,1.71,5,3,2,0,0
0,26,88.6,69.3,7.4,0.93,3.13,4,0,0,0,0
0,-35,87.4,70.8,6.3,0.14,2.95,4,0,0,1,0
0,-21,86.8,72.3,7.1,0.38,2.73,4,0,0,1,0
0,6,89.1,73.9,6.6,-0.6,2.37,4,0,0,1,0
0,-9,103.6,80.1,8.4,0.47,2.07,4,2,1,0,0
0,-42,83.9,67.9,6.2,0.53,2.63,3,2,2,1,0
0,18,91.6,74.2,7.3,-0.16,1.42,3,2,1,1,0
0,-2,92.5,72.6,8.1,0,1.13,3,0,1,1,0
0,12,104.7,72.9,8.1,0.44,2.48,3,0,0,0,0
0,57,95.3,79.4,7.9,0.73,2.79,3,0,1,1,0
0,40,77.1,76.4,7.5,-0.58,2.69,3,0,0,0,0
0,-19,107.7,76.5,7.4,0.36,2.49,2,2,2,0,0
0,-9,97.7,71.7,6.5,-0.17,2.64,2,2,2,0,0
0,-3,66.4,74.6,7.4,-0.18,2.89,2,2,1,0,0
0,25,87.6,69.7,8.3,0.37,1.49,2,0,2,0,0
1,36,105.4,72.1,6.3,0.42,2.87,2,0,1,1,0
0,-2,114.4,79.6,7.6,0.35,2.88,2,2,2,0,0
0,-43,84.2,69.6,7,-0.47,1.92,1,1,1,0,0
0,-56,88.2,71.2,6.4,-0.23,2.62,1,1,0,1,0
0,4,76.6,73.2,7.6,-0.96,2.09,1,2,1,1,0
0,76,77.3,72.7,9.2,0.56,2.26,1,0,0,0,0
0,12,103.9,77.2,7.4,-0.29,1.39,1,2,1,1,0
0,12,109.4,76.4,7.1,0.24,2.35,1,3,2,0,0
0,6,99,74.2,7.5,0.32,2.98,1,2,2,0,0
0,12,95.9,77.3,6.6,0.02,2.49,1,3,1,1,0
0,-30,67.8,64.9,5.8,0.83,2.66,9,0,0,1,0
0,23,104.3,76.4,7.8,-0.25,2,9,0,1,0,0
0,16,87.3,67.6,7.9,-1.3,2.93,9,0,2,1,0
0,83,89.1,67.8,7.9,0.16,2.63,9,0,2,1,0
0,-16,67.5,64.4,8,-0.76,1.55,9,1,1,1,0
0,37,98.6,72,7.8,0.63,3.56,9,3,1,0,0
0,26,50.7,67.9,6.7,1.19,2.36,9,2,2,1,0
0,25,103.9,83.4,7.3,-0.52,2.1,9,2,1,0,0
0,13,73.2,65.6,6.5,0.64,2.86,8,1,1,1,0
0,59,97,70.3,7.6,0.1,3.12,8,0,2,1,0
0,14,72.8,70.1,6.4,0.76,2.49,8,0,0,1,0
0,13,87.9,74.1,7.6,-0.54,2.29,8,2,2,0,0
0,22,80.3,69.7,8.3,0.65,2.87,8,0,0,0,0
0,47,97.9,73.6,7.3,-0.09,2.17,7,1,2,0,1
0,86,94.6,72,7.6,0.74,2.94,7,1,2,1,1
0,26,96.2,74.5,6.7,-0.06,2.49,7,1,1,0,1
0,59,93.8,75.8,7.7,0.16,2.54,6,0,1,0,1
0,51,99.5,75.1,8,-0.18,2.21,6,1,1,1,1
0,-31,96.6,72.2,7.7,-0.33,2.42,6,1,0,0,1
1,31,105.9,73.9,7.4,0.53,2.2,6,3,2,1,0
0,2,88.7,67.2,7.7,1.02,2.26,6,0,2,0,0
0,-1,78.6,66.4,6.4,0.27,2.16,5,1,1,1,0
0,54,99.9,76.9,7.2,0.05,2.35,5,1,0,1,0
0,9,93.7,71.9,6.9,0.26,2.94,5,1,1,1,0
0,34,102.8,77.4,7.8,0.32,2.09,4,2,2,0,0
1,28,102.9,76.4,7.2,0.09,2.75,4,1,0,1,0
0,15,81.7,63.2,6.1,0.17,3.31,4,1,1,1,0
0,45,96.4,71.6,7,-0.17,2.39,4,3,2,0,0
1,39,104.5,75.3,7.6,-0.42,2.59,4,0,0,1,0
0,4,101,72.9,7.1,-0.02,2.59,4,0,0,1,0
0,37,92.1,71.9,7.6,0.33,1.78,3,0,2,1,0
0,-21,77.7,68.9,6.3,0.14,2.8,3,1,1,1,0
0,69,85.6,72.3,8.3,0.3,2.9,3,1,1,0,0
0,59,97.3,73.1,6.8,0.03,2.71,3,1,2,1,0
0,10,58.8,68.6,8.1,0.29,2.24,2,2,1,1,0
0,-35,59.2,74.2,7.5,1.12,1.68,2,3,2,1,0
0,14,85.2,70.1,6.9,0.1,2.89,2,0,2,1,0
0,-8,100.8,68.8,6.6,-0.07,2.98,2,2,1,1,0
0,20,70.4,66.2,7.3,0.46,3.08,2,1,2,0,0
0,9,71.6,77,7.6,0.47,2.06,1,2,2,1,0
0,13,81.3,61.8,5.9,-0.78,2.41,1,2,1,1,0
0,12,96.9,74.9,7.2,-0.19,2.01,1,0,0,1,0
0,16,104.7,72.7,7.1,0.18,2.05,9,2,1,0,0
0,29,90.1,58.3,6.3,0.28,2.79,9,0,1,0,0
0,29,74.9,70.3,6.6,-0.44,2.46,9,1,0,1,0
0,51,87.7,81.5,7.4,0.92,3.27,8,1,2,0,0
0,-30,84.5,83.1,7.4,-0.65,2.54,8,0,0,0,0
0,-20,92.6,74.4,8.1,-0.55,2.32,8,2,1,1,0
0,-15,84.8,76.5,7.8,0.11,2.81,7,1,1,0,0
0,37,95.1,69.8,7.2,-0.04,2.28,7,0,0,1,0
0,36,75.5,65.8,6.5,-0.57,2.59,7,0,1,0,1
0,23,88.8,66.2,6.9,-0.27,3.11,7,0,0,0,1
1,29,106.3,74.7,8.1,0.26,1.79,6,3,2,0,0
0,18,70.3,53.6,8.2,1.32,1.58,6,1,2,0,0
0,34,81.2,65.9,7.3,-0.02,3.13,6,3,2,0,0
0,49,89.7,69,6.9,-0.23,3.11,6,1,1,0,0
0,2,67.2,73.1,6.4,-0.91,2.61,6,0,0,0,0
0,18,72.1,55.2,5.4,-0.85,3.21,6,1,1,0,0
0,3,100.4,72.7,6.7,-0.75,3.47,6,1,2,1,0
0,-60,86.2,64.7,7.4,-0.18,1.86,6,0,1,0,0
0,-9,92.8,70.4,7.4,-0.37,1.95,6,3,2,0,0
0,29,83.8,62.7,7.2,-0.18,2.68,5,2,2,0,0
0,23,70.5,65,8.6,1.03,1.91,5,2,2,0,0
0,4,98.6,76,8.1,-0.09,2.92,5,1,2,1,0
0,21,75.2,67.7,7.2,-0.13,3.03,5,0,1,0,0
0,11,108.3,71.5,7.6,0.37,2.89,4,3,2,0,0
1,30,102.4,67,7.4,-0.06,2.76,4,3,2,0,1
0,-21,97.3,71.7,7.2,0.66,2.69,4,2,2,0,1
0,3,88.9,71.3,7.2,-0.55,1.95,4,0,0,0,0
0,20,57.5,64.2,5.7,-0.85,2.24,4,0,0,0,0
1,20,109.9,77.8,6.9,-0.05,2.56,4,3,1,1,0
0,49,80,70,7.7,-0.02,2.67,3,1,1,0,1
0,53,92.1,67.6,6.9,-0.05,3.79,3,1,1,0,1
0,25,100.2,82.4,7.4,-0.7,2.75,3,2,2,0,1
0,7,91.6,76,7.9,-0.16,2.33,3,3,2,0,0
0,49,78.1,68.1,8,-0.05,2.46,2,3,2,0,1
1,35,90.6,73.1,8.8,-0.4,1.22,2,1,2,0,1
0,-10,94.6,72.8,8.2,-0.11,1.66,2,1,1,0,1
0,30,108,75.9,7.3,-0.1,2.52,2,2,2,0,1
0,12,105.8,70.5,7.2,-0.02,2.37,2,0,0,0,1
0,-23,83.3,70.4,6.9,-0.45,2.28,2,3,2,0,1
0,45,78.2,85.6,8.3,-0.62,2.61,1,2,0,0,1
0,62,89,77.3,8.5,-0.28,1.85,1,1,2,0,1
0,-34,86.6,67.5,7.3,0.97,2.71,1,1,0,0,1
0,4,90.4,62.3,6,-0.78,2.02,1,0,0,0,0
0,3,97.8,73.3,6.9,-0.8,2.65,1,3,2,1,0
0,28,63.8,60.5,6.1,-0.34,2.18,11,1,2,0,0
0,9,68.2,48.2,6.6,-0.41,2.04,11,3,1,1,0
0,-8,99.1,71.8,7.7,-0.62,1.29,11,1,2,0,0
0,42,95.9,79.4,7.4,-0.24,2.14,11,1,0,0,0
0,-24,72.2,72.9,7.9,0.17,1.26,11,0,0,0,0
0,6,109.1,75.1,6.5,0.36,3.2,11,0,0,0,0
0,-23,100.7,70.7,7.9,-0.95,1.54,10,0,2,1,0
0,43,97.4,75.8,6.8,0.62,2.31,10,0,2,1,0
0,-5,88.5,70.1,6.9,-0.07,2.24,10,1,2,0,0
0,-8,88.3,77,7.9,0.02,2.56,10,2,2,0,0
0,27,104,71.9,7.1,0.12,2.38,9,0,0,0,0
0,-7,93.2,70.4,6.6,0.08,3.16,9,1,1,0,0
0,-37,63.4,65.5,6.8,0.92,1.86,9,3,1,0,0
0,15,95,62.9,7.4,0.8,2.5,9,0,1,0,0
0,-28,72.7,45.3,5.4,-0.26,3.5,9,1,2,0,0
0,-40,79.4,70.1,7,-0.5,2.4,8,1,1,1,0
0,40,38.6,14.5,1.7,0.16,4.08,8,0,0,1,0
0,13,79,74.2,7.6,-0.74,1.93,8,2,1,1,0
0,46,91.8,78,7,-0.75,2.63,8,0,0,0,0
0,19,95.3,74.5,8,0.12,1.78,8,3,2,0,0
0,6,102.5,69.4,7.2,-0.49,2.5,7,0,1,1,0
0,9,102.9,73.5,6.9,-0.15,2.37,7,1,1,1,0
0,-8,74.4,67.4,8.1,-0.48,2.4,7,1,0,1,0
0,26,97,77.3,7.2,0.19,3.53,7,2,2,0,0
0,17,58.5,56.5,5.1,-0.91,2.98,7,0,2,0,1
0,58,87.7,75.5,7.5,-0.57,2.49,7,2,2,0,1
1,23,102.8,72.3,7.8,-0.31,2.12,7,0,0,0,0
0,20,94.8,65.8,7.1,0.2,2.17,6,0,2,0,0
0,34,102.8,66.5,7,-0.64,2.76,6,0,0,1,0
0,14,105.3,69.1,6.5,-0.35,3.35,6,1,0,0,0
0,3,103,69.2,7.4,-0.52,1.92,6,3,2,1,0
0,13,105.2,69.7,6.2,-0.26,3.17,6,0,0,0,0
0,23,99.5,71.7,7.8,0.15,2.2,6,0,1,0,0
0,27,79.6,76.7,6.9,-0.61,2.82,5,1,0,0,0
0,37,95.5,70.6,6.7,0.35,2.89,5,0,0,1,0
0,15,80.9,63.5,7.6,0.03,1.32,5,2,2,1,0
0,-44,83.3,66.1,7.1,-0.6,1.7,5,1,0,1,0
0,-36,87,66.7,6.6,0.44,1.97,4,0,1,0,0
0,6,104.2,70.8,6.5,0.25,2.61,4,0,0,0,0
0,26,96.8,73.3,7.3,0.44,2.57,4,0,1,1,0
0,11,87.9,70.7,6.6,0.38,2.8,4,0,1,1,0
0,-27,69,66.5,7.4,0.64,1.5,4,0,1,0,0
0,14,104.1,70.1,7.9,0.25,2.21,3,2,2,0,0
0,-8,95,75.6,7.2,-0.34,2.84,3,0,1,1,0
0,16,100.3,77.3,7,-0.32,2.65,3,0,0,0,0
0,4,101,71.1,6.5,-0.71,1.75,3,1,2,1,0
0,70,76,76.5,8.9,0.04,2.49,3,1,1,1,0
0,-51,73.2,71.6,6.6,-0.32,2.38,3,0,0,0,0
0,1,73.7,60.9,5.7,0.13,2.34,3,0,2,1,0
0,-22,88.8,69.7,7.4,-0.04,2.71,2,2,2,0,0
0,-1,100.9,67.4,6.1,0.3,3.12,2,1,1,1,0
0,19,107.1,71.1,7.5,-0.42,2.44,2,1,1,0,0
0,-50,69.6,75.3,7.2,-0.02,2.24,2,2,1,1,0
0,30,98.2,69.5,7.2,0.17,2.36,2,2,1,0,0
0,2,105.7,71.4,6.6,-0.16,2.29,2,3,2,1,0
0,35,103.1,77.2,7.2,-0.04,2.2,1,0,0,0,0
0,9,104.6,76.2,7.4,0.32,2.5,1,1,2,1,0
0,25,105.8,73.6,6.9,0.47,2.68,1,1,0,0,0
0,15,99.7,68,7.2,-0.97,2.71,9,0,2,1,0
0,1,95.9,70.3,7.3,0.5,1.72,9,1,2,1,0
0,32,103.5,74.5,6.7,-0.55,2.8,9,2,2,1,0
0,31,84.1,74.1,7.1,-0.48,1.94,9,0,2,0,0
0,43,63.2,76.7,7.5,0.82,2.51,9,3,1,1,0
0,-20,88.7,70.3,7.7,-0.79,1.81,9,0,0,0,0
0,9,73.6,65.2,5.7,0.11,2.13,9,1,2,1,0
0,8,94.2,67.4,7.2,-0.12,2.48,9,1,1,1,0
0,4,71.8,64.4,7.8,0.55,1.93,8,0,1,0,0
0,-37,77.7,68.9,7.7,0.06,1.23,8,0,2,0,1
0,-26,96,75.5,7,0.68,1.94,8,1,2,0,1
0,-14,61.4,61.1,8,0.69,1.14,8,2,2,0,0
0,18,86,63.6,5.7,-0.75,2.6,8,1,2,1,0
0,37,103.3,75.7,6.9,-0.58,3.34,7,2,0,0,0
0,9,108.4,74.5,7.4,0.04,1.96,7,1,2,0,0
0,22,88.2,63.5,7.2,-0.1,1.99,7,0,0,1,0
0,8,108.5,76.3,7.4,-0.42,1.89,7,3,1,1,0
0,24,97.2,68.7,6.9,0.31,2.42,7,0,1,0,0
0,41,72,70.3,6.8,0.89,3.08,7,1,2,1,0
0,-48,64.9,71.4,7.4,-0.16,1.81,6,2,1,1,0
0,5,106.5,78.5,6.7,0.35,2.09,6,0,0,1,0
0,-36,73.1,74.6,6.8,-0.49,2.08,6,1,0,0,0
0,33,84.9,67.7,7.1,0.66,3.28,6,0,0,0,0
1,25,112.5,77.2,7.2,0.01,3.14,6,1,0,1,0
0,7,114.4,76.1,7.4,0.36,2.59,5,0,1,1,0
0,18,95.6,74.2,7.3,0.94,2.18,5,1,0,0,0
0,33,85.9,64.6,8.1,0.74,1.34,5,2,2,0,0
0,-24,89.3,71.5,7.8,-0.16,2.5,5,1,0,0,0
0,40,98.4,71,7.2,-0.19,2.57,4,1,0,1,0
0,42,100.5,78.1,7.4,0.08,1.89,4,3,2,1,0
0,16,109.2,75.5,7.4,0.27,2.05,4,0,0,0,0
1,22,111.1,79.3,7.6,-0.29,1.8,4,3,2,1,0
0,61,67.7,67.4,6.7,-0.86,3.22,3,2,1,0,0
0,13,101.2,77.2,7.9,0.42,3.52,3,0,1,0,0
0,37,96.6,72.7,7.3,-0.63,2.42,3,0,0,1,0
0,31,78.8,63.9,7.7,0.02,1.83,3,0,0,0,0
0,16,27.3,8.7,1.3,0.81,2.39,3,0,0,1,1
0,43,90.9,67.9,6.5,-0.16,3,3,1,1,0,1
0,33,88.9,73.2,6.8,0.78,2.62,2,1,1,0,0
0,-4,106.7,74.3,7.2,0.25,1.47,2,2,2,0,0
0,-5,101.3,70.2,6.4,-0.3,2.78,2,1,1,1,0
0,11,93,74.9,7.1,0.04,2.47,2,1,0,1,0
0,74,75.8,74.7,7.7,-0.07,1.43,2,0,1,1,0
0,44,100.3,78.6,6.8,-0.22,2.49,2,1,0,1,0
0,8,85.5,71,7.9,0.39,2.12,2,0,1,0,0
0,-7,96.4,64.6,6,-0.13,2.71,2,3,2,1,1
1,26,106.4,71.7,7.4,0.06,2.71,2,2,1,0,1
0,-13,92,72.2,8.2,0.56,2.57,1,2,1,0,0
0,37,94.2,73.4,7.3,-0.96,2.48,1,1,1,1,0
0,-22,76.1,54.8,7.8,1.01,1,1,2,2,0,0
0,26,78.6,70.2,6.7,-0.3,2.46,1,2,2,1,1
0,10,83.1,71.9,7.8,0.35,2.99,9,0,1,0,0
0,-15,91.7,63.5,5.9,-1.26,2.25,9,0,1,0,0
0,-25,70.3,72.7,7.6,-1.16,2.79,8,0,1,1,1
0,5,74,69,8.3,0.67,1.12,8,1,2,0,1
0,2,110.8,82,7.7,0.14,1.89,8,0,1,0,1
0,15,99.3,68.2,6.7,-0.52,2.39,8,1,2,1,1
0,26,58.2,67.9,6.8,-0.5,2.93,8,1,2,0,1
0,34,93.6,80.3,8.4,-0.11,1.59,8,0,2,0,1
0,9,78.6,73.5,7.4,-0.1,1.98,8,1,2,0,1
0,16,105.5,73.3,7.4,0.23,1.41,7,0,0,0,1
0,28,97.5,72.5,8.4,0.11,1.92,7,3,1,0,0
0,13,97.7,69.8,6.3,0.15,2.75,7,2,2,1,0
0,-9,102.7,71.7,6.5,-0.64,1.78,7,1,2,0,0
0,-2,105.8,74.2,6.8,-0.22,2.88,7,0,2,0,0
0,46,98,72.2,7.1,-0.25,2.82,7,3,2,1,0
0,23,83,74.8,7.9,-0.99,2.01,6,1,2,1,1
0,60,77.3,71.2,8.2,-0.3,3.09,6,0,0,1,0
0,26,93.7,76.8,8,0.44,1.56,6,0,0,0,0
0,-1,89.3,62.8,7.4,-0.72,2.15,6,0,0,1,0
0,-48,64.8,72.1,7.4,-0.09,2.13,5,3,2,1,0
0,53,93.4,78.2,7.1,0.04,2.72,5,2,0,0,0
0,-7,105.1,71.6,6.2,-0.25,2.34,5,2,1,0,0
0,-13,106,74.5,6.7,-0.2,2.52,4,3,1,1,0
0,-7,105.3,75.1,7.9,0.03,2.67,4,0,0,1,0
0,49,60.5,66.3,7.2,0.82,1.95,4,2,2,1,0
0,40,96.2,70.6,7,0.16,1.97,4,0,0,1,0
0,29,95.9,79.4,7.7,0.09,2.52,3,1,0,0,0
0,30,95,70.1,6.6,0.31,3.13,3,0,2,1,0
0,58,61.9,64.6,6.5,-0.88,3.19,3,2,1,0,0
0,19,98.2,75.8,7.3,-0.86,2.43,3,0,0,1,0
0,18,96.7,77.4,7.4,0.18,2.67,3,2,2,1,0
0,-4,91.4,69.5,6.9,-0.08,2.84,3,1,2,0,0
0,11,99.1,65.6,6.5,0.65,2.12,3,0,1,0,0
0,22,92.7,67.8,5.8,-0.17,3.59,2,1,2,0,0
0,53,99.5,75.7,7.2,0.2,2.35,2,3,2,1,0
0,46,96.3,72.7,7.9,-0.23,2.66,2,1,0,1,0
0,27,81.9,76.7,6.6,-0.49,2.17,2,0,2,0,0
0,22,97.9,70.2,7,0.68,2.37,2,0,0,1,0
0,7,82.4,67.6,6.3,-1.19,2.51,2,0,1,0,0
0,-28,97.6,65.6,7.6,-0.41,1.44,1,0,1,1,0
0,12,97.2,70.3,7,0.11,3.16,1,0,0,1,0
0,12,98.3,72.5,8.6,0.65,2.21,1,0,0,0,0
1,31,97.6,76.9,7.4,0.3,2.73,1,1,0,1,0
0,24,69.1,78.7,7,0.68,2.79,1,0,0,1,0
0,19,109.9,74.5,7.7,-0.51,2.95,1,0,1,1,0
0,-9,88.2,73.7,7.1,0,2.64,1,0,0,1,0
0,-21,80.9,66.1,6.6,-0.67,2.16,1,0,2,1,0
0,25,90.8,65.3,7.3,0.5,2.06,1,1,2,1,0
1,44,105.2,70.6,8,-0.48,3.1,1,1,0,0,0
0,3,102.1,66.7,6.2,-0.34,2.73,1,1,2,0,0
0,24,85.8,75.1,6.9,-0.4,2.97,9,1,1,0,0
0,2,91.8,76.6,8.2,-0.4,2.27,9,2,2,1,0
0,8,93.7,66.2,8,0.83,2.35,8,0,1,0,0
0,-12,99.3,65.1,6.2,0.13,4.15,8,1,2,0,0
0,-1,99.8,72.5,7.8,0.38,1.89,8,3,2,0,0
0,1,81.6,72,8.4,0.49,1.92,8,1,1,0,1
0,14,106.6,72.3,6.9,-0.2,2.67,8,0,0,1,1
0,15,103.1,71.4,6.9,0.59,2.74,7,0,0,0,0
0,-30,57.2,69.3,7.5,-0.13,2.2,7,3,2,1,1
0,54,77.3,71.1,6.5,-1.11,3.18,7,0,0,0,0
0,-10,102.5,83.4,8,0.15,1.79,7,3,2,0,0
0,-17,97.5,65.5,6.3,0.02,2.25,7,1,0,0,0
0,64,74.2,66.8,8.2,-0.65,1.89,6,1,1,1,1
0,28,75.8,73.6,7.3,-0.3,2.03,6,0,0,0,0
0,-8,76.8,65.4,7.5,0.68,2.03,6,0,1,0,0
0,8,59.9,64.6,6.3,1.22,3.37,6,0,1,1,1
0,83,73.7,79.5,7.5,-0.67,2.71,6,3,2,0,1
0,5,65,69.1,7.4,-0.42,2.7,5,1,2,0,0
0,39,92.1,74.3,6.7,0.22,2.67,5,1,0,1,0
0,-50,27.8,12.9,1.4,0.59,2.38,5,0,0,0,1
0,40,71.4,74.4,7.5,0.74,2.75,5,0,1,1,1
0,10,71.7,65.4,8.8,0.73,1.72,4,2,0,0,0
0,-11,101.5,73,7.6,0.09,2.09,4,0,1,0,0
0,52,63.3,58.9,7.1,-0.46,3.16,4,1,0,0,1
0,5,95.5,81.5,7.7,0.11,1.6,4,0,0,0,1
0,84,87.7,76.8,7.8,-0.31,3.04,3,0,0,0,0
0,23,81.3,78.4,7.4,-0.32,2.23,3,0,0,0,1
0,45,103.8,81.6,7.8,0.42,2.65,3,1,1,0,1
0,8,86.8,58.9,5.8,0.75,2.68,3,0,2,0,1
0,15,106.2,72.6,6.9,0.42,3.28,2,3,0,0,0
0,17,103.8,76.8,7.5,0.05,2.45,2,2,0,1,0
0,-36,88,73.2,7.2,0.43,2.5,2,0,0,1,1
0,-1,103.1,77.8,7,0.05,2.7,2,0,0,0,1
0,46,97.4,79.5,7.5,-0.22,1.92,1,1,0,1,0
0,22,93.8,67.8,6.9,0,3.26,1,0,2,0,0
0,0,109.4,72.3,7,-0.12,2.02,1,3,2,1,1
0,7,102,78.8,7,0.56,2.08,1,3,0,0,1
1,32,108.5,80.3,8.4,0.19,2.18,10,1,1,1,0
0,44,67,53,7.1,0.68,1.91,10,2,2,0,0
0,9,100.4,69,6.5,-0.44,3.36,10,0,2,1,0
0,28,89.3,70.8,8,-1.28,2.1,10,1,2,1,1
0,-44,80.5,65.5,6.4,0.15,2.07,10,2,1,1,0
0,10,100.1,68.9,7.3,-0.51,2.42,9,0,0,1,1
0,59,88.3,70,6.7,-0.92,2.69,9,0,0,0,1
0,-3,79.5,63.1,5.8,0.42,3.4,9,1,2,1,1
0,-55,73.7,66.6,6.3,0.12,2.49,9,1,2,1,0
0,1,106.8,73.7,7.3,-0.26,1.05,9,1,2,1,0
0,40,75.7,75.5,7.8,0.18,1.88,8,2,1,0,0
0,39,98.5,76,7.1,0.42,2.09,8,0,0,1,0
0,-1,90.6,71.5,7.4,-0.62,2.17,8,0,0,0,1
0,6,97.9,69.8,8.1,-0.12,1.78,8,0,0,1,1
0,5,77.2,72.6,8.1,0.31,2.5,8,0,1,0,1
0,-21,87.6,69,6.6,-0.22,2.98,7,0,1,0,0
0,-10,86.5,68.4,6.6,0.04,2.45,7,1,1,1,1
0,-6,79.2,71.4,8.1,0.35,1.9,7,1,0,0,1
0,32,67.9,65.2,8.2,-0.42,1.77,7,0,2,1,1
0,-15,56,69.1,7.9,-0.57,2.05,7,1,2,1,1
0,32,85.7,72,7.8,-0.18,2.16,6,3,1,0,1
0,62,79.9,78.5,7.8,0.35,2.68,6,2,2,1,1
0,-33,64.2,80,7.4,0.72,2.47,6,2,1,0,0
0,19,83.6,74.1,6.6,-0.47,2.78,6,3,2,0,0
0,-6,103.5,77,6.5,-0.04,2.93,6,2,0,0,1
0,-12,63.2,57.5,8.3,-0.34,0.71,6,3,2,1,1
0,25,95.3,70.8,7.7,-0.08,2.14,6,1,2,0,0
0,-9,97.6,74.5,7.3,0.36,1.86,5,2,2,1,0
0,41,93.9,65.9,6.3,0.16,3.02,5,1,2,0,0
0,49,93.4,71.6,7.4,-0.05,2.79,5,2,2,1,0
0,52,85.2,59.7,6.3,0.19,3.65,5,2,2,0,0
0,14,100.7,79.3,8.3,0.3,2.54,5,0,1,1,0
0,36,91.3,76.7,7.2,-0.68,1.99,4,0,0,1,0
0,28,78.9,75.8,8.4,0.91,2.72,4,0,0,0,0
0,61,90,69.4,7.3,0.39,2.43,3,1,1,0,0
0,6,104.1,69,6.6,-0.4,2.64,3,2,1,1,0
0,15,103.5,77.7,7.8,-0.51,2.47,3,1,1,0,0
0,39,96.8,69.5,7.6,0.4,2,3,1,1,0,0
0,63,76.2,70.5,7.1,0.34,2.39,2,3,2,1,0
0,1,96,68.1,6.8,0.17,1.29,2,1,2,1,0
0,26,97.7,67.7,8.3,0.86,2.47,2,0,2,0,0
0,-34,85.8,76.1,7.7,-0.2,2.08,2,0,2,1,0
0,54,75.1,63.1,6.7,-0.32,3.86,2,0,2,1,0
0,17,88.6,63.1,7.2,0.92,2.86,2,0,2,0,0
0,33,75.1,71.7,6.6,0.51,2.11,2,1,2,1,0
0,18,70.1,65.5,7,0.08,2.21,2,1,2,0,0
0,5,94.3,72.5,7.9,0.37,1.86,1,0,0,0,0
0,-31,92.2,75.5,7.9,0.1,2.47,1,1,2,0,0
0,23,100.3,73.3,6.1,-0.77,3.33,9,2,0,0,0
0,-6,74.9,59.9,5.1,0.94,3.13,9,3,2,1,0
0,-21,104.3,69.5,6.3,-0.08,2.12,8,2,1,0,0
0,16,103.6,76.8,7.4,-0.2,2.98,8,2,1,0,0
0,9,67.2,74.9,6.6,-0.46,2.7,8,0,1,0,0
0,-52,66.2,83.8,7.2,-0.07,2.24,7,0,0,1,0
0,15,84.6,66.4,6.9,0.22,1.92,7,0,2,0,0
0,-21,97.6,67.7,6.6,0.08,2.5,7,0,0,1,0
0,26,92.8,77.8,7,0.59,1.92,7,0,0,1,0
0,11,84.1,82.6,8.7,-0.02,2.27,6,1,0,0,0
0,-15,101.1,68.1,6.5,0.2,1.74,6,0,0,1,0
0,-7,93.8,73.2,7.8,-0.17,2.53,6,1,1,1,0
0,-10,97.2,69.9,6.4,-0.3,3.58,6,2,2,1,0
0,10,79.2,81.7,7.9,0.93,2.81,6,0,0,0,0
0,61,94.1,84.5,7.9,0.76,2.8,5,0,0,1,0
0,-23,109,72.9,6.8,-0.29,2.14,5,1,2,1,0
0,2,104.3,74,6.8,-0.59,2.95,5,1,0,1,0
0,59,92.7,80.6,7.5,0.21,2.54,4,2,2,1,0
0,57,87.5,71.6,7.3,0.32,2.28,4,1,0,1,0
0,5,98.7,74.9,7.2,0.45,2.01,4,2,2,1,0
0,28,81.3,75.3,6.4,-0.49,3.56,4,1,2,0,0
0,23,100.2,67,5.8,-0.25,3.15,4,1,2,1,0
0,-19,78.3,74,7.7,-0.65,3.38,4,0,2,1,0
0,-10,59.6,69.4,6.6,-0.9,2.96,4,1,1,0,0
0,-8,99.4,79.9,7.4,0.24,2.03,4,3,1,1,0
0,-29,83.9,57.2,5.8,0.8,2.2,3,1,2,1,0
0,38,105.7,76.4,7.9,0.26,2.76,3,3,2,0,0
0,5,101.1,76.5,7,0.49,2.56,3,2,0,1,0
0,-4,99.5,76.9,8.2,0.76,1.71,3,0,0,0,0
0,24,104.4,72.1,6.3,0.14,3.46,3,2,1,0,0
0,-26,28,9.5,1.4,-0.26,3.48,2,0,0,1,0
0,38,74.2,71.9,6.9,-0.07,2.51,2,0,0,1,0
0,-13,79.7,72.8,6.7,0.7,2.75,2,0,1,1,0
0,-30,92.1,71.3,6.4,-0.37,2.5,2,3,2,1,0
0,-23,83.8,65,7.3,0.79,2.4,2,1,1,0,0
1,32,103.7,72.4,6.9,-0.47,3.2,2,0,1,1,0
0,-30,88.8,78.3,7.5,-0.14,2.14,1,1,1,0,0
0,60,93.2,72.4,6.5,0.02,2.72,1,2,0,1,0
0,16,99.3,78,7.3,0.48,2.5,1,1,0,1,0
0,-52,42.5,63.7,6,-0.98,3.16,1,0,0,0,0
0,46,81.9,72.7,7.2,-0.4,2.11,1,2,1,1,0
0,35,55.6,75.5,6.1,-0.49,3.29,1,0,0,0,0
0,7,102.3,74.9,7.4,-0.08,2.18,1,1,2,1,0
0,63,71.6,73.6,7.7,-0.34,3.68,9,3,0,0,0
0,-12,91,81.7,6.9,0.04,2.93,9,2,2,0,0
0,13,95.6,71.8,7.4,-0.81,1.9,9,0,0,1,0
0,24,104.9,71.3,7.7,-0.37,2.52,9,0,0,0,0
0,6,79.9,65.2,6.4,-0.73,2.84,9,2,1,0,0
1,34,105.2,77.8,7.7,0.37,1.92,9,1,1,1,0
0,66,94.7,63.4,6.7,-0.01,3.58,9,2,2,1,1
0,-15,86.2,76.9,7.7,0.02,2.23,9,1,2,1,1
0,5,76.1,68.7,6.7,-0.87,2.6,8,2,2,1,0
0,3,74.9,66,8.2,0.67,2.44,8,1,1,0,0
0,32,95.8,76.2,7.5,0.02,2.51,8,3,1,1,1
0,8,109.6,73.1,6.5,0.13,2.84,7,3,2,0,1
0,11,106.6,74.6,7.1,0.22,2.1,7,3,2,0,1
0,33,91.1,72,8.1,0.2,2,7,0,0,0,1
0,37,81.3,72.8,6.7,-1.31,3.11,7,3,1,0,0
1,20,111.8,78.2,8,-0.31,1.8,7,2,1,0,0
0,32,93.1,71.3,7.1,0.39,1.78,6,1,0,0,1
0,39,93.5,65.5,7.4,0.46,2.61,6,1,0,0,1
0,48,103.6,82.7,7.8,-0.14,3.28,6,3,2,1,1
0,28,75.8,76.1,7.7,0.83,3.05,6,0,0,0,1
0,30,103.7,70.4,8.2,-0.44,2.29,6,0,1,1,1
0,-33,87.8,60.4,7.1,-0.41,2.73,5,2,2,1,1
0,71,95.6,83.1,8,-0.34,3.34,5,1,2,0,1
0,16,103.7,74.6,8.3,-0.29,1.91,5,0,0,0,1
0,15,105.9,76.9,7.2,-0.2,2.5,5,3,2,1,1
0,-66,67.1,82.7,8.7,0.69,1.33,4,0,1,0,1
0,19,99.1,73,7.3,-0.32,2.35,4,2,0,0,1
0,-28,64.6,72.9,8.1,0.36,2.39,4,2,2,0,1
1,30,108.1,76.6,7.3,0.1,2.73,4,1,2,1,1
0,-10,90.8,74.9,7.4,0.88,2.76,4,0,1,0,1
0,54,88.2,71.5,8.5,0.05,2.65,4,3,2,1,1
0,7,98,63.7,5.9,-0.18,3.21,3,1,0,1,1
0,9,96,71,6.7,0.38,1.97,3,2,2,0,1
0,-16,79.4,70.5,6.7,-0.38,2.34,3,0,0,0,1
0,-7,106.8,75.3,7.5,0.15,2.67,3,2,2,0,1
0,15,102.5,74.3,8.2,-0.21,1.82,3,3,2,0,1
0,77,78.4,74.9,8.5,0.01,1.91,3,0,2,0,1
0,-11,93.1,72.2,7.5,0.24,2.92,2,0,2,0,1
0,27,104.5,67.8,8.1,0.49,3.08,2,3,2,0,1
0,34,94.6,79.2,7.4,-0.65,2.91,2,0,0,1,1
0,-34,37.6,73.1,8,-0.4,2.62,1,1,1,0,1
0,-22,62.5,61.8,8,1.16,1.69,1,2,2,0,1
0,50,93.4,73.7,8.2,-0.49,3.41,1,1,0,1,1
0,7,110.4,77.4,7.9,-0.14,2.6,1,1,2,0,1
0,2,101.3,72.1,7.2,-0.56,2.44,1,2,2,1,1
0,22,93.2,65.4,7.9,0.3,3.08,1,0,2,0,1
0,38,89.8,66.2,7.5,-0.17,1.54,9,2,2,1,0
0,26,98,72.9,7.6,-0.34,1.67,9,2,1,0,0
0,-1,82.4,63.5,6.4,-0.56,2.79,9,3,2,0,0
0,-3,106.5,78.8,8.1,0.28,2.61,9,1,0,0,0
0,7,71.5,74,7.5,0.41,2.08,8,0,1,0,0
0,-61,52.8,81.3,7.3,1.18,2.23,8,0,0,0,1
1,25,108.7,74.9,6.8,-0.69,2.78,8,3,1,0,1
0,-11,111.9,74,6.2,-0.04,2.77,8,2,1,1,1
0,-3,89.8,65.5,7.8,-0.24,1.52,8,0,1,0,0
0,2,87.1,78.3,7.5,0.46,1.63,8,1,2,0,0
0,4,98.9,77.1,8.4,0.21,2.12,8,3,2,0,0
0,22,108.5,76.3,7.3,0.6,2.3,8,0,0,0,0
0,34,105.7,70.3,7.5,0.07,2.71,7,0,0,1,1
0,21,101.6,72.1,7.3,-0.44,2.63,7,1,0,1,1
0,30,92.6,71.5,6.1,0.25,2.49,7,1,0,1,0
0,-16,84.8,73.4,8.2,-0.38,2.25,7,2,2,1,0
0,38,92.7,66.8,6.7,0.25,2.42,7,3,2,0,0
0,41,96.7,67.9,7.8,0.8,3.13,6,1,2,0,1
0,1,102,68.8,6.4,-0.55,1.7,6,0,1,0,0
0,-53,79.1,84.6,7.3,0.87,1.6,6,1,1,0,0
1,25,109.6,78.2,7.9,0.04,2.07,6,0,0,0,0
0,40,54.1,65.3,6.8,1.01,2.45,6,0,2,1,0
0,-32,96.4,72.9,7.1,-0.44,1.5,5,1,0,0,1
0,49,90.5,73.4,6.6,-1,2.66,5,1,1,0,1
0,-38,68.6,66.1,8.2,0.06,1.25,5,1,2,0,0
0,46,98.4,73.3,8,-0.01,1.93,4,1,1,0,1
0,2,95.2,64.8,5.8,0.21,3.42,4,0,1,1,1
0,6,79.2,70,7.1,-0.9,2.21,4,1,0,0,1
0,24,64.6,59.3,5.9,-0.31,2.81,4,2,1,0,1
0,-45,47.4,80.9,8.3,0.94,1.64,4,1,2,1,0
0,17,71.9,62.8,8,0.73,1.82,4,3,2,1,0
0,25,101.8,69.3,6.6,0.38,3.44,4,1,2,0,0
0,-42,73,72.1,7.9,-1.04,2.7,4,2,2,1,0
0,60,91.2,76.2,7.1,0.14,2.26,4,3,2,0,0
0,-10,78.1,53.2,6,0.44,1.54,4,0,2,1,0
0,-28,78.8,77.8,8.6,-0.25,1.75,4,2,1,0,0
0,61,60.3,67.5,7.5,-0.3,2.62,3,1,1,0,0
0,31,94.3,67.1,7,1,1.99,3,0,0,1,0
0,12,101.6,72.8,8,0.22,2.21,3,1,2,0,0
0,-38,53.7,56.9,5.9,0.37,2.37,3,1,1,1,0
0,-32,71.7,72.4,6.1,-0.71,2.77,3,2,1,0,0
0,21,71.3,63.3,5.8,0.16,3.1,3,0,2,1,0
0,1,103.3,67.4,5.9,-0.34,2.57,3,0,0,1,0
0,-5,68.6,66.2,7.3,0.18,2.5,3,0,0,0,0
0,3,99.3,69.3,7.4,0.61,2.56,2,1,1,0,0
0,-29,61.7,69.6,7.5,-1.08,2.37,2,0,0,1,0
0,-30,73.5,71.5,6.2,-0.74,2.33,2,1,1,0,0
0,-16,95.5,77.8,7.7,0.53,1.71,2,1,1,0,0
0,42,77.2,60.2,6.2,0.88,2.52,2,2,2,1,0
0,-86,48.7,61.3,8.4,-0.77,2.01,1,1,2,1,0
0,18,76,69.9,7,-0.46,3.69,1,1,1,1,0
0,4,75.6,70.3,7.9,0.12,2.22,1,1,2,1,0
1,33,102.9,76.3,7.3,0.27,2.84,1,1,1,1,0
0,-25,89.5,63.9,7.5,-0.09,2.14,1,0,0,1,0
0,14,103.9,72.9,7,-0.41,2.28,1,0,2,1,0
0,-16,101.4,80.2,8.4,0.24,2.26,1,1,0,1,0
0,26,96.4,75.1,7.1,0.4,1.86,9,1,2,1,0
0,31,98.3,68.8,7.3,0.06,2.49,9,1,0,1,0
0,32,80.3,67.2,7,1.19,2.77,8,0,0,0,1
0,-6,85.9,74,8.4,0.71,1.11,8,0,0,0,1
0,12,88.4,74.4,8,0.97,1.71,8,0,2,0,1
0,-20,101.1,64.9,6.3,0.68,3.13,8,3,2,0,1
0,48,81.8,69.3,7.2,0.08,1.72,8,0,1,1,0
0,20,106.3,75.6,7,0.41,2.31,8,1,2,1,0
0,26,86.5,73.9,8,-0.4,3.1,8,0,0,1,0
0,23,94.9,68.2,7.8,-0.32,2.02,7,1,0,0,0
0,43,100,71.6,7.1,0.29,3.11,7,3,1,0,0
0,19,98.6,73,7.3,-0.18,1.7,7,2,0,1,0
0,50,101.2,76.1,7.7,-0.17,2.65,7,3,2,1,0
0,46,77.5,74.7,7,-0.65,3.3,6,0,0,0,0
0,-7,86.1,73.4,6.5,0.44,1.85,6,1,2,1,0
0,-63,65.6,74.1,6.7,0.07,2.7,6,0,2,0,0
0,64,69.4,67.2,6.6,0.54,3.38,6,1,2,1,0
0,3,102.9,75.5,7.6,0.1,2.46,6,1,2,0,0
0,39,50.9,62.6,6.8,0.82,1.73,6,2,2,1,0
0,-9,104,71.6,6.9,-0.27,1.88,6,0,1,1,0
0,5,96.4,66.7,6.9,-0.46,1.46,6,0,2,1,0
0,53,78.4,73.3,7.2,-0.38,3.64,5,0,2,0,0
1,22,107.3,79.6,7.7,0.07,2.45,5,0,2,0,1
0,32,105,80.3,8.1,-0.19,1.95,5,0,0,0,1
0,25,100.7,67.1,7.4,-0.16,1.9,5,2,1,1,0
0,2,82.3,77.3,8.4,-0.79,2.67,5,0,0,1,0
0,21,97.5,71.8,7.7,-0.09,2.07,5,0,2,1,0
0,-21,96.2,65.2,5.9,-0.28,2.87,4,0,2,0,1
0,-12,99.9,74.8,8.1,-0.28,2.06,4,1,0,0,1
0,-3,87.7,64.9,6.2,-0.06,3.12,4,2,2,1,0
0,13,93.8,73.2,7.1,-0.42,2.32,4,0,0,1,0
1,27,112.8,78.1,8.3,-0.17,2.5,4,1,0,1,0
0,6,98.5,70.5,7.6,-1.31,2.64,4,1,2,1,0
0,42,91.4,64.3,7,0.74,2.35,3,2,2,0,1
0,-3,92.3,68.3,7.6,-0.12,1.67,3,1,1,1,0
0,2,99.2,72.1,7.4,0.21,2.13,3,0,0,1,0
0,-3,77.8,61.3,5.4,0.18,2.92,3,1,1,1,0
0,35,75.1,72.7,8,0.55,2.74,2,0,2,0,1
0,9,92.8,80.8,7.8,-0.5,2.52,2,1,0,0,1
0,4,92.6,72.2,7.2,0.31,1.19,2,2,2,0,1
0,33,101.3,71.3,7.6,0.2,3.34,2,2,1,0,1
0,-78,61,67,6.7,-0.29,2.74,2,0,1,1,0
0,27,96.7,72.8,6.9,0.51,3.04,2,0,1,1,0
0,72,86.4,68.2,7,-0.06,3.16,2,2,0,1,0
0,-21,89.9,65.6,6.6,-0.51,2.19,1,2,1,0,1
0,10,98.3,72.8,7.7,0.53,2.38,1,1,1,0,1
0,11,98.6,69,7.3,0,2.2,1,2,2,0,1
1,40,112.1,79,7.5,-0.18,3.42,1,2,1,0,1
1,24,102.1,68.2,7.3,-0.47,2.84,1,1,1,0,1
0,15,87.4,73.9,7.4,-0.24,1.53,1,3,2,1,1
0,35,84.1,75.9,6.8,0.41,2.85,1,0,1,1,0
0,34,93.5,76.4,6.9,0.74,3.29,9,1,1,0,0
0,15,98.5,66.3,6.8,1.06,3.26,9,2,2,0,0
0,0,105.6,80.9,7,0.09,1.64,8,1,0,1,0
0,10,77.3,73.4,7.8,1.08,2.15,8,1,2,0,0
0,33,100,78.4,7.3,-0.08,2.77,8,0,0,1,0
1,33,101.8,78,8.1,0.89,1.53,8,3,2,1,0
0,47,86.8,79.9,8.4,0.22,1.98,8,1,0,1,1
0,6,80.4,75.6,7.5,0.27,3.04,8,1,0,0,1
0,36,81.1,59.1,6.6,-0.04,1.16,7,2,2,1,0
0,-4,106.2,73.8,6.7,0.16,2.99,7,1,0,0,0
0,25,82.8,68.7,7,0.53,2.3,7,1,1,0,1
0,13,102.2,74.1,7.4,-0.18,2.13,7,1,2,0,0
0,51,92.2,65.9,7.4,0.04,1.98,6,0,0,1,0
0,0,92.6,71.7,7.5,0.73,1.84,6,2,2,0,0
0,73,84.3,67.4,7.4,-0.08,3.12,6,1,0,0,0
0,43,97.8,75,8.2,0.51,2.17,6,0,0,1,0
0,-1,107.2,72.5,6,-0.22,2.84,6,3,2,0,0
0,4,82.1,71.3,6.8,0.71,2.85,6,0,0,0,0
0,40,82.9,66.2,7.7,0.2,1.76,5,1,0,0,0
0,8,84.3,56.1,5.1,0.7,2.27,5,0,1,1,0
0,-5,87.7,66.4,5.9,-0.76,2.73,5,0,0,0,0
0,35,80.5,57.3,6.7,-0.9,2.5,5,1,1,1,1
0,24,92,74.1,6.4,0.29,1.89,5,1,1,0,1
0,37,95.8,78.3,6.9,0.64,2.93,5,0,0,1,0
0,27,99,76.6,7,0.25,2.59,4,0,2,0,1
0,26,105.3,74.8,7.4,0.6,3.32,4,1,2,0,0
0,21,83.2,62.7,6.2,-0.22,1.55,4,1,1,1,0
0,-9,86.2,69,5.9,-0.57,2.66,4,1,2,0,0
0,-16,90.3,70.3,6.9,0.09,1.7,4,0,1,1,0
0,-1,110.9,75.1,6.7,0.37,2.67,4,0,0,0,0
0,10,81.3,68.4,5.8,0.57,3.23,4,0,0,1,0
0,78,67.3,74.2,7.5,0.35,2,3,1,1,0,0
0,45,101.5,73.6,7.4,0.42,1.92,3,1,1,1,0
0,-13,97,68.4,6.6,0.27,2.3,3,2,0,0,0
0,17,102,79.2,8,-0.46,1.85,3,0,1,1,0
0,8,102,77,8.6,0.16,1.7,3,3,2,0,0
0,22,94.5,73.8,7.8,-0.56,2.96,3,0,1,1,0
0,31,106,74.3,7.3,0.17,2.59,3,1,0,1,0
0,41,85.6,61.1,5.5,-0.06,2.85,2,1,2,1,0
0,-5,96.4,70,6.2,-0.45,2.9,2,3,1,0,0
0,55,89.8,77.1,7,-0.29,2.2,2,1,2,0,0
0,4,103.7,76.1,7.1,-0.05,2.65,2,2,2,1,0
0,25,101.6,75.7,7.1,-0.57,2.16,2,1,0,0,0
0,59,76,64.4,8.1,1.11,1.65,2,2,2,0,0
0,-15,100.8,76.8,7.5,0.29,2.07,1,2,1,1,0
0,-25,61.4,70,8.1,-1.32,2.29,1,1,1,1,0
0,63,84.2,75.7,7,-0.81,3.02,1,1,0,0,0
0,22,89.1,70.1,5.7,-0.4,2.43,1,0,0,1,0
1,26,97.8,73.5,6.5,-0.03,2.3,1,1,1,0,0
0,43,105.4,77.4,6.9,-0.05,2.81,1,2,0,1,0
0,45,87.4,75.5,6.8,-0.16,2.9,1,0,1,0,0
0,0,104.8,75.8,8.2,-0.16,1.96,1,3,2,1,0
0,-14,105.3,72,6.8,0.19,2.08,1,1,1,1,0
0,3,63.4,64.9,5.9,-0.92,2.7,1,1,2,0,0
0,-1,101.3,72.1,6.7,-0.43,2.2,1,0,0,1,0
0,0,109.2,75.2,6.9,-0.51,1.47,1,0,1,1,0
0,-29,66,66.8,8.8,0.85,1.36,1,2,2,0,0
0,-4,101.2,69.3,6,-0.17,3.23,1,1,2,1,0
0,-18,92.6,72.9,8.1,0.45,1.29,9,2,2,0,1
0,13,93.9,64.6,7.5,0.54,1.38,8,3,2,0,0
0,7,101.7,69.5,6.3,-0.26,3.15,8,1,1,1,0
0,15,77.1,73.1,7.7,0.24,2.86,8,1,0,0,0
0,-12,67.6,69.5,8.7,0.33,1.91,8,0,0,0,0
0,18,89.2,67.1,7.1,0.16,1.44,8,0,0,0,0
0,32,90.6,74.5,7.8,-0.33,1.11,8,0,0,1,0
0,1,98.3,76.2,8.1,0.05,1.88,8,2,1,0,0
0,4,58,52.4,7.1,-0.11,1.1,7,1,2,1,0
0,-20,81.3,70,7.7,0.99,2.52,7,0,0,0,0
0,14,90,70.3,7.5,-0.65,1.72,7,0,1,1,0
0,60,94.7,78.8,8.2,0.05,2.19,7,2,1,1,1
0,23,101,78.6,7.5,0.18,2.63,7,0,0,0,0
0,-5,89.6,64.2,7,0.43,2.08,7,1,2,0,0
0,26,59.9,70.1,6.7,-1.37,2.52,6,2,2,0,0
0,-19,79.5,71.1,7.4,0.89,2.49,6,3,2,0,0
0,29,89.5,77.2,7.1,0.46,2.24,6,0,2,1,0
0,38,80.2,70.2,6.2,0.24,3.15,6,0,2,1,0
0,35,99.6,70.5,8.3,0.41,1.89,6,0,0,0,0
0,6,106.9,73.5,7.6,-0.35,1.78,6,0,2,0,1
0,46,73.4,71.8,6.3,-0.45,3.3,5,0,1,0,0
0,20,89.1,66.7,7.3,0.9,2.79,5,1,1,0,0
0,78,72.1,75.4,8.2,-1.04,2.18,5,0,1,1,1
0,-9,90,58.2,5.3,0.24,3.53,5,1,2,0,1
0,35,86.4,71.8,7.8,0.65,2.06,4,2,2,0,0
0,78,96.3,78.2,7.7,-0.54,2.24,4,0,0,0,0
0,0,93.3,73.7,7.8,0.65,2.5,4,0,1,0,1
0,60,72.8,70.4,6.5,0.46,2.42,3,2,2,1,0
0,-33,54.4,51,6.6,0.98,2.06,3,3,1,0,0
0,22,86.6,68.7,7.7,0.7,2.03,3,0,1,0,0
0,35,88.7,79.6,8.6,-0.34,1.75,3,1,1,1,1
0,-11,105.8,76.9,7.3,-0.09,2.2,3,0,2,0,1
0,50,89,77.1,7.8,-0.32,2.39,3,1,0,0,1
0,-8,106.7,71.3,7.3,0.96,2.65,2,1,2,0,0
0,27,86.7,65.6,7.3,-0.84,3.07,2,2,2,1,0
0,14,102.8,71.1,7.3,0.03,2.17,2,0,0,0,0
0,42,98.5,74.2,7.1,0.07,2.58,1,1,0,0,0
0,3,103.5,74.3,7,-0.05,1.86,1,0,1,0,0
0,59,83.4,70.6,6.6,-0.08,2.92,1,0,0,1,0
0,3,83.6,74.2,7.1,-1.01,2,1,1,1,0,0
0,32,103.7,76.3,7.6,0.53,3.46,1,3,1,0,0
0,12,108.6,74.4,7.4,-0.55,2.35,1,1,0,0,0
0,41,54.1,76,7.5,-0.64,2.87,9,0,0,0,0
0,43,82.3,67.9,6.7,-0.26,2.56,8,0,0,1,0
0,10,92.4,68.1,6.5,-0.53,2.2,8,1,0,0,0
0,21,85.2,73.2,6.5,0.34,2.9,8,0,0,1,1
0,22,99.5,71.5,6.6,-0.29,2.81,8,0,1,1,0
0,4,87.5,69.8,8.3,-0.05,1.55,8,2,2,0,0
0,-17,85.7,73.3,8.2,0.46,1.87,7,1,2,0,1
0,-3,100.2,73.4,7.1,0.44,2.01,7,2,1,1,1
0,14,100,66.8,7.6,0.72,2.24,7,1,1,0,1
0,-29,79.6,65.7,7.5,0,1.48,7,2,2,1,1
0,-2,76,59.2,8.2,-0.34,1.02,7,1,2,1,0
0,-4,94.6,66.9,6.2,0.23,1.91,6,2,2,1,0
0,-20,71.5,64.7,6.6,-0.6,2.62,6,3,2,1,0
0,-44,78.1,68,6.8,0.04,2.48,6,0,0,0,0
0,18,94.3,71.2,6.3,0.15,2.42,6,0,1,1,0
0,44,89,67.3,7,0.3,2.74,5,0,1,0,0
0,-20,66.9,71.2,7.7,-0.95,1.99,5,0,0,1,0
0,-21,87.7,71.1,7,-0.4,2.51,5,0,0,0,0
1,40,106,76.1,7.3,-1.03,2.26,5,0,2,0,0
0,8,106.5,69.8,7.3,-0.58,2.78,5,0,2,1,0
1,21,107.6,72.7,7,-0.27,2.39,4,2,1,1,0
0,-37,91.8,71.6,6.8,-0.3,2.24,4,0,0,1,0
0,14,71.1,68.2,6.8,0.34,1.89,4,2,1,0,0
0,15,85.1,72.8,6.4,-0.06,2.72,4,1,2,1,0
0,8,100.1,75,7.9,0.48,2.19,4,0,0,0,0
0,8,107.1,70.4,6.7,-0.19,2.86,3,1,2,1,0
0,27,97.6,68,8.1,0.32,1.86,3,2,2,0,0
0,14,99.5,72.2,7.1,-0.43,2.77,3,2,1,1,0
0,-69,19.8,9.4,3.2,0.94,2.25,3,0,1,0,0
0,12,90,69.3,6.6,0.31,3.42,3,2,1,1,0
0,-20,70.7,73,7.9,0.1,1.61,3,2,2,0,0
0,23,103.8,71.5,6.7,-0.61,2.77,3,2,1,1,0
0,20,94.1,66,5.9,-0.34,1.84,3,0,2,1,0
0,-10,95.6,65.2,6.2,-0.89,2.75,2,0,0,0,0
0,12,104.4,72.2,6.9,-0.63,2.22,2,2,1,1,0
0,40,68.1,71.6,7.4,0.27,1.62,2,0,1,0,0
0,4,95.3,71.8,7.4,-0.28,2.18,2,2,0,1,0
0,47,90.7,77.4,8.1,-0.55,2.82,2,1,2,0,0
0,-35,94.8,68.4,7.2,0.62,2.91,2,1,2,0,0
0,44,72.6,75.7,8.5,0.06,2.14,1,0,1,0,0
0,-52,89.7,73.1,6.8,-0.75,2.49,1,0,0,1,0
0,-4,91.1,65.9,8.5,-0.04,1.64,1,0,1,0,0
0,-18,87.3,70.3,6.4,-0.7,1.75,1,1,0,1,0
0,-2,94.1,74,8.4,1.31,1.63,1,1,2,0,0
0,-5,90.1,69.9,6.4,0.21,2.21,1,3,2,1,0
0,17,102.2,71.1,6.6,0.3,2.58,9,1,0,0,0
0,-28,61,72.5,8.1,0.85,2.56,9,0,0,0,0
0,7,94.7,65,6.6,0.45,1.79,9,3,2,0,0
0,-20,70.5,67.7,6.8,-0.56,2.26,8,3,2,0,0
0,47,100.2,74.6,8.5,-0.08,2.47,8,1,1,0,0
0,-10,89.9,58.5,7.7,-0.84,1.53,8,0,1,1,0
0,60,89.7,72.2,7.7,-0.22,2.59,8,2,0,0,0
0,-13,93.8,66,7.9,-0.92,1.1,8,2,2,1,0
0,27,100,79.9,7.9,0.03,1.73,7,0,0,1,0
0,19,91.4,59,6.2,-0.03,2.99,7,0,1,0,0
0,-15,93.5,70,6.9,-0.02,2.6,7,2,1,0,0
0,25,96,73.7,6.8,-0.57,2.2,7,1,0,0,0
0,37,96,74.7,7.2,0.17,2.37,7,2,1,1,0
0,54,83,76.5,8.3,-0.45,2.2,7,2,1,0,0
0,-16,66.8,78.8,7.8,-0.29,2.84,6,0,1,1,0
0,-4,97.5,72.9,7,-0.3,2.64,6,1,1,0,0
0,60,90.3,73.8,7.7,0.27,2,6,0,1,1,0
0,-33,66,69.7,7.9,0.69,1.81,6,0,1,0,0
0,13,97,65.6,6.5,-0.12,1.61,6,1,2,0,0
0,15,80.8,51.8,8.1,-0.55,1.2,6,0,1,1,1
0,1,107.5,73.5,7.3,0.14,2.65,6,1,0,0,1
0,2,94.4,71.4,6.8,0.32,2.44,6,1,0,1,1
0,-15,86.2,67.9,6.5,0.28,1.73,5,2,0,1,1
0,20,72.8,72.4,7.8,-0.56,1.63,5,0,2,1,1
0,15,104.8,72.2,7.4,-0.59,2.66,5,1,1,1,0
0,22,91.7,65.3,7.9,0.21,1.7,5,0,1,0,0
0,8,84.5,71.5,7,-0.25,2.29,5,0,1,1,0
0,39,87,80,6.8,0.05,3.04,4,3,1,1,0
0,15,91.7,71.9,8.2,0.41,1,4,0,2,0,0
0,30,96.4,68.4,6.8,-0.51,2.79,4,1,2,1,0
0,19,79.1,75.4,8.4,0.37,2.21,4,3,1,0,0
0,60,75.9,64.1,8.6,0.34,2.05,4,0,2,0,0
0,9,93.6,68,7.6,0.6,1.83,4,1,1,0,0
0,-3,98.8,71.4,7.3,-0.16,1.95,4,1,2,1,0
0,-17,92.8,74.4,6.9,0.27,2.08,3,2,2,1,0
0,39,98.4,74.5,7.3,-0.06,2.8,3,3,2,0,0
0,26,93.9,72.5,7.3,0.26,1.97,3,0,1,1,0
0,-15,61.8,69.7,6.4,-0.69,1.78,3,2,2,0,0
0,79,88.5,83.4,7.8,0.24,2.35,2,3,2,1,0
0,43,98.2,74.3,7.5,0.64,2.73,2,1,1,0,0
0,44,79.3,70.3,7.2,-0.15,2.37,2,3,1,0,0
0,45,70.5,70,7.1,-0.6,2.53,2,0,1,1,0
0,23,103.2,68.5,7.1,-1.05,2.78,1,0,1,1,0
0,28,98.2,70.7,6.1,-0.26,2.93,1,1,1,1,0
0,-9,90.3,68.3,7.3,-0.28,2.73,1,0,1,1,0
0,-6,85.7,61.5,5.3,-0.19,2.76,1,3,2,0,0
0,14,92.1,68.4,6.9,-0.55,2.49,1,0,1,1,0
0,-16,85.8,66.8,7.5,-1,2.32,1,0,2,1,0
0,-25,76.9,54.3,4.8,0.64,2.75,9,0,1,1,0
0,48,69.3,69.8,7.8,0.15,2.16,9,0,1,1,0
0,-24,80.4,79.3,7.9,0.37,2.07,9,3,1,0,0
1,30,107,75.1,7.9,-0.03,2.33,9,2,0,0,1
0,8,99.4,67.6,7.2,0.08,2.26,9,0,0,1,1
0,66,83.3,72.1,7.6,-0.45,1.88,8,0,0,1,1
0,21,102,75.5,7.5,0.54,2.41,8,0,2,0,1
0,-18,76.4,69.2,7.5,-0.83,2.93,8,2,2,1,1
0,18,100.3,72.6,7.4,-0.27,1.71,8,0,1,0,1
0,84,77.8,66.3,7.8,0.55,3.79,8,1,1,1,1
0,56,92.1,69.9,7.4,-0.1,2.74,8,2,0,0,1
0,-51,77.8,63.7,6.5,-0.46,1.83,7,3,2,1,1
0,50,29.8,8.2,1.6,-0.38,2.79,7,0,0,0,1
0,29,90.9,77,8,-0.55,2.25,7,0,0,0,1
0,29,93.8,69.2,6.5,0.7,3.02,7,1,2,1,1
0,39,92.1,75.8,8.4,-0.22,1.87,7,1,1,0,1
0,9,93.5,63.1,6.9,0.7,3.37,7,3,2,0,1
0,49,85.6,73.1,6.9,0.13,2.25,6,3,1,0,0
0,4,105.9,72.6,7.5,-0.08,1.55,6,1,0,1,0
0,22,79.6,68.8,8.1,-0.07,0.68,6,2,2,1,0
0,18,102,77.4,7.4,0.26,2.19,6,0,0,1,0
0,11,86.3,67.1,6,-0.11,2.46,6,0,1,0,0
0,-49,69.4,64,6.8,-0.19,2.38,6,0,1,1,0
0,0,104.2,74.8,8.4,-0.19,2.08,6,0,0,0,0
0,32,97,77.4,6.8,0.3,2.02,5,0,0,0,0
0,13,94,67,7.2,-0.99,2.4,5,1,2,1,0
0,-14,98.2,81.6,7.5,0.26,2.77,5,1,0,0,0
0,41,97.1,85.4,7.3,-0.51,2.37,5,3,2,1,0
0,15,108.9,73.8,7.7,-0.5,2.4,5,1,1,0,0
0,31,92.8,70.1,7.4,0.08,1.96,5,2,2,0,0
0,-4,87.4,67.1,7.2,-0.8,2.03,4,0,0,1,0
0,5,99.1,72,7.7,-0.18,1.34,4,0,0,1,0
0,30,92.5,71.4,6.7,-0.31,2.56,4,2,0,1,0
0,24,86.7,69.6,6.6,-0.18,2.43,4,1,0,1,0
0,-15,72.7,49.7,4.5,-0.18,3.41,3,1,2,1,0
0,17,28.5,17.6,1.6,0.75,2.97,3,1,0,0,0
0,18,90.3,68.2,7.6,-0.57,2.42,3,1,2,1,0
0,27,91.6,57.4,6.7,-0.66,2.22,3,0,1,0,0
0,24,90.9,66.6,7.5,-0.55,3.09,3,2,2,0,0
0,21,83.2,69.2,6.4,0.09,2.63,3,0,1,1,0
0,-21,68.4,57.9,5.8,-0.93,2.73,3,0,1,0,0
0,29,86.4,69.2,6.9,-0.33,1.91,2,2,2,1,0
0,-17,93,70.4,6.9,0.26,2.51,2,1,1,1,0
0,6,86.8,70.9,7.5,-0.6,2.39,2,0,0,0,0
0,-2,89.9,69.3,7.3,-0.14,1.67,2,1,2,1,0
0,-1,95.1,77.9,6.6,0.06,1.89,1,3,2,1,0
0,39,91.8,73.3,7.5,-0.12,2.37,1,1,0,0,0
0,-18,99.3,74.7,7.8,0.3,2.26,1,3,2,0,0
1,28,115,76.3,8,0.86,2.29,1,0,0,1,0
0,47,91.8,70.5,6.6,-0.03,3.13,9,2,2,0,0
0,14,86.9,60.8,8,-0.33,1.71,9,2,2,1,0
0,-8,109.4,75,8.1,0.28,1.48,9,0,0,1,0
0,-18,101.8,71.9,8.2,0.27,1.56,9,3,2,1,0
0,24,77.7,58.4,7.4,0.77,2.11,8,0,0,0,0
0,-52,56.5,71.2,7.7,0.72,1.13,8,1,1,0,0
0,7,80.9,53.6,7.6,-0.21,1.02,8,0,1,1,0
0,9,94.6,73.4,6.6,-0.1,2.77,8,1,1,1,0
0,-32,74.7,68.8,7.7,0.47,1.33,8,1,0,1,0
0,-28,85,69.7,6.3,-0.84,2.22,8,2,2,0,0
0,16,71.3,69.8,6.4,-0.75,3.02,8,2,2,0,0
0,62,77.3,76.1,7.8,-0.52,2.37,7,0,0,0,0
0,-3,77.8,75.9,8,-0.85,2.05,7,1,1,1,1
0,5,100.5,76.2,8.2,-0.24,1.24,7,0,2,0,1
0,14,97.5,71.4,7.2,0.21,2.02,7,1,0,0,1
0,64,89,76.1,6.9,-0.53,2.85,6,2,1,0,1
0,44,67.9,69.6,6,-0.18,3.29,6,2,2,0,1
0,12,75.2,74.9,6.3,0.61,3.45,6,0,0,1,1
0,20,87.6,72.9,6.4,-0.33,2.57,6,0,1,0,1
0,52,87.9,74.1,7.8,0.05,1.93,6,1,0,0,1
0,-7,95,67.9,7.4,-0.18,1.92,5,0,2,0,1
0,2,95.8,74.3,7.2,0.02,2.74,5,1,0,0,1
0,-22,100.9,63,7.7,-0.16,1.27,5,0,1,1,1
0,11,117.7,82.7,8.3,0.51,1.54,5,0,1,1,0
0,33,96,85.7,7,-0.22,3,4,1,0,0,1
0,17,90.4,72.4,7.1,-0.85,1.56,4,1,1,1,0
0,12,65.9,70.8,5.9,-0.59,2.88,3,1,1,0,1
0,11,80.8,69.7,6.3,0.01,3.03,3,0,1,0,1
0,-21,94.1,64.6,6.6,0.15,2.05,3,1,0,0,0
0,-13,88.9,71.1,7.5,-0.42,2.01,2,1,0,0,1
0,28,82,65.1,5.8,-0.01,2.99,2,0,1,0,1
0,-13,102.7,71,7.2,-0.18,2.38,2,2,2,1,0
0,16,93.6,72.3,7.7,0.68,3.02,2,0,0,1,0
0,19,79.9,73.5,6.3,0.53,2.85,2,1,1,1,0
0,-18,100.4,75.1,6.8,0.26,2.64,2,0,0,0,0
0,69,92.1,75.7,7.1,-0.25,2.92,1,0,0,0,1
0,11,105.1,74.6,8.3,0.48,2.39,1,3,2,0,1
1,27,105.8,77.2,7.9,-0.04,2.52,1,0,0,0,1
0,45,92.3,79,7.8,0.39,2.37,1,0,1,0,0
0,34,98.1,85.4,8.2,-0.02,2.45,1,2,2,1,0
0,62,93.2,78.7,7,0.38,3.77,9,1,2,0,0
0,-6,93.8,71.5,8.3,0.42,1.8,9,2,2,0,0
0,19,93.5,67.5,8.4,0.83,1.98,9,3,2,0,0
0,46,101.9,75.7,7,0.22,2.52,9,0,2,1,0
0,45,91.2,72.6,8,-0.15,2.28,9,1,2,1,0
0,20,88.2,60.3,7.7,0.79,2.02,9,1,2,0,0
0,1,74,68.4,6.8,0,2.13,8,1,0,1,0
0,17,86.4,74.3,7.5,-0.66,2.22,8,0,0,1,0
0,45,94.8,75.6,8.3,-0.21,1.86,8,2,2,1,0
0,38,97.5,77.8,7.4,-0.16,2.52,8,0,0,1,0
0,-35,76.7,74.1,7.4,-0.79,2.51,8,1,0,1,0
0,12,75.6,68.2,8.4,-0.83,2.36,8,0,2,1,0
0,47,60.2,61.3,6,-1.03,3.08,7,0,1,0,0
0,22,105.4,69.4,7.4,0.65,2.68,7,2,1,1,1
0,-22,92.6,70.2,6.7,0.09,2.59,7,1,0,1,0
0,-30,100.6,77.7,7.7,0.27,2.6,6,1,1,0,1
0,57,85.5,66.5,5.8,0.31,3.31,6,2,2,1,1
0,24,82.1,69.9,6.3,0.01,2.13,6,0,1,0,1
0,-7,95,76.7,8.5,-0.52,2.42,6,0,2,1,0
0,-3,109.3,85.1,7.6,-0.3,1.92,6,2,1,1,0
0,-47,84.6,74.8,7.4,-0.27,1.48,6,3,2,0,0
0,45,92.6,72.3,7.9,0.53,1.6,5,2,2,0,1
0,-36,66.2,71.2,9,0.42,1.59,5,0,0,0,1
0,-3,94.4,69,8.2,-0.65,2.32,5,0,0,1,0
0,13,78.4,70.9,8.3,-0.75,1.7,5,0,0,1,0
0,-36,84.9,74,7.5,-0.34,1.82,5,1,0,1,0
0,32,90,76.8,7.7,-0.63,2.18,5,0,2,1,0
0,56,88.4,77.9,7.4,0.11,2.49,4,0,0,0,1
0,28,94.6,77.3,8.4,0.58,2.3,4,1,1,0,1
0,73,84.5,76.8,7.5,-0.25,2.85,4,3,1,1,0
0,22,104.8,72.6,6.6,-0.23,2.94,4,0,2,0,0
0,-4,103.6,75.4,8.4,-0.7,2.08,4,1,0,0,0
0,6,107.4,73.8,7.4,-0.3,2.01,4,0,1,1,0
0,5,104.3,67.3,6.3,-0.7,3.47,4,1,2,1,0
0,10,107.8,73,6.6,0.49,2.27,3,0,0,0,1
0,40,84.6,69.5,7.1,-0.07,2.99,3,0,0,1,0
0,29,89.1,76.9,7,-0.04,2.3,3,1,0,1,0
0,-9,70.8,65.5,7.5,1.15,1.74,2,2,2,0,1
0,67,81.4,77,8.4,0.63,2.35,2,2,2,0,1
0,-10,99.9,75.4,7.1,-0.13,2.31,2,1,2,0,0
0,-18,99.2,77.5,7.9,0.1,2.27,2,0,0,1,0
0,9,102.9,72,8.2,-0.14,1.79,2,1,2,1,0
0,-9,95,72,7.4,-0.15,3.13,1,0,0,0,1
0,-5,92.6,65.3,5.8,0.48,2.54,1,2,2,1,1
1,28,106.1,74.9,6.9,0.51,2.08,1,2,2,0,1
0,-17,78.9,81.5,8.3,0.36,1.5,1,0,0,0,0
0,-4,100.5,79,7.5,-0.32,2.14,1,2,2,1,0
0,-9,109.3,76.8,7,-0.12,2.8,9,0,0,0,1
0,30,71.8,68.3,7.3,-0.81,2.24,9,0,1,0,1
0,-5,89.2,66,6.3,-0.46,2.82,8,3,2,1,1
0,31,100.4,76.2,8.8,0.3,2.28,8,0,0,0,1
1,28,100.5,72.8,7,-0.28,2.15,8,3,2,0,1
0,35,94.7,68.8,6.8,-0.41,2.9,8,1,2,0,1
0,51,87.5,69.1,8.1,-0.25,1.93,8,2,1,1,1
0,-11,103.4,73.1,6.8,0.23,3.39,8,0,2,0,1
0,-4,102.2,73.8,6.6,-0.11,2.63,8,2,2,1,0
0,-24,37.3,59.8,8,0.16,0.68,8,1,2,0,0
0,24,102.6,76.8,7.6,0.04,2.71,8,0,1,0,0
0,0,93.9,74.7,6.5,0.33,2.94,7,1,0,1,0
0,-25,95.9,73.6,7.7,-0.3,2.37,7,1,0,0,0
0,21,93.9,69.8,6.1,-0.17,2.95,7,2,1,0,0
0,-5,103.2,75,7.7,0.34,2.12,7,0,1,0,1
1,27,108.8,81.6,8.1,-0.04,2.68,7,1,0,0,1
0,-15,75,66.9,7.6,-0.58,1.6,7,1,2,1,0
0,5,89,73.7,7,-0.1,2.84,6,0,0,1,0
0,30,76.7,73.5,6,-0.49,3.12,6,0,0,0,0
1,30,98.9,74.7,7.6,0.2,2.83,6,1,2,1,0
0,6,102.3,75.2,9,-0.19,1.87,6,0,1,0,0
0,1,105.1,68.3,6,-0.24,2.92,6,3,2,1,0
0,6,27.5,12.6,2.5,0.31,1.45,6,0,1,1,0
0,56,77.1,68.9,6,0.43,3.43,6,0,0,1,0
0,-10,64.6,62.4,7.8,1.26,1.79,6,0,1,0,0
0,31,84.9,60.3,8.1,0.6,1.88,5,2,1,0,0
0,64,86.9,69.1,6.3,-0.44,3.22,5,1,2,0,0
0,33,88.3,62.5,7,0.21,2.17,5,1,2,0,0
0,11,99.5,74,7.4,-0.37,2.22,5,2,2,1,0
0,23,101.1,74.9,7.8,0.65,2.93,5,1,2,0,0
0,-30,86.7,72.7,7.6,-0.35,1.67,5,2,2,1,0
0,10,103.2,76.8,7.8,0.03,2.45,5,0,0,1,0
0,10,106,74.7,7.4,0.29,2.91,4,0,2,0,0
0,6,96.6,74.2,6.6,0.38,1.85,4,1,1,1,0
0,14,101.2,70.2,7.1,0.29,2.63,4,3,2,0,0
0,5,78.4,69.1,6.8,-0.22,3.1,4,1,0,0,0
0,23,95.8,68.8,6.3,-0.47,3.81,4,0,1,1,0
0,-3,93.1,74.8,6.9,0.49,2.06,3,2,1,1,0
0,43,94.6,72.6,7.1,0.32,2.65,3,0,1,0,0
0,-16,80.4,66.1,7.1,1.14,2.12,3,2,2,0,0
0,15,100,71.9,6.5,0.02,2.83,3,0,1,1,0
0,-5,92,64.3,8.1,0.81,2.43,3,0,1,0,0
0,31,83.8,76.7,6.8,-0.19,3.28,2,1,2,0,0
0,-15,97.4,80.4,7.5,0.56,2.55,2,0,1,0,0
0,6,106.7,74.4,7.7,0.46,2.49,1,2,2,1,0
0,56,65,72,9,0.08,1.08,1,2,0,0,0
0,-7,84.9,72.8,7.2,-0.91,2.41,1,0,1,1,0
0,-40,70.9,64.8,6.9,-0.73,2.23,1,0,1,1,0
0,11,78.5,66.4,6.2,-0.36,3.44,1,2,0,1,0
0,16,106.2,73.1,7.5,0.4,2.18,1,2,1,0,0
0,-17,94.9,66.3,6.5,-0.32,1.46,9,2,2,1,0
0,-18,96.1,80.3,8.2,0.36,1.93,9,2,0,0,0
0,35,92.9,71.9,8,0.44,1.36,8,3,2,1,0
0,26,92,70.6,7,-0.27,2.25,8,0,1,1,0
0,-35,71.7,82.4,6.7,0.42,2.79,8,1,0,0,0
0,15,101.3,73.9,5.9,-0.12,2.73,8,2,2,0,0
0,10,63.8,67,6,-0.91,3.23,8,1,1,0,0
0,71,88.3,77.2,7.8,0.56,1.79,8,1,0,1,0
0,-12,94,66.5,6.8,-0.39,2.29,8,2,2,0,0
0,-43,72.2,65.3,8.1,0.17,1.7,7,0,0,0,0
0,-49,77,59.6,7.4,-0.4,2.59,7,0,1,1,0
0,-67,64.3,74.1,8.2,0.71,1.88,7,1,0,0,0
0,13,97,65.8,6.6,0.01,2.78,7,2,2,0,0
0,30,99.7,74.9,6.5,-0.88,2.6,7,1,0,0,0
0,23,91.7,67.6,6.5,-0.15,2.89,7,2,1,1,0
0,17,98,81.2,7.3,0.13,2.84,7,3,2,0,0
0,-24,96.2,65.6,8.2,0.89,1.51,7,2,2,0,0
0,5,85,71.2,7,0.02,3.19,6,3,2,1,0
0,-32,94.2,67.2,6.4,-0.47,1.69,6,1,2,1,0
0,22,60.1,51.8,5.1,0.16,3.69,6,0,2,1,0
0,36,92.5,71.1,6.2,0.29,3.25,6,1,1,1,0
0,-46,68.4,69.9,6.7,-0.66,2.95,6,2,1,0,0
0,-12,90.9,76.3,7.5,-0.37,2.03,5,0,1,0,1
0,6,107.6,77,8.1,0.42,2.62,5,0,0,0,1
1,28,96.9,70.1,6.8,0.39,3.91,5,1,2,1,1
0,2,73,73.3,7.5,-0.05,3.31,5,0,1,0,1
0,45,82.3,71.4,7.1,-0.3,1.74,5,2,0,0,0
0,-23,82,65.3,6.9,0.75,1.77,5,0,1,0,0
0,-22,84.8,73.5,7,1.11,1.67,4,0,1,1,1
0,-15,76.5,78.3,8.5,1.42,2.54,4,2,2,0,1
0,24,105.6,74.7,6.9,-0.29,2.56,4,1,0,0,0
0,24,96.2,63.1,7.3,-0.58,2.1,4,0,0,1,0
0,-24,94.6,75.8,6.7,0.28,2.72,3,0,0,0,1
0,-7,92,62.9,7.3,1.18,2.13,3,0,2,0,1
0,-9,101.9,71.5,6.8,0.21,3.26,3,0,0,1,1
1,33,108.8,76.4,8.1,0.21,2.06,3,0,1,0,1
0,8,91.6,63.7,7,1.32,2.46,3,1,1,0,1
0,-9,82.5,68.6,7.7,-0.38,1.57,3,0,1,1,0
0,5,89.7,69,6.5,-0.14,2.92,3,0,0,0,0
0,-8,89.6,60.2,7.3,0.41,1.96,3,0,2,0,0
0,38,70.1,72.9,6.2,0.76,2.96,2,0,0,1,1
0,15,93.7,80.3,7.5,0.07,2.03,2,1,1,0,1
0,-2,77,55.6,6.9,1.25,2.26,2,1,0,0,1
0,28,96.9,75.7,6.6,0.37,2.79,2,0,1,0,1
0,15,108.3,82,7.2,-0.68,2.13,2,2,1,0,1
0,0,83.6,81.2,7.3,0.26,1.88,2,2,2,0,0
0,0,106.8,73.7,8.3,0.66,2.48,2,0,0,0,0
0,-27,91.4,75.3,6.3,-0.1,3.14,2,3,1,0,0
0,40,73.7,67.3,6,0.41,3.23,1,1,0,1,1
0,19,88.5,61.9,6.5,-0.55,2.79,1,0,2,0,1
0,9,103.6,74.4,6.7,0.14,2.79,1,0,0,0,1
0,1,34.9,56.6,5.5,0.96,3.31,1,1,2,1,0
0,-23,108.8,73.4,7.1,-0.21,2.45,1,0,0,1,0
0,67,85.4,65.5,7.3,-0.2,2.81,1,2,2,0,0
0,-44,86.4,60.3,5.2,0.54,3.15,1,0,0,1,0
0,35,85.1,71.6,7,-0.06,2.86,9,2,2,1,0
0,67,76.4,73.3,7.7,-0.25,2.24,9,0,0,0,0
0,12,89.1,72.8,7.5,-0.97,2.63,9,0,1,1,0
0,17,102.8,70.6,7.1,0.34,3.26,8,0,1,0,0
0,-16,92.6,72,7.4,-0.31,1.59,8,0,0,1,0
0,38,101.6,70.3,7.2,-0.05,2.89,8,1,1,0,1
0,19,92.1,67.5,6.9,0.35,2.83,8,2,1,0,1
0,23,103.5,70.9,7.1,0.64,1.96,8,0,2,0,1
0,30,79.4,73.9,6.9,0,2.35,8,1,1,0,1
0,54,56.5,60.5,6.6,0.75,2.55,7,0,1,1,0
0,24,92.2,65.9,6,-0.46,3.3,7,0,2,0,0
0,21,79.4,69.5,8.5,0.01,1.52,7,1,0,0,0
1,42,102.5,79.2,8.2,-0.05,2.84,7,0,0,0,0
0,-14,102,74.9,7.1,0.12,2.28,7,2,1,1,0
0,-61,66.2,55.8,5.5,0.43,2.48,7,2,1,1,1
0,-10,102,77.1,7.5,0.55,2.33,6,0,1,0,0
0,63,45,68.2,7,-0.77,1.97,6,0,2,0,0
0,47,78.4,66.9,7.4,-0.7,1.73,6,1,2,1,0
0,10,102.7,71.9,7.3,-0.71,2.54,6,1,2,1,0
0,0,104.4,72.9,6.8,0.31,2.41,6,1,2,1,1
0,-7,78.6,69.7,7.6,0.03,2.16,6,0,0,0,1
0,3,84.4,71.5,7.7,0.29,2.01,6,2,2,0,1
0,60,90.9,81.5,7.5,-1.02,2.1,6,1,0,0,1
0,-12,94.5,68.6,6.9,0.42,2.49,6,0,0,0,1
0,27,84.7,67.8,6,-0.3,3.42,5,0,2,0,0
0,31,81.4,69.8,7,0.19,2.69,5,0,1,0,0
0,58,77.3,69.7,6.7,-0.14,3.05,5,3,2,0,0
0,16,90.7,63.9,5.8,0,2.77,5,2,0,1,0
0,-3,92,67.7,7.7,0.05,2,5,2,1,0,0
0,5,98.6,66.7,7.1,0.55,2.49,5,2,1,0,0
1,28,104.9,71.5,7.5,-0.91,2.96,5,0,0,0,0
0,9,68.4,74.7,7.2,-0.99,1.9,4,1,1,0,0
0,-6,102.2,69.2,6.6,-0.44,3.42,4,1,1,1,0
0,30,91.6,76,7.5,0.64,1.85,4,0,1,0,0
0,50,74.4,72.2,7.9,0.19,1.64,4,3,2,0,0
0,50,102,74,7.3,-0.29,3.16,4,0,1,1,0
0,72,82.2,63.2,7.7,0.91,2.77,4,3,2,0,0
0,46,91.4,72.2,7.2,-0.47,2.44,3,0,0,1,0
0,40,90.8,70.6,7.8,-0.67,2.17,3,1,0,1,0
0,9,85.6,59.8,7.9,0.11,1.17,3,1,1,0,0
0,61,89,72.1,7.5,0.07,2.07,3,1,0,0,0
0,-1,100.7,70.5,6.7,0.22,2.11,3,3,2,0,0
0,32,94.4,68.6,7.4,0.66,2.54,3,3,1,1,0
0,25,72.1,69.1,8.2,-0.38,1.42,3,1,0,1,0
0,-25,69.1,66.8,6.4,-1,1.91,3,1,1,0,0
0,-5,96.1,71.1,6.9,-1.06,2.63,3,1,0,1,0
0,6,95.3,70.2,7.1,0.86,1.72,3,1,0,0,0
0,-66,67.8,66.1,6.2,0.3,3.63,2,1,1,0,0
0,4,72.7,70.5,7.1,-0.77,3.1,2,0,2,0,0
0,-24,74.3,71.6,6.8,0.27,1.9,2,0,0,1,0
0,-59,79.9,64.9,6.3,-0.13,2.2,2,2,0,0,0
0,53,95.5,71.1,7,0.28,2.72,2,0,1,0,0
0,49,99.4,71.8,7.2,-0.06,2.71,2,2,1,1,0
0,4,102.7,70.6,7.2,0.45,2.94,2,0,0,0,0
0,33,99.6,73.9,8.1,-0.03,1.6,1,2,2,1,0
0,70,77.6,77.5,7.7,0.8,2.65,1,0,0,0,0
0,6,106.9,79.6,8.4,-0.04,1.59,1,1,0,0,0
0,41,88.2,71.2,8,0.09,1.73,1,0,1,1,0
0,19,98.1,66.3,6.2,0.64,3.1,1,0,1,1,0
0,41,99.4,76.4,7.4,0.01,2.26,9,1,2,0,0
0,34,96.5,72.3,7.5,-0.36,2.48,9,2,2,0,0
0,40,92.1,75,6.4,-0.61,2.7,9,1,2,0,0
0,39,95.8,77.3,8.1,-0.23,1.93,9,1,0,1,0
0,7,111.1,79.2,7.7,-0.3,1.87,9,0,0,0,0
0,-23,76.7,69.4,8.2,0.79,1.94,9,0,1,0,0
0,5,29.1,4.5,1.5,-0.36,2.51,9,1,0,0,0
0,-22,75.2,69.9,6.2,0.67,2,8,1,2,1,0
0,-23,92.3,67,5.7,-0.38,2.28,8,0,0,1,0
0,45,101.8,71.8,7.7,-0.38,2.44,8,2,2,0,0
0,4,86.2,67.2,6.7,-0.26,2.35,8,0,0,0,1
0,15,99.9,67.4,6.1,0.08,3.07,8,1,2,0,1
0,11,96.2,66.1,6.4,0.01,2.65,7,0,1,1,0
0,56,88.8,72.1,8.4,-0.14,1.51,7,1,1,1,0
0,-49,54.7,73.6,8.3,0,1.9,7,0,0,0,0
0,-10,89.9,75.3,7.8,0.54,1.8,7,0,1,0,1
0,78,75.2,69.3,8.6,0.02,1.52,7,1,1,0,1
0,-11,66.7,59.3,7.6,0.65,1.13,7,1,1,0,1
0,21,90.9,75.3,7.6,-0.24,1.02,6,0,2,1,0
0,-1,99.3,64.1,6.3,-0.61,2.37,6,0,0,0,0
0,45,88.1,64.3,6.3,0.28,3.17,6,1,1,0,0
0,17,101.5,78.5,7.6,0.26,2.16,6,1,2,1,0
0,60,89.3,74.1,6.9,-0.69,2.8,6,3,2,1,0
0,7,104.8,72.9,6.6,0.49,3.19,6,3,2,0,0
0,29,91.8,64.8,7.5,0.85,2.78,5,3,2,0,0
0,16,76.9,67.6,7.7,-0.98,1.58,5,2,1,1,0
0,32,66.8,62.5,8.9,-0.04,1.54,5,0,0,1,0
0,-19,68.5,68.1,8.4,-0.96,2,5,0,2,1,0
0,15,104.3,69.3,6.5,-0.2,3.37,5,2,2,0,0
0,34,83.7,77.5,6.6,-0.04,2.38,5,1,1,0,0
0,8,85.1,69.9,6.5,-0.75,2.75,4,2,2,0,0
0,-4,100.9,73.2,7,0.45,1.69,4,1,1,1,0
0,54,90.7,67.4,7.2,0.26,3.12,4,0,0,0,0
0,14,89.1,75.1,6.9,0.07,2.34,4,0,0,1,0
0,0,102.2,68.6,6.9,0.05,2.39,4,1,2,1,0
0,28,89.2,71.7,7,1,2.56,4,3,0,0,0
0,22,97.9,86,8.8,0.1,1.33,4,1,1,1,0
0,-1,89.7,75.5,8.3,0.57,2.22,4,0,0,0,0
0,25,83.8,72.2,6.3,0.28,3.05,3,0,1,1,0
0,21,89.6,67.7,7,-0.41,2.44,3,0,0,0,0
0,9,110.4,77,8.2,0.46,2.17,3,0,2,0,0
0,36,91.9,73.6,7.8,-0.29,1.8,3,2,2,1,0
0,3,105.2,74.5,7.6,0.54,1.57,3,1,1,0,0
0,-20,96.6,65.2,7.2,-0.26,1.82,3,0,1,1,0
0,49,94,72.7,8,-0.72,2.08,2,0,0,1,0
0,26,53.4,66.6,6.1,-0.93,2.93,2,0,1,0,0
0,43,83.4,69,6.1,-0.41,3.19,2,0,2,0,0
0,2,97,64.4,7.5,0.67,2.04,2,1,1,0,0
0,-12,98.8,71.8,7.5,-0.82,2.52,2,0,1,1,0
0,-16,96,68.4,7.2,-0.49,1.15,2,1,2,1,0
0,56,98.8,74.6,6.8,-0.73,2.67,1,0,0,0,0
0,-3,94.1,71.8,7.2,-0.25,2.18,1,0,2,1,0
0,22,100.9,72.8,6.6,-0.35,2.39,1,0,0,1,0
0,27,91.8,73.6,7.3,0.75,2.51,1,3,2,0,0
1,24,105.6,75.1,8.4,-0.07,1.98,1,0,1,1,0
0,-86,55.5,67.7,7,0.3,1.52,1,2,2,0,0
0,15,103.3,69.6,7.1,0.22,2.91,1,0,0,0,0
0,41,101.5,78.6,8.6,0.35,1.64,9,0,0,1,0
0,11,107.8,74.7,7.4,-0.05,3.3,9,0,1,0,0
0,31,100.5,71.7,7.2,0.59,3.02,9,2,2,0,0
0,47,67,64.5,8.3,-0.28,2.21,9,1,0,1,0
0,74,96.3,79,7.4,-0.19,2.8,9,1,0,0,0
0,25,91.5,70.5,6.8,0.22,3.55,8,0,0,1,0
0,23,92.6,62.9,6.4,0.5,2.15,8,1,1,1,1
0,9,73.4,65.5,8.2,-0.59,1.86,8,2,1,1,1
0,-9,109.6,79.8,7.8,-0.69,1.31,8,2,2,0,1
0,44,89.1,76.2,7.8,-0.26,3.1,8,0,1,0,0
0,40,86.5,73.5,8.4,-0.76,1.82,8,0,1,0,0
0,-26,76.3,70.7,8.5,-0.24,1.41,7,2,0,1,1
0,0,78.6,68.7,7.3,1,2.56,7,2,2,0,1
0,18,92.1,74.2,6.4,-0.28,2.53,7,3,2,0,0
0,0,89.9,66.8,6,-0.25,2.7,7,3,2,0,0
0,43,94.7,69.3,6.4,-0.46,2.65,7,1,0,0,0
0,-5,106.5,73.3,7.7,-0.23,2.14,6,3,1,1,0
0,1,60.3,73,6.9,-1.01,3.4,6,0,0,0,0
0,-3,101.2,72.6,6.5,-0.62,3.09,6,1,2,1,0
0,-21,90.6,66.5,7,-0.52,2.42,6,3,2,1,0
0,-7,103.7,75,7.3,0.81,3.18,6,3,2,0,0
0,12,75.5,75.6,7.7,-0.02,1.64,6,3,2,1,0
0,43,95.6,66.6,7.7,-0.07,2.2,6,0,2,0,0
0,10,96.8,67.2,7.5,-0.84,2.38,6,1,2,1,0
0,34,92.6,77,8.1,0.84,1.7,5,3,2,1,0
0,-5,88.6,67,6.9,0,1.79,5,1,1,0,0
0,-11,97,77.2,7.4,0.01,1.74,5,0,1,0,0
0,-2,97.6,63.5,6.2,-0.53,2.94,5,1,2,1,0
0,87,58.6,75.9,7,-0.66,2.85,4,3,0,0,0
0,-31,96.6,68.6,7,-0.75,2.4,4,0,0,1,0
0,-63,59.1,72.5,6.9,-0.6,2.98,4,1,0,1,0
0,8,93.1,62.6,8.2,0.69,1.78,4,0,0,0,0
0,31,99.8,70.6,6.9,-0.84,2.31,4,1,0,1,0
0,21,108.4,74.3,7.8,-0.21,2,4,1,1,0,0
0,0,78.6,71.5,6.9,0.64,2.37,3,0,2,1,0
0,-26,103.7,74.8,6.6,0.04,2.45,3,0,0,0,0
0,31,89.8,69.2,6.8,-1.04,3.03,3,0,1,1,0
0,8,97.9,68.1,6.5,-0.64,2.24,3,2,1,0,0
0,2,98,65.1,6.9,0.17,3.1,3,3,1,1,0
0,82,72.5,73.7,7.1,0.54,2.62,2,3,2,1,0
0,-29,88.3,71,7,-0.39,2.01,2,0,0,1,0
0,42,98.6,77.3,8.3,0.58,2.66,2,0,0,0,0
0,-19,82.7,76.7,6.1,-0.09,2.16,1,1,1,0,0
0,-20,95.3,70,7.3,0.01,2.11,1,0,0,1,0
0,16,93,74,7.7,0.19,2.09,1,3,2,1,0
0,-77,51.6,72.5,8.2,-0.17,1.76,1,1,1,1,0
0,-11,89.8,72.7,7.5,-0.2,1.98,1,1,0,1,0
0,-2,92.8,71,7.3,-0.05,3.35,1,3,2,0,0
0,-16,91.6,65.4,7.1,-0.15,2.45,1,2,2,1,0
0,-8,87,70,7.6,0.25,2.31,9,1,0,0,0
0,40,56.7,69,6.8,-1,2.76,8,1,0,0,0
0,30,97.2,67.4,7.3,-0.52,2.33,8,0,0,1,0
0,-10,86.1,75.6,7.5,0.22,2.44,8,1,0,0,0
0,26,91.5,79.1,7.6,0.35,2.82,8,2,2,1,1
0,0,91.9,70.3,7.2,0.22,1.65,8,1,2,0,0
0,-10,86.1,80.4,7.8,0.29,1.92,8,0,1,0,0
0,23,101.1,73,7,-0.25,2.62,8,0,0,1,0
0,38,87.8,70.6,6.6,-0.2,2.71,7,0,1,1,0
0,11,87,68.3,5.5,0.03,2.69,7,0,0,1,0
0,-47,63.5,67.2,7.5,0.33,2.81,7,1,1,1,0
0,-14,93.4,61.4,5.6,0.21,3.35,7,1,2,0,1
0,35,66.2,62.4,5.8,-0.53,3.57,6,1,1,0,0
0,2,81.2,75,7.5,-0.62,2.19,6,3,1,1,0
0,-56,26.2,8.9,1.2,0.4,2.71,6,0,0,0,0
0,14,68.8,74.3,8.1,0.98,2.42,6,0,0,0,0
0,26,80.2,70.5,8,0.3,1.6,6,0,1,0,0
0,36,86.6,72.1,7.1,-0.85,2.44,5,1,2,0,1
0,7,95.2,74.8,6.8,0.57,2.52,5,2,1,1,1
0,-21,93.3,73,6.6,-0.16,2.22,5,0,1,0,1
0,4,29.1,9.7,1.6,0.76,1.53,5,0,0,1,1
0,70,83.2,73.9,7.4,0.27,1.74,5,0,0,1,0
0,17,101.5,68.4,7,0.3,2.42,5,0,2,0,0
1,29,102.5,74.5,8,0.1,2.18,5,0,1,1,0
0,4,73.3,71.2,7.2,-1.09,2.4,5,3,2,0,0
0,44,100.4,72.7,7.1,-0.29,2.51,4,1,1,0,1
0,-4,94,67.3,6.2,0.28,2.98,4,0,2,0,1
0,36,106.8,77.1,7.4,0.04,2.37,4,3,2,1,1
0,67,77,76,8.2,0.36,1.86,4,2,1,0,1
0,24,88.3,76.4,8,-0.56,2.93,4,0,0,1,0
0,3,61.3,71.9,6.7,-0.72,2.77,4,0,0,0,0
0,44,96.6,76.4,7.4,0.21,2.03,3,0,0,0,1
0,-51,61.2,65.6,7.8,0.95,2.8,3,0,0,0,0
0,9,64.8,61.5,6.2,-1.06,2.61,3,2,2,0,0
0,37,89.9,70.4,7.1,0.08,2.13,2,2,1,0,1
0,47,61.9,65.5,6.4,-0.81,3.06,2,0,2,0,1
0,56,95.3,72.7,8,0.06,2.9,2,0,1,1,0
0,26,100.9,70.1,7.1,0.59,2.74,2,3,2,0,0
0,29,97.7,73.4,7.2,0.52,3.2,2,0,1,1,0
0,-15,82.1,73.2,8.3,0.13,1.96,1,2,0,0,1
0,16,102.9,75.5,6.7,0.52,1.92,1,3,2,0,1
0,19,97.5,74.4,8.1,-0.28,2.31,1,2,1,1,1
0,8,64.8,60.1,6.8,0.59,2.27,1,2,2,1,0
0,3,100.1,72.1,7.2,-0.07,3.25,11,0,0,1,1
0,-15,59.1,70.7,5.5,1.06,2.82,11,1,1,1,1
0,35,93.9,76.6,7.5,0.03,2.29,10,3,2,0,0
0,18,97.9,72.6,7.4,-0.5,1.77,10,1,0,1,0
0,-18,93.7,78,7.9,0.35,1.45,10,2,1,0,0
0,-22,110.2,77.3,6.4,0.32,2.1,10,2,2,1,0
0,6,77.8,68.4,7.3,-0.51,2.58,10,2,2,1,0
0,-13,109.9,77.7,7.3,-0.24,1.48,9,1,0,0,0
0,68,88.1,74.6,6.8,0.91,2.08,9,0,1,1,0
0,24,107.7,74.1,7.4,0.03,2.25,9,1,1,0,0
0,36,100.8,74.1,6.3,0.32,3.29,9,0,1,0,0
0,-8,97.9,86.3,7.4,-0.11,1.7,9,1,1,1,0
0,64,95.2,76.7,7.7,0.37,2.23,8,3,1,1,0
0,41,84.4,65.4,6.3,-0.76,3.55,8,3,1,0,0
1,28,104.8,81.6,8,0.44,2.51,8,2,0,0,0
0,64,94,78.6,7.2,-0.2,2.47,8,2,2,0,0
0,6,100.7,69.3,6.5,-0.14,2.45,8,0,0,0,0
0,-28,84.1,76,6.7,0.03,2.38,8,2,2,1,1
0,2,68.8,63,8.1,-1.25,1.64,7,0,1,1,0
0,79,77.3,74.1,7.1,-0.4,2.73,7,1,1,0,0
0,13,84.4,64.4,6.1,1.15,2.54,7,0,2,0,0
0,-42,73.7,69,6.2,-0.63,3.15,7,2,1,0,1
0,35,91.2,61.4,5.6,0.23,3.52,6,3,2,1,0
0,42,99.4,76.7,6.9,0.18,2.85,6,3,1,0,1
0,66,93.5,79.4,8.1,-0.01,2.64,6,0,0,1,1
0,79,78.2,75.3,6.7,-0.3,2.37,6,0,2,0,0
0,19,110.3,78,7.2,-0.32,2.79,6,0,0,1,0
0,28,94.1,70.1,7.8,0.77,1.88,5,0,2,0,1
0,45,97.6,71.3,7.6,0.76,3.35,5,0,0,0,1
0,45,94.2,76,7.4,0.13,2.96,5,2,1,0,0
0,-15,92.4,68.4,6.8,-0.74,2.14,4,1,0,0,1
0,3,84.2,76.3,7.3,0.17,2.03,4,1,0,0,1
0,2,96.4,75.5,7.1,0.23,2.56,4,1,2,0,1
0,-9,107,83,7.8,0.15,2.35,4,3,2,1,1
0,38,95.2,73.5,7.8,-0.72,2.69,4,2,0,1,0
0,-69,64.7,66.6,7,-0.32,2.54,3,0,0,1,1
0,-21,105,76.7,6.7,0,2.65,3,1,0,0,1
0,37,87.4,75.9,7.6,0.09,2.12,3,1,1,0,1
0,33,104.2,77.6,6.8,0.12,2.51,3,1,0,0,0
0,15,77.2,76.9,7.3,-0.83,2.34,3,0,2,1,0
0,-17,100.9,76.1,6.9,-0.34,2.53,3,2,1,0,0
0,-4,107.7,77.2,7.7,0.05,2.26,2,0,1,0,0
1,21,111,74.4,7,0.36,2.04,2,1,1,1,0
0,-5,95.5,70.6,7.3,0.9,2.59,2,1,2,0,0
0,31,98,78.2,6.9,-0.07,2.87,1,1,0,0,1
0,48,93.9,76.9,7.9,-0.4,2.58,1,2,1,1,1
0,21,81.7,73.2,7.6,-0.75,2.61,1,1,2,1,1
0,49,92,76.4,7.7,-0.16,2.65,1,2,2,1,0
0,-3,78.3,63.4,7,1.44,1.81,1,2,2,0,0
0,37,96.6,74.3,7.5,-0.07,2.43,1,2,1,0,0
0,15,105.6,75.2,7.8,0.64,1.67,1,2,2,0,0
0,9,83.3,71.9,6.1,1.01,3.31,1,0,1,1,0
0,-29,72.8,65.9,7.8,0.57,1.13,9,0,2,0,0
0,4,100.1,70.8,7.6,-0.66,2.38,9,0,1,1,0
0,16,105.1,77.5,8,-0.67,2.74,9,3,2,1,0
0,3,82.5,69.4,7.8,-0.01,1.68,9,0,0,1,0
0,46,82.9,69.1,8,-0.53,1.73,9,0,2,0,0
0,23,90.1,66.8,6.8,0.48,1.62,9,0,2,1,0
0,-14,103.1,76.8,6.9,0.1,2.55,8,0,0,0,0
0,61,90.6,72.5,7.8,-0.02,2.99,8,2,2,0,0
0,49,78.6,75.6,7.8,0.29,2.16,8,0,0,1,0
0,-47,88.6,68,7.2,-0.44,1.84,8,0,1,1,0
0,3,78,60.1,5.6,-1.22,2.77,8,1,0,0,0
0,6,71.5,67.6,7.2,-1.07,2.15,8,3,2,0,0
0,22,100.4,69,7.7,-0.31,1.66,8,0,1,1,0
0,41,100.7,75.1,7.9,0,2.46,7,2,1,1,1
0,11,108.9,72.8,7.2,0.07,2.76,7,2,2,1,1
0,38,86.4,63.5,7.1,0.71,1.96,7,1,2,0,1
0,41,96.9,72.3,7.9,0.13,1.59,7,2,2,1,0
0,-7,67.5,64.6,8.4,0.56,1.6,7,2,2,0,0
0,-17,79.5,52.4,6.7,-0.34,1.26,7,2,2,1,0
0,-3,110.7,74.3,7.3,0.52,2.33,6,3,2,0,0
0,47,87.1,67.3,8,-0.18,1.36,6,1,0,1,0
0,-4,92.5,67,7,-0.28,1.41,6,1,0,0,0
0,17,102.8,71.4,7.8,-0.7,2.5,6,2,2,0,0
1,27,103.7,72.1,7.6,-0.09,2.44,6,0,0,1,0
0,-5,78.9,76.1,8,-0.58,1.87,5,1,1,1,0
0,6,104.3,72.4,7.8,-0.79,2.56,5,3,2,1,0
0,-21,71.4,70,7,-0.61,1.63,5,0,1,1,0
0,16,90.8,70.3,6.5,-0.09,3.16,5,0,1,0,0
1,39,105.8,76.1,7.8,0.06,2.5,5,0,0,1,0
0,-10,83.6,72.6,6.9,-0.27,2.87,4,3,2,0,0
0,34,97.7,70.5,6.7,0.08,3.45,4,0,1,1,0
0,51,81.1,68.7,8.1,-0.3,2.28,4,0,2,1,0
0,2,76.2,74.1,7.8,-0.16,2.97,4,2,2,1,0
0,32,73.3,66.5,6.8,0.71,2,4,3,2,0,0
0,19,95.3,66.3,6.9,-0.5,2.95,4,2,2,0,0
0,-8,90.6,73.6,7,0.5,2.17,4,0,0,1,0
0,-27,63.2,75.4,6.6,-0.8,2.22,3,2,1,0,0
0,13,82.6,67.2,7.8,1.14,1.82,3,1,2,0,0
0,65,81.7,74,7.8,-0.4,2.25,3,0,0,1,0
0,0,105.8,77.9,8.3,-0.02,1.87,3,1,2,1,0
0,-11,96.5,66,7,0.02,1.53,3,1,2,1,0
0,-14,98,69.4,6.5,-0.46,2.08,3,2,2,1,0
0,-9,53.8,66.1,6.6,-0.81,3.37,3,0,1,0,0
0,28,85.5,64.5,7.7,0.59,1.64,2,0,1,0,0
0,29,92.1,68.5,7.2,-0.29,2.58,2,2,1,1,0
0,6,85.5,68.4,6.8,0.16,2.45,2,2,2,1,0
0,12,103.3,71.8,7.6,-0.72,2.6,2,2,1,1,0
0,-38,54.3,51.5,5.1,-1.16,2.7,2,0,1,0,0
0,-42,62.8,67.3,5.3,-0.58,2.5,1,0,1,0,0
0,-58,58,75.8,7.5,-0.71,2.47,1,1,1,1,0
0,22,90.6,80.5,8.3,0.18,1.56,1,0,1,1,0
0,14,82.7,68.5,7.2,-1.41,2.94,1,3,2,1,0
0,55,81,55.3,8.2,0.79,1.8,1,3,2,0,0
0,14,102.8,80,7.8,0.49,2.23,1,2,1,1,0
0,51,86,75.7,6.6,0.04,2.96,1,3,2,1,0
0,35,77.8,66.4,5.6,0.08,2.63,9,0,1,1,0
0,-26,78.1,71.8,7.7,0.45,1.41,9,1,1,0,0
0,-11,107.1,72.7,6.9,-0.03,2.51,9,1,2,1,0
0,33,91,76.3,7.9,0.47,1.79,9,0,1,1,0
0,69,78,73.4,7.9,0.14,1.92,9,3,2,0,0
0,-10,95.2,77.9,7.9,0.14,1.64,8,1,1,0,0
0,-19,98.8,76.6,7.4,-0.17,1.31,8,1,1,1,0
0,-36,64.2,69.1,8.1,-0.7,1.99,8,1,2,1,1
0,32,98.9,72.4,7.8,-0.17,2.09,8,0,1,1,1
1,25,100.9,70.5,6.7,0.05,3.28,8,0,2,0,1
0,-10,100.6,65.1,6.2,-0.19,2.22,7,0,2,0,1
0,44,77.8,67.1,7.7,0.48,2.48,7,0,2,1,1
0,73,94.9,74.3,7.5,-0.08,2.94,7,0,0,0,0
1,30,99,77.4,7.7,0.16,1.92,7,2,2,1,0
0,65,94.8,74.8,8.2,0.47,2.02,6,3,2,1,0
0,17,92.2,74.8,7.1,-0.22,3,6,2,1,0,0
0,-25,75.4,76.9,7,-0.81,3,6,0,0,0,0
1,26,104.7,78.2,8,0.79,1.43,6,0,2,1,0
0,20,89.1,74,7.8,-0.47,1.96,6,0,0,1,0
0,1,93.4,58,5.3,-0.81,2.97,6,0,2,1,0
0,20,105,71.6,7.5,0.02,2.2,5,3,2,0,0
0,44,92.8,66,6.1,-0.24,2.65,5,3,1,0,0
0,22,100.9,72.4,7.9,0.28,1.74,5,1,1,1,0
0,16,103,68.3,5.9,0.01,2.76,5,2,2,1,0
0,47,81.2,75.1,7,-0.52,2.3,5,0,0,0,0
0,-12,90.1,73.1,7.6,-0.38,2.01,5,0,0,0,0
0,73,90,76.5,8.1,0.66,2.25,4,1,1,1,0
0,8,105.7,74,7.5,-0.01,2.14,4,2,2,0,0
0,11,101.2,73.1,7.9,-0.12,1.53,4,1,2,1,0
0,-1,98.7,73.6,7.5,0.73,2.01,4,0,0,1,0
0,-11,95.3,74.1,7.6,-0.88,1.8,3,1,1,1,0
0,4,82.7,61.4,6.3,-1.37,2.62,3,1,2,1,0
0,5,106.7,74,6.8,0,2.33,3,1,2,0,0
0,32,85.5,74.6,7.4,0.7,2.82,2,1,0,1,0
0,28,103.5,71.7,7.3,-0.17,2.22,2,1,1,1,0
0,14,91.1,73.9,7.8,0.36,2.54,2,0,0,0,0
0,10,84.1,71.9,7,0.91,2.3,1,0,0,0,0
0,-13,77.5,78.4,6.8,0.57,2.01,1,3,2,1,0
0,8,74.9,69.9,7.1,1.22,2.44,1,0,0,1,0
0,11,84.2,68.6,8.5,-0.85,1.52,1,2,2,1,0
0,14,73.9,78.3,8.2,-0.8,2.39,1,0,0,0,0
0,-8,96.8,72.1,6.7,-0.27,2.64,9,1,0,0,1
0,41,91.4,68.6,6.6,0.59,3.49,8,3,2,0,0
0,-9,68.7,70.2,7,0.97,1.52,8,1,2,0,1
0,18,96,62.7,6.8,-0.52,3.28,7,0,2,1,0
0,-3,102.4,71.2,7.8,0.53,2.88,7,2,2,0,0
0,1,98.8,71.6,7.3,-0.22,3.2,7,3,2,1,0
0,68,88.8,71.4,7.6,-0.44,2.94,7,0,0,0,0
0,10,108.6,78.2,8.1,-0.23,1.57,7,0,1,0,1
0,79,83.7,73.2,7.5,0.1,2.99,7,1,0,0,1
0,42,89.5,73.3,7.7,0.58,2.39,6,2,0,0,0
0,11,73,73.3,7.8,0.75,1.98,6,0,0,0,0
0,-26,93.9,69.9,6.7,0.23,1.93,6,0,0,0,1
0,25,98.8,74.1,6.6,0.05,2.11,6,1,1,0,1
0,-25,103.2,67.3,8.1,-0.52,2.38,5,2,1,0,0
0,45,79.1,67.7,8.3,0.77,1.21,5,0,2,0,0
0,-12,58.4,79.4,7.1,-1.11,2.46,5,1,0,0,1
0,24,98.4,71.5,7.2,0.11,2.75,5,3,1,1,1
0,86,75.1,76.6,8.3,-0.47,1.98,4,3,1,1,0
0,-59,47.8,65.1,8.5,-0.81,2.04,4,0,2,1,1
0,14,102,71.9,7.7,0.78,2.41,4,0,2,0,1
0,23,104.3,74.9,7.9,0.16,2.69,4,1,1,0,1
0,38,91.6,72.1,7.8,0.46,2.25,4,1,1,0,1
0,31,81.6,77.8,9,-0.27,1.71,4,1,2,0,1
1,29,100.6,69.7,7.4,-0.04,2.43,4,3,2,1,1
0,18,102.2,70.5,7.2,0.45,3.15,4,2,2,0,1
0,-63,83.7,59,5.1,-0.32,2.88,4,2,2,0,1
0,33,99.9,74.7,7.2,-0.26,2.4,4,0,1,0,1
0,9,78.6,73.9,8.1,-0.15,2.49,3,1,1,0,1
0,20,70.8,64.8,6.1,-0.94,3.07,3,2,1,0,1
0,51,83.5,70.6,6.9,-0.38,2.78,3,2,2,0,1
0,-72,36.4,76.5,7.8,-1.04,1.65,3,0,1,1,1
0,40,98.4,74.8,6.9,0.07,2.24,3,0,0,0,1
0,-46,62.2,71.6,7.4,-0.24,3.58,2,2,2,0,1
0,-9,88.1,68.2,6,-0.13,2.43,2,0,1,0,1
0,22,87.3,69.3,7.3,-0.52,3.27,2,1,2,0,1
0,-87,50.6,56.5,4.7,0.89,3.36,2,0,1,1,1
0,28,92.3,74.4,8.4,0.35,1.91,2,0,0,0,1
0,36,86.5,78.1,7.6,0.52,2.41,2,0,0,1,1
0,27,100,73.7,7.5,-0.04,2.8,1,1,0,0,1
0,66,76.2,75.5,7.7,-0.58,1.9,1,0,0,0,1
0,-20,81.5,53.3,7,0.64,1.71,9,2,2,0,0
0,-39,84.3,75.8,7.5,0.67,1.46,9,0,2,0,0
0,13,102,65.1,5.7,0.05,4.21,9,1,2,1,0
0,58,92.6,72.4,8.7,-0.04,2.32,9,2,2,1,1
0,41,75.2,66.2,6.1,1.07,2.61,9,3,2,1,1
0,2,80.5,60.5,5.5,-0.18,2.79,8,0,0,1,0
0,10,97.7,65.5,6.6,0.66,2.38,8,2,2,0,0
0,7,84.2,66.6,7.6,-0.71,2.34,8,1,2,1,0
0,83,67.2,66,7.8,0.14,2.05,8,2,2,0,0
0,3,51.1,64.7,6.1,-1.48,3.13,8,2,1,0,0
1,22,116.2,78.4,7.4,-0.44,2.57,8,3,1,0,0
0,-5,102.3,73.5,7.3,-0.49,2.24,8,1,0,1,1
1,24,101.1,70.3,8,0.01,2.9,8,1,2,1,1
0,-18,81.9,71.4,7.8,0.4,2.09,7,1,1,0,1
0,27,69.3,72.2,6.7,0.32,2.86,7,2,0,1,0
0,21,101.9,72.4,7.4,0.32,2.3,7,0,0,0,0
0,17,64.2,66.4,6.2,0.97,3,7,0,2,1,0
0,31,71.5,70.8,7.3,0.67,1.75,7,2,0,0,0
0,1,110.1,78,6.9,-0.13,2.62,7,2,2,0,0
0,42,91.7,67.6,7.6,0.3,2.81,6,3,2,0,0
0,62,84.2,72.8,6.8,-0.09,2.32,6,2,1,1,0
0,-6,104.2,71.7,7.2,0.3,1.92,6,3,1,0,0
0,8,105.5,75.3,8.8,0.26,1.59,6,2,1,1,0
0,-30,54.6,70.7,8,0.43,2.34,6,0,1,0,0
0,-14,88.8,67.4,7.1,-0.63,3.24,5,0,0,0,1
0,3,96.7,75.4,7,-0.56,2.65,5,1,1,0,0
0,4,113.3,76.6,7.4,-0.46,2.61,5,1,1,1,0
0,5,89.5,58.5,5.6,-0.49,2.75,5,1,1,1,0
0,-79,55.9,68.3,7.5,0.62,1.57,5,0,2,0,0
0,32,93.6,71.2,7.4,-0.46,2.2,5,0,0,1,1
0,11,104.5,71.2,6.8,0.78,2.85,5,1,0,0,1
0,-9,83,69.7,7.7,-0.35,2.55,5,0,1,1,1
0,53,85.5,69.6,6.7,-0.53,3.25,4,1,2,0,0
0,20,109.2,74.3,7.9,-0.23,2.31,4,2,2,1,0
0,-34,63.8,70.3,7.9,0.28,1.57,4,2,2,0,0
0,-36,84.7,77.5,7.5,0.39,1.62,4,2,0,0,1
0,19,74.2,70.9,7.2,-0.38,1.67,4,2,2,0,1
0,18,96,69,6.3,0.2,3.04,4,2,1,0,1
0,44,92,63.6,6.4,-0.38,3.16,4,0,1,0,1
0,73,96.5,76.6,7.5,-0.33,2.39,3,1,0,0,0
0,55,78.8,70.6,6.9,0.42,2.69,3,1,2,1,1
0,35,90.1,70,7.4,-0.33,2.47,3,0,1,1,1
0,10,80.7,64.5,6.8,-0.61,2.94,2,0,0,0,0
0,-4,99.2,64.5,6,0.21,2.74,2,0,1,1,0
0,33,80.4,70,7.2,-0.5,1.9,2,1,2,0,0
0,1,106.7,72.7,6.9,0.58,2.15,2,0,1,0,1
1,30,100.2,71.4,8.3,0.12,2.53,2,0,2,1,1
0,45,88.5,73.8,7.1,-0.16,2.58,1,3,2,0,0
0,18,84.6,66.5,8.3,-0.18,1.88,1,0,1,1,0
0,3,96.3,65.3,6.2,-0.6,2.59,1,0,1,0,0
0,15,83.7,70.2,6,-0.47,3.42,1,1,1,0,0
0,-2,102.2,79.7,7.8,0.27,2.06,1,2,1,1,0
0,40,83.8,69.6,8.5,0,1.68,1,0,0,0,1
0,18,72.8,70.9,6.6,0.41,2.76,1,3,1,1,1
0,22,77.6,68.4,6.3,-0.24,2.6,1,2,2,0,1
0,44,80.4,66.8,6.7,-0.13,2.51,9,1,1,0,0
0,5,112.5,79.1,7.2,0.34,1.99,9,1,0,1,0
0,35,99.1,77.5,7.3,-0.42,3.4,9,0,0,1,0
0,11,77.8,72.7,7.1,-1.33,2.17,9,1,1,1,0
0,38,95.3,69.4,7.9,-0.11,2.14,9,0,1,0,0
0,56,74.3,68.9,6.1,0.44,2.79,9,3,2,1,0
0,-17,109.8,72.6,8.2,0.25,2.38,9,0,0,0,0
0,45,75.4,64.4,6,0.04,3.09,8,0,0,1,0
0,2,75.3,72.6,7.3,-1.08,1.5,8,2,1,1,0
0,54,70,74,6.4,-0.66,2.78,8,1,2,0,0
0,6,77.2,68,7.4,0.58,1.78,8,0,1,0,0
0,23,100,71.8,7.9,-0.37,1.86,8,0,1,1,0
0,-31,84.5,67.4,6.3,0.17,2.88,7,1,1,0,0
0,36,84.5,72.1,7.4,-0.54,2.3,7,0,0,1,0
0,7,89.3,68,7.2,-0.78,2.64,7,0,0,1,0
0,18,107,75.2,7.2,-0.2,1.81,7,0,1,1,0
0,11,88.6,75.1,6.4,0.89,2.34,6,2,2,0,1
0,70,80.9,73.1,7.8,0.15,1.64,6,1,2,1,1
0,32,92.8,71.3,6.2,0.86,2.89,6,2,1,1,1
0,15,65.7,55.3,6.7,-0.82,2.62,6,0,0,0,0
0,6,99.8,73.2,7.8,-0.25,1.76,6,0,0,1,0
0,3,95.8,71.7,7.9,0.03,2.11,5,3,2,0,1
0,22,90.6,76.1,7.8,0.28,2.24,5,1,0,1,0
0,-48,42.4,75.9,8.1,-0.02,1.54,5,0,2,0,0
0,31,95.5,73.7,7.1,-0.11,2.52,4,2,0,0,0
0,4,92,75.9,7.3,-0.35,1.73,4,2,2,1,0
0,-12,67,71,9,0.27,1.92,4,2,1,0,0
0,-8,97.4,73.6,5.9,0.28,3.39,3,3,2,0,1
0,28,92.4,76.4,7.5,0.45,2.57,3,3,1,1,1
0,-67,83.5,59.2,6.6,-0.26,1.49,3,0,1,1,1
0,6,108.6,74.6,7.7,0.1,2.3,3,2,0,0,1
0,42,92.6,79,7.5,-0.32,2.31,3,3,1,0,0
0,15,95.2,65.9,6.5,-0.19,3.07,3,0,1,0,0
0,7,78.6,59.7,6.2,-0.06,2.98,3,1,1,1,0
0,-6,75.4,70.5,6,-0.95,2.77,3,1,1,0,0
0,23,102.6,70.5,7.1,-0.48,2.82,3,2,2,1,0
1,27,101.2,79.5,7.6,-0.49,2.91,3,3,2,0,0
0,-16,89.8,76.7,7,-0.26,2.6,2,0,0,0,1
0,-7,95.8,68.2,6.4,0.09,2.43,2,0,0,0,1
0,16,103.2,76.3,7.8,-0.07,1.88,2,0,2,1,1
0,42,94.3,73.3,6.7,0.2,2.72,2,2,2,1,0
0,-62,31.2,20,5.5,-0.67,2.96,2,2,2,0,0
0,9,102.7,70.6,7.3,0.39,2.17,2,3,2,0,0
0,50,99.8,79.8,7.6,0.39,2.45,1,2,2,1,1
0,55,85.9,78,7.4,0.12,2.98,1,0,0,1,1
0,40,84.7,71.1,7.4,-0.44,2.09,1,0,1,1,0
0,7,98,77,7.1,-0.2,1.97,1,1,2,0,0
0,37,98,71.3,7.5,0.5,1.83,1,0,1,1,0
0,37,100.3,71.8,7.7,-0.13,1.94,9,2,2,0,1
0,-28,91.4,78.5,7.2,-0.06,2.73,9,0,0,0,1
0,20,94.3,69,6.5,0.24,2.33,9,0,0,0,1
0,20,105.6,83.4,8.1,0.16,2.12,9,1,1,0,0
0,3,83.7,69.5,7.4,0.39,2.82,9,1,0,0,0
0,-2,100.5,77.5,8.1,-0.13,2.1,9,2,0,0,0
0,-16,98.1,74.2,6.6,-0.1,2.89,8,1,2,0,1
0,36,81.9,74.2,8.1,0.84,2.86,7,2,1,1,0
0,-6,97.3,80.7,6.9,-0.19,1.99,7,0,1,0,1
0,-31,51.6,73,7.7,1.06,2.51,7,0,2,0,1
0,2,85.8,67.3,7.5,0.76,2.08,7,0,0,0,0
0,-23,105.8,73.8,7.3,-0.23,2.56,6,0,0,0,0
0,51,87.4,78.6,8.7,-0.14,2.12,6,0,0,0,0
0,-37,73,58.3,5.7,0.71,2.46,6,2,1,1,1
0,5,101.9,74.2,7.9,-0.15,2.56,6,1,1,0,1
1,28,105.4,69.3,6.5,-0.07,3.39,6,2,0,0,1
0,-1,104.3,75.2,7.7,-0.04,1.59,6,3,2,1,0
0,20,41.7,74.1,6.9,-0.86,2.73,6,2,0,0,0
0,16,103.2,71.5,7.5,-0.23,1.44,6,1,1,0,0
0,-42,97.7,79.9,7.1,-0.39,2.34,6,3,2,0,0
0,38,72.9,63.8,7,-0.48,1.68,5,3,2,0,1
0,5,32,15.5,1.5,-0.75,1.96,5,0,0,0,1
0,26,69.1,70.1,8,1.62,1.44,5,0,2,0,1
0,-13,103.9,72,7,-0.51,2.79,5,2,2,0,1
0,-14,104.3,69.1,7,0.09,2.5,5,1,1,0,0
0,61,74.9,65.7,8,0.44,1.82,5,1,2,0,0
0,47,98.8,82.8,8.3,0.18,2.17,4,0,0,0,1
1,35,98.3,69.5,8.4,0.18,2.05,4,3,2,0,1
0,0,104.9,69.6,6.7,-0.3,3.32,4,0,1,0,1
0,44,84.3,72.9,7.1,-0.01,1.99,4,2,2,1,0
0,35,84.1,77.7,8,0.25,2.09,4,0,1,0,0
0,13,103.8,72.6,7.4,-0.3,2.05,4,1,0,0,0
0,59,100.3,78,7.2,0.08,2.54,4,2,2,0,0
0,52,84.2,66.1,6.6,-0.87,2.22,3,2,2,0,1
0,39,89.3,76.9,7,0.07,2.65,3,3,1,0,1
0,6,100.8,70.3,7.1,-0.3,2.05,3,1,1,1,0
0,-11,70.9,66,6.1,0.49,2.1,3,1,0,1,0
0,16,95.9,74.2,7.7,-0.37,2.21,3,1,1,0,0
0,6,78.3,63.2,5.6,-0.6,2.89,2,1,0,0,1
0,27,98.8,71.2,7.4,0.19,2.13,2,3,2,0,0
1,25,114.7,78.7,7.5,0.18,2.65,2,1,0,0,0
0,35,103.2,76.3,7.7,0.11,2.5,1,3,2,0,1
0,-11,65.9,70,7.5,0.63,1.66,1,0,1,0,1
0,7,94.5,72.8,6.4,-0.06,2.2,1,0,1,0,0
0,1,88.2,65.5,5.5,0.23,2.68,1,2,2,1,0
0,25,87,78.8,7.3,0.66,1.79,1,2,0,1,0
0,-19,96.6,63.4,6.5,-0.12,2.21,9,3,2,1,0
0,-50,66.6,75.2,7.7,0.85,2.11,9,0,2,0,0
0,23,94.6,73.1,7.3,0.76,2.61,9,1,0,1,0
0,9,76.6,76.8,7.9,0.43,2.78,9,3,2,0,0
0,13,77.6,72.4,7.6,0.53,2.66,9,3,2,0,0
0,9,110.7,74.6,7,0.28,2.72,8,2,2,0,0
0,21,88.3,63.7,8,0.75,2,8,1,2,0,0
0,7,92.6,68.2,6.1,0.41,2.24,8,3,2,1,1
0,24,97.1,69,7.4,0.12,2.4,8,0,2,0,1
0,20,78.5,59.3,7.9,-0.22,1.54,8,1,2,1,1
0,8,102.8,70.9,7.3,-0.05,1.56,8,2,2,0,1
0,17,106,73.3,7.6,-0.15,2.4,8,1,1,1,1
0,-13,70,65.8,6.1,-0.9,2.03,7,0,2,0,1
0,32,77.6,64.5,7.1,-0.93,2.15,7,0,1,1,1
0,47,103.1,78.1,8.1,-0.17,2.29,7,1,0,0,1
0,36,82.2,66.2,7.6,0.21,2.27,7,0,0,1,1
0,-7,100.6,75,7.3,-0.12,2.46,7,2,1,0,1
0,27,93.3,73.5,6.6,-0.5,2.54,7,1,2,0,0
0,64,74.7,72.9,8.2,-0.47,2.2,7,1,2,0,0
0,-20,28.4,8.2,1.6,-0.26,2.34,6,0,0,0,1
0,10,107.2,74.1,7.1,-0.21,2.23,6,1,1,0,0
0,-28,86.3,61.5,5.8,-0.45,3.09,6,2,2,0,0
0,17,90.5,68.1,7.2,-0.22,2.01,6,1,0,1,0
0,31,102.2,71.8,8.5,0.4,2.12,6,2,2,0,0
0,55,77.3,68.7,7.2,0.61,3.14,6,2,1,0,0
0,11,89.4,68.3,7.2,-0.6,2.51,6,0,1,1,1
0,41,102.7,76.5,8.7,0.07,2.69,6,1,0,0,1
0,82,51.9,75.8,7.7,-0.35,2.97,5,1,1,0,0
0,3,80.5,69.4,6.9,0.95,2.11,5,1,2,1,1
0,-28,80.7,70.2,6.2,-0.86,2.31,5,1,1,0,1
0,16,100.9,72.5,8,0.41,2.79,5,0,1,0,1
0,79,80.8,74.9,8,-0.27,3.01,4,0,1,0,0
0,47,93.8,74.9,6.9,0.09,2.79,4,2,0,0,0
0,12,93.7,62,6.2,0.33,3.23,4,0,2,0,0
0,86,83.5,70.2,7.5,0.14,2.96,4,0,0,1,0
0,-19,97.9,73,6.5,-0.23,2.34,4,1,2,0,1
0,11,106,71.3,6.4,0.42,2.65,4,2,0,1,1
0,-29,66.2,68.5,7.7,0.5,1.95,4,1,1,0,1
0,79,74.2,79,7.5,-0.89,2.28,3,1,1,0,0
1,23,122.9,83.7,7.7,-0.01,3.34,3,0,0,1,0
0,49,89.4,69.7,7,-0.15,2.43,3,0,1,1,1
0,29,65.1,70.7,6,-0.46,2.74,3,2,1,0,1
0,65,80.6,75.1,8.4,0.14,2.6,3,1,2,0,1
0,5,89.8,73.6,7.1,0.48,3.25,3,0,1,1,1
0,37,73.6,72.3,8.1,-0.35,1.99,2,1,2,0,0
0,15,86.7,62.4,6.5,-0.78,1.61,2,1,2,1,0
0,29,70.8,76.3,7.3,-0.63,2.69,2,0,0,0,0
0,47,91,76.3,6.7,-0.18,3.43,2,2,2,0,0
0,-13,87.8,70.1,6.8,-0.68,3.2,2,0,2,0,1
0,17,94.9,73.8,7.4,-0.39,2.91,2,1,0,0,1
0,-6,97.1,67,6.7,0.08,3.23,2,1,2,1,1
0,8,81.5,63.4,5.2,-0.04,3.21,1,3,2,1,0
0,4,74.6,59.1,5.5,-0.3,3.67,1,0,2,0,1
0,10,98.8,66.8,7.6,-0.48,1.65,1,1,1,1,1
0,49,88,75.7,8.2,-0.06,1.88,1,1,2,0,1
0,6,111.9,74.1,7.4,0.1,2.22,1,0,1,1,1
0,18,105.8,72,6.6,-0.41,2.33,1,2,1,0,1
0,-2,97.1,64.8,5.6,-0.26,3.39,9,0,1,1,0
0,8,96.3,68.9,6.1,0.05,3.09,9,2,2,0,0
0,77,82.4,77.6,7.9,0.49,3.78,8,2,0,1,0
0,48,89.1,74.6,7,-0.03,2.76,8,1,0,1,0
0,31,92.9,70.1,6.5,-0.76,2.62,8,0,0,0,0
0,33,81.3,75.2,6.8,1.05,2.53,8,0,1,1,0
0,28,76,76.4,8.1,1.15,3.27,7,1,1,0,0
1,39,96.3,75.7,6.5,0.51,3.39,7,0,1,0,0
0,-2,102.3,66.9,8,0.68,1.63,7,3,2,0,0
0,60,90.3,86,8,-0.27,2.81,7,0,1,1,0
0,-23,80.7,69.1,6.9,1.12,2.47,7,1,2,0,0
0,19,98.9,70.2,7.7,-0.55,1.8,7,3,2,1,0
0,73,60.8,71.2,6.7,-0.71,3.04,7,2,0,0,0
0,15,91.3,70,6.4,0.3,2.66,6,0,0,1,0
0,0,84.7,80.8,8.7,0.61,2.45,6,1,0,0,0
0,-4,107.7,73.1,7.2,-0.62,2.83,6,2,2,0,0
0,24,86.5,59.9,5.8,-0.31,3.01,6,0,0,0,0
0,21,92.4,73.2,7.2,-0.62,1.99,5,0,1,1,0
0,3,97.6,72.1,7.9,0.08,1.42,5,0,2,1,0
0,56,93,76.3,7.9,0.17,2.58,5,1,0,0,0
0,38,75,71.6,7.2,-0.59,3.25,5,0,1,1,1
0,42,76.3,66.2,7.1,0.52,2.11,5,3,2,0,1
0,19,70.4,66.9,6.8,-0.42,2.44,5,0,2,1,1
0,-16,88.8,66.3,6.6,-0.22,3.02,5,1,1,1,1
0,6,87.5,64,6.6,-0.72,2.79,5,1,1,0,0
0,18,90.9,73.6,6.8,-0.76,2.43,5,0,0,1,0
0,-26,98.4,72,6.2,-0.11,2.71,5,3,2,1,0
0,20,93.6,76.3,6.8,-0.4,3.19,5,0,0,0,0
0,60,75.3,73.6,7.3,-0.66,2.55,5,1,2,0,0
0,-20,73.8,74.5,8,-0.64,1.94,4,1,2,1,0
0,10,98.2,66.3,6.2,0.61,2.48,4,0,2,1,0
0,16,101.3,78,7.4,0.46,2.48,4,0,1,1,0
0,54,95.5,74.7,7.4,-0.22,2.59,4,0,0,0,0
0,87,84.7,75.5,7.4,0,2.61,4,2,2,1,0
0,81,81.8,72,7.6,0.98,2.49,3,0,0,1,0
0,-12,91,76.1,7.8,-0.92,2.36,3,1,1,0,0
0,1,95.3,73.6,7.8,-0.23,1.33,3,1,1,1,0
0,39,85.8,64.2,6.3,-0.58,2.96,3,0,0,0,0
0,35,94.9,68.9,7.9,-0.6,1.62,3,0,0,0,0
0,9,87.3,71.8,6.4,-0.64,3.25,3,1,0,0,0
0,24,80.7,77.8,7.4,-0.67,2.84,2,1,1,1,0
0,14,105.5,76.6,7.4,0.32,2.88,2,0,0,1,0
0,56,70.1,69.5,6.5,0.16,3.22,2,3,2,1,0
0,15,89.9,74.1,6.3,0.57,2.61,2,1,0,1,0
0,-1,90.5,60.7,6.9,1.31,3.23,2,1,2,0,0
0,41,53.4,64.9,6.2,0.92,2.52,1,1,1,1,0
0,13,95.7,75.4,7.7,-0.14,1.95,1,0,1,1,0
0,-1,74.9,74.7,8.2,0.73,1.43,1,2,2,0,0
1,27,103.8,83.7,6.9,0.34,2.6,1,1,0,1,0
0,27,88.5,78.3,7.9,-0.6,2.89,1,2,1,0,0
0,7,99.1,80.1,7.6,0.52,2.85,1,3,2,0,0
0,20,104.1,74.9,7.1,-0.1,2.79,1,1,1,0,0
0,29,99.3,74.5,7.4,-0.42,2.17,1,0,1,0,0
1,20,106.4,75.6,7.4,-0.26,2.85,9,0,2,0,0
0,12,95.3,69,7.8,1.18,1.9,9,0,2,0,0
0,40,84.4,80.5,7.6,-0.16,2.04,9,0,1,0,1
0,7,87.7,76.9,7.2,-0.76,2.42,9,2,1,0,1
0,1,81.2,72.2,8,0.62,1.74,8,2,1,0,0
0,49,85.8,64.7,6.7,-0.56,3.02,8,1,2,0,0
0,-15,96.7,66.4,7,0.04,1.56,8,1,2,0,0
0,-23,78.5,65.4,7.3,0.52,1.9,8,1,1,0,1
0,-11,101.6,67,5.9,0.04,3.2,8,0,1,0,0
0,17,98.5,75.2,7.8,0.47,2.03,8,3,1,1,0
0,11,103.3,76.2,8,-0.84,2.74,8,0,0,1,0
0,-14,72.8,68.9,5.9,-0.84,2.5,7,0,1,1,0
0,-5,106.6,74.6,7.4,0.61,2.12,7,3,2,0,0
0,35,88.4,80.8,8.8,0.41,2.34,7,0,0,0,0
0,19,83.3,78.6,8.8,0.12,1.7,7,1,1,0,0
0,54,89.8,72.4,7.2,-0.12,2.17,7,2,0,1,0
0,13,86.4,70.9,5.9,-0.32,2.73,6,0,1,0,0
0,42,95.7,72.7,7,-0.81,2.31,6,3,1,0,0
0,-8,44,48.8,4.6,-1.18,3.41,6,0,1,0,0
0,51,68,74.2,7.4,0.08,1.97,6,1,1,0,0
0,3,97.3,71.1,8,-0.46,2.25,6,0,0,1,0
0,34,96.1,73.6,7.1,0.11,2.92,5,1,1,0,0
0,50,92.4,73.7,7.5,0.4,1.98,5,0,0,0,1
0,5,107.3,80.6,7.7,0.62,2.38,5,2,1,0,1
0,71,78,69.9,8.7,0.82,2.11,5,2,2,0,1
0,15,89,63.5,7.2,-1.54,2.48,4,0,2,0,0
0,32,51.9,70.5,6,-0.51,3.31,4,2,2,0,0
0,-14,91.5,78.2,7.7,0.35,2.36,4,1,0,0,0
0,71,88.5,72.6,7.6,-0.21,2.26,4,0,2,0,1
0,-24,74.4,66.2,6.8,0.76,2.14,4,1,2,0,1
0,18,68.2,55,7.6,1.14,2.15,3,2,2,0,0
0,22,101.2,68,7.3,-0.25,2.43,3,0,2,1,0
0,18,83.5,68.8,7.3,-0.78,2.44,3,0,0,0,0
0,24,70.3,71.7,7.5,-0.38,2.77,3,1,0,0,0
0,22,76.1,75.6,8.8,-0.25,1.6,3,0,1,0,0
0,20,97.3,76.4,7.4,-0.24,2.58,3,2,1,0,0
0,2,97,64.2,6.6,-0.17,2.59,3,0,2,0,1
0,17,89,79.6,7.8,1.1,2.73,3,0,0,0,1
0,-4,101.5,66.3,7.3,0.19,2.66,2,0,0,0,0
0,-15,97.7,77.4,7.1,0.53,2.6,2,2,0,0,0
0,17,95.7,72.2,7.1,0.23,3.24,2,2,2,0,0
0,34,80.3,70.1,6.8,-0.6,3.05,2,0,1,0,1
0,10,99.4,66,6.7,-0.17,2.76,2,1,2,0,1
0,5,93,74,6.5,-0.32,2.31,2,3,2,0,1
0,20,89.8,68.8,8.1,0.23,1.77,2,2,1,0,1
0,61,91.1,75.1,7.1,0.04,3.03,1,1,0,1,0
0,43,83.3,73,7.5,-0.82,2.68,1,3,1,0,0
0,21,69.1,68.1,6.4,-0.81,3.04,1,0,2,0,0
0,28,81.6,51.9,5.9,0.01,3.18,1,2,2,0,1
0,10,101.3,74.7,7.1,0.19,2.19,1,0,2,0,1
0,17,80,72.4,6.4,0.18,2.71,1,0,1,0,1
0,-10,96.4,80.2,8.3,0.49,1.63,1,0,1,0,1
0,41,101.6,78.9,8,0.42,2.4,1,0,1,0,1
0,67,78.3,67.2,6.8,0.31,3.34,1,1,2,0,1
0,8,69.3,64.1,8.7,0.95,1.22,9,0,2,0,0
0,22,91.1,71.1,7.8,-0.69,2.32,8,1,1,1,0
0,44,92.3,72.8,6.9,-0.06,2.05,8,3,2,0,0
0,42,99.7,74.6,6.9,0.11,2.55,8,0,0,1,0
0,17,96.2,69.5,6.5,-0.2,2.67,8,0,1,0,0
0,20,96.7,75.2,6.7,0.01,3.47,7,2,2,1,1
0,9,94.8,75,7,-0.43,2.16,7,1,1,0,1
0,47,75.5,76.3,8,1.06,2.24,7,1,1,1,0
0,64,67.2,68.2,6.2,0.68,2.88,7,0,1,1,0
0,25,99.5,75.2,7.6,0.74,1.51,7,2,2,1,0
0,26,96.7,69.8,6.6,-0.66,3.19,6,1,2,1,0
0,-14,74.7,73.6,7.9,0.75,1.52,6,0,0,0,0
0,-51,63.6,71.9,7,-0.14,2.52,6,1,1,1,0
0,0,87.1,72.1,8.2,-0.21,1.32,6,3,2,0,0
0,62,91,72.5,7.4,-0.04,2.73,5,0,0,0,0
0,43,99.8,77.3,8.2,0.38,1.62,5,2,0,1,0
0,4,89.9,72.7,8.1,-0.29,1.11,5,1,1,0,0
0,18,74.4,71.5,7.9,0.04,2.15,5,0,0,0,0
0,45,99.8,75.1,8.5,-0.42,2.82,5,2,2,1,0
0,79,76.4,70.4,6.5,0.16,2.9,5,0,0,1,0
0,39,69.3,73.3,8.2,0.36,2.2,4,1,1,0,0
0,-5,67.4,71.6,7,0.6,2.4,4,2,1,1,0
0,30,94.6,72.5,7.6,0.9,2.88,4,2,1,0,0
0,34,94.4,71.8,8.1,-1.03,2.69,4,0,0,0,0
0,18,110.6,75.3,8.2,-0.99,2.08,4,0,1,0,0
0,12,89.9,70.8,7.2,-0.48,1.75,4,0,0,1,0
0,20,92,70.6,8,0.38,1.15,3,3,2,0,0
0,-24,66.3,57.4,7.2,-0.57,1.87,3,1,2,1,0
0,12,100.6,71.8,7.2,0.19,2.03,3,2,2,1,0
0,36,93,73,7.5,0.46,1.76,3,2,2,0,0
0,23,102.3,76.9,6.8,-0.33,3.26,2,1,1,1,0
0,23,107.1,71.5,6.9,-0.67,3.31,2,2,0,1,0
0,24,82.7,66.1,8,0.74,1.93,2,1,2,0,0
0,36,97.8,76,7.4,-0.15,2.54,2,3,2,0,0
0,3,75,63.1,5.8,0.24,2.7,2,2,1,1,0
0,46,98.4,69.5,7.1,0.77,3.33,1,0,1,1,0
1,22,107,76.1,7,-0.15,2.88,1,0,0,0,0
0,4,99.4,68.8,6.7,-0.59,1.86,1,3,2,1,0
0,31,80.4,70.5,7.3,-0.15,1.16,1,1,2,0,0
0,16,99.4,69.7,6.6,-0.76,2.2,1,2,2,1,0
0,-44,58.1,76.2,7.6,0.56,1.84,1,1,0,0,0
1,31,108.2,82,8.4,0.1,2.05,1,1,0,1,0
0,-3,93,65.2,6.5,0.13,1.81,10,1,2,1,0
0,1,72.2,74,8.2,0.7,1.72,10,0,0,0,0
0,56,89.7,77.3,8,-0.22,2.83,10,1,0,0,0
0,-37,93.1,77.8,6.8,0.29,2,10,3,2,0,0
0,14,80.8,67.9,8,0.15,1.55,10,0,2,0,0
0,-27,79.5,71.9,7.5,0.56,2.1,10,1,0,0,0
0,73,86.7,75.1,7.6,-0.29,2.97,9,2,1,0,0
0,22,82.1,71.3,6.5,-0.19,2.58,9,0,1,0,0
0,-12,104.7,75.8,6.6,-0.12,1.49,9,1,2,1,0
0,-9,103.9,76.4,7,-0.72,2.7,8,3,2,1,0
0,42,91.6,67.4,7.1,-0.35,2.54,8,1,1,1,0
0,-3,101,72.6,7.6,0.01,1.53,8,0,2,0,0
0,-47,62.3,68.3,7.2,0.01,1.51,8,1,0,1,0
0,28,80.1,76.9,7.6,1.24,2.46,7,2,1,0,1
0,33,88.3,73.6,7.3,0.14,2.66,7,0,1,0,1
0,-16,104.6,72.4,7.5,-0.09,1.75,7,0,2,0,0
0,8,88.8,66,7.4,-0.12,1.38,7,0,2,0,0
0,71,70.9,72.7,7.1,0.32,2.46,7,0,1,1,0
0,0,99.7,67.1,6.3,0.75,2.88,7,0,0,0,0
0,15,87,73.6,6.2,0.54,3.5,7,1,2,1,0
0,-8,92.7,74.3,7.5,0.77,2.72,6,2,2,0,1
0,-12,86.2,68,6.5,0.87,2.3,6,0,1,0,1
0,72,91.2,68.8,7.3,0.92,3.18,6,2,1,0,0
0,34,106,74.6,7.6,0.23,3.34,6,0,1,0,0
0,18,88,71.3,8.1,-0.73,1.5,6,0,2,1,0
0,33,88,78.5,7.3,0.69,3.14,6,0,1,0,0
0,-27,98.5,64.6,6,0.28,2.8,5,0,1,0,1
0,20,87.2,64.8,7.3,0.6,1.99,5,1,2,0,0
0,80,77.6,75.4,8,0.13,2.05,5,1,2,1,0
0,30,92.1,73.4,7.7,0.03,2.18,4,0,0,0,1
0,63,87.2,71,7.9,-0.61,1.87,4,1,2,0,0
0,11,82.7,74.8,7.4,-0.78,1.8,4,1,0,1,0
0,-2,102,72.4,7.3,0.18,2.72,4,2,2,0,0
0,40,80.1,73.3,8.1,0.81,1.69,3,1,0,0,1
0,25,61.6,72.2,6.9,-0.77,2.55,3,1,0,0,1
0,-29,87.7,76.9,6.8,0.28,2.39,3,3,2,0,1
0,18,100.8,73.4,7.5,-0.39,2.75,3,0,1,0,0
0,12,73.6,72.7,8.2,-0.6,1.43,3,0,0,1,0
0,21,85,80.7,7.9,-0.39,2.02,3,0,0,0,0
0,57,89.3,71.8,7,0.09,3.29,3,0,1,0,0
0,-25,50.5,70.4,8.5,0.08,1.98,2,1,1,0,1
0,32,77.6,67.9,8.1,-0.2,1.26,2,1,2,1,0
0,26,100.3,67.4,6.4,0.5,3.23,2,0,1,0,0
0,32,93.6,66.2,7.3,1.1,2.43,2,1,1,0,0
0,-15,99.4,79.5,7.4,0.15,1.93,1,0,0,0,1
0,14,82.7,76,7.4,-0.19,2.13,1,2,0,0,1
0,24,95.9,74.1,6.5,0.4,3.09,1,1,1,0,1
0,29,73.1,67.8,8.5,-0.2,1.39,1,1,2,1,0
0,73,90,74.4,6.9,0.51,3.36,1,0,2,0,0
0,18,107.4,76,7.9,0.51,2.28,1,1,0,0,0
0,-60,67.6,72,8.1,1.12,1.64,9,2,2,0,0
0,34,81.7,70.6,7.1,0.22,2.43,9,1,2,0,0
0,5,95.5,71.5,7.3,0.6,2.78,9,0,1,0,0
0,38,62.9,73.9,6.4,0.15,2.74,9,0,0,1,0
0,21,86.2,63.5,6.3,-0.41,2.42,9,1,1,1,0
1,35,104.6,73.5,7.3,0.73,2.97,9,1,0,1,0
0,-7,106.2,69.2,7.3,-0.09,2.02,9,1,0,1,0
0,16,112.8,75.9,7.3,-0.35,2.81,9,1,2,1,0
0,71,65.6,73.6,7.4,0.01,2.96,9,1,2,0,0
0,13,94.4,76.8,7.9,0.26,1.84,8,3,2,0,0
0,22,106,77.7,7.7,0.15,2.53,8,0,2,0,0
0,11,81.1,79.6,7.2,0.62,2.91,8,1,0,1,0
0,-5,88.2,55.9,7.3,-1.16,3.21,8,3,2,1,0
0,2,68.6,71.5,8.1,0.79,2.34,7,1,1,0,0
0,26,89.7,76.7,8.3,-0.45,1.6,7,1,2,1,0
0,-34,86.3,73.1,6.9,-0.5,2.33,7,0,1,0,0
0,-44,82.7,70.2,7.5,-0.88,2.43,6,2,1,1,0
0,21,100,78.2,7.7,-0.32,2.52,6,2,1,0,0
0,14,91.5,68.3,6.6,0.81,2.34,6,1,0,1,0
0,-37,83.1,71.1,7.4,0.37,2.6,6,1,2,0,0
0,-14,53.5,71.5,8.6,0.47,2.62,5,1,1,0,0
0,14,67.2,66.9,6.6,0.54,2.43,5,1,0,1,0
0,-15,99.5,70.4,6.6,-0.73,1.86,5,3,2,1,0
0,20,95.2,70.6,7.9,0.79,2.18,5,3,2,0,0
0,20,106.8,79.5,8.1,-0.49,2.38,5,2,2,1,0
0,4,101.7,77.6,8.1,-0.83,2.37,5,0,1,0,0
0,6,95.1,68.5,7.6,0.5,3.03,5,3,2,0,0
0,-24,57,69,6.8,-0.69,2.62,5,0,0,0,0
0,-33,81.4,76.7,8.3,-0.45,1.38,4,0,1,1,0
0,-1,87.5,71.5,7.8,0.08,1.85,4,0,0,0,0
0,9,105.5,73.8,7.1,-0.68,2.18,4,1,0,1,0
0,-10,96.2,74.4,7.6,0.37,1.82,4,0,0,0,0
0,18,92.5,70.4,7.1,-0.55,2.76,3,2,0,1,0
0,36,91.8,68.3,8.1,0.37,2.15,3,0,2,0,0
0,46,58.2,62.4,6.1,-0.26,3.73,2,0,2,1,0
0,61,74.5,75.7,6.5,0.52,2.33,2,0,0,1,0
0,79,89.2,73.1,7.7,-0.39,3.09,2,2,2,0,0
0,-57,56,77,8,0.6,2.06,2,3,2,0,0
0,3,99.1,69.2,6.8,-0.64,2.55,2,2,1,1,0
0,24,104.7,76.5,7.6,0.17,2.07,2,1,1,0,0
0,0,103.9,76.4,7.2,-0.44,2.56,1,0,0,1,0
0,-13,104.7,73.8,8.2,-0.07,1.28,1,3,2,1,0
0,15,84.6,63.7,7.5,0.98,1.22,1,1,2,0,0
0,-4,98.9,74,8.4,-0.2,2.17,1,2,1,1,0
0,37,69.7,77.5,8.6,0.74,2,1,0,0,0,0
0,13,108.3,75.3,7.2,0.36,2.24,1,3,2,1,0
0,10,91.2,70.4,6.9,-0.25,2.4,9,0,1,1,0
0,63,81.6,71.1,8.2,0.08,1.98,9,1,0,1,1
0,28,83.8,68.7,6.2,0.66,1.91,8,1,2,1,0
0,1,97.5,74,7.6,0.77,2.37,8,0,1,0,0
0,-2,106.7,73.4,7,0.23,1.73,8,2,1,0,1
0,68,95,80.4,7.4,0.35,2.24,8,1,0,1,1
0,39,93.2,72.3,6.7,0.68,3.15,8,3,2,0,1
0,-27,108.8,81.2,7.4,-0.45,1.97,7,2,0,0,0
0,-26,102.6,68.2,7.1,0.1,2.16,7,0,2,0,0
0,-7,100.6,70.7,6.8,-0.94,1.86,7,1,2,1,0
0,7,91.9,74.6,8.1,0.05,1.53,7,1,2,0,0
0,-42,72.9,66.7,6.7,0.16,3.09,6,2,1,0,0
0,-6,42,72.9,8.9,-0.67,2.27,6,0,0,1,0
0,30,93.3,66.2,6.2,-0.08,2.82,6,0,0,0,0
0,15,97.2,74.9,7.7,0.56,2.33,6,1,2,0,0
0,40,86.4,78,6.4,0.48,2.2,6,0,0,1,0
0,-18,96.9,79.9,7.6,-0.27,2.22,5,2,1,0,0
0,-3,100.3,71.2,6.7,-0.14,2.08,5,0,1,1,0
0,-31,102,71.8,6.2,-0.02,2.99,5,2,2,0,0
0,-30,82.9,75.9,7.2,0.37,2.63,5,0,0,0,0
0,17,111.7,76.9,6.9,-0.28,3.03,5,3,1,1,0
0,6,106.1,75.4,7.9,0.03,1.9,5,1,1,0,0
0,45,88.8,75.4,7.6,0,2.15,5,0,1,0,0
0,7,56.9,63.4,6,-0.86,3.35,4,0,2,0,0
0,9,95.9,66,6.3,0.33,2.94,4,1,0,0,0
0,60,74,73.7,8,0.2,1.53,4,2,2,0,0
0,65,75.7,78.9,7.5,-1.06,2.65,4,2,1,1,0
0,15,102.8,71.7,6.5,0.71,2.97,4,0,1,0,0
0,46,97,78.9,8,-0.28,2.48,3,3,2,0,0
0,-41,89.2,78.6,7.6,-0.5,1.9,3,3,1,0,0
0,22,88.1,64.9,7.4,0.49,2.58,3,0,1,0,0
0,23,101.7,71.6,7.3,-1.12,1.92,3,1,0,0,0
0,-10,45.3,71.9,8.7,-1.11,1.8,3,1,2,1,0
0,-31,81,73.6,7.1,-0.78,1.85,2,1,1,1,0
0,22,102.1,76.3,8.4,0.05,2.79,2,0,0,0,0
0,62,94.2,72.7,7.1,0.35,2.92,2,0,0,0,0
0,34,92,76.2,7.2,-0.96,2.49,2,0,2,1,0
0,-8,102.8,69.3,7.6,0.54,1.43,1,0,1,0,0
0,6,66.7,68.8,7.7,1.15,2.22,1,1,1,0,0
0,-1,65.4,76.5,8.4,0.58,3.05,1,1,1,0,0
0,61,74.7,71.8,7.8,-0.21,1.26,9,1,2,1,0
0,8,66.9,66.5,5.7,0.47,2.47,9,0,2,1,0
0,-1,72.5,71.2,7.2,-0.81,2.33,8,1,1,0,0
0,33,91,68.9,6.5,0.32,3.23,8,2,2,1,0
0,61,96.8,79.7,8.4,0.34,2.26,8,3,1,0,0
0,-9,107.7,72.4,6.8,-0.08,2.12,8,0,0,1,0
0,-7,74.1,59.4,5,-0.86,2.73,8,1,2,0,1
0,36,99.1,72,8.1,0.71,1.92,8,0,1,0,1
0,28,64.1,72.8,8.1,-0.56,2.12,8,0,1,1,1
0,-19,92.8,70.7,8.2,1.11,1.84,7,2,1,0,1
0,7,101.5,69.9,6.1,0.07,2.62,7,2,1,1,1
0,-49,65,74.2,7.2,1.18,1.57,7,2,2,0,0
0,-50,68.6,79.4,8.8,0.01,1.7,7,2,1,0,0
0,6,95.7,62.9,5.8,0.23,3,7,1,2,0,1
0,0,79.8,77.7,7.1,-0.48,2.37,7,0,1,0,1
0,27,94,68.2,7.9,-0.17,1.31,7,0,2,1,1
0,43,94,77.8,7.6,-0.15,1.98,6,3,1,1,0
0,49,91.3,72.4,7.9,0.96,2.74,6,0,0,0,0
0,18,106.6,72,7.2,-0.09,2.75,6,1,0,1,0
0,-12,78.4,62.5,6.2,-0.19,2.92,6,2,2,1,0
0,6,97,71.3,6.9,0.51,1.79,6,1,0,0,0
0,17,98.4,73.2,7.4,0.69,2.32,6,0,0,1,0
0,13,102.3,72.4,8.2,0.52,1.47,6,2,2,0,0
0,22,95.9,76.2,6.6,-0.43,3.15,5,2,1,1,0
0,30,78.5,71,7.4,0.59,2.2,5,0,0,0,0
0,21,88.3,67.5,7,0.86,2.93,5,0,2,0,0
0,35,110,76.5,7.9,0.2,2.74,5,1,1,1,0
0,84,85.2,80.6,7.8,0.56,2.13,5,3,2,1,0
0,26,107.4,78.9,8.3,-0.12,2.65,4,3,2,0,0
0,30,95.8,74.7,8.7,0.53,2.41,4,1,0,0,0
0,2,99.5,79.5,8.1,-0.34,1.8,4,0,0,1,0
0,-39,58.2,66.5,6.6,-0.06,2.17,4,2,2,1,0
0,-8,92.1,74.1,7.1,0.29,1.93,4,0,0,1,0
0,13,86.8,63.8,6.4,-0.16,2.21,4,1,1,1,0
0,0,105,75.1,7.4,0.19,2.48,4,1,0,0,0
1,26,104.4,76,7.7,0.31,2.49,3,3,2,0,0
0,-10,104.6,74.9,6.5,0.03,2.36,3,2,2,1,0
0,21,98,72.5,7.2,-0.25,2.1,3,0,0,1,0
0,13,82.4,75.7,7.8,0.82,2.25,3,0,0,0,0
0,-29,83,67.3,7.5,-1.06,2.26,3,1,1,1,0
0,-29,104.1,71.7,6,-0.09,2.28,2,0,1,0,0
0,5,111.3,74.6,8.2,-0.52,2.5,2,1,1,0,0
0,29,90.2,66.1,8.7,1.14,2.2,2,1,2,0,0
0,-18,71.6,59.5,6.6,-0.79,1.85,2,1,1,1,0
0,-10,76.8,70.3,7,-0.89,1.95,2,0,0,1,0
0,-28,106,73.8,7.4,0.48,2.28,2,0,2,0,0
0,10,102.7,75.4,7.9,1.02,3.01,1,2,1,0,0
0,18,103.5,70,7.5,0.31,1.35,1,1,2,1,0
0,50,102.9,76.3,6.6,0.4,2.55,1,2,1,1,0
0,37,70.3,74.8,8.3,0.68,1.57,1,1,2,0,0
0,6,95.8,75.7,7.2,0.7,2.77,1,1,0,1,0
0,65,87.7,71.3,7.3,-0.61,2.94,1,1,1,0,0
0,17,76.7,68.6,7.1,0.71,2.42,1,1,1,1,0
0,43,75.6,76,7,0.64,1.69,1,1,2,1,0
0,14,71.2,71.1,8.1,0.25,1.4,9,1,1,0,0
0,4,87.8,71.6,7.5,0.35,2.46,9,1,2,1,0
0,59,89.4,65.7,5.9,-0.49,3.3,8,3,2,0,1
0,22,77.5,73,7,-0.09,2.78,8,0,1,0,1
0,4,99,69.9,7.3,0.97,1.64,8,1,1,1,1
0,29,91.6,64.9,7.6,0.5,2.89,8,0,0,0,1
0,5,104.9,75.9,7.7,-0.69,2.48,8,1,1,1,1
0,21,90.2,70.6,6.9,0.42,2.11,8,1,2,1,1
1,27,91.8,70.7,8,0.21,3.04,8,0,0,0,1
0,31,85.9,69.5,7.1,0.39,2.32,8,2,1,1,1
0,49,79.7,73,8.4,-0.42,2.52,7,0,0,1,1
0,6,98.3,72.2,7.6,0.52,2.18,7,0,0,0,1
0,9,93.2,60.5,6.4,1.03,2.58,7,2,2,0,1
0,-26,80.2,73.4,7.2,0.51,2.84,7,1,2,0,1
0,16,101.1,72.4,6.8,0.1,3.2,7,0,0,0,1
0,81,64.1,74.8,7.7,-0.35,1.69,6,0,1,1,1
0,-5,84.3,74.6,7.7,0.78,1.87,6,0,1,0,1
0,50,86.6,70.4,8.4,1,1.94,5,0,0,0,1
0,46,92,67.8,7,-0.65,3.31,5,1,1,0,0
0,36,89.9,71,7.2,-0.38,3.33,5,2,2,1,0
0,-3,102.5,68.7,6.3,-0.53,2.62,5,1,1,1,0
0,1,89.2,74.4,7.8,0.28,2.04,4,1,0,0,1
0,7,79.7,71.5,8.3,0.72,2.43,4,0,0,0,1
0,31,88.9,74.3,6.3,-0.17,3.46,4,1,0,0,0
0,-6,92.1,66,7.3,-0.18,1.69,4,2,2,1,0
0,7,90.3,60.8,7.6,1,2.09,4,0,2,0,0
0,-8,94.7,69.8,5.7,0.75,2.95,3,0,0,1,1
0,-51,64.4,66,7.7,1.18,1.91,3,0,2,0,1
0,-18,40.1,32.6,7.6,0.03,1.5,3,2,1,0,1
0,69,82.1,73.2,7.3,-0.17,2.67,3,0,0,0,1
0,23,89.1,75.9,7.5,-1.16,2.16,3,0,1,1,0
0,-2,110.5,74,7.4,-0.18,1.94,3,2,1,0,0
0,16,104,72.6,7.3,0.04,2.27,3,1,1,1,0
0,19,104.9,71.5,7.2,-0.38,2.53,3,1,2,1,0
0,-5,100.2,76.5,6.8,-0.14,1.91,2,2,0,0,1
0,-3,89.3,58.2,6.4,1.16,2.35,2,1,2,0,1
0,-11,98.1,73.6,8,0.25,2.3,2,3,2,0,1
0,-10,95.4,70.1,8,0.67,2.29,2,1,1,0,1
0,36,93.9,71.7,7.5,0.36,2.28,2,1,1,0,0
0,-19,103.8,72.6,6.8,-0.29,1.86,2,1,1,0,0
0,-28,97.3,73.4,6.5,0.44,2.32,1,2,1,1,1
0,26,95.3,72.8,7.3,-0.53,2.28,1,1,0,0,1
0,46,69.3,66.6,6.7,-0.41,2.89,1,0,1,0,1
0,18,84.6,70.1,7.7,-0.03,2.03,1,0,0,0,1
0,11,103.2,78.2,7.2,-0.6,2.23,1,2,0,0,1
1,25,102.3,69.3,6.1,0.14,2.7,1,0,0,0,1
0,38,95,76.9,7.6,-0.13,2.28,1,0,1,1,0
0,34,97.8,72.8,7.4,0.06,2.84,1,0,0,0,0
0,60,91.2,75.9,8.3,-0.18,2.1,1,1,1,1,0
0,-12,102.8,70.8,7.6,-0.08,2.7,10,0,1,1,1
0,66,81.6,77.1,7.5,0.66,2.86,10,0,1,1,1
0,-24,65.9,65.1,8.7,0.67,1.06,9,0,2,0,0
0,9,103.2,78.7,7.3,0.33,2.5,9,0,1,0,0
0,-5,99.1,73.6,7.9,0.45,2,9,1,1,1,0
0,39,84.3,73,7.7,0.11,2.83,9,1,1,0,1
0,-27,87.8,67,6.1,-0.75,2.35,9,0,1,0,1
0,46,89,65.5,6.2,-0.07,3.31,8,1,2,1,0
0,-20,90,67.1,6.4,-0.25,2.47,8,1,1,1,0
0,-25,71.6,78.3,7.9,0.25,2.04,8,0,1,0,0
0,-2,106.4,74.1,6.8,-0.31,2.79,8,3,2,1,0
0,-7,108.3,79,7.4,-0.51,2.73,7,2,2,1,1
0,46,76.4,72.2,7.3,0.39,2.59,7,0,1,0,1
0,5,102,77.3,7.2,0.42,3.2,7,2,2,0,1
0,-20,77.9,55.3,7.7,0.08,1.07,7,1,2,0,1
0,20,89.3,71.3,7.9,-0.35,1.67,6,1,2,1,0
0,-3,92.8,58.5,6,-0.4,3.44,6,2,1,1,0
0,-38,84.5,71.8,7.4,-0.26,1.53,6,2,2,0,0
0,39,79.8,72.3,8.6,0.45,0.82,6,1,2,1,0
0,22,91.3,70.2,6.5,0.04,2.78,6,3,1,0,0
0,10,77.5,69.6,8.1,0.04,1.46,6,0,2,1,0
0,-33,82,72.1,7.3,-0.17,1.78,6,1,1,1,0
0,-12,90.7,79.1,8.4,-0.02,1.56,5,1,0,1,0
0,-35,82.6,72.2,7.1,0.24,1.98,5,1,1,0,0
0,-37,79.8,71.4,6.6,-0.24,2.38,5,0,1,1,0
1,33,101.3,74.6,8.2,0.28,1.66,5,1,0,1,0
0,60,54.7,75.2,8.2,-0.64,1.92,5,1,2,0,1
0,51,86.4,72.1,7.7,-0.63,2.52,5,2,2,0,1
0,20,105.4,75.2,6.7,0.62,2.35,5,1,1,1,1
0,-15,72.3,68.1,7,-0.2,1.7,5,1,2,1,1
0,6,97,64.3,5.8,0.06,3.04,5,1,1,0,0
0,21,98.3,67.1,7.4,-0.4,1.47,5,0,1,1,0
0,-2,82.1,64.3,7.9,1.26,2.24,4,3,2,0,0
0,42,94.6,74.9,7.8,-0.34,1.83,4,2,1,0,0
0,1,97.9,73.4,6.7,-0.17,3.07,4,0,0,1,0
0,-10,81.8,78.2,7.7,-0.24,1.44,3,1,1,1,0
0,-8,80,72.9,7.9,-1.04,1.69,3,1,1,1,0
0,12,105,71.4,7.2,-0.18,2.58,3,0,2,1,0
0,-31,91.9,72.7,7.4,0,1.72,2,2,1,0,0
0,-18,82.4,70.2,7.2,-0.59,1.69,2,0,1,1,0
0,22,87.6,70.3,8.1,-0.16,1.6,2,0,2,1,0
0,2,89.1,62.5,5.8,-0.15,3.02,2,3,2,0,0
0,51,78.6,72.7,7.8,0.35,2.19,1,2,0,0,0
0,20,97.9,66.5,6.8,0.17,2.25,1,1,2,1,0
0,-7,93.2,76.5,8,0.04,2.11,1,0,2,0,0
1,25,106.2,73.8,7,0.44,2.58,1,0,0,1,0
0,-21,95,69.9,6.8,0.08,2.87,1,2,2,1,0
1,27,105.5,76.2,7.7,0.2,3.07,1,0,1,1,0
0,9,74.7,64.9,7.3,1.15,1.9,1,2,2,0,0
0,-45,60.1,68.8,8.3,0.12,1.35,1,0,2,1,0
0,-5,103.7,79.2,8,0.43,2.04,1,0,0,1,0
0,-20,68.5,64.5,6.5,-0.85,1.99,9,1,1,1,0
0,-7,103.6,71.8,7.3,0.33,1.36,9,0,2,0,0
0,-15,94.7,71.4,7.6,-0.58,1.53,9,2,2,1,0
0,60,86.5,76,8.2,-0.18,2.19,8,0,1,1,0
0,-30,84.9,70.8,6.5,-0.71,2.02,8,0,0,0,0
0,26,78,77.9,8.1,-0.59,1.92,8,0,0,1,0
0,82,68.4,67.4,6.3,-0.88,2.26,7,1,2,0,1
0,-1,104.7,72.4,8.1,-0.1,2.77,7,0,1,1,1
0,11,76.2,69,8,-0.6,1.87,7,0,0,1,0
0,10,69.3,58.5,7.2,-1.06,1.64,7,1,2,1,0
0,3,64.3,62,8.6,-1.16,1.29,7,2,2,1,0
0,-22,97,67.5,6,0.1,1.68,7,0,1,1,0
0,-42,67.7,76.4,7.5,-0.16,2.26,7,0,0,0,0
0,1,87.7,72.7,7.4,0.43,1.83,7,2,1,0,0
0,3,106.8,73.2,7.4,-0.59,1.54,7,1,1,0,0
0,13,76.5,81.5,7.9,-0.16,2.49,6,0,0,1,0
1,35,111,79.2,7.7,-0.36,2.03,6,0,1,0,0
0,-38,67,77.5,8,-0.1,1.49,6,1,1,1,0
0,17,93.1,79,8.1,-0.46,1.88,6,1,1,1,0
0,9,91.3,74.5,7.5,0.58,2.1,6,2,2,1,0
0,18,74.2,71.9,7.6,-0.5,2.91,5,0,0,1,0
0,15,77.1,68.4,6.3,0.47,2.25,5,3,1,1,1
0,-40,66.7,78.6,8.1,0.88,2.17,5,2,1,0,1
0,-11,95.6,62.5,5.7,-0.77,1.95,5,1,1,1,0
0,-3,88.8,74.7,7.8,0.11,1.35,5,3,2,0,0
0,21,76.2,72.7,6.2,0.42,3.41,4,1,1,1,1
0,47,75.2,61.9,5.5,-0.5,2.99,4,1,0,0,1
0,-4,98,69.3,7.2,-0.75,2.1,4,2,2,1,0
0,-76,59,45.8,6.2,-0.63,2.77,4,0,1,1,0
0,12,65.2,61.8,7.6,1.19,1.61,4,1,2,0,0
0,10,71.1,67.7,8.9,-1.19,1.22,3,0,2,1,1
0,-45,56.1,64.3,7.1,1.05,1.02,3,1,1,0,1
0,20,109.7,76.1,7.7,0.05,2.23,3,1,2,0,0
1,29,107.2,75.1,7.6,0.04,1.88,3,1,0,1,0
0,-13,95,66.6,6.1,-0.1,2.87,3,0,0,0,0
0,9,91.4,77.1,6.8,-0.33,2.04,3,3,2,1,0
0,4,81.3,69.4,6.7,0.58,3.21,3,0,1,1,0
0,13,100.3,72.5,7.1,-0.46,2.15,3,1,0,0,0
0,41,75.1,67.4,6.3,0.93,2.31,3,2,1,1,0
0,-2,93.6,78.5,7.8,0.97,2.26,2,1,2,0,0
0,-60,73.5,58.3,5.6,-0.62,2.61,2,2,2,0,0
0,-73,58.4,72.7,9.2,-1.4,1.86,2,2,2,1,0
0,-22,65.2,50.1,6.9,-0.73,1.84,2,2,1,1,0
0,-12,100.3,74.1,6.7,-0.38,3.15,2,0,1,1,0
0,19,88.8,72.5,6.4,0.13,3.25,1,1,2,0,0
0,-48,67,72.3,7.4,-0.19,2.27,1,2,1,1,0
0,-8,97.2,68.6,7.1,0.92,1.99,1,2,1,0,0
0,20,79.7,76,7.6,-0.68,1.79,1,1,1,1,0
0,60,88.7,68.8,7,0.53,3.39,1,1,0,0,0
0,15,77.1,72.3,6.9,0.63,2.01,1,0,0,1,0
0,11,83.3,74.3,8.3,0.71,2.17,1,0,0,0,0
0,28,83.7,54.4,6.5,0.61,0.92,1,0,1,1,0
0,-14,74.2,75.1,8,0.41,1.41,1,1,0,0,0
0,-14,102.1,78.4,7.1,0.34,1.93,10,0,0,1,0
0,79,74.5,68.8,6.3,0.56,3.25,10,0,0,1,0
0,25,99.9,73.7,7.2,-0.5,2.05,10,0,0,0,0
0,15,109.7,75.9,7.5,0.02,1.44,10,0,1,1,0
0,49,99.6,77.9,7.8,0.03,1.57,10,3,0,1,0
0,17,92.7,75.1,6.8,0.7,2.21,10,1,2,1,0
0,26,97.2,70.2,7.3,-0.56,1.26,10,2,2,1,0
0,33,99.8,73.8,7.4,-0.35,2.48,9,3,1,0,1
0,0,99.2,74.6,6.7,0.19,2.07,9,0,0,1,0
0,38,84.8,73.7,7.1,0.44,2.34,9,0,0,0,0
0,-26,92.5,59.9,5.6,-0.88,2.74,9,1,2,1,0
0,-20,85.7,66.4,6,0.24,2.09,8,2,2,1,0
0,68,92.7,80.3,7.8,0.04,1.8,8,1,2,1,0
0,10,103.3,73,6.8,-0.33,3.15,8,0,0,0,0
0,-6,49.8,73.5,6.9,0.66,2.38,8,0,2,1,0
0,76,68.9,59.1,7.8,-0.56,1.96,8,0,0,1,0
0,8,89.7,61.7,7.7,-1.26,1.75,8,2,2,1,0
0,13,99.7,70.1,6.7,-0.66,2.08,8,3,2,1,0
0,5,78.1,64.9,6.9,0.73,3.14,7,2,2,0,1
0,-30,83,69.2,6.7,0.61,3.27,7,1,1,1,1
0,70,89.6,59.3,6.7,-0.35,2.62,7,0,0,0,0
0,82,79.5,76.7,8.6,0.4,1.88,7,0,0,0,1
0,78,70,64.8,8.2,-1.04,2.08,7,1,2,1,1
0,31,92.5,70.9,7.2,0.57,2.86,6,0,1,0,0
0,-38,34.3,62.3,5.5,1.32,2.55,6,0,1,1,0
0,4,96.5,71.5,7.5,-0.14,1.97,6,3,2,0,1
0,-24,86.8,71.6,6.5,0.15,1.99,5,0,0,1,0
0,-18,65.2,63.3,7.3,-1.13,1.67,5,0,2,1,0
0,4,95,71.4,6.7,-0.64,1.69,5,0,1,0,0
0,-10,92.4,63.1,5.9,-0.47,2.7,5,1,2,1,0
0,24,92.5,77.8,8.2,0.61,2.52,5,0,0,0,0
0,-4,103.5,78.6,6.8,-0.03,2.9,4,2,1,1,0
0,-10,87.6,67.7,6.7,-0.76,2.25,4,0,0,0,0
0,-19,100.7,65.3,6.1,-0.64,3.13,4,2,2,1,0
0,39,96.4,83.3,7.8,-0.91,2.8,4,1,0,0,0
0,9,91.5,68.1,7.3,-0.86,1.71,4,0,2,1,0
0,21,95.6,73.2,6.2,0.26,1.84,3,0,1,1,0
0,7,106.2,70.2,6.6,-0.43,2.62,3,0,1,0,0
0,14,80,62.9,7.4,-1.37,1.6,3,1,2,1,0
0,18,92.2,63.5,5.8,0.05,2.15,3,1,1,1,0
0,-5,76.8,80.5,7,-0.98,2.21,3,0,0,0,0
1,23,104.9,70.8,7,-0.02,3.54,3,2,2,1,0
0,71,99,77.7,7.4,-0.52,3.28,3,1,0,0,0
0,-34,103.7,69.6,6.9,-0.33,2.85,2,2,2,0,0
0,90,80.3,74.3,7.4,0.61,2.74,2,1,0,1,0
0,26,91,68.8,8.1,-0.63,1.7,2,2,2,1,0
0,5,94.8,71.1,7.4,0.51,2.09,1,0,0,0,0
0,53,93,74.4,8.1,-0.11,1.89,1,1,1,0,0
0,7,80.6,77.1,6.1,0.63,2.3,1,1,1,1,0
0,21,98.3,75.7,7.5,0.37,1.72,1,1,1,1,0
0,24,105.4,74.4,6.9,0.44,2.47,1,3,2,1,0
0,36,92,69.7,6.9,0.14,2.73,9,1,0,0,0
0,20,90.7,70.5,7,-0.45,2.95,9,1,1,1,0
0,32,98.6,72.9,6.8,0.05,3.37,9,0,2,0,0
0,-23,89,76.8,7.8,0.02,2.03,8,2,0,1,0
0,-2,90.8,71.7,8.2,0.39,1.49,8,1,1,0,0
0,-3,88.3,59.7,6.4,-0.45,2.15,8,2,2,1,0
0,-41,70.1,69.2,6.1,-0.87,2.35,8,0,0,0,0
0,18,93.6,77.3,6.8,-0.06,3.12,8,1,1,1,0
0,-4,65.3,74.6,6.7,-0.86,3.11,8,2,2,0,0
0,-18,69.1,73.2,6.1,-0.64,2.57,7,1,0,0,1
0,17,66.8,56.6,8,-0.86,0.96,7,0,1,1,1
0,9,88.4,71,7.5,-0.37,1.7,7,1,2,0,1
0,-15,101.1,64.5,6.3,-0.62,2.29,7,0,0,0,1
0,-8,111.3,77.3,7.3,-0.23,2.08,6,2,1,0,0
0,-27,95.4,66.6,6,-0.25,3.44,6,2,2,1,0
0,-35,80,67.6,6.8,1.17,2.57,6,0,1,1,1
0,-1,105.3,74.1,7,0.47,2.31,6,1,0,0,1
0,-25,78.8,66.2,7.3,0.76,2.38,6,1,2,0,0
0,-46,57.2,45.9,5.3,-0.29,3.34,6,0,0,0,0
1,17,112.7,82.3,8,0.22,2.91,6,0,1,0,0
0,-9,99.5,72.4,8.6,0.04,0.88,5,0,2,0,0
0,10,90.6,65.3,5.9,0.24,2.86,5,1,1,1,0
0,-28,91.9,68.2,6.8,0.63,1.97,5,2,2,0,0
0,20,97.6,72.1,8.3,-0.57,1.7,5,2,2,1,0
0,-54,55.6,71.7,8.2,0.13,2.33,5,0,1,0,0
0,-21,94.9,69.8,6.2,-0.11,2.59,5,1,0,1,0
0,23,98.4,67.5,6.4,-0.7,2.62,4,2,2,0,0
0,55,85.3,80,7.3,0.3,2.63,4,3,2,1,0
0,15,92.6,62.9,5.8,0.43,3.58,4,2,1,1,0
0,35,101.6,74.7,7.5,-0.23,2.45,4,2,0,0,0
0,28,95.7,73.3,7.2,-1.07,2.35,3,0,1,1,0
0,52,73.3,79.1,7.1,0.61,2.8,3,1,1,1,0
0,26,106.2,76.2,7.9,0.57,3.12,3,1,1,0,0
0,-7,91.5,73.6,8.8,-0.14,1.18,3,0,1,1,0
0,0,96.2,83.9,8,0.05,2.2,3,2,0,0,0
0,5,69.6,58.9,5.4,0.75,3.35,2,1,1,1,0
0,67,79.5,74.9,7.2,-0.61,2.43,2,1,0,0,0
0,-17,87.5,62.6,5.7,-0.67,3.26,2,1,0,1,0
0,16,84.3,67.3,7.7,0.17,2.13,2,1,1,0,0
0,-4,90.4,67.4,7.5,0.01,3.08,2,2,1,0,0
0,41,92.9,77.4,7.4,-0.21,2.44,1,1,1,0,0
0,-8,93.2,70,6.8,-0.44,2.95,1,2,2,1,0
1,26,104.8,82.3,8.2,-0.28,2.49,1,2,1,0,0
0,16,107.6,71.2,6.2,-0.08,3.23,1,3,2,1,0
0,-21,79.8,66.4,8.5,1.23,2.43,1,0,0,0,0
0,75,66.5,70.4,7.2,0.41,2.78,1,2,2,1,0
0,52,74.5,73,6.6,-0.36,3.37,1,0,1,0,0
0,27,84.8,71.5,7.9,0.39,1.39,1,2,2,0,0
0,-4,83,69.4,7,-0.26,1.32,9,0,2,1,0
0,1,97.2,77.7,7.2,-0.82,2.57,9,1,1,0,0
0,32,72.7,75.7,7.2,0.13,2.48,9,0,1,1,0
0,-18,75.4,62,5.4,-0.87,2.81,8,0,0,0,1
0,19,99.8,65.5,7.7,0.04,1.6,8,2,2,1,0
0,-43,69,63.8,7.1,0.99,1.98,8,0,2,0,0
0,13,114.3,80.6,7.4,0.46,2.37,7,1,0,1,1
0,11,91.4,76.7,7.9,-0.27,1.88,7,1,1,0,1
0,19,95.3,64.4,6.7,-1.01,2.41,7,3,2,0,1
0,4,61.3,57.3,7.6,-1.07,1.5,7,0,1,1,1
0,41,94.8,78.5,7.9,0.14,2.14,7,2,0,0,0
0,1,80.8,72.9,6.6,0.95,2.55,7,1,0,1,1
0,-5,66.5,73.2,7.1,0.61,2.92,7,2,0,1,1
0,29,69.5,63.7,7.2,-0.51,1.93,7,1,2,0,1
0,-15,76.6,69.5,6.6,0.19,2.51,7,1,1,1,1
0,1,108,74.2,6.8,-0.23,2.06,6,0,1,0,0
0,-32,89.6,67.8,6.9,-0.91,2.87,6,1,2,1,0
0,-73,49.6,83.5,8.5,0.53,1.48,6,1,2,0,0
0,-9,96.6,69.6,7.2,-0.44,1.8,5,0,0,0,0
0,-5,105,79.9,8.3,-0.9,1.43,5,1,2,1,0
0,-55,61,70.8,8.5,0.26,2.3,5,0,1,0,0
0,42,84.1,76.8,7.1,-0.03,2.86,5,0,2,1,0
0,6,101.3,69.8,7.3,-0.24,2.01,5,2,0,0,0
0,-29,56.6,63.2,8.1,0.69,1.35,4,2,1,0,0
0,34,81.6,65.7,7.1,0.92,1.73,4,0,2,0,0
0,17,84.5,74.7,8,0.3,2.53,4,1,1,0,0
0,-19,101,76.2,7.9,-0.08,2.2,4,1,1,1,0
0,-52,67.9,68.5,6.1,-0.62,2.58,4,0,0,0,0
0,-1,102.5,77.8,7.7,0.24,1.65,3,0,0,1,0
0,-34,71.4,68.7,6.4,0.15,2.88,3,1,0,1,0
0,4,108.1,72.5,7.1,0.36,2.29,3,2,1,0,0
0,18,76.2,77.8,7.6,-0.14,2.6,3,3,2,0,0
0,-47,68.8,76.7,7.2,-0.68,3.11,3,1,0,1,0
0,-28,90.8,87.8,7.3,-0.23,2.05,2,2,1,1,0
0,40,74.6,67,6.5,-0.15,2.77,2,1,1,1,0
0,24,96.4,69.3,6.7,0.26,2.29,2,0,0,0,0
0,9,87,68,6.8,0.07,2.63,2,1,1,0,0
0,65,83.5,74.5,6.8,-0.08,3.2,2,2,0,1,0
0,-8,71.9,74.1,8.8,0.35,1.98,2,0,0,1,0
0,-10,97,81.1,8,0.07,1.9,1,0,1,0,0
0,18,98.2,69,7.3,-0.62,1.89,1,3,2,1,0
0,10,103.1,70.2,6.5,-0.6,2.03,1,1,1,1,0
0,-14,80.3,84.2,7.6,-0.61,2.33,1,1,0,1,0
0,6,97,69.1,7.6,0.61,1.83,1,3,2,0,0
0,-16,101,74.7,7.8,0.02,1.96,1,0,1,0,0
0,0,102.5,70.7,6.3,-0.3,3.17,1,1,2,1,0
0,39,74.8,71.2,6.9,-0.41,2.57,9,0,1,0,0
0,-15,95,68.9,6.5,-0.19,2.61,9,1,2,1,0
0,-27,93.7,74.6,7.2,-0.32,2.38,8,0,2,1,0
0,50,79.5,70.9,7.1,-0.75,2.88,8,0,0,1,0
0,-43,65.4,66.9,6.5,0.62,1.73,7,1,1,1,0
0,-5,98.9,73.1,7.1,0.27,1.94,7,1,0,1,0
0,18,94.4,68.1,6.4,0.23,3.96,7,0,0,1,0
0,55,76.7,63.3,7.8,0.23,1.2,7,2,2,0,0
0,47,91.9,66.7,6.4,-0.02,2.81,7,0,0,1,0
0,-1,92.2,72.7,8.4,-0.41,1.61,7,0,1,0,0
0,29,90.6,72.3,7.8,-0.23,2.31,7,0,0,0,0
0,51,84.1,68.4,7.2,-0.19,2.46,6,2,1,1,0
0,-25,91.1,76.5,7.2,-0.29,3.03,6,1,2,1,0
0,32,57.9,68.2,6.8,-0.13,2.62,6,1,0,0,0
0,54,91.2,72,7.8,-0.11,2.32,6,0,1,1,0
0,-44,60.4,73.1,6.6,-0.58,2.17,6,0,0,0,0
0,-19,97.2,75.3,7.7,-0.24,2.63,5,0,1,1,0
0,9,95.9,72,7.2,0.39,2.28,5,1,0,1,0
0,-2,74.7,72.3,7.6,-0.14,2.81,5,0,1,1,0
0,-43,71.6,78.8,7.4,0.05,1.62,5,2,1,0,0
0,-8,92.2,62.5,5.5,-0.38,3.02,5,2,2,1,0
0,5,88.7,68,6.9,1.29,2.18,4,0,1,1,1
0,-22,58.9,52.4,7,-1,1.84,4,1,2,1,1
0,9,94.9,67.6,6,0.65,2.99,4,0,2,0,1
0,15,100.3,64.5,6.1,-0.66,3.27,4,1,0,0,1
0,-19,99.4,72.9,6.6,0.1,2.96,4,1,2,0,0
0,-56,74.9,59.7,6.8,0.87,1.79,4,1,2,0,0
0,19,89.3,73.3,7.7,-0.13,2.22,4,1,0,1,0
0,5,108.2,77.7,8,0.29,1.81,3,3,2,1,1
0,37,97.3,77.2,7.9,-0.13,1.45,3,1,0,0,1
0,-29,81.1,70.4,7.9,-0.83,1.16,3,0,2,1,1
0,-37,82.3,74.1,6.3,-0.72,2.64,3,1,0,0,0
0,36,98.5,73.2,7.3,0.41,2.49,3,3,1,1,0
0,26,73.4,72.5,6.6,-0.52,2.62,3,0,0,0,0
0,9,96.6,68.1,6.6,-0.02,2.43,2,1,1,1,1
0,62,81.9,74.4,7.1,0.55,3.13,2,0,0,1,1
0,32,79.4,66.5,5.7,0.07,2.61,2,1,1,1,0
0,13,96.3,64.5,6.6,-0.45,1.97,1,0,1,0,1
1,22,109.7,76.8,7.8,0.44,2.5,1,0,1,1,1
0,-7,92.8,66,6.6,-0.48,3.12,1,0,1,1,0
0,-11,90.2,69.3,7.3,-0.17,2.88,1,1,2,1,0
0,9,63.4,67.3,7.5,0.96,1.75,9,2,2,0,1
0,24,100,69.7,7.9,0.49,2.71,8,3,2,0,0
1,30,100.9,72.1,7.2,0.13,3.04,8,1,1,1,0
0,-39,70.7,73.7,7.5,0.67,2.08,8,2,1,0,0
0,-1,107,73.6,7,-0.16,2.4,8,2,1,1,0
0,36,94,67,7.5,0.36,2.66,8,0,1,0,0
1,25,102.8,72.5,8,0.27,2.1,8,1,2,0,0
0,-39,65.8,68.1,7.6,0.39,1.75,8,0,1,1,0
0,-11,94,73.4,7.6,0.6,1.8,7,0,0,0,0
0,-27,66.6,64.1,6.2,0.68,2.46,7,0,1,1,0
0,25,95.9,77.3,8.1,-0.99,2.32,7,0,0,0,0
0,17,90.5,71.5,7.5,-0.71,2.56,7,1,0,1,0
0,11,96.1,66.2,7.4,0.57,2.74,7,1,0,0,0
0,30,99.2,73.9,7.1,-0.1,2.7,7,0,1,0,0
0,27,91.3,72.6,7.9,0.29,2.11,6,0,1,0,0
0,22,85.1,74.3,7.8,0.4,3.19,6,0,2,0,0
0,29,85.3,72.1,7.3,0.49,2.02,6,3,0,1,0
0,-22,80,58.8,8.2,0.67,1.9,6,1,2,0,0
0,33,40.7,66.2,6.3,0.06,2.54,6,3,2,1,1
0,-9,93.3,69.9,7,-0.3,1.98,6,1,1,0,1
0,32,102.5,70.4,7.1,-0.21,2.62,6,1,2,0,1
0,-11,109.8,74.8,6.7,-0.33,2.9,6,0,0,0,0
0,-4,65.9,57.8,7.5,-0.63,1.79,6,0,1,1,0
0,42,94.1,69.8,7.7,0.04,2.97,6,2,1,0,0
0,21,84.3,76.1,7.6,0.06,1.72,5,2,2,1,0
0,47,85.9,68.9,6.7,-0.62,2.78,5,1,0,1,0
0,58,75.3,63.7,7.5,0.56,1.9,5,2,1,0,0
0,69,85,67.1,7.7,-0.49,2.56,5,3,2,1,0
0,6,81.4,71.1,6.8,-0.39,2.15,5,1,0,0,0
0,-19,81.6,80.5,7.7,0.06,2.92,5,2,1,0,0
0,9,102.5,72.3,7.4,0.42,2.35,5,2,2,0,0
0,60,94.1,71,7.3,-0.52,3.02,4,1,1,0,0
0,46,88.5,67.7,7.3,-0.36,2.25,4,1,0,1,0
0,20,100.4,86.2,7.4,-0.05,2,4,0,0,1,0
1,40,107.7,80.3,7.4,0.16,2.9,4,0,0,1,0
0,22,105.7,70.3,6.9,-0.33,3.71,4,1,2,0,0
0,31,94,69.1,6,-0.44,3.12,4,1,0,1,0
0,24,101.3,69.3,7.1,0.41,3.23,4,0,2,0,0
0,29,102,66.7,6.1,-0.26,3.57,3,1,1,1,0
0,30,97.6,76.8,8.1,-0.48,1.7,3,1,0,0,0
0,32,93.7,69.8,7.2,-0.39,2.23,3,0,1,1,0
0,5,105.1,72.6,6.5,-0.29,2.74,3,2,1,0,0
0,52,91.9,74.9,7.3,0.17,1.85,3,0,2,0,0
0,0,102.1,71.2,7.4,0.12,1.81,3,3,2,0,0
0,-52,97.3,74.9,7.4,-0.02,2.2,2,2,2,1,0
0,-27,102,75.2,7.4,0.36,2.45,2,0,0,0,0
0,42,73.5,73,6.9,0.07,1.34,2,1,2,1,0
0,59,91,69.9,7.2,0.52,2.1,1,0,1,1,0
0,16,107.5,75.7,7.9,-0.14,2.66,1,2,1,0,0
0,-34,80.1,69.8,7.2,0.28,1.63,1,2,1,1,0
0,28,91,67.5,5.7,-0.2,2.9,1,2,2,0,0
0,28,95.7,72.4,7.5,-0.67,1.71,1,1,0,1,0
0,4,88.2,68.9,6.1,-0.49,2.78,1,0,2,0,0
0,56,80.2,76.2,7.5,0.17,2.16,1,2,0,0,0
0,17,105.6,73.9,6.6,-0.44,2.03,1,3,2,1,0
0,17,79.2,76.9,6.7,0.55,2.55,1,2,2,1,0
0,58,95.1,72,7.5,-0.14,3.4,9,2,0,1,0
0,-6,94.6,70,8,-0.3,1.96,9,0,0,0,0
1,29,102.1,71.9,7.5,-0.01,2.62,9,0,0,0,0
0,15,93.4,66.1,5.7,0.12,2.86,8,0,0,0,0
0,21,104,79,7.2,-0.01,2.69,8,1,0,1,0
0,-16,54.3,73.5,8.4,0.02,1.95,8,1,0,0,0
0,-1,97.9,66.1,6.3,0.41,3.07,8,2,2,0,0
0,48,93.5,75,8,0.48,1.56,8,3,2,1,0
0,-13,84.8,69.1,7.3,0.7,1.96,8,3,2,0,0
0,11,107.4,77,7.4,-0.03,2.04,8,3,2,0,0
0,50,82.9,63.2,8.2,-0.72,2.21,7,2,2,1,0
0,54,82.8,70.5,6.9,0.11,2.71,7,2,2,0,0
0,-19,75.9,72.4,6.2,0.41,2.93,7,1,2,1,0
0,22,87.6,72,6.9,-0.24,1.3,7,3,2,0,0
0,22,100.2,69.8,7,-0.1,1.94,7,2,2,0,0
0,-1,96.8,65.7,6.4,-0.41,2,7,0,1,0,0
0,8,97.5,65.9,7.7,0.31,2.44,6,0,0,0,0
0,26,76,70.1,7.4,0.22,1.17,6,3,2,1,0
0,13,59.5,69.1,6,-0.91,2.48,6,1,1,0,0
0,45,88.8,67,7,0.71,2.78,6,2,1,0,0
0,-4,75.4,69.7,7.9,0.57,1.66,6,0,2,0,1
0,18,77.5,69.7,7.4,-0.7,2.63,6,0,1,1,1
0,-9,103.5,73.8,7.5,-0.71,2.46,5,1,1,1,0
0,-14,99.8,71,7,0.14,1.93,5,0,1,0,0
0,66,77,70.7,6.3,-0.42,3.32,5,2,1,0,0
0,4,105.3,72.4,7,0.06,1.81,5,1,2,1,0
0,-4,31,8.4,1.8,-0.53,2.72,5,0,1,0,0
0,6,90.9,62.3,6.8,-0.77,1.92,5,2,2,1,0
0,9,89.5,72.4,7.3,0.96,2.43,5,0,0,0,1
0,10,94.7,67.5,6.6,0,1.72,5,2,2,0,1
0,9,78.2,71.1,7,-0.06,2.48,5,0,0,0,1
0,40,96.8,69.9,7.5,0.06,2.58,4,0,1,0,0
0,37,104.4,68.8,7.1,0.73,2.91,4,0,0,1,0
0,3,99,63.8,6.3,-0.37,2.67,4,0,1,1,0
0,19,94.5,65,6.7,0.58,3.45,4,1,2,0,1
0,25,96.4,75.2,7.1,0.3,2.22,3,0,2,0,1
0,25,104.2,74.3,7.2,0,2.44,3,2,1,1,1
0,21,81,76.7,8.3,-0.24,2.28,3,0,0,0,1
0,36,100.3,66.8,6.5,-0.25,3.04,3,0,0,0,1
1,34,104.1,69.6,6.8,-0.09,2.65,3,3,1,0,1
0,78,78,65,6.8,-0.36,2.68,2,1,1,1,0
0,9,83.7,75.9,7.8,0.44,2.36,2,2,1,0,1
0,12,90.7,66.7,7.4,0.43,1.52,2,0,1,0,1
0,12,98.7,69,7,-0.46,2.23,2,1,0,1,1
0,28,101.7,73.6,7.8,0.46,1.89,2,0,1,0,1
0,22,100.3,67.3,6.9,-0.28,3.29,1,1,2,1,0
0,2,98.6,65.2,6,-0.27,2.24,1,1,1,0,0
1,22,110.5,79.5,7.6,0.08,2.86,1,2,0,1,0
0,-15,95.2,73.3,6.3,0.17,3.21,1,3,2,0,1
0,8,105.6,74.1,7.5,0.24,2.06,1,1,0,1,1
0,21,83,73.9,6.9,0.18,2.47,9,1,1,1,0
0,-16,95,74.4,7.3,0.33,2.21,9,0,2,1,0
0,1,91.9,67.7,6.7,-1.19,2.48,9,2,2,1,0
0,-1,76.3,68.3,6.4,-0.32,2.48,9,2,2,0,0
1,32,101,70.7,7.3,-0.01,2.59,9,2,1,1,0
0,8,99.5,70.9,7.2,-0.01,2.03,9,3,1,0,0
0,17,92.5,64.4,6.3,-0.84,2.73,9,3,2,1,0
0,8,70,69.2,8.2,0.11,1.76,9,0,2,1,0
0,77,81.6,71.2,7.3,1.45,2.61,8,0,0,1,0
0,47,72.8,63.1,8.1,0.75,1.28,8,0,2,0,0
0,8,98.3,75.9,7.4,-0.24,1.73,8,1,1,1,0
0,15,77.2,72.6,7.8,-1.01,2.52,8,2,2,1,0
0,-7,79.9,80.2,7,-0.32,2.19,8,1,2,1,1
0,33,89.2,65.6,6.7,0.12,2.1,8,3,2,0,1
0,-33,67,76.2,7.5,-0.98,1.89,7,2,2,1,0
0,44,71.6,74.7,6.9,-0.22,2.38,7,3,2,0,1
0,11,80.5,70.1,7.1,0.3,1.98,7,1,1,1,1
0,0,67.9,68.8,7.4,0.89,1.73,7,1,1,0,0
0,3,85,70.4,8.2,-0.33,2.95,7,0,0,0,0
0,18,105.4,74,7.1,0.12,2.75,6,1,0,1,1
0,38,96.6,70.8,6.6,-0.23,3.14,6,0,1,0,1
0,-6,83.2,70.2,8.2,-1.23,2.37,6,2,2,1,0
0,18,89.1,70.1,6.5,0.15,3.54,6,2,2,1,0
0,-6,99.5,80.1,7.7,0.44,1.61,6,0,1,1,0
0,49,80.3,67.8,6.7,-0.13,2.93,5,0,0,0,1
0,-2,97.8,67.8,6.2,0.17,3.01,5,0,2,0,1
0,17,96.5,70.1,7.5,0.07,3.11,5,2,1,0,0
0,-19,99.4,71.1,7.4,0.84,2.06,4,3,2,0,1
0,38,92.1,70.6,6.7,-0.09,2.72,4,0,0,1,0
0,5,92.3,68.4,6.3,-0.41,2.95,4,0,0,0,0
0,4,96.2,67,7.2,-0.58,2.89,4,0,0,0,0
0,46,97.2,75.6,6.9,-0.46,3.25,4,2,0,1,0
0,30,98.6,69.7,7.4,0.03,1.92,4,0,1,1,0
0,-2,100,75.8,7.4,-0.07,2.45,3,0,1,1,1
0,20,104.4,74.9,7.2,0.08,2.26,3,1,1,0,1
0,44,74.3,67.7,5.8,-0.13,3.34,3,2,2,0,1
0,18,86.4,66.8,6.7,0.08,2.19,3,3,2,1,0
0,37,81.4,67.3,6.5,-0.14,2.34,2,0,1,0,1
0,-7,80.9,69.1,7.5,0.84,2.33,2,2,1,0,1
0,3,108.5,76,6,0.42,3.02,2,0,0,0,1
0,32,78.4,65.3,7,-1.39,2.59,2,1,2,1,0
0,22,69.9,67.7,7,0.98,2.39,2,2,1,0,0
0,1,91.1,70.6,7.5,-1.11,2.63,2,2,2,0,0
0,-32,95.8,73.2,7.1,0.21,2.99,1,0,1,1,1
0,41,93.3,78.9,7.3,-0.53,2.47,1,2,0,1,1
0,9,81.8,72.4,6.4,0.46,3.28,1,1,2,1,0
0,-4,78.1,71.2,7.4,-0.34,2.44,9,0,2,0,0
0,-50,70,62.8,6.1,0.51,2.76,8,2,2,1,0
0,-65,39.3,39.8,7,0.6,1.71,8,1,0,0,0
0,20,104.2,85.4,7,0.37,2.48,8,2,2,1,0
0,38,92.6,73.1,7.5,-0.21,2.44,8,0,1,0,0
0,10,107,75.7,7.4,-0.21,2.18,8,0,1,0,0
0,-16,100.1,73.8,7.2,0.46,1.81,7,3,2,1,0
0,30,70.3,79.7,6.6,0.17,3.24,7,1,2,0,0
0,40,102.4,74.9,6.9,-0.03,2.31,7,0,0,1,0
0,-12,93,73.4,7.6,-0.33,1.38,7,2,2,0,1
0,-13,104.6,77.2,7.1,0.32,2.22,7,0,0,0,1
0,13,100,75.5,7.7,0.1,3.36,7,0,0,0,1
0,-19,69.1,67.5,7.7,0.31,1.4,6,0,2,0,1
0,-26,88.7,70.5,8.4,0.52,1.52,6,0,1,0,1
0,-54,69.8,65.4,5.7,0.24,3.13,6,2,2,1,1
0,23,98.2,70.6,7,0.55,2.74,6,1,0,0,1
0,-2,83.3,71.1,6.4,0.9,2.23,6,2,1,1,1
0,9,85.2,78.2,8,0.06,1.67,6,0,1,0,1
0,13,100,69.9,7,0.17,2.77,6,1,1,0,1
0,67,81.5,65.4,6.1,0.09,3.82,5,0,2,1,0
0,0,88.4,73.5,7.5,0.35,2,5,0,1,0,1
0,-42,64.2,52.2,6.3,0.26,3.43,4,1,0,0,0
0,31,100.6,68.5,7.8,0.5,2.98,4,0,1,0,0
0,71,61.2,72.9,7.2,0.46,2.5,4,3,1,1,0
0,13,99.2,68.5,6.1,0.25,3.3,4,2,2,0,0
0,-16,91.3,75.3,7.8,0.28,1.18,4,1,0,0,1
0,3,92.6,70.2,7.9,0.2,1.96,3,0,0,1,0
0,22,95.7,75.9,6.3,-0.36,3.5,3,0,0,0,0
0,0,102.2,72.5,6.6,-0.4,3.41,3,3,2,1,0
0,-13,98.4,69,6.1,-0.03,2.49,3,0,1,0,0
0,-15,102.4,72,6.6,0.08,2.13,3,0,0,1,1
0,4,108.4,79.5,8.2,-0.48,2.34,3,3,1,0,1
0,31,86.8,70.2,7.4,0.68,1.72,3,3,2,0,1
0,29,79.7,74,7.3,1.06,2.61,3,1,2,1,1
0,29,94.6,70.1,7.8,-0.18,1.65,2,2,2,1,0
0,5,105.3,77.9,7.8,0.51,2.03,2,0,0,1,0
0,18,83.8,72.6,6.9,-0.66,3.42,2,3,1,0,0
0,-36,80,68.6,7,-0.49,2.26,2,1,2,1,0
0,-21,82.9,68.9,7.3,0.91,2.37,2,0,1,0,1
0,-42,58.4,73.7,7,0.2,2.22,2,1,1,1,1
0,-3,82.6,67.5,7.6,0.85,1.94,2,1,0,0,1
0,24,81,70.3,8.2,1.19,2.19,2,0,1,0,1
0,49,74.6,76.9,6.8,1.11,3.02,2,1,0,1,1
0,28,102.5,68.5,6.8,-0.11,2.42,1,1,2,1,0
0,36,99.7,74.9,7.4,0.18,2.21,1,0,0,1,0
0,-7,92,71.8,7.1,0.58,2.26,1,2,1,0,1
0,-6,86.3,69.6,6.1,0.3,2.59,9,3,2,1,0
0,-2,70.8,71.1,7.9,0.64,1.48,9,0,0,0,0
0,38,70.3,68.4,7.4,0.64,1.78,9,3,2,0,1
0,-45,71.7,62.9,5.8,-0.19,2.17,9,0,0,1,0
0,-1,107.1,69.4,5.6,0.15,3.15,9,2,1,0,0
0,0,75.5,71.3,7.8,0.19,2.22,8,0,0,1,0
0,27,101.6,80.5,7.9,-0.4,2.29,8,0,0,0,0
0,6,103.6,72.2,6.5,-0.11,2.39,8,1,1,1,0
0,42,93.5,72.3,7.2,-0.13,2.99,8,0,0,1,0
0,-24,99.4,72.2,6.8,-0.62,2.17,7,1,1,0,0
0,-20,85.2,67.1,5.7,-0.13,3.19,7,1,2,1,0
0,-25,65.2,65.9,6.4,-0.79,1.99,7,0,0,0,0
0,69,85.3,71,7.6,0.33,2.45,7,0,0,0,0
0,-1,72,71.5,7.8,0.66,2.04,7,0,0,0,0
0,-55,60.7,69.4,7.2,0.4,2.16,6,0,2,0,1
0,21,97.6,74.4,6.8,0.2,2,6,1,1,0,1
1,40,104.1,70.5,7.2,0.32,2.88,6,1,1,1,0
0,-5,108.7,73.5,8,0.22,1.91,6,2,1,1,0
0,48,93.7,71.4,7.9,0.13,2.87,5,0,0,0,0
0,8,88.5,60,6.6,-1.17,2.57,5,1,2,1,0
0,15,91.7,72.8,7.2,0.21,1.88,5,2,2,0,0
0,-3,92.3,70.9,7.2,-0.66,2.54,5,0,0,1,0
0,9,98.6,69.4,7.4,0.39,1.94,5,1,0,0,0
0,74,86.2,72.2,6.9,0.02,3.07,5,3,1,1,0
1,23,110.7,78.9,7.7,0.47,2.66,5,0,0,0,0
0,7,107,72.8,7.1,0.06,2.51,5,1,0,1,0
0,-24,101.3,69.7,5.9,-0.53,2.14,5,0,1,1,0
0,10,100.1,75.3,7.8,-0.08,2.26,5,3,1,0,0
0,64,74.7,71.6,8,0.17,2.07,5,3,2,0,0
0,13,97.3,68.2,8.2,1.12,2.36,5,1,2,0,0
0,13,107.2,72.5,6.8,-0.19,2.78,5,1,1,1,0
0,47,98.8,72.1,7.2,-0.23,2.48,4,1,0,1,0
0,72,88.4,81.4,8.5,0.23,2.51,4,0,1,0,0
0,28,77.8,66.6,6.1,0.77,2.92,4,0,1,1,0
0,69,69.9,68.3,6.2,1,3.05,4,0,1,1,0
0,18,101.5,68.5,6.7,0.53,2.8,3,0,1,0,0
0,17,106.9,74.2,7.1,-0.1,2.39,3,0,0,1,0
0,39,91.9,70.3,6.5,0.05,2.68,3,2,2,0,0
0,15,97.7,72.6,7.3,0.32,2.85,3,0,1,0,0
0,14,105.4,69.9,6.9,0.38,3.26,3,0,0,1,0
0,42,86.2,67.8,6.3,-0.28,3.32,3,0,1,0,0
0,5,97.8,67.5,7.1,0.45,2.53,3,1,2,0,0
0,0,84.5,70.5,6.5,-0.17,2.36,2,1,0,1,0
0,8,76.5,77.5,8.2,0.33,3.26,2,1,0,0,0
0,-5,98.8,72.4,7.4,0.27,3.49,2,1,1,0,0
0,5,98.4,75.5,7.3,1.05,2.98,2,2,2,0,0
0,-80,58.3,35.7,7.8,1.14,2.19,1,0,1,0,0
0,25,81.2,66.5,7.2,-0.95,2.82,1,1,1,1,0
0,33,91.1,76.7,7.8,-0.21,1.8,1,2,0,0,0
0,4,89.3,72.5,6.4,0.07,2.67,1,0,0,1,0
0,27,102.3,72.8,6.7,0.27,3.08,1,3,2,0,0
0,2,84.2,52.3,5.2,0.01,3.65,9,2,2,0,1
0,4,98.8,67.9,6,-0.33,3.39,8,0,2,0,0
0,-59,46,64.3,5.2,-1.24,3.04,8,0,1,0,0
0,7,101.6,68.2,6,-0.38,3.07,8,1,2,1,0
0,50,78.5,78.5,7.4,-0.23,2.2,8,0,1,0,0
0,-39,78.2,79.3,7.8,-0.19,1.47,8,1,2,0,0
0,74,90,68.2,8,0.68,2.72,7,0,0,0,0
0,-4,101.3,75.2,8,0.18,2.25,7,1,2,0,0
0,5,103.1,69.3,6.3,-0.42,3.51,7,0,1,0,0
0,6,67.1,68.7,8.2,-0.62,1.23,7,0,2,1,1
0,-13,93,66,6.4,0.25,2.59,7,1,1,0,1
0,-18,91.9,69.3,6.7,-0.1,3.32,6,1,2,0,0
0,6,89.4,73.4,6.5,-0.24,2.79,6,2,1,0,0
0,-10,106.6,76.6,6.8,-0.05,2.29,6,2,0,0,0
0,2,99.3,66.1,6.8,0.26,1.86,6,2,2,0,1
0,34,86,72.6,7.1,0.13,2.91,6,2,0,0,1
0,-25,89.4,76.8,6.9,-0.34,1.97,6,3,2,0,1
0,43,90.4,65.5,7,0.4,2.71,6,1,2,0,1
0,2,67.9,62.2,7.3,0.93,1.99,5,1,2,0,0
0,3,81.8,77.8,7.2,-0.77,2.55,5,1,0,0,0
0,-13,108.6,78.6,7.3,0.41,2.15,5,1,0,0,1
0,-5,57.7,67.7,5.7,1.07,2.7,5,1,1,1,1
0,40,96.2,71.4,8.2,-0.2,2.36,4,1,0,0,0
0,6,107.1,73.7,6.9,-0.17,2.12,4,1,1,0,0
0,-12,101.4,69.5,7.2,0.12,2.63,4,0,1,0,0
0,-15,95.1,71.4,7,-0.28,2.06,4,2,1,0,1
0,3,100.7,67.3,6.2,0.29,2.16,4,2,1,0,1
0,23,97.1,72,7.4,0.41,1.76,4,0,0,0,1
0,46,94.9,74.8,7.2,0.49,2.54,3,0,0,0,0
0,26,98.2,77.7,7.3,0.06,1.7,3,2,1,1,0
0,15,82.2,77.7,8,0.21,2.56,3,0,0,0,0
0,10,105.4,74.5,7.9,0.02,2.1,3,3,1,0,0
0,-17,66.3,61.4,7,1.04,2.87,2,1,2,0,0
0,29,76.5,71.1,7.7,0.77,1.7,2,1,1,0,0
0,-26,103.2,69.3,6.9,0.38,2,2,1,1,0,1
0,36,60.9,70.2,7.5,0.12,1.12,2,0,1,0,1
0,-2,60.1,66.9,6.7,-0.58,2.96,2,1,1,0,1
0,-13,87,73.1,6.9,-0.71,2.31,2,3,0,0,1
0,24,99.7,77,7.5,0.61,2.15,2,2,2,0,1
0,-5,90.2,71.5,6.1,-0.43,2.57,1,0,0,0,0
0,14,78,67.9,6.1,-0.66,2.83,1,1,0,0,0
0,6,104,73.7,7.3,-0.17,1.91,1,0,0,1,0
0,-71,52.3,76.7,6.6,0.13,2.66,1,3,2,0,0
0,-45,55.8,73.7,7.2,-0.11,2.25,1,0,0,0,0
0,22,105.6,82.2,8.2,-0.1,2.51,1,1,1,0,0
0,38,105.9,78.8,7.2,0.13,2.96,1,2,1,0,1
0,-25,59.6,63,5.9,0.93,2.96,1,0,0,1,1
0,-2,86.3,59.2,7.5,-0.22,2.06,9,0,2,0,0
0,8,106.2,72.2,7.9,0.13,1.69,9,2,2,1,0
0,14,84.5,73.5,8.4,-0.27,2.33,8,0,1,0,0
0,-5,76.9,73.7,8.1,-0.73,1.97,8,0,0,0,0
0,12,100.6,73.4,7.2,-0.6,2.61,8,3,2,1,0
0,53,99.9,73.8,7.7,0.4,3.03,8,1,0,0,1
0,-7,99.7,70.3,7.3,-0.15,1.5,8,2,2,0,1
0,11,108.2,75.2,7,0.01,2.69,8,2,2,1,1
0,26,67.3,71.3,7,-0.5,2.36,8,0,0,0,0
0,33,90.5,67.3,7.6,-0.12,2.13,8,0,1,0,0
0,19,78,66.9,6.5,0.46,2.34,8,0,2,1,0
0,19,111,75.4,7.8,0.36,1.65,8,2,1,1,0
0,75,81.9,76.3,7.5,0.04,2.87,7,1,0,0,1
0,-76,63.9,67.7,8.2,0.84,2.3,7,0,0,0,1
0,0,86.7,70.2,6.7,-0.41,1.52,7,1,2,1,1
0,8,113.5,77.5,7.7,-0.15,2.37,7,2,1,0,0
0,7,100.1,70.1,8.4,-0.6,1.75,7,3,1,1,0
0,12,85.2,71.9,6.8,-0.25,2.84,7,0,1,0,1
0,-6,68.4,75.6,9.1,0.98,1.78,6,0,1,0,0
0,74,90.9,73.4,7.4,-0.11,2.65,6,1,0,1,0
0,64,77.7,74.4,7.8,-0.19,2.27,6,1,0,0,0
0,16,73.7,73.7,7.4,-0.8,1.66,6,0,0,1,0
0,30,98.4,78,7.7,-0.19,1.38,6,2,0,0,1
0,-38,95.5,63.2,6.7,-0.52,3.54,6,2,2,1,1
0,9,103.6,73.9,7.1,0.46,2.95,6,0,0,0,1
0,7,70,65.8,8.8,0.66,1.35,5,1,1,0,0
0,-10,76.8,71.5,6.8,-0.8,2.26,5,2,0,1,0
0,-13,80,66.6,6.4,-0.72,2.31,5,2,2,0,1
0,15,80.8,70.4,8.5,-0.81,1.78,5,0,1,0,1
0,44,61.7,71.2,6.8,-0.53,2.46,5,1,2,0,1
1,23,109.1,77.2,8.1,-0.11,2.56,5,0,1,0,1
0,-2,100.2,72.1,7.8,-0.53,1.66,4,1,2,1,0
0,76,87.7,73.1,8.4,0.83,3.31,4,0,1,0,0
0,44,91.3,70.7,7.3,0.14,2.07,4,1,2,0,1
0,-25,89.5,68.5,6.8,-0.07,3.73,4,1,2,1,1
0,55,80.5,66.4,7.9,0.84,2.71,4,0,2,0,1
0,-7,74.4,71.8,7.8,-0.15,1.2,3,0,0,1,0
0,-2,88.2,68.3,6.9,-0.28,2.69,3,1,0,0,1
0,7,76.7,71.1,6.9,-0.7,2.53,3,1,1,0,1
0,43,89.5,74.9,8.3,0.03,1.91,2,0,2,0,0
0,-1,97.2,69.1,6.3,-0.03,2.12,2,0,0,1,0
0,29,92.6,72.6,6.8,-0.73,3.3,2,2,1,0,1
0,37,82.5,71,7.1,-0.44,1.82,2,0,1,0,1
0,32,100.2,74.1,8.8,0.59,2.49,1,2,0,0,0
0,19,103.6,72.4,6.8,0.14,3.47,1,0,1,1,0
0,12,95.7,74.5,7.6,0.16,2.7,1,2,2,0,0
0,-4,102.6,73.9,7.6,-0.53,2.28,1,2,1,1,0
0,-55,93.2,73.5,7.6,0.32,1.97,1,2,2,0,0
0,-1,92.4,69.2,8,-0.93,2.34,1,2,1,1,1
0,40,81.5,71.4,7.5,-0.82,2.83,1,0,0,0,1
0,5,87.1,65.9,6.4,0.03,3.12,1,1,0,0,1
0,13,78.5,65.6,6.4,-0.3,2.54,1,0,1,0,1
0,4,81.7,78.2,7.3,-0.18,2.71,1,0,1,0,1
0,-52,49.5,47.7,5.4,0.74,2.47,11,0,0,1,0
0,60,79.8,69.6,7.2,-0.01,2.81,11,0,0,0,0
0,1,81.3,73.9,7.9,0.79,1.13,11,1,2,0,0
0,22,80.6,57.5,7.2,1.23,2.75,11,1,1,0,0
0,18,111.2,81.7,7.8,0.32,2.16,11,0,0,1,0
0,19,108.2,82.7,7.8,0.36,2.16,11,2,1,1,0
0,36,81,69.8,6.4,-0.1,2.95,10,3,2,0,0
0,35,67.6,76,8.2,0.65,2.37,10,0,2,1,0
0,36,102.3,72.4,6.7,0,3.02,10,1,1,1,0
0,0,96.4,69.6,7.7,-0.58,1.91,10,0,1,1,0
0,-72,48.2,66.9,8.4,1.21,1.6,10,2,1,0,0
0,-14,76.4,68.2,6.9,-0.46,2.65,9,1,2,0,1
0,16,92.2,77.5,7.5,-0.27,1.85,9,0,0,1,0
1,30,101.4,73.2,7.3,0.35,2.74,9,0,0,1,0
0,-8,83.3,66.7,8,1.09,1.93,8,2,1,0,0
0,4,108.4,72.9,6.8,-0.33,2.47,8,2,2,0,0
1,22,107,75.5,7.3,0.55,2.67,8,2,2,0,0
0,58,64.3,57.9,7,0.67,1.8,8,1,1,0,0
0,20,93.9,62.9,6.3,-0.17,3.6,8,2,2,1,1
0,-64,73.1,61.2,6.2,-0.78,1.87,8,1,2,0,0
0,59,64.5,74.9,7.7,1.09,2.38,7,0,0,1,0
0,14,105.5,74.3,7.5,0.04,2.16,7,2,1,1,0
0,-2,96,66.6,6.9,0.08,3.02,7,0,1,0,0
0,35,97,79.8,7.5,-1.01,2.96,7,0,0,1,0
0,13,89.7,74.4,6.4,0.67,2.58,7,0,0,1,0
0,4,110.1,73.5,7.4,0.04,2.79,7,1,0,0,0
0,-1,104.3,69.3,6.6,0.62,2.59,6,2,2,0,0
0,8,106.3,88,7.9,-0.17,2.76,6,0,1,1,0
0,-14,86.3,64.4,6,-1.14,1.9,6,0,1,0,0
0,17,104.6,78.1,7.6,-0.17,2.9,6,2,2,1,0
0,19,102.1,73.5,6.6,0.21,2.72,6,3,2,1,0
0,57,88.7,73.9,7.4,0.38,2.29,6,0,0,1,1
1,28,103.7,79.1,8.1,-0.26,2.16,6,2,0,1,1
0,18,84.5,67.9,7.9,0.68,2.35,5,0,2,0,0
0,11,90.6,59.6,8.2,0.83,1.26,5,1,2,0,1
0,27,83.3,66.3,8.2,0.61,1.46,5,1,2,0,1
0,21,89.5,71.5,7.2,-0.38,2.03,5,0,0,0,1
0,-22,97,65.7,6.3,-0.48,1.66,4,0,0,0,1
0,-74,57.3,72,6.9,-0.79,2.37,4,2,2,1,1
0,17,104,74.9,7.5,0.12,2.83,4,3,1,0,1
0,7,69.8,68.3,7.2,-0.54,1.69,4,0,2,1,1
1,36,96.3,74.2,7.9,-0.08,2.76,4,1,0,0,1
0,35,91.8,70,8.1,0.97,2.24,4,0,2,0,1
0,-16,98.7,71.1,7.2,0.22,1.52,3,0,1,0,1
0,54,69.8,71.9,7.2,-0.2,2.3,3,0,0,0,1
0,7,98.4,71.4,6.3,-0.2,2.87,3,0,0,0,1
0,36,83.6,67.9,8.2,0.99,2.86,3,1,1,0,1
0,22,98.3,79.1,7.2,-0.43,2.83,3,0,1,1,1
0,10,88.8,55.7,4.5,-0.03,3.36,2,0,2,0,1
0,-63,35.5,66.1,7.4,0.05,1.9,2,0,0,0,1
0,-3,105.7,69,6.8,-0.08,2.17,2,1,0,0,1
0,42,74,67.7,7.1,0.17,1.87,2,3,2,0,1
0,-31,74.7,68.1,6.9,0.2,1.26,2,2,2,0,1
0,-57,53.7,73.3,8.7,-0.02,1.74,2,1,1,0,1
0,7,92.9,68.5,6.5,0.06,2.89,2,2,2,1,1
0,-16,103.3,77.8,7.1,-0.04,2.53,1,1,1,1,1
0,7,105.2,68.4,6.6,-0.34,2.16,1,3,1,0,1
0,18,101.4,75.1,7.4,0.93,2.63,1,0,0,0,1
0,64,87.2,81,7.8,0,2.76,1,3,2,1,1
0,-5,111.3,80.6,7.2,-0.19,1.86,1,2,2,1,1
0,1,78,70.9,6.3,0.75,2.58,9,0,0,1,0
0,65,79.6,76,7.5,-0.36,2.19,9,0,1,0,0
0,9,87.9,69.4,7.7,-0.05,2.01,9,1,1,1,0
0,24,100.4,72.3,7.1,0.01,2.05,9,0,0,0,0
0,-17,97,67.5,6.8,0.47,2.54,9,0,0,1,0
0,8,82.2,53.8,5.9,-0.45,3.38,9,1,2,1,0
0,14,88.1,68.3,5.8,0.15,2.28,8,1,0,1,0
0,4,83,65.1,7.1,0.88,2.14,8,1,0,0,0
0,0,96.7,71.2,7.1,-0.4,2.93,8,1,1,0,1
0,-3,98.3,75.3,8,-0.25,1.66,8,0,0,0,1
0,26,94.2,63,8,-0.07,1.61,8,1,1,1,1
0,2,75.4,62.7,8.5,0.75,1.09,7,0,1,0,1
0,5,80.8,72.4,6.8,-0.78,2.55,7,3,2,0,1
0,3,106.9,72,7.1,0.29,2.3,7,0,1,0,1
0,47,76.3,76.2,8.7,0.91,2.71,7,3,1,0,1
0,0,108.5,74.5,7.7,-0.26,1.34,7,1,1,0,1
0,-18,100.6,77.4,6.8,-0.13,2.07,6,0,0,0,1
0,-28,97.4,73.8,7.3,0.01,1.81,6,0,0,0,1
0,6,108.6,78.9,8.3,-0.1,1.82,6,0,0,0,1
0,7,102.3,74.4,6.7,-0.26,2.05,6,0,0,0,1
0,27,96.3,69.7,8.1,-0.23,2.04,6,0,1,1,1
0,1,89.3,70.6,6.9,-0.07,2.14,5,1,2,0,1
0,-7,81.1,74.5,7.1,-0.56,2.52,5,1,0,0,1
0,3,96.5,76.6,7.2,-0.55,2.8,5,3,1,0,1
0,19,106.5,73.3,7.7,0.28,1.51,5,2,1,1,0
0,11,105.8,74.2,7.7,0.13,2.15,5,3,2,0,0
0,10,107.3,75.4,7.1,-0.05,2.69,5,1,0,1,0
0,22,74.8,55.9,6.4,-0.75,2.91,5,0,1,0,1
0,34,95.2,78.3,8,-0.05,2.18,5,0,0,0,1
0,-7,87.9,70.1,6.3,-0.16,3.23,5,0,1,0,1
0,30,85.2,68.5,6.9,0.31,2.83,5,0,1,1,1
0,-77,60.2,64.9,8.3,-0.5,1.67,5,1,0,1,1
0,20,104.8,78.4,7.8,-0.44,2.54,5,0,0,0,1
0,15,103.7,77.7,7.3,-0.07,2.63,5,0,1,1,1
0,-17,108.4,71.9,7.6,0.15,1.9,4,1,0,0,1
0,19,96.2,76.1,7.4,0.33,2.4,4,0,0,0,1
0,17,84.4,75.7,7,-0.01,3.32,4,0,0,0,1
0,1,87.7,67.5,7.7,0.54,1.83,4,1,1,0,1
0,21,99.6,74.9,7.6,0.54,1.81,4,2,2,0,1
0,40,87.8,67.1,6.7,-0.69,2.71,3,1,0,0,1
0,19,75.5,63,5.3,-1.09,2.89,3,1,2,0,1
0,-2,46.1,22.9,1.9,-0.66,3.26,3,0,0,0,1
0,-2,74.6,58,8.5,-0.92,1.26,3,2,2,1,1
0,43,104.1,75.4,7.8,-0.77,3.33,3,0,1,0,1
0,20,83.7,77.4,7.3,-0.39,2.32,3,1,1,0,1
0,-15,101.4,77.1,7.1,0.02,1.93,2,1,0,0,1
0,-2,40.9,71.3,6.7,-1.09,2.77,2,1,1,0,1
0,-3,92.6,66.6,7.1,-0.67,2.87,2,1,0,0,1
0,22,82.1,74.6,7.6,-0.09,2.3,2,0,0,0,1
0,16,77.6,73,7,-0.08,2.44,1,0,2,0,1
0,13,106.4,74.1,7.9,-0.24,1.82,1,0,0,0,1
0,-30,51.3,67.5,8,0.51,1.12,1,0,1,0,1
0,16,100.7,74.1,7.9,-0.2,1.94,1,1,2,1,1
1,35,104.6,81.9,8.5,0.12,2.11,1,3,2,0,1
0,-17,88.6,66.3,7.2,-0.07,2.07,1,1,1,1,1
0,15,76.9,74.7,8.6,-0.28,1.25,1,0,0,0,1
0,19,102.4,87.2,8.4,0.31,2.17,9,0,0,0,0
0,49,74.8,71,7.1,0.43,2.64,9,0,0,1,0
0,0,101.9,74.1,6.8,-0.47,2.34,9,0,0,0,0
0,-26,108.1,72.2,6.1,0,3.03,9,0,1,0,0
0,11,78.8,67,6.1,-0.53,2.17,9,0,1,0,0
0,7,96.1,68.4,7.6,-0.71,2.3,8,1,2,1,0
0,60,91.8,74.5,7.5,0.23,1.92,8,0,1,0,0
0,32,101.3,70,7.2,0.44,2.24,8,0,0,0,0
0,67,98.4,77.1,7.2,-0.48,2.7,8,1,0,0,0
0,51,81,80.3,7.7,-0.74,1.94,8,2,0,0,0
0,6,107.7,80.3,8.1,-0.04,2.6,7,0,1,0,0
0,19,82.1,63,7.2,0.19,2.28,7,3,2,1,0
0,0,97.4,76.6,7.7,0.43,2.51,7,1,2,0,0
0,-19,99.5,69.3,6.1,0.41,2.52,7,1,2,0,0
1,36,98.2,71.5,7.2,-0.52,2.22,7,1,2,0,0
0,-1,98.5,66.5,6.3,-0.17,2.88,6,2,2,1,0
0,-21,82.4,72.6,6.8,0.38,2.07,6,0,0,0,0
0,86,79.1,75.8,8.3,0.05,2.17,6,0,1,0,1
0,5,89.5,69.6,7.5,0.51,1.54,6,0,1,0,1
0,-63,71,64.4,8.2,1.16,2.35,5,0,1,0,0
0,-80,55.8,60.2,6.5,-0.54,3.12,5,3,2,1,0
0,56,82.4,63.5,7.2,-0.5,2.72,5,1,2,1,1
0,23,76,63,6.7,-0.46,2.83,5,3,2,0,0
0,4,108.9,78.1,6.9,0.11,1.85,5,1,0,1,0
0,13,78.4,73.4,6.9,-0.14,1.85,5,0,2,0,0
0,22,87.8,73.9,7.2,-1.13,2.9,5,0,0,0,0
0,39,90.3,66.9,7.1,0.13,1.96,4,2,2,0,0
0,12,91.2,64.2,6,-0.4,3.29,4,0,0,1,0
0,21,99.2,71.8,6.5,-0.34,2.57,4,1,2,0,0
0,-21,93.1,67.9,7.3,-0.62,1.22,4,2,2,1,0
0,-2,104.7,73.9,7.2,-0.07,1.48,4,3,2,0,0
0,10,104.7,73.8,7,0.08,2.28,4,2,2,1,0
0,42,96.4,71.8,7.3,0.37,2.58,3,0,1,0,0
0,15,74.7,77.1,7.1,-0.62,3.15,3,3,2,0,0
0,-65,75.6,71.9,7.1,-0.8,1.64,3,1,1,1,0
0,-36,96.5,75.7,6,0.27,2.47,3,2,1,1,0
0,-41,94.3,75.5,6.2,-0.38,2.65,3,1,1,0,0
0,-21,70.8,77.6,7.3,-0.32,1.87,3,3,1,0,0
0,61,79.9,65.5,7.5,0.54,2.46,2,1,1,0,0
0,-33,69.6,65.3,6.2,-0.94,3.06,2,2,1,0,0
0,-14,74.8,78.3,7,-0.92,1.66,2,3,1,1,0
0,-11,103.2,70.9,6.9,-0.54,1.95,2,2,1,1,0
0,-63,71.2,64.9,6.9,-0.5,2.83,2,2,2,1,0
0,73,75.3,74.4,7.1,0.28,2.89,1,1,0,1,0
0,55,86.9,66.7,5.9,-0.26,3.56,1,2,1,0,0
0,-6,109.1,72.2,6.8,-0.43,1.51,1,3,2,0,0
0,-18,106.9,74.3,6.2,0.04,1.59,1,1,1,1,0
0,-36,97.1,85.2,7.9,-0.08,2.18,1,1,1,0,0
0,-19,103.3,71.4,6.4,-0.04,2.46,1,0,0,1,0
0,-18,81.6,69.1,7.8,-0.68,3.8,9,0,0,1,0
0,62,82.4,74.2,7.9,0.25,1.94,9,1,0,0,0
0,44,88.9,79.7,7.7,-0.22,2.46,9,0,0,0,0
0,7,87.2,71.4,6.1,0.57,3,9,0,0,1,0
0,24,93.7,72.6,7.9,0.08,4.74,9,0,1,0,0
0,23,88.7,75.8,6.9,0.39,2.57,8,3,1,0,0
0,9,85.1,64.9,6.2,-1.55,2.83,8,0,0,1,0
0,27,90.9,71,7.1,0.7,2.75,8,0,2,0,0
0,13,79.3,70.2,7,-0.56,2.19,8,0,0,0,0
1,34,102.6,76.6,7.2,0.11,2.54,8,2,1,1,0
0,44,89.2,73.9,7.7,0.34,2.07,8,0,2,0,0
0,10,89,62.6,6.3,-0.63,1.89,8,2,2,1,0
0,-15,100.7,67.9,6.4,0.84,2.83,8,0,1,0,0
1,41,103.1,75.3,8.1,-0.19,2.39,8,3,2,0,1
0,19,75.6,67.5,7.9,1.06,2.07,8,1,2,0,1
0,35,98.8,76.6,7.8,-0.12,2.24,8,0,0,1,1
0,-9,100.4,73.6,6.9,-0.1,2.62,8,1,0,1,0
0,12,101.6,68.4,7,-0.04,1.87,8,0,0,0,0
0,32,66.6,74.7,7.2,0.46,2.36,8,1,1,1,1
0,20,95.6,73.4,7.4,-0.59,2.3,8,2,1,1,1
0,10,104,75.7,6.9,0,2.27,8,2,0,0,1
0,-20,99,75,6.3,0.11,2.17,7,0,0,0,1
0,-6,91.4,68.7,6.5,-0.7,2.1,7,2,2,0,1
0,-30,77.4,69.6,7.2,-0.16,1.9,7,0,0,1,0
0,0,71.3,71.3,7.1,0.58,2.42,7,1,2,1,0
0,37,97.1,74.3,7,-0.03,2.45,6,3,2,0,1
0,9,74.6,65.1,6.6,-0.25,3.08,6,2,2,0,1
1,22,108.1,73.7,7.2,0.45,2.71,6,1,0,1,1
0,10,107.4,79.3,7.5,-0.11,2.63,6,1,0,1,1
0,9,72.9,61.6,6.2,-0.92,2.69,6,2,2,0,0
0,24,99.8,70.4,7.3,0.43,1.68,6,2,1,1,0
0,-21,94.1,73,7.5,0.25,2.29,6,0,0,0,0
0,28,80.8,68.8,6,0.47,2.95,6,1,1,1,0
0,-11,101.5,69.6,5.9,0.14,3.26,6,1,2,0,0
0,-10,74.6,74,8,-0.68,2.07,5,2,1,0,1
0,18,104.2,74.1,7.3,0.5,2.7,5,2,2,0,1
0,-34,95.7,75.7,8.2,0.08,2.84,5,1,1,1,1
0,67,74,78.5,7.2,-0.39,2.5,5,1,1,1,1
0,77,88.2,77.4,7.6,-0.23,2.86,5,3,1,0,1
0,-14,99.3,67.5,5.9,0.7,2.63,5,0,0,1,1
0,-7,95.2,71.6,7.4,-0.03,2.88,4,2,2,0,1
0,-46,71.8,70.6,7.2,0.22,2.15,4,2,1,0,1
0,14,105.3,76.8,7.5,-0.24,2.04,4,0,1,0,1
0,-3,92.1,70.2,7.8,0.1,2.86,4,2,2,0,0
0,43,94.2,73.2,7.2,0.1,2.72,4,2,1,1,0
0,12,97.4,70.7,7.6,-0.96,2.1,4,1,1,0,0
0,12,102.3,73.6,6.8,-0.08,1.35,4,3,2,1,0
0,35,74.8,53,6.5,0.09,3.85,3,1,0,0,1
0,38,101.7,72.4,7.1,0.57,3.18,3,3,1,0,1
0,19,78.9,73.1,8.3,-0.29,2.01,3,0,0,1,1
0,-57,63.3,72.2,7.5,-0.03,1.3,3,0,1,1,1
0,-39,103.7,67.6,6.1,-0.69,2.29,3,0,0,1,0
0,9,80.2,66.8,7.9,-0.29,1.68,3,0,0,1,0
0,0,95.9,76.4,7.3,-0.39,2.35,3,1,2,0,0
0,8,85.6,70.9,7.5,-0.48,1.81,3,2,2,1,0
0,-3,97.9,73,7.4,-0.1,3.17,2,1,2,0,1
0,3,96.1,77.7,6.8,-0.21,2.74,2,1,0,0,1
0,25,104.5,74.7,7.7,0.35,2.26,2,1,0,0,1
0,25,105.1,70.7,7.7,-0.02,1.71,2,0,1,0,0
0,6,104.9,72.5,7.6,0.28,2.92,1,2,2,0,1
0,26,100.1,75.5,7.2,0.05,2.25,1,1,1,1,0
0,0,82.9,72.9,8.1,-1.06,2.41,9,1,2,1,0
0,15,96.4,65.6,7,-0.48,2.25,9,2,2,1,0
0,-1,103.1,70.6,5.9,-0.25,2.55,9,3,1,1,0
0,42,89.1,80.6,7.6,-0.53,1.99,9,3,2,1,0
0,-13,89.5,69.2,7.7,-0.52,1.52,9,1,0,1,0
1,24,109.7,76.2,8.3,-0.27,1.74,9,2,2,0,0
0,35,86.2,75.8,7.4,-0.35,2.76,8,1,0,0,0
0,67,93.6,76.1,8.5,-0.19,1.95,8,1,1,0,1
0,-6,77,60.4,5.3,0.71,2.54,8,2,1,1,0
0,11,101.9,70.4,6.5,0.35,1.75,8,2,1,0,0
0,-49,70.1,70.9,7.5,-0.8,2.63,7,1,1,1,1
0,50,78.9,67.9,7.3,0.58,1.41,7,2,2,0,1
0,49,80.5,79.5,7.4,0.54,2.33,6,1,2,1,0
0,-15,76,71.9,8.6,-0.09,1.01,6,1,2,0,1
0,-19,46.3,25,3.2,0.58,2.83,6,0,0,1,1
0,12,95.9,76.3,7.9,-0.23,1.87,6,1,1,0,1
0,-3,88.9,75.6,7.9,-0.47,2.53,5,2,2,1,0
0,-24,98.5,75.5,7.7,0.63,1.6,5,1,0,0,0
0,3,81.3,60.5,4.7,-0.29,3.02,5,1,2,0,1
0,33,89.8,64.4,6.6,0.65,2.18,4,1,2,0,0
0,13,100,71.4,7.1,0.24,3.23,4,1,0,1,0
0,14,66.3,67,6.5,0.23,3.07,4,1,2,1,0
0,7,106.7,70,6.7,-0.05,2.73,4,2,1,0,1
0,-43,36.3,66.1,8.5,-0.21,1.35,4,1,1,1,1
0,-6,72.4,73.7,8.6,0.79,1.73,4,1,1,0,1
0,44,83,64.4,6.4,0.14,2.16,3,2,2,1,0
0,-11,108.4,80.7,7.3,0.15,1.95,3,1,0,0,0
0,15,73.3,63.1,6.7,-0.54,1.1,3,1,1,1,1
0,31,90.7,73.7,6.9,-1.19,2.69,3,1,0,0,1
0,23,99.6,74.5,7.2,0.05,1.96,3,1,0,0,1
0,21,82.9,61.9,5.7,0.59,2.9,2,0,0,0,0
0,3,82.2,76.7,8.9,0.01,1.69,2,1,1,1,0
0,85,72.3,71.5,7.4,-0.69,1.69,2,0,1,0,1
0,26,89.7,65.7,6.9,0.27,1.99,2,1,2,0,1
1,22,106.8,76.1,7.3,0.57,2.33,2,2,1,1,1
0,46,73.4,66.2,6.4,-0.46,3.97,1,0,2,0,0
0,14,95.2,67.3,6.2,-0.01,2.6,1,1,0,1,0
0,-4,97,75.3,7.6,-0.36,1.86,1,0,0,1,0
1,23,115.5,81.1,7.8,-0.03,2.31,1,0,0,0,0
0,-7,74.5,66.7,7.2,-0.99,2.27,1,3,1,1,1
0,6,109.9,72.7,6.8,0,2.58,1,2,2,0,1
0,22,85.6,61.8,5.7,0.04,1.9,1,0,2,1,1
0,-4,91,72.4,7.1,-0.1,3.01,9,1,2,1,0
0,19,88.4,71.4,8.6,0.1,1.49,9,0,1,0,0
0,30,92.4,67.1,7,0.75,2.11,9,1,2,0,0
0,23,78.2,57.1,6.7,-1.01,1.73,9,1,1,0,0
0,1,101.6,69.9,6.6,-0.22,2.74,9,3,2,0,0
1,30,101.8,70.8,7.2,0.12,2.26,9,3,1,0,0
0,21,95.6,72.9,7.4,0.26,1.73,9,2,1,1,0
0,18,91.3,73.1,7.1,-0.09,2.17,9,3,1,0,0
0,46,97.9,67.2,7,-0.2,3.26,8,0,1,0,1
0,57,77.8,67.5,5.8,0.28,3.66,8,0,1,1,1
0,-4,62.9,73.9,8.1,-0.86,1.98,8,1,2,1,1
1,21,108.9,76.1,7.1,-0.28,2.73,8,1,1,0,1
0,41,78.7,69,6.2,0.59,3.29,8,1,0,1,1
0,26,88.1,60.1,6.2,0.33,2.45,8,1,2,0,1
0,1,89.6,71.2,8,-0.07,1.63,8,0,1,0,1
0,-11,94.4,63.1,6.4,0.8,2.65,7,0,2,0,0
0,-41,76.4,70,7,0.05,2.39,7,1,1,1,0
0,14,95,69.2,7.7,0.63,2.04,7,1,1,0,0
0,10,101.5,77.5,7.3,0.25,2.84,7,3,1,0,0
0,13,103.1,68.3,8,-0.41,1.95,7,0,0,1,0
0,52,69,70,6.2,-0.03,2.8,7,1,0,1,0
0,-27,73.3,62.7,6.6,0.66,2.65,7,0,1,0,0
0,12,102.9,68.7,6.9,-0.2,1.95,7,3,2,0,0
0,46,93.2,68.2,7.1,0.34,2.85,7,0,1,0,0
0,1,106.7,73.5,6.9,0.01,1.46,6,0,1,0,0
0,-20,83.1,72.5,7,0.19,2.42,6,3,2,1,0
0,26,90.5,69.1,7.2,-0.28,2.23,6,2,1,0,0
0,0,89.7,69.9,6.5,0.58,2.77,6,3,1,1,1
0,20,109.7,72.6,7.1,0.13,2.41,6,1,1,0,1
0,37,56.5,67.7,6.3,0.37,2.28,6,0,1,1,1
0,13,94.4,74.9,7,0.16,1.72,5,3,2,1,0
0,36,99.2,68.4,6.6,-0.44,2.84,5,1,2,0,0
0,7,80.9,64,8.1,0.03,1.16,5,2,2,0,0
0,25,106.4,71.6,7.9,0.1,2.43,5,0,0,0,0
0,13,100.9,66.9,6.6,0.4,2.81,5,2,2,0,0
0,12,100.6,67.5,6.8,0.04,3.09,5,2,1,0,0
0,-12,66.8,75.3,7.5,0.54,1.32,4,0,0,0,1
0,4,75,74.9,7.6,-0.72,2.44,4,2,0,0,1
0,38,92,66.8,7.2,0.33,3.15,4,0,2,0,1
0,4,76.5,54.7,6.2,0.14,2.02,4,2,2,1,1
0,66,76.5,61.4,7.8,0.49,1.78,4,2,2,0,0
0,5,73.5,72.9,7.4,0.02,2.17,4,1,1,0,0
1,28,104.1,81.3,8,-0.68,2.24,4,1,0,1,0
0,17,91.3,63.4,6.7,-0.42,2.34,4,2,2,0,0
0,21,101.2,70,7.6,-0.18,2.18,4,1,0,1,0
0,32,82.5,60.4,6.7,0.62,2.34,3,2,2,0,1
0,3,84.8,70,6,-0.37,2.81,3,2,2,0,1
0,13,77.6,66.6,7.9,0.88,1.75,3,1,2,0,1
0,31,103.4,78.5,7,0.48,2.62,3,0,2,0,1
0,50,57.7,64.5,6.4,-0.74,2.84,3,1,2,0,0
0,27,62.8,73.1,7.7,-0.43,2.38,3,2,2,0,0
0,-8,100,71.9,7.4,-0.45,2.41,3,3,2,0,0
0,40,89.7,71.8,7.8,-0.38,1.88,2,1,1,0,1
0,11,101.4,68.9,6.7,0.79,2.46,2,1,1,0,1
0,23,101.9,68.6,6.4,0.21,2.38,2,2,2,1,0
0,64,94.2,68.4,6.8,0.35,3.08,2,0,0,0,0
0,78,95.7,81.6,7.3,-0.35,2.97,2,2,1,1,0
0,77,63.3,73,7.3,0.58,3.07,1,1,1,0,1
0,28,65.8,74,7.4,-0.36,3.05,1,2,2,0,1
0,18,75.5,71.8,6.3,-0.45,2.48,1,0,1,0,1
0,5,99.9,77.5,7.2,0.39,2.74,1,0,0,0,1
0,-50,36.3,33.8,6.9,0.29,1.15,1,2,2,0,1
0,-6,97.4,78.9,7,0.49,2.21,1,2,0,1,1
0,14,107,75.1,6.7,0.22,2.98,1,1,2,0,0
0,41,84.4,66.2,6.4,0.44,2.94,1,1,1,1,0
0,4,90.4,76.2,7.2,-0.51,2.32,8,0,0,1,0
0,16,97.7,65,6.4,0.23,2.63,8,2,0,0,0
0,-10,66,67.2,8.7,-1.29,2.36,8,1,2,1,0
0,68,82.8,74.5,7.5,-0.72,2.49,8,0,1,1,0
0,2,108.4,71.7,7,0.33,2.75,8,1,2,0,0
0,37,97.6,78.6,7,-0.16,3.51,8,2,2,1,0
0,-7,97.7,72.8,7,-0.14,2.72,8,0,0,0,0
0,-69,58.6,59,7.9,0.86,1.83,7,1,1,0,0
0,-48,97.6,62.4,5.6,-0.06,3.35,7,1,1,1,0
0,34,89.4,76.5,6.4,0.55,2.55,7,1,1,1,0
0,1,94.2,74.7,6.4,0.2,2.59,7,1,1,1,0
0,-50,68.7,79.3,7.5,0.27,1.65,6,2,1,0,0
0,-23,91,77.5,8,-0.25,2.92,6,2,0,1,0
0,29,84.7,73.6,6.5,-0.72,3.24,6,0,1,0,0
0,2,77.8,72.1,9,0.97,2.97,5,0,1,0,0
0,14,103.6,73.5,6.4,-0.35,2.49,5,3,2,1,1
0,10,95.8,66.1,6.4,0.67,3.82,5,0,2,0,0
0,-24,99.6,75,7.3,0.01,3.23,4,2,1,0,1
0,42,85.2,74.1,7.1,-0.62,2.92,4,3,2,0,1
0,1,77.1,65,5.9,0.17,2.7,4,0,1,1,1
1,37,104.6,80.9,8.2,-0.48,2.34,4,2,0,0,1
0,33,94.6,70,6.9,-0.29,1.84,4,1,1,0,1
0,1,95.5,67,6.2,-0.38,2.65,4,0,0,0,0
0,59,76.6,70,7.2,-0.25,3.6,4,0,0,1,0
0,-27,86.6,74.9,7.6,-1.01,2.19,4,1,1,0,0
0,43,96.3,76.5,7.1,-0.05,3.02,3,1,1,1,1
0,39,95,75.9,7.8,-0.68,2.92,3,0,1,0,1
1,27,107.2,76.4,7.7,-0.06,2.11,3,2,1,1,1
0,0,101.2,79.1,8.1,-0.19,1.61,3,1,1,0,1
0,35,87.2,68.6,6.7,-0.13,2.68,3,1,1,0,0
0,-8,95.4,62.7,6.1,-0.83,2.83,3,3,1,1,0
0,21,91.9,72.2,7,0.14,2.41,3,1,0,1,0
0,46,90.5,65.4,6.3,-0.29,3.31,3,1,0,0,0
0,46,79.4,65.1,5.9,-0.15,3.46,2,1,0,1,1
0,35,96.4,78.4,7.7,-0.53,2.75,2,0,0,0,1
0,16,105.2,79,7.9,0,2.92,2,0,1,1,1
0,-11,85,76.2,7.6,0.14,2.32,2,2,2,0,0
0,-10,93.8,76.3,7.5,-0.37,1.87,2,3,1,0,0
0,8,88.9,66.8,7.8,0.85,2.68,1,3,2,0,1
0,27,85.6,60.9,7.6,-1.31,2.25,1,2,2,1,1
0,5,96.5,78.1,8.9,-0.11,1.78,1,1,0,0,1
0,24,98.9,71.4,7.2,-0.23,2.96,1,0,0,0,0
0,-18,94.7,59.6,6.2,-0.63,2.18,1,0,1,0,0
0,17,102.7,67.6,7.6,0.48,2.87,13,0,1,0,0
0,-20,71.5,74.5,8,0.74,2.19,13,0,1,0,0
0,51,94.1,72.5,7.2,-0.1,2.97,13,0,0,1,0
0,45,96.7,69.5,6.5,0.36,2.79,13,2,1,1,0
0,-2,100.9,67,8,-0.09,1.93,13,1,2,0,0
0,16,97.4,69.4,7.6,0.72,2.79,13,1,0,0,0
0,17,65.2,70.2,7.9,-0.01,1.39,13,0,2,1,0
0,2,101.9,73.9,8.3,-0.47,2.56,13,0,1,0,0
0,-10,92.7,71.2,7,0,2.8,12,1,1,0,0
0,47,88,85.9,8.2,1.35,2.68,12,0,1,1,0
0,-23,106.2,75.8,7.2,-0.71,1.81,11,3,1,0,0
0,16,65.4,68.5,5.9,0.8,3.43,11,0,0,1,1
0,-17,94.8,66.9,7.3,-0.38,1.64,11,0,1,0,0
0,51,87.7,74.8,8.6,0.18,1.86,11,0,0,0,0
0,28,105,75.8,7.3,0.56,1.96,10,3,2,0,0
0,-41,60.8,69.4,7.7,-0.43,1.97,10,2,1,1,0
0,1,101.7,73.9,7,-1.07,1.99,10,1,2,1,0
0,12,77.2,67.1,8.2,-0.28,1.58,9,1,0,1,1
0,33,104.8,77.6,7.6,-0.54,2.22,9,0,1,0,1
0,10,95.1,71.8,8.3,0.44,2.46,9,1,2,0,1
0,12,90.4,67.8,6.7,0.52,2.95,9,2,2,1,1
0,58,97.7,75.7,6.8,-0.35,3.03,9,2,2,1,1
0,-2,105.7,72.2,7,0.21,3.08,9,1,2,0,1
0,10,89.2,72.6,7,-0.81,3.02,9,1,1,0,1
0,47,80.1,68.5,7.8,0.27,2.18,8,1,2,0,0
0,38,59.3,67.1,6,0.96,3.12,8,0,0,1,1
0,1,101.3,75.2,8.1,0.56,2.48,8,1,0,0,1
0,19,47.9,67.6,5.9,0.99,3.26,7,2,2,1,0
0,68,86.6,69.9,8.1,0.45,2.96,7,1,1,0,0
0,-22,82.5,70.3,6.5,-0.6,2.3,7,1,1,0,0
0,41,81.8,71.4,6.8,0.62,3.23,6,0,1,0,0
0,-17,63.5,77.7,7.8,0.68,3.26,6,0,0,1,1
0,18,104.1,74.6,7,-0.04,2.76,5,0,1,0,0
0,15,81.5,62.9,6.7,0.62,3.08,5,2,2,0,0
0,9,107.2,74.4,8.4,0.09,2.55,5,0,0,0,0
0,9,93.2,67.8,6.1,0.01,2.1,5,2,2,1,0
0,29,99.9,68.4,6.7,0.02,2.96,5,2,1,0,0
0,37,86.8,72.4,7.3,0.1,2.49,4,2,2,1,0
0,51,91.7,80.1,7.1,0.05,1.96,4,3,2,0,0
0,-34,70.5,45.8,7,-0.75,1.61,4,1,2,1,0
0,25,25.6,9.1,1.5,0.44,3.23,4,1,0,0,0
0,24,80.2,64.4,6,0.08,3.66,4,0,2,1,0
0,31,97.4,75.8,7.9,0.41,2.87,4,2,1,0,0
0,26,90.2,72.7,7.2,-0.37,2.92,3,3,1,1,0
0,47,68,65.5,6.3,-1.1,2.92,3,0,0,0,0
1,30,98.7,81.2,7.8,0.26,2.78,3,3,2,1,0
0,-9,103.2,75.4,7.3,-0.1,2.41,3,3,2,0,0
0,34,100.9,75.1,6.7,-0.16,2.74,3,1,1,1,0
0,8,75.6,69.8,8.1,0.21,1.72,3,0,1,0,0
0,24,96.4,76.7,7,0.05,1.73,3,1,2,0,0
0,56,71.7,66.8,6,0.47,3.45,3,2,0,1,0
0,15,100.8,78.8,7.6,0.36,2.05,3,2,1,1,0
0,-20,72.5,68.3,6.7,0.02,2.89,2,0,0,0,1
0,4,77.8,72,5.9,-0.13,3.17,2,3,2,0,1
0,38,103.7,75.4,8.4,0.06,2.36,2,0,0,0,0
0,-15,90.4,75.5,7.2,-0.6,2.25,2,0,1,0,0
0,25,98.5,71.2,7,-0.39,2.45,2,2,2,0,0
0,-7,85.5,70,6.6,0.47,2.24,1,2,2,1,1
0,30,79.7,65.7,5.8,0.15,3.36,1,1,2,0,1
0,-55,52.7,54.1,6.8,0.5,1.52,1,2,2,1,0
0,47,77,69.5,6.9,-0.74,2.21,9,1,2,0,0
0,76,87.5,72.7,7.4,-0.46,2.34,9,3,1,0,0
0,27,93.4,72.8,7.4,-0.15,1.71,9,1,1,1,0
0,-12,97.5,71.3,5.9,-0.33,2.51,9,1,0,1,0
0,-65,56.8,68.5,6,-0.81,3.07,8,0,1,1,0
0,28,99.8,71.8,7.5,-0.39,2.64,8,3,2,1,0
0,14,99,67,7.7,-0.83,2.49,8,0,1,1,0
0,34,94.5,63.4,7.2,-1.05,2.68,8,0,1,1,0
0,4,73.6,64.2,7.8,0.36,2.33,7,2,2,0,0
0,55,89.6,68.6,7.6,0.93,1.84,7,1,0,1,0
0,14,82.8,73.6,9.1,0.63,2.36,7,0,1,0,0
0,30,80.1,77.9,8.3,-0.19,2.16,7,2,1,1,0
0,35,94.6,67.8,7.4,0.23,2.71,7,3,1,1,0
0,19,76.3,65.3,6.7,-0.53,1.97,7,1,1,1,1
0,49,45.1,69,6.4,0.77,2.6,7,1,1,1,1
0,-13,100.7,68.3,7,0.02,2.21,6,2,1,0,0
0,37,87.1,68.3,7.7,0.93,2.43,6,0,0,0,0
0,-23,49.4,78.7,7.1,-1.14,2.11,6,0,1,0,1
0,-48,54.4,59.3,5.7,-0.84,3.04,6,1,2,0,1
0,-13,79.8,66.3,7.9,0.65,2.45,5,0,0,0,0
0,10,103.3,77.6,6.7,-0.12,2.51,5,2,2,1,0
0,10,100.8,69.9,7.7,-0.17,2.48,5,0,0,1,0
0,6,95.9,72.2,6.7,-0.85,2.43,5,1,1,1,0
0,-19,98,72.6,7.5,-0.59,1.63,5,1,1,1,0
0,41,79.8,67.2,7.7,0.94,1.98,4,1,1,0,0
0,28,75,74.4,8.4,0.63,2.07,4,0,2,0,0
0,-8,83,63.1,6,0.04,2.39,4,3,2,1,0
0,42,91.1,67.9,6.7,0.82,3.19,4,0,2,1,0
0,53,89.9,71.1,6.8,-0.39,2.52,3,1,0,1,0
0,-3,83.5,66.5,8,-0.76,2.14,3,0,1,1,0
0,10,76.4,75.1,7.6,-0.17,1.73,3,2,2,1,0
0,52,85.2,63.8,6.6,0.55,2.98,3,0,1,1,0
0,-14,95.8,69.6,6.9,-0.69,2.83,3,1,0,1,0
0,-19,93.1,69.8,6.5,-0.49,2.37,2,1,1,0,0
0,-8,84.5,72.6,7.4,-0.51,1.59,2,1,2,1,0
0,37,98.9,75.9,6.8,0.18,2.14,2,1,0,1,0
0,14,80.9,72.9,7.4,0,2.52,2,2,2,1,0
0,-10,94.4,74,8,0.62,2.01,1,0,0,0,0
0,22,103.6,73.1,6.1,0.11,2.64,1,2,2,1,0
0,32,103.5,74.4,7.5,0.18,2.34,1,0,0,0,0
0,4,101.2,74.2,8,-0.11,2.33,1,0,1,1,0
0,20,103.3,73.8,6.8,-0.36,2.6,1,2,1,1,0
0,1,74.3,57.6,5.9,0.15,3.37,1,2,1,1,0
0,29,102.6,73.3,7.1,-0.79,2.2,1,1,2,1,0
0,58,85.9,68.5,7.2,-0.97,2.68,1,1,1,1,0
0,31,87.9,67.1,6.6,0.26,2.65,1,3,1,1,0
0,13,94.5,64.9,6,0.06,2.96,10,1,2,0,0
0,21,87.2,75.8,8.2,0.34,0.92,10,0,2,0,0
0,41,87.9,66.5,7.3,0.4,2.12,10,1,2,1,1
0,-31,83.5,74.6,6.5,-0.13,2.44,10,3,2,0,1
0,11,77.1,68.8,6.1,-0.64,2.08,9,1,2,1,0
0,20,76.3,74.1,7.1,-0.66,2.71,9,1,2,0,0
1,33,113.4,79.7,8.4,0.35,1.89,9,1,0,1,0
0,-55,58.4,51.3,5.4,0.16,3.73,9,3,2,0,0
0,63,58.3,69.2,6.3,-0.51,3.1,9,0,0,0,0
1,24,106.7,75.9,7.1,-0.18,2.53,9,3,2,0,0
0,25,86,67.8,6.8,-0.27,2.09,8,0,2,0,0
0,14,88.7,70,6.3,0.31,2.14,8,3,2,1,0
0,26,99.4,71.2,6.5,0.11,2.27,8,0,0,0,0
0,26,88,71.8,6.6,0.36,2.17,8,1,0,1,1
0,7,100.2,70.2,8.5,0.38,2.11,8,1,2,0,0
0,-22,103.1,70.1,6.7,-0.19,2.65,7,1,1,0,1
0,15,97.9,71.5,6.2,0.02,3.08,7,1,1,0,1
0,11,102.6,73.1,8,0.05,2.42,7,0,0,0,1
0,-26,95.9,72.1,7.3,-0.35,2.44,7,1,1,1,1
0,19,90.9,76.8,7.5,-0.34,3.02,7,3,1,0,0
0,22,72.1,69.9,7.8,0.68,2.76,7,2,0,0,0
0,40,81.8,75.8,6.8,-0.06,2.32,6,0,0,0,0
0,-14,72.1,71,6.8,-0.13,2.79,6,2,1,0,0
0,8,87.1,65.9,8,-0.47,1.71,6,1,1,1,0
0,24,83.1,63.5,7.9,0.02,2.47,6,0,0,0,0
0,-8,97.2,69.5,7.1,-0.42,2.38,6,0,0,1,0
0,20,95.2,73.3,6.9,-0.15,2.21,6,2,1,1,0
0,19,75.7,63.5,6,-0.45,2.78,5,2,0,0,0
0,35,105.5,76.7,7.7,-0.21,2.38,5,0,0,1,0
0,-38,60,69.7,5.9,-0.3,2.8,5,2,1,0,0
0,24,64.5,61.8,7.1,-1.24,1.36,4,1,2,1,0
0,-8,102.1,71.2,6.7,0.06,2.57,4,0,1,0,0
0,47,82.3,68,7.4,-1.11,1.88,3,2,2,1,0
0,36,84,69.9,7,-0.64,2.18,3,0,1,1,0
0,-13,87.1,71.3,6.8,-0.61,2.47,3,0,1,0,0
0,19,106.6,74.8,7.3,0.43,1.92,3,0,0,1,0
0,30,93.6,67.5,6.7,0.56,2.13,3,3,2,0,0
0,-6,60.7,67.6,5.9,-1.09,2.59,2,3,2,0,0
0,9,94.1,60.9,6,-0.42,2.36,2,2,2,0,0
0,8,92.8,67.6,6.3,-0.21,2.57,2,2,2,1,0
0,26,99.8,70.9,6.3,-0.18,2.56,2,0,0,0,0
0,81,77.7,69,7.1,0.5,2.57,2,1,0,0,0
0,-12,101.8,67.3,6.3,-0.79,2.12,1,3,2,1,0
0,30,84.9,73,7.1,0.18,1.9,1,3,2,1,0
0,27,102.6,79,7.2,0.06,2.57,1,1,1,1,0
0,17,91.6,71.6,7.7,-0.83,1.95,1,1,2,1,0
0,57,90,69.5,7,0.43,2.85,1,2,1,0,0
0,31,66.6,65,7.8,0.72,1.88,1,0,2,0,0
0,33,85.1,65.8,8,0.93,2.13,9,1,1,0,0
0,33,89.4,73.3,7.2,0.82,2.25,9,0,0,0,0
0,-2,100.2,75,7.7,0.31,1.89,9,1,2,0,0
0,-15,71.4,49.2,5.9,0.76,2.65,8,3,2,1,0
0,19,98.8,63.9,6.2,-0.63,3.07,8,3,2,1,0
0,26,77.1,65.2,5.5,0.31,3.47,8,1,2,1,0
0,29,102.5,72.3,7.8,0.35,2.8,8,3,2,0,0
0,10,99.9,69.9,7.8,-0.45,2.68,7,1,0,1,1
0,8,103.9,71,6.7,-0.04,2.23,7,2,1,0,0
0,37,91.8,71.4,7.3,0.48,2.47,7,1,1,0,1
0,-26,73.5,74.1,8,1.13,2.48,7,1,1,0,1
0,5,100.1,72.5,7.3,0.06,2.33,6,0,0,0,0
0,-12,88.7,63,7.1,-0.44,1.98,6,1,0,1,0
0,15,75.8,67.7,8.4,-0.3,1.1,6,0,2,1,0
0,54,92.7,77.7,7.9,-0.03,2.3,6,3,1,0,0
0,21,107.9,74.8,6.6,0.34,3.22,6,0,0,0,0
0,-2,108.9,75.2,6.7,-0.01,1.83,6,0,0,0,0
0,74,76.5,72.4,6.5,0.63,2.97,6,3,2,1,0
0,-37,76.2,69.1,6.6,-0.84,2.86,6,0,1,1,0
0,48,87.6,71.9,7.5,-0.12,2.78,5,1,2,1,0
0,18,96.8,71,8.1,0.04,1.8,5,0,0,0,0
0,26,91,68.7,7.4,0.48,1.9,5,3,2,1,0
0,14,98,71.2,6.7,-0.09,1.95,5,2,2,0,0
0,51,53.5,48.3,7.9,0.53,2.02,5,2,0,0,0
0,47,84.5,69.1,8.6,0.43,2.19,5,0,0,0,0
0,54,95.2,76.9,7.4,0.06,2.77,4,3,1,0,0
0,-30,84.7,65.5,6.5,-0.99,2.65,4,1,2,1,0
0,-64,66,74,6.9,-0.98,2.67,4,0,0,1,0
0,44,81.2,79.1,7.4,0.26,2.28,4,2,2,0,0
0,11,106.5,75.7,7.1,-0.1,2.58,4,0,0,0,0
0,29,69.2,71.2,8.4,0.96,2.04,3,1,2,0,0
0,31,99.1,70.7,7.6,-0.07,1.41,3,1,2,1,0
0,10,81.8,70.6,6.6,-0.11,2.62,3,2,2,0,0
0,12,103.6,70.5,6.7,0.21,3.08,3,0,0,0,0
0,37,94.3,69.8,6.3,0.41,2.89,3,1,1,1,0
0,-11,62.3,67.6,6.1,0.28,3.31,3,3,2,1,0
0,59,92.9,66.8,7.9,-0.33,2.48,3,0,0,0,0
0,-22,66.1,69.4,7.4,-0.14,1.2,2,0,1,1,0
0,65,59.6,67,6.4,0.36,3.06,2,1,1,1,0
0,68,95.6,75.1,7.4,-0.48,3.24,2,3,1,0,0
0,39,87.4,74.6,7.4,0.35,2.58,2,3,2,0,0
0,79,84.6,71.5,8.6,-0.02,1.83,2,3,1,1,0
0,17,90.8,72.9,7.4,0.19,2.08,1,1,1,1,0
0,-26,46.4,67.9,7.6,0.73,2.04,1,1,1,0,0
0,13,85.4,79.9,8.1,0.53,1.48,9,2,2,1,0
1,27,104.3,82.5,7.9,0.17,2.16,9,3,1,1,0
0,19,78,67.4,6.2,-0.39,2.9,9,2,1,0,0
0,36,94.3,75.8,7.5,-0.75,2.56,9,3,1,1,0
0,7,97,65,7.3,0.54,2.39,9,2,2,0,0
0,29,69.4,61.8,6.1,0.2,2.39,9,0,1,0,0
0,-21,64.2,56.3,8.7,1.44,2.01,9,0,1,0,0
0,19,99.3,66.2,6.4,-0.01,3.7,9,1,0,0,0
0,23,106.4,77.4,7.4,0.35,3.12,8,0,0,1,1
0,15,101.6,75,6.9,0.96,2.71,8,3,2,1,1
0,46,94.6,70.8,7.8,-0.62,2.55,8,0,2,0,0
0,35,85.8,72.3,6.5,0.11,3.27,8,2,2,1,0
0,13,78.3,72.1,8.6,0.22,2.38,8,2,0,0,0
0,25,82.5,69.3,7.5,0.64,1.83,7,3,2,0,0
0,55,74.9,74.1,6.8,-0.98,2.74,7,0,0,0,0
0,80,84.5,76.1,8.1,-0.14,2.52,7,0,0,0,1
0,54,90.6,75.3,8.4,-0.27,2.15,7,2,0,0,1
0,49,100.8,74.4,8.3,-0.19,2.37,7,0,0,0,1
0,-28,68,63.7,5.3,-1.25,1.98,6,0,1,0,0
0,12,94.5,74.4,6.4,0.4,2.4,6,0,0,1,0
0,41,102,70.1,7.2,0.34,2.8,6,1,1,0,1
0,87,81.3,76.6,7.9,-0.18,3.36,6,1,1,0,1
0,69,82.2,80.3,7.8,-0.6,2.5,6,3,2,1,1
0,29,94,68.1,7.4,0.32,3.01,5,2,2,0,0
0,5,88.5,73.7,7.5,-0.5,2.62,5,0,0,0,0
0,52,87.1,75.1,8.1,-0.58,1.95,5,1,1,0,1
0,2,100.4,77.6,7,-0.1,2.41,4,2,2,0,0
0,-21,91,75.3,7.2,-0.44,2.67,4,3,2,1,0
0,59,96.8,81.3,8.5,0.41,2.47,4,3,1,0,1
0,-24,87,63.1,5.5,-1.2,1.97,3,0,0,0,0
0,-6,70.3,65.9,7.3,-0.82,1.46,3,2,1,1,0
0,23,80.6,71.7,7.3,-0.42,2.7,3,2,2,0,0
0,12,99.9,72.9,7.4,-0.13,2.41,3,2,1,0,0
0,7,71,72.1,6.3,1.2,3.15,3,0,0,1,1
0,19,100.5,80.3,8,-0.04,2.07,2,1,0,1,0
0,26,80.7,72.9,7.5,-0.27,1.86,2,2,2,0,0
0,47,88.8,73.2,7.9,0.08,1.63,2,1,1,0,1
0,48,78.2,71.8,8.4,-0.5,1.44,2,0,1,0,1
0,21,74.3,75.2,7.4,-0.24,2.25,2,0,1,0,1
0,7,93,71.9,7,-0.36,3.22,2,0,1,0,1
0,10,80,61.9,7.4,-0.71,1.74,1,1,2,1,0
0,24,94.2,73.7,7.3,0.23,3.3,1,1,1,0,1
0,29,92.9,69.6,8.2,-0.52,2.18,1,1,1,1,1
0,27,53.6,71.2,6.5,0.83,3.16,9,0,1,1,0
0,-49,67.2,75.9,7.1,0.35,2.74,9,2,0,0,0
0,3,87.7,75.3,8.6,0.63,2.2,9,1,0,0,0
0,-4,72.7,67.8,7.9,0.41,1.7,8,0,0,0,1
0,50,34.7,14.3,2.5,-0.04,2.59,8,1,0,1,1
0,-18,75.9,72.7,6.9,-0.69,3.04,8,1,2,0,0
0,-5,93.6,65.3,6.2,-0.06,2.82,7,1,2,0,0
0,13,84.3,79.4,8.2,0.1,1.69,7,1,2,0,0
0,17,89.9,71.6,7.5,-0.5,2.47,7,0,1,1,0
0,-7,98.2,68.8,7.7,-0.2,2.19,7,0,2,1,0
0,-35,72.3,48.2,7.1,0.54,2.2,7,0,2,0,0
0,27,82.9,70.7,6.6,-0.58,2.82,6,0,1,1,1
0,-18,68.1,69.8,7.3,0.83,2.2,6,2,0,0,1
0,38,82.4,76.4,6.6,0.33,2.96,6,0,0,1,1
0,69,89.9,78.8,8.7,0.21,1.98,6,0,0,1,0
0,1,88.9,75.8,8.3,0.14,2.05,6,1,0,0,0
0,39,81.1,73.3,7,-0.47,2.82,5,2,2,0,1
0,24,108.2,77.3,7.2,0.56,2.08,5,1,1,1,1
0,9,102.3,71.5,6,0.03,2.85,5,1,2,0,0
0,10,90.3,68.7,7.4,1.16,1.93,5,2,2,0,0
0,70,63.1,68.8,6.4,0.25,3.13,5,0,2,1,0
0,35,88.8,72.1,6.8,-0.12,3.27,5,1,1,1,0
1,37,93.4,80.2,8.7,0.04,2.73,5,1,0,0,0
0,62,90.7,71.7,7.8,-0.02,2.63,5,1,0,1,0
0,-38,54,71.7,7.3,-0.13,2.14,4,1,0,1,0
0,5,99.7,66.7,6.5,0.61,3.13,4,2,2,0,0
0,-21,94.5,74.2,7.7,0.29,2.57,4,0,0,0,0
0,6,101,76.4,7.6,-0.32,2.29,4,1,1,1,0
0,17,75.2,70.9,9.3,-0.11,0.93,4,0,1,1,0
0,13,97.5,75.8,7.3,0.05,2.41,3,2,1,0,0
0,10,62,68.7,6.1,-1.33,2.48,3,2,1,0,0
0,16,105.6,74,7.5,-0.66,2.99,3,2,1,1,0
0,2,82.4,71.4,8.5,0.47,2.27,3,0,2,0,0
0,0,59.2,63,5.9,1,2.66,2,2,2,1,0
0,25,99.7,66.3,6.6,-0.47,2.28,2,3,1,0,0
0,73,74.1,73.8,6.8,0.46,2.86,2,1,1,1,0
0,7,89.6,68.3,7.2,0.15,2.55,2,0,0,1,0
0,2,94.6,75.8,7,0.2,1.98,2,0,0,1,0
0,64,93.8,74.2,7,0.61,2.53,1,2,2,0,0
0,31,73.2,76.8,7.7,0.45,2.79,1,1,0,1,0
0,34,98.1,74.4,8.3,-0.27,1.43,1,2,1,0,0
0,0,112.7,77,7.5,-0.4,2.33,1,3,1,0,0
0,19,95.1,70.7,6.7,0.23,2.25,9,0,1,1,0
0,26,93.5,64.7,6.9,-0.56,2.27,9,3,2,1,0
0,54,77.3,69.3,7.5,0.58,1.97,9,0,2,1,0
0,1,76.3,76,7.5,0.86,2.04,9,1,1,0,1
0,-26,94.9,69,5.5,1.08,3.41,8,0,1,1,1
0,21,70.8,64.3,7.8,0.21,1.06,8,2,1,0,0
0,27,68.6,70.4,6.7,-0.33,2.9,8,2,1,0,0
0,21,68.7,64.9,6.6,0.47,3.82,8,1,0,1,0
0,63,71.6,66.6,6.3,-0.38,3.36,8,0,2,0,0
0,-32,80.7,62.2,5.4,0.57,2.55,7,0,2,1,0
0,13,101.2,75.4,6.9,-0.49,2.95,7,0,0,1,0
0,-15,66.7,71.1,8.1,0.25,1.96,7,0,0,0,0
0,-2,104.5,72.9,7.9,0.04,2.15,7,1,0,0,0
0,9,66.8,66.8,6.4,-0.78,2.36,7,1,0,0,0
0,0,103.9,68.1,6.8,0,1.82,6,0,0,1,0
0,16,97.7,76.1,7.3,0.86,2.33,6,0,1,1,0
0,64,83.1,78.7,8.6,0.18,2.34,6,1,1,1,0
0,-78,60.1,68.3,6.3,-0.02,2.6,6,0,0,1,0
0,45,53.7,64.5,6.1,-0.93,3.05,6,0,0,0,1
0,28,79.2,72,7.7,-0.41,1.2,5,1,0,1,0
0,15,83.1,70.3,7.6,-0.37,1.89,5,1,2,1,0
0,21,16.2,7.5,1.2,0.25,3.15,5,0,0,1,0
0,8,89.4,69.8,6.8,-0.6,2.95,5,1,2,0,1
0,7,95.1,68.8,6.7,-0.06,1.83,4,2,0,1,0
0,6,94.7,70.8,7.2,0.37,2.31,4,0,0,1,0
0,7,102.3,70.8,7.5,-0.17,2.46,4,0,0,1,1
0,-48,58.9,74.7,7.8,-0.75,1.75,3,0,2,1,0
0,31,48.9,69.6,6.5,0.54,2.45,3,0,1,1,0
0,-1,98.4,71,6.5,-0.62,2.08,3,0,0,1,0
0,-25,85.5,69.1,7.2,-0.44,1.61,2,1,1,1,0
0,24,88.7,70.6,6.9,0.52,3.29,2,2,1,1,0
0,18,108.3,73.8,6.9,0.23,3.29,2,2,2,1,0
0,2,98.2,70.5,7.3,-0.72,2.07,2,2,1,1,0
0,69,94.6,76.1,7.8,0.47,2.72,2,2,0,1,1
0,7,104.3,78,7.9,0.07,1.57,2,1,2,0,1
0,5,101.4,67.7,7.4,0.79,3.36,2,2,2,0,1
0,47,88.2,70.1,6.9,0.47,2.94,2,0,0,0,1
0,9,92.6,73.8,6.5,0.62,2.89,1,2,2,1,0
0,-16,108.9,77.4,8.2,-0.11,1.51,1,1,2,1,0
0,-3,102.1,75.5,6.6,-0.11,2.25,1,2,0,1,0
0,11,77.6,76.3,6.7,-1.13,2.48,1,3,2,0,1
0,57,80.7,75.1,7.8,0.26,1.78,9,0,0,0,0
0,49,94.7,69.9,7.1,0.21,3.14,9,0,2,0,0
0,26,84.7,60.4,7.4,-0.01,3.12,9,0,2,0,0
0,-8,108.7,78.5,7.7,0.34,2.34,9,2,2,0,1
0,20,99.8,66.6,7.1,0.58,2.2,9,0,2,0,1
0,57,89.1,69.6,6.4,-0.12,3.4,9,0,0,1,1
0,-60,57.1,71,6.4,-0.74,2.43,8,1,1,0,0
0,3,95.4,68.8,6.6,0.03,2.85,8,0,0,0,0
0,-20,104.9,78.5,7.2,-0.35,1.49,8,0,0,0,0
0,30,93.2,77.1,7.6,0.05,2.06,8,0,2,0,0
0,-13,75.3,72.1,7.1,-1,2.02,8,0,0,1,0
0,21,81,72,7,0.35,3.16,8,1,0,1,0
0,-29,84.1,70.9,7.3,0.36,2.12,7,2,0,0,0
0,-17,60.4,64.9,7.1,0.95,2.72,7,2,1,0,0
0,4,103.1,70,8.5,0.42,1.77,7,3,2,0,0
0,20,107.6,70,6.8,0.58,3.63,7,1,2,0,0
1,41,111.8,79.9,7.9,0.46,2.53,7,0,0,1,0
0,8,108.2,77.6,7.1,0.45,2.5,7,1,1,0,0
0,12,73.4,63.6,5.5,0.09,3.11,7,1,1,1,1
0,48,95.7,78,7.9,-0.06,2.16,7,0,1,0,1
0,-7,91.6,70.9,7.2,0.34,2.19,6,0,1,0,0
0,72,47.6,65.9,7,-1.54,2.99,6,0,0,0,0
0,6,85.3,75.7,6.6,-0.5,2.18,6,3,2,0,0
0,16,93.7,63,7,-0.33,2.38,6,1,0,0,0
0,-33,80.8,61.5,5.5,-0.28,2.77,6,1,2,1,0
0,13,91.9,62.2,6.8,-1.09,3.21,6,0,1,1,0
0,20,86.7,73.9,7.2,-0.65,2.97,6,0,1,0,1
0,-7,91.8,66.2,5.5,-0.09,3,5,1,0,1,0
0,28,85.8,74.1,8.4,0.51,2.27,5,1,0,0,0
0,12,100.9,67.8,7.8,0.37,1.39,5,0,0,0,0
0,1,103.9,68.9,8,0.27,2.42,5,3,2,0,0
0,39,91.3,67.8,7.3,0.85,2.57,5,0,2,0,0
0,39,96.4,78.7,8.5,-0.37,1.4,5,1,0,0,1
0,60,81.5,63.8,6.5,-0.11,3.86,5,1,0,0,1
0,52,92.8,76.4,7.2,-0.44,2.82,5,3,2,1,0
1,36,94.7,65.7,6.2,-0.49,3.25,5,0,0,1,0
0,34,94.8,65.5,7.1,0.1,3.19,4,1,0,0,0
0,21,92.6,73.8,7.6,0.65,1.99,4,1,0,0,0
0,36,92.6,76.2,7.2,-0.58,1.96,4,1,0,1,0
0,-4,100.2,75.1,7.7,0.49,2.17,4,0,1,0,0
0,-12,90.8,74.2,7.4,-0.02,2.52,4,3,0,1,0
0,10,108.3,83.1,7.4,-0.17,3.19,4,1,0,0,0
0,40,67.2,64.1,7.8,-0.27,1.49,3,0,1,0,0
1,38,94.4,78.5,8.4,-0.62,2.36,3,3,1,0,0
0,-5,103,72.3,7.3,-0.93,2.09,3,1,1,0,0
0,-1,91.4,69.6,7.6,0.18,2.31,3,1,2,0,0
0,12,77.8,76.6,6.9,0.06,2.14,3,0,0,1,0
0,3,101.3,67,6.8,0.78,2.96,3,1,2,0,0
0,-11,95.8,73.7,7.3,-0.06,2.19,2,2,2,1,0
0,6,81.4,73.1,6.9,-0.84,3.02,2,0,1,0,0
0,-52,61.8,73.2,9,0.65,1.75,2,1,1,1,0
0,27,88.5,75.2,7.2,-0.03,2.62,2,1,1,0,0
0,7,76.2,72.4,8,0.55,1.33,1,2,0,0,0
0,11,97.1,65.1,7,0.45,2.15,1,1,2,0,0
0,37,93.5,70.9,8.2,0.24,2.19,1,2,0,0,0
0,74,86.5,81.1,8.1,0.29,2.67,1,0,0,0,0
1,26,107.1,74.4,7.5,-0.19,2.41,9,0,0,0,0
0,-51,77.8,68.6,7.1,0.63,1.9,9,0,2,0,0
0,33,98.7,69.8,7.5,-0.04,1.99,9,3,1,1,0
0,-19,91.3,73.6,8.2,-0.51,0.98,9,0,2,1,0
0,-28,91.9,69.7,6.5,0.47,2.88,9,2,2,0,0
0,-15,85,65.4,6.9,0.88,1.94,8,2,2,0,0
0,-8,68.8,69.2,7.5,-0.88,1.44,8,0,2,1,0
0,-45,68.7,69.8,7.2,0.3,2.13,8,2,1,0,0
0,-44,60,76,7.9,0.67,1.83,7,0,1,0,0
0,52,101.5,74.6,7.6,0.12,2.79,7,2,1,0,1
0,4,103,69.5,6.7,-0.14,2.41,7,0,1,1,0
0,24,97.7,73.9,7.2,0.39,1.87,7,1,1,0,0
0,3,67.4,73.1,6.3,-0.88,2.7,6,1,2,0,1
0,-60,70.7,60.8,8.3,1.25,2.92,6,1,2,0,1
0,82,77.6,73.1,7.5,0.56,2.18,6,1,1,1,0
0,18,74.5,68.8,6.3,-0.17,2.74,6,2,2,1,0
0,55,71.8,75.2,7.3,0.08,1.77,6,0,0,1,0
0,-18,70.6,69.6,6.2,-0.47,2.76,5,0,0,0,1
0,24,72.5,76,6.5,-0.26,3.05,5,1,1,0,1
0,-45,57.6,72,8.2,1.21,2.3,5,0,1,0,1
0,23,94.4,68.8,7.8,0.25,2.02,5,0,1,0,1
0,-14,90.5,68.1,6.9,-0.27,2.19,5,2,2,1,0
0,34,60.1,63.4,6.1,-1.2,2.85,5,2,2,0,0
0,39,94.8,71.9,6.8,-0.13,3.05,5,2,0,1,0
0,16,92.9,71.8,6.3,-0.5,3.03,5,0,2,0,0
0,34,99.9,67,7,0.69,2.93,4,1,0,0,1
0,-39,74.3,65.9,7.4,0.68,2.24,4,1,2,0,0
0,31,80.7,68.4,6.8,0.73,2.29,4,3,1,1,0
0,48,81.9,72.6,7.9,-0.63,1.38,4,2,2,1,0
0,51,71.5,65.7,7.7,0.24,2.01,4,2,2,0,0
0,41,95.8,73.1,7.8,-0.72,2.37,3,0,0,0,1
0,21,88.1,69.4,6.1,0.12,3.13,3,1,1,0,1
0,27,99.9,73,7.8,0.35,2.12,3,1,2,0,1
0,24,88.6,69.2,7.4,-1.24,1.57,3,2,2,1,0
0,32,85.1,76,6.4,-0.34,2.49,3,0,0,0,0
1,34,107.2,79.9,7.4,0.3,3.38,2,0,1,0,1
0,1,94.3,71.2,7.3,-0.74,2.07,2,0,2,0,0
0,52,90.6,81.4,7.2,-0.44,2.69,1,0,1,1,1
0,73,64.4,71.4,7.8,0.72,2.32,1,2,1,0,1
0,12,104,71.5,6.7,0.08,2.16,1,1,2,1,0
0,49,86.3,71.4,7.3,-1.04,2.44,1,0,1,0,0
0,41,71,63.3,6,0.41,3.15,1,0,1,1,0
0,22,80.3,77.5,6.9,-0.58,2.22,1,3,1,0,0
0,61,85.8,69.8,7.3,-0.73,2.88,9,2,1,1,0
0,23,94.2,68.4,6.3,0.1,4.24,9,0,1,0,0
0,45,98.8,75.1,7.7,-0.32,2.25,8,2,1,0,0
1,27,106,80,7.7,0.27,2.59,8,0,2,0,0
0,5,98.9,78.2,6.8,-0.82,2.41,8,2,1,0,0
0,19,84.9,72.6,7.5,-0.19,2.48,8,2,0,0,0
0,-1,97.4,63.1,6.2,-0.62,2.73,8,2,2,1,0
0,36,103.3,84.5,7.3,0.22,1.97,8,0,0,1,0
0,-20,64.6,73.8,7.4,1.02,2.47,7,0,0,0,0
0,17,86.2,63.2,5.9,-0.44,3.53,7,0,0,0,0
0,13,109.4,79.7,7.2,0.6,1.93,7,0,1,1,0
0,19,92.4,71.1,6,0.17,3.68,7,1,2,0,0
0,4,100.4,68.5,5.5,-0.26,3.05,7,2,2,0,0
1,27,104.4,75.3,7.3,-0.11,2.5,7,2,1,0,0
0,65,86.7,74.4,7.9,0.48,2.65,7,0,1,0,0
0,-36,45.7,44.2,6.8,0.78,1.72,6,0,0,0,0
0,40,100.1,74.5,7.4,0.58,2.02,6,1,0,1,0
0,-31,102.8,73.2,7.5,0.13,2.08,6,1,0,0,0
0,11,86.5,67.7,5.9,-0.28,2.69,6,1,0,1,0
0,-11,44.5,72,7.9,0.04,2.29,6,1,0,1,0
0,-39,98.1,71.1,7,0.93,3.05,6,0,0,0,1
0,18,72.7,71.4,6.9,-0.85,1.87,6,0,1,1,1
0,2,86.5,77.6,7.2,-0.26,2.26,6,2,0,0,1
0,46,80.6,75.9,7.3,-0.8,3.04,5,0,0,0,0
0,40,85.8,76.3,6.3,-0.04,2.91,5,2,2,0,1
0,12,107.2,76.3,7.3,0.18,1.85,5,0,1,0,1
0,73,70.2,79.1,8.3,0.02,2.59,5,3,2,0,1
0,25,107.5,75.3,7.8,0,2.57,4,0,0,0,0
0,5,71.6,74.2,7.3,-0.45,3.23,4,0,1,0,0
0,39,97.4,69.6,6.8,0.11,2.54,4,0,2,0,0
0,-9,78.6,71.5,8,-0.84,1.66,4,0,1,1,0
0,-5,102.2,78.2,7.2,-0.03,1.87,4,1,0,1,0
0,5,108.8,76.6,6.7,0.29,2.47,4,0,2,0,1
0,37,72.6,73.7,7.6,1.26,2.74,4,1,1,0,1
0,75,53.1,75,6.6,1.03,2.43,4,1,1,1,1
0,-12,100.9,70.6,7,-0.69,2.48,3,1,2,1,0
0,30,87.2,71.6,7.9,0.31,1.74,3,2,2,0,1
0,22,92.6,73.9,6.8,-0.11,2.22,3,1,2,0,1
0,13,101.2,69.5,7.2,0.88,2.5,3,2,2,0,1
0,34,90,76.9,6.8,-0.02,3.3,2,0,2,0,0
0,-16,91.5,74.9,6.8,-0.68,2.43,2,0,0,0,0
1,32,103.2,72.6,7,0.32,2.59,2,3,2,0,0
0,76,73.3,72.3,7.6,0.69,1.98,2,0,2,0,1
0,10,101.4,75.4,6.4,-0.1,1.9,2,1,2,1,1
0,-15,89.9,74.3,7,-0.64,2.19,1,3,1,1,0
0,-21,88.3,68,6.8,-0.48,1.74,1,3,2,1,0
0,-6,64.9,69.3,6.9,1.46,2.51,1,1,2,0,1
0,70,81.2,77,7.8,0.13,1.84,1,0,1,0,1
0,70,93.5,76.9,7.6,-0.35,2.46,9,0,1,1,0
0,29,84.5,66.1,6.9,-0.59,2.61,9,1,1,1,0
0,-4,107.7,75.9,8.1,-0.49,1.93,8,1,1,0,0
0,-28,63.7,74.3,8.1,-0.11,2.32,8,1,0,1,0
0,21,94.4,67.2,8,0.6,2,8,0,1,0,0
0,24,96.1,69.1,6.9,0.13,2.37,8,1,0,1,0
0,0,94.6,69.5,6.6,-0.3,2.01,8,2,2,0,0
0,-6,101.4,79.8,7.7,-0.5,2.23,8,0,1,1,0
0,59,82.3,73.7,6.2,-0.03,2.36,7,0,0,1,0
0,17,102.9,71.5,7,0.35,2.53,7,1,0,0,0
0,31,86.1,71.6,7.4,-0.73,1.41,7,1,1,1,1
0,22,103.4,73.3,7,0.56,2.53,7,3,1,0,1
0,5,101.4,73.9,7.6,-0.08,1.64,7,1,1,0,1
0,-26,72.8,72.9,7.6,1.12,2.05,7,2,0,0,1
0,27,99.5,65.7,7.6,0.25,3.61,6,1,1,0,0
0,17,9.7,6.6,0.9,0.55,3.45,6,1,0,0,0
0,14,82.9,69.9,5.5,0.62,2.92,6,0,1,1,0
0,14,86.3,71.8,8.1,0.81,2.1,6,0,0,0,0
0,-3,80.6,54.9,5.1,0.34,3.47,6,1,1,1,0
0,-78,59.2,66.4,6.1,0.43,4.05,6,1,2,0,0
0,-7,95.8,73.4,7.2,0.23,2.05,6,2,2,1,0
0,-33,74.8,79.6,7.6,-0.7,1.98,6,0,0,1,0
0,58,77.4,70.3,7,-0.43,2.36,5,3,2,0,0
0,53,85,69.7,9,0.57,2.08,5,1,2,0,0
0,38,89.6,67.8,7.3,0.09,2.6,5,0,1,1,0
0,-18,84.8,67.5,6.5,-0.35,1.99,5,0,1,1,0
0,-3,102.3,78.5,8,-0.05,1.23,4,2,1,1,0
0,68,93,73,7.8,-0.34,2.77,4,1,1,1,0
0,-5,99.1,73.2,7.5,0.94,2.46,4,1,1,0,0
0,60,61.4,69.2,6.9,0.39,2.78,4,1,0,1,0
1,30,107.2,72.4,7.7,-0.64,2.93,4,2,2,1,0
0,55,89.2,86.6,7.3,0.02,2.28,3,1,2,1,0
0,-31,106.6,75.3,7.2,0.21,1.73,3,2,1,0,0
0,60,82.1,66.1,6.7,0.38,3.16,3,1,1,1,0
0,43,99,74.9,7.3,0.45,2.42,2,0,0,1,0
0,8,88.8,83.2,8.5,-0.85,1.57,2,2,2,0,0
0,18,106.9,77.8,8.2,-0.08,1.48,2,3,2,1,0
0,29,85.9,70.1,7,0.18,2.58,2,3,2,1,0
0,-19,54.4,59.4,5.6,0.51,3.71,2,0,2,1,0
0,3,99.7,65.3,8,0.8,2.27,1,0,0,0,0
0,-26,67.2,72.6,8,1.31,2.55,1,2,1,0,0
0,-16,93.2,79,6.3,0.64,2.7,1,0,2,1,0
0,52,97.2,68.7,7.3,0.14,3.3,1,1,0,0,0
0,25,95.8,71.6,7.2,0.32,3.24,1,2,1,1,0
0,37,107.4,79.3,8,0.07,1.54,1,0,0,1,0
0,19,98.9,67.1,6.6,-0.21,2.14,9,0,0,0,0
0,14,102.7,67.4,6.8,-0.34,3.12,9,2,1,0,0
0,58,89.9,86.2,7.4,0.07,3.33,8,0,2,0,1
0,10,108.2,78.5,7.3,0.25,2.15,8,1,1,0,1
0,76,68.2,72.1,8,1.08,2.17,8,0,0,0,1
0,3,100.9,77.4,7.9,0.33,2.48,8,2,2,0,1
0,46,75.4,72,7.1,0.12,2.03,8,0,0,0,0
0,3,100,68.2,7.1,-0.1,2.79,8,1,0,0,0
0,42,94.1,74.4,7.3,0.59,2.21,7,0,0,0,0
0,74,70,64.5,8.6,0.3,1.74,7,1,0,0,0
0,-13,93.9,68,6.7,0.31,2.09,7,0,1,0,1
0,12,100.1,77.2,7.4,-0.09,1.89,7,3,2,0,1
0,12,109,77.5,7,0.7,3.27,7,3,2,0,1
0,53,94.3,71.5,6.5,-0.01,3.29,7,2,1,0,1
0,-7,97.3,63.8,6.8,0.39,1.92,6,3,2,0,0
0,9,99.1,70.7,6.1,-0.05,2.12,6,3,2,1,0
0,12,106.8,71.3,7.1,0.18,2.34,6,0,1,0,0
1,26,100.4,82.2,7.8,-0.45,2.66,6,0,0,0,0
0,11,105.7,73.7,7.5,-0.12,1.82,6,1,2,0,0
0,-24,102.8,71.3,7.3,0.21,2.67,6,0,1,0,0
0,48,88.2,69.7,8.1,0.33,2.46,5,1,1,0,0
0,7,88.4,73,7.6,-0.06,1.43,5,3,2,1,0
0,9,106.7,74.7,7.4,0.38,2.88,5,1,0,0,0
1,25,106.8,79.7,8,-0.17,1.56,5,3,2,0,0
0,51,51,60.9,6.3,-0.71,3.4,5,1,2,0,0
0,20,75,75.1,9.1,0.4,1.02,5,1,2,1,0
0,5,103.2,73.1,7.1,0.79,2.89,5,0,2,0,0
0,-3,94.7,74.8,7.5,-0.67,2.17,5,3,2,1,0
0,36,88.7,67.2,8.5,0.64,1.36,4,2,0,0,0
0,21,101.2,77,7.3,0.08,3.2,4,0,0,0,0
0,-2,97.2,64.9,7.2,0.6,3.04,4,1,2,0,0
0,11,95,63.6,6.1,0.19,3.56,4,2,2,0,0
0,2,98.1,73.2,6.1,-0.02,2.66,4,1,1,1,0
0,-38,78.3,60.2,5.3,-1.04,2.77,4,1,1,0,0
0,55,83.8,72,7.8,-0.08,1.56,4,2,1,0,0
0,38,91.2,68,7.1,0.7,2.57,3,0,2,0,0
0,-6,92.4,68.7,7.8,0.42,2.29,3,1,2,0,0
0,15,97.3,67.1,7.8,0.23,2.05,3,0,1,0,0
0,22,69.6,78.7,7.3,-0.51,3.04,3,0,1,0,0
0,17,104.7,72.6,7.8,-0.3,1.53,3,1,1,0,0
0,2,91.7,63.2,6.7,-0.78,2.27,2,2,2,1,0
0,27,78.8,70.7,7.1,-0.61,2.65,2,2,1,0,0
0,23,42.2,66.7,6.3,0.68,2.78,2,2,2,1,0
0,7,100.1,71,7,0.81,2.23,2,2,2,0,0
0,1,102.4,69.3,6.2,0.04,2.21,2,1,1,1,0
0,7,102.3,72.8,7.2,0.05,1.84,1,1,1,0,0
0,4,62.7,56.7,7.1,-0.67,2.91,1,1,2,0,0
0,26,96.3,75.4,7.8,-0.57,2.63,1,0,0,1,0
0,12,102.1,75.7,7.7,-0.51,2.47,1,2,2,1,0
0,31,83.9,71.4,6.4,0.05,3.03,9,0,0,1,0
0,76,82.5,73.7,7.6,0.45,3.03,9,1,1,0,0
0,57,79.2,78.7,6.4,-0.03,2.62,9,3,1,1,0
0,26,94.3,66.4,7.1,0.64,1.87,9,0,2,0,0
0,-4,95.5,66.5,6.2,-0.68,1.72,9,1,1,1,0
0,16,91.6,67.5,6.7,-0.43,2.43,9,0,1,1,0
0,40,19.9,8.9,1.1,0.3,2.99,9,0,0,1,1
0,49,83.4,70.6,7.5,0.01,1.74,8,3,2,0,1
0,-29,101.3,79.8,7.7,-0.16,1.91,8,1,0,0,1
0,15,89.5,71.5,6.9,-0.74,2.31,8,0,1,0,1
0,-26,67.9,68.8,7.8,0.73,2.06,8,2,0,0,1
0,20,100.8,71.5,7.1,0.23,1.84,8,0,1,1,1
0,-14,81.2,81.7,8.3,0.22,1.76,7,0,0,0,0
0,88,71,84.6,8.7,0.43,1.94,7,0,0,0,1
0,6,99,68,6.7,-0.19,2.38,7,2,2,1,0
0,-34,64,72.1,7.2,-1.05,2.09,7,2,2,1,0
0,6,95.1,83.1,7.4,-0.1,1.64,6,1,0,1,0
0,23,94.5,64.6,7.1,-0.97,2.37,6,2,2,1,0
0,41,85.9,72.3,7.6,-0.16,1.95,6,1,1,0,0
0,1,89.3,74.9,7.1,-0.04,1.79,6,1,2,1,0
0,-7,80.2,67.9,6.8,0.28,2.38,6,0,1,1,0
0,70,75.9,71.9,7.6,-0.49,1.51,6,2,1,1,0
0,44,83.2,75,8.4,0.49,2.07,5,2,0,0,0
0,40,92.2,71.9,8,0.38,1.43,5,1,2,1,0
0,-51,39.8,64,8.6,-0.06,1.21,5,3,2,0,0
1,31,97.4,70.7,6.8,0.77,3.05,5,0,1,1,0
0,15,105.2,73.7,6.5,0.17,2.09,4,1,0,1,0
0,21,99.5,70,6.7,0.08,2.59,4,0,0,1,0
0,79,79.4,71.6,8.3,-0.26,1.84,4,1,2,1,0
0,19,103,69,7.8,-0.8,2.49,4,3,1,1,0
0,15,103.7,74.2,7.1,0.21,2.4,4,0,0,1,0
0,70,84.3,71.2,5.9,-0.03,3.36,4,2,2,0,0
0,15,105.3,71.5,7,0.19,2.71,3,1,2,0,0
0,32,74.3,86.8,8.7,0.18,2.19,3,0,0,0,0
0,13,101.5,73.2,7.3,-0.34,2.07,3,2,1,0,0
0,36,77.5,61.2,5.7,-0.42,3.28,3,2,2,1,0
0,31,92.6,73.3,7.1,0.31,1.08,3,2,2,1,0
0,-30,91.9,80.6,7.4,-0.32,2.44,2,2,2,1,0
0,-63,53.3,74.4,7.7,-0.21,1.12,2,0,0,1,0
0,68,99.9,77.8,8.1,0.34,2.02,2,1,0,1,0
0,51,91.4,69.9,6.9,-0.08,2.03,1,0,1,1,0
0,5,101.5,70.2,7.3,-0.66,1.58,10,1,1,0,1
0,13,22.3,8.2,0.4,-0.46,3.22,10,0,1,0,1
0,-22,84.4,70.9,6.3,-0.26,2.82,10,0,2,0,0
0,-44,66.3,63.8,7,-0.71,1.12,10,2,1,1,0
0,29,89.9,79.1,7.5,-0.72,2.13,10,0,0,1,0
0,33,72.2,69.9,7.3,-0.51,1.84,9,1,0,1,0
0,29,89.1,68.4,8.3,-1.04,1.68,9,2,2,1,0
0,19,105.2,75.3,7.7,-0.53,2.49,9,0,0,1,0
0,78,89.5,74.6,7.8,-0.68,2.27,9,0,1,0,0
0,18,106.9,78.3,7.2,0.63,2.54,9,0,1,1,0
0,1,108.9,77.8,7.7,-0.26,2.27,9,2,0,0,0
0,7,111,78.6,7.4,-0.29,3.08,9,1,0,0,0
0,49,65.5,69.4,6.3,0.64,3.23,8,0,2,1,0
0,40,84.9,78.5,7.1,0.64,1.97,8,1,2,1,0
0,29,104,77,8,0.21,1.81,8,2,2,1,0
0,40,74.3,74.9,6.6,-0.47,3.36,8,1,0,0,0
0,7,99.8,69.6,7.8,-0.2,1.91,8,0,0,1,0
0,34,86.5,69.3,6.3,0.31,2.87,7,3,2,1,0
0,5,86.2,64.9,6.3,0.18,1.52,7,1,2,1,0
0,10,104.8,76.2,8,-0.64,2.74,7,0,0,1,0
0,-20,95.7,65.9,6.2,-0.48,3.09,7,0,0,1,0
0,3,110.4,79.6,7.2,-0.07,1.88,7,3,2,1,1
0,3,85.4,64.3,5.5,-0.26,2.76,7,1,2,0,1
0,-26,83.7,59.5,6.8,-1.06,2.66,7,3,2,1,1
0,-50,13.6,8,1,0.65,3.33,7,0,0,0,1
0,62,83.6,75.7,7.2,0.37,3.03,6,0,0,1,0
0,33,102.9,79.3,6.8,0.27,3.12,6,0,0,1,0
0,58,66.9,68.2,6.4,0.49,3.44,6,0,2,1,0
0,29,79,64.5,6.1,-0.61,2.65,6,1,2,0,0
0,-10,100.5,79.8,7.5,0.53,2.06,6,1,2,1,0
0,38,93.2,64.2,5.9,0.12,3.42,5,1,1,1,0
0,-6,100.7,76.5,6.4,-0.28,2.72,5,1,0,1,0
0,33,70.4,71.4,6.7,-0.4,3.28,5,3,2,0,0
0,-3,98.8,71.9,6.9,0.79,1.63,4,0,1,1,1
0,10,93.1,62.6,5.9,0.09,2.65,4,0,2,0,1
0,-35,77.7,72.1,7.3,0.88,2.24,4,1,1,1,1
0,36,70.9,75.8,8.7,-0.08,1.86,4,1,0,1,0
0,17,101,77.4,7.6,0.58,1.38,4,1,1,1,0
0,-9,104.8,73.9,6.8,-0.21,2.49,4,3,1,1,0
0,22,103.6,72.2,6.8,-0.07,2.36,3,1,1,1,0
0,28,99.8,71.2,6.6,-0.09,2.18,3,1,1,0,0
0,52,96.5,71.4,6.5,0.62,2.73,3,3,2,1,0
0,32,88.2,80.6,8.1,0.39,1.3,3,0,2,0,0
0,-9,88.1,71.7,6.6,-0.29,1.44,3,1,1,1,0
0,30,100.8,77.1,7.6,0.11,2.17,2,1,2,1,0
0,35,88,68.4,7.8,-0.03,1.49,2,2,0,1,0
0,12,90.8,77.7,8.6,0.24,0.99,2,2,2,1,0
0,8,99.9,73.4,8.3,0.44,1.87,2,0,2,1,0
0,10,99.8,72.6,7.5,-0.69,2.89,2,0,2,1,0
0,17,84.9,66.5,6.7,-1.09,2.77,2,0,2,1,0
0,10,98,72.4,6.9,0.67,1.95,2,0,0,1,0
0,2,108,73.2,7.2,-0.3,2.1,2,2,2,1,0
0,-1,101.2,74.2,7.2,0.49,1.87,2,2,1,0,0
0,23,87.6,60.8,7.2,0.02,1.1,2,0,2,1,0
0,46,85.1,74.4,8.7,-0.34,1.59,1,0,1,1,0
0,-7,102.2,77.2,7.5,0.41,2.23,1,0,0,1,0
0,21,102.8,72.4,7.5,0.16,1.95,1,3,1,1,0
0,6,98.2,76.9,7.9,0.16,1.29,1,2,1,1,0
0,-42,81.2,64.8,4.8,0.89,3.07,1,3,2,1,0
0,19,103.4,74.8,7.7,-0.76,2.39,1,1,2,1,0
0,-67,42.8,69.6,7.8,-1.74,1.52,1,0,2,1,0
1,32,95.9,77.2,7.5,-0.03,3.02,1,1,1,0,0
1,23,106.8,74.4,7.1,0.84,2.65,1,2,2,1,0
0,25,82.9,68,5.8,0.25,2.49,1,1,1,1,0
0,32,92.2,65.8,7.7,0.34,2.16,9,0,0,0,0
0,40,96.4,72.7,7.3,0.84,3.78,9,1,2,0,0
0,24,100.2,73.4,7.5,-0.27,2.03,8,0,0,0,0
0,44,79.7,75.9,8.6,0.41,2.54,8,2,2,0,0
0,8,97.6,70.2,7.9,-0.21,1.57,8,0,2,0,0
0,7,78.3,72.8,7.2,-1,2.69,8,1,1,1,0
0,-20,92.3,69.8,7.5,-0.19,2.14,7,3,2,1,1
0,43,91.9,69.2,8,0.37,2.2,7,2,2,0,1
0,34,91.6,70.3,7.7,0.36,2.3,7,2,1,0,1
0,-5,91.9,67.1,7,0.07,2.65,7,0,1,0,0
0,3,93.5,66.4,6.7,-0.25,3.09,7,0,1,0,0
0,26,101.6,73.4,7.5,-0.28,1.96,6,3,1,1,0
0,-6,98,71.8,6.8,0.11,3.39,6,1,2,0,0
0,10,62.7,57.7,6.5,0.73,3.29,6,0,0,1,0
0,40,70,75,6.8,-0.28,2.48,6,0,2,0,1
0,45,85.8,69.7,9,0.18,1.02,5,1,2,1,0
0,32,48.3,67.5,6.7,-1.19,3.36,5,1,0,0,0
0,9,104.3,71.4,8.3,-0.62,2.69,5,3,2,1,0
0,-22,35.1,75.4,7.1,-1.19,2.43,5,0,0,0,0
1,23,101,68.5,7.6,0.27,2.78,5,0,0,1,0
0,-22,77.8,71.1,7.7,-0.67,2.38,4,1,2,1,0
0,29,98,69.2,8,1.05,3.05,4,0,1,0,1
0,-17,98,66.3,6.9,-0.5,3.52,4,1,2,0,1
0,-4,107,80,7.9,-0.17,1.91,4,0,1,0,1
0,-11,93.5,63.6,8.4,0.23,1.25,3,2,2,0,0
0,-54,86.4,64.6,7.4,0,2.07,3,1,2,1,0
0,-14,107.4,73.4,7,-0.7,1.81,3,2,2,0,1
0,22,104.2,78.5,8.2,0.59,2.29,3,1,1,0,1
0,-3,79.4,72.9,7.9,-0.03,1.7,2,1,0,1,0
0,-1,106.9,75,7.8,0.45,1.69,2,1,1,0,0
0,-42,89.6,69.2,6.9,-0.74,2.63,2,0,0,1,0
0,23,93.1,72.3,7.6,-0.2,1.49,2,2,2,0,1
0,-29,94.2,71.9,8.1,-0.17,2.02,2,0,2,0,1
0,25,95.9,68.9,7.8,0.86,2.37,2,3,2,0,1
0,3,83.3,76.5,8.3,-0.07,1.94,1,0,1,1,0
0,27,100.9,68.7,7.3,0.07,1.95,1,0,2,1,0
0,44,99.6,74,6.8,-0.01,3.53,1,1,2,0,1
0,28,68.7,70.9,7.9,1.11,1.32,1,1,2,0,1
0,69,84.3,79.8,7.6,-0.19,1.59,1,3,2,0,1
0,43,77.4,72.5,8.7,0.62,2.21,9,1,0,0,0
0,2,64.6,48.6,8.6,1.03,1.21,9,2,2,0,0
0,28,84.7,76.8,8,-0.31,1.9,9,3,2,1,0
0,21,101.4,67.8,6.3,0.46,2.67,8,1,2,0,1
0,41,83.9,76.5,6.8,-0.45,2.31,8,1,2,0,1
0,14,108.9,72.8,7.4,-0.54,2.99,8,1,0,0,1
0,75,38.1,12.3,2.1,0.41,2.83,8,0,0,1,1
0,73,58.8,73.8,6.5,-0.83,2.69,7,0,0,0,0
0,-8,90,77.5,7.7,-0.42,2.2,7,0,0,0,1
0,65,86.5,71.9,7.3,0.14,2.39,7,0,0,0,1
0,-21,98.2,66,6.2,0.08,2.38,7,0,0,1,0
0,65,67.3,68.2,6.4,-1.16,2.92,7,0,0,0,0
0,12,101.1,70.3,7.8,0.05,1.6,7,1,0,1,0
0,-14,79.7,54.2,7.4,0.8,0.75,6,1,2,0,1
0,72,72.3,75.5,7,-0.67,2.63,6,0,1,0,1
0,17,89.5,76,8.1,-0.51,2.01,6,1,1,1,1
0,31,82.9,74.5,7.9,0.33,1.43,6,2,2,1,0
0,18,89.2,68.5,6.5,0.9,2.85,6,0,2,1,0
0,34,85.5,69.4,7.5,0.1,2.15,6,1,0,1,0
0,41,100.6,77.2,7.7,0.1,2.17,5,1,0,0,1
0,16,87.4,76.4,7.4,-0.69,2.65,5,0,0,0,1
0,10,95.9,72.6,7,-0.01,2.04,5,3,1,1,0
0,7,99.1,75,7.8,-0.8,2.58,5,1,0,0,0
0,-14,85.2,67.3,6.7,0.01,1.47,4,1,2,0,1
0,38,81.1,71.8,6.5,-0.16,2.71,4,1,0,0,1
0,36,94.4,67.2,7.3,0.35,1.78,4,1,0,1,1
0,-15,92.8,79,7.7,0.06,2.34,4,2,0,0,0
0,6,101.2,72,6.8,-0.06,2.25,4,0,0,1,0
0,0,99.6,70.6,6.7,0,2.75,4,1,1,1,0
0,9,104.9,70.9,7.2,0.61,2.08,3,0,0,0,1
0,32,76.9,69.2,8.5,1.1,1.71,3,2,1,0,1
0,25,84.6,69,7.3,0.83,2.13,3,0,1,0,1
0,-5,80.5,68.8,7.1,0.7,1.75,3,0,0,0,1
0,-41,77.2,68.5,7.5,-0.15,1.95,3,2,2,1,0
0,-3,87.7,69.1,5.8,0.8,2.26,3,0,0,1,0
0,41,87.9,70.2,6.7,-0.44,2.68,2,0,0,0,1
0,0,70.4,68.8,6.2,-0.44,2.97,2,1,0,0,1
0,30,94.8,67.8,6.9,0.54,2.51,2,0,0,0,1
0,1,100.3,77.2,7.7,-0.06,1.77,2,3,2,1,1
0,-16,86.8,75.1,7.1,0.8,2.18,2,0,0,1,0
0,26,98.2,72.6,7.7,-0.28,2.83,2,1,0,0,0
0,13,90.5,76.3,6.6,0.27,2.06,2,0,0,1,0
0,46,56.3,69,6.2,-0.79,3.11,1,0,1,0,1
0,36,82.8,75.1,7.2,-0.46,2.96,1,1,1,0,1
0,24,96.6,69.8,6.9,0.05,2.3,1,0,0,1,0
0,31,89.5,70.9,7.8,0.15,2.04,1,0,2,0,0
0,31,81.1,74.7,8.2,-0.16,1.41,1,1,1,1,0
0,-9,90,59.1,5.2,-0.27,3.71,11,3,2,1,0
0,49,88.6,69.1,6.1,-0.19,3.5,11,0,1,0,0
0,-5,98.3,76,7.7,0.32,2.13,11,1,0,1,0
0,50,90.6,74.3,6.4,-0.3,2.88,11,1,1,0,0
0,14,99.5,67.2,5.4,-0.34,3.22,11,3,2,1,1
0,17,79.1,74.6,7.7,0.28,1.77,11,2,1,1,1
0,29,98.4,78.5,7.6,-0.38,2.24,11,0,2,1,1
0,41,87.7,71.1,6.8,-0.4,3.51,10,0,2,0,0
0,15,99.3,77.3,7.9,-0.07,2.23,10,0,2,0,0
0,31,79.4,75.7,7.4,-0.45,2.27,10,0,1,0,0
0,-16,98.4,69.9,6.4,-0.2,2.26,10,0,0,1,0
0,-33,88.9,73.4,8.5,0.33,1.28,10,2,2,0,1
0,15,90.5,62.3,5.4,0.73,1.95,10,1,1,1,1
0,-53,71.6,84.1,7.2,0.39,1.54,10,1,0,0,1
0,-37,63.2,60.2,8.4,0.38,1.75,9,2,2,1,0
0,29,103.1,81,7.7,0.51,3.36,9,1,1,0,0
0,8,103.8,71.1,7.1,-0.89,2.14,9,2,2,1,0
1,21,106.8,76.5,7.8,-0.25,1.69,9,1,1,1,0
0,-77,64.7,66.3,7.8,1.23,2.54,8,2,2,0,0
0,48,72.9,79,8,-0.96,2.07,8,1,0,0,0
0,17,87.7,60.9,6.3,-0.71,1.58,8,0,1,1,0
0,7,89.7,64.9,7.8,0.1,2.18,8,0,0,0,0
0,57,95.4,71.4,8.7,-0.43,2.43,8,0,2,1,0
0,4,87,66.2,6.9,-0.9,2.3,7,2,2,1,1
0,75,93.6,74.5,7.4,-0.5,2.8,7,2,1,0,1
0,28,97,74.3,7.6,-0.82,2.7,7,3,2,1,1
0,5,73.6,72.7,7.6,0.02,2.18,7,1,2,1,1
0,6,98.8,73.9,6.7,0.8,2.59,7,2,1,0,0
0,36,70.9,70.3,7.3,0.72,1.7,7,3,2,0,0
0,-26,108.4,81.5,7.7,0.16,2.08,6,0,0,0,0
0,50,69.8,71.4,7.4,-0.66,3.13,6,1,1,1,1
0,34,77.4,65.9,7.3,-0.98,3.01,6,1,2,1,1
0,1,71.8,73.6,8.8,1.14,2.41,6,3,2,0,0
0,33,89.4,69.2,7.2,0.51,2.31,5,0,0,0,0
0,40,82.4,70.7,6.7,-1.07,2.93,5,1,0,0,0
0,16,106.5,73.1,8.1,-0.43,1.66,4,2,1,1,0
0,8,105.9,74,7,0.23,2.15,4,0,0,0,0
0,14,99.3,66.8,6.8,-0.31,2.33,4,0,1,1,0
0,45,89.1,70.8,6.9,-0.02,2.64,4,0,2,0,0
0,-6,67.2,67.2,7.1,1.24,1.53,4,1,1,0,0
0,30,97.9,73.9,6.2,-0.12,2.8,4,2,2,0,0
0,29,92.6,75.7,7.1,0.79,2.97,4,3,2,1,0
0,1,94.7,71.4,6.7,-0.11,3.37,4,2,1,1,0
0,-12,93.6,65.4,6.9,0.32,1.03,3,1,1,1,0
0,-83,61,42,4.6,-1,2.44,3,1,2,0,0
0,8,104.5,73.3,7.3,-0.7,2.11,3,1,1,1,0
0,-7,62,72.9,8.4,-0.89,1.76,3,0,1,1,0
0,50,69.9,71.6,6.8,-0.27,3.24,3,0,0,0,0
0,-5,95.6,69.1,6.8,-0.35,2.28,3,3,2,1,0
0,-8,85.5,66.4,6.3,-0.21,2.2,3,2,2,1,0
0,-12,100.2,71.2,6.5,-0.48,1.65,2,1,1,0,0
0,20,79.3,69.5,6.1,-0.09,2.18,2,0,1,1,0
0,37,96.5,64,6.5,0.08,2.98,2,0,0,0,0
0,8,99.4,76.2,7,0.08,2.95,2,1,1,1,0
0,-5,57.4,63,5.6,-0.4,2.57,2,0,2,0,0
1,37,97.8,82,8.3,0.12,2.64,2,0,0,1,0
0,14,89.8,58.9,7.2,0.07,2.15,2,0,0,1,0
0,43,90.3,74.9,6.9,-0.83,3.59,1,2,1,0,0
0,22,61.9,57.4,5,0.79,3.16,1,1,0,1,0
0,8,99.4,67.2,6.6,0.3,1.88,9,0,1,0,0
0,-4,82.7,63.7,6.2,-0.15,2.89,9,2,2,1,0
0,-4,107.4,77.3,7.7,-0.3,2.26,9,0,0,0,1
0,59,87.7,69.5,6.6,0.46,3.1,9,2,0,1,1
0,26,78.7,72.1,6.4,-0.34,3.44,9,0,0,0,1
0,38,80.6,62,7.2,0.63,2.34,8,1,0,0,0
0,-23,78.5,71.5,7.3,0.47,2.6,8,2,2,0,0
0,67,80.2,67.2,7.2,0.4,2.2,8,0,1,0,0
0,-15,98.7,68.7,6.5,0.29,1.71,8,0,2,1,0
0,21,71.2,70.6,6.1,0.47,2.62,8,1,0,1,0
0,50,96.6,70.6,8.8,0.08,2.16,8,3,1,0,0
0,-3,89.9,65.9,7.7,0.44,1.08,8,1,2,0,0
0,28,97.5,71.4,7,-0.47,3.13,8,1,0,0,0
0,-29,53.7,70,7.5,0.83,1.51,7,2,2,0,0
0,55,99,76.1,7.3,-0.2,2.87,7,1,0,0,0
0,80,10.8,12.2,1.1,-0.35,2.15,7,0,0,1,1
0,14,90.4,72,7.4,-0.2,1.33,7,0,2,0,1
0,17,109.7,76.6,7.3,-0.43,3,6,0,0,1,0
0,-24,98,67.3,7,0.15,2.08,6,2,1,0,0
0,23,93.2,69.8,6.5,-0.24,2.97,6,0,0,1,0
1,23,110.7,76,7.8,0.11,2.46,6,1,1,1,0
0,6,110.2,74.2,6.8,0.42,2.4,6,1,2,0,0
0,60,78.2,69,7.3,0.27,2.61,5,1,1,0,0
0,-7,67.6,60,5.4,0.27,3.02,5,1,1,1,0
0,8,101.8,67.8,7.6,0.45,2.5,5,0,2,0,0
0,59,83,71.1,7.1,-0.54,3,5,2,2,0,1
0,21,99.4,78.7,7.2,0.18,2.07,5,1,0,1,1
0,-24,100.2,76.5,7.7,-0.42,2.52,5,3,1,0,0
0,5,94.2,67.9,8,0.34,1.46,5,2,2,0,0
0,35,90.3,64.6,6.7,-0.24,2.45,4,0,0,0,0
0,55,71.5,70.2,7.7,0.64,2.33,4,1,1,0,0
0,84,87.9,69.4,7.1,-0.32,3.14,4,3,2,1,0
0,-79,59,72.9,7.2,0.79,2.43,4,0,1,0,0
0,41,46.5,61.8,6,-1.03,2.47,4,0,1,0,0
0,28,85.3,68.6,6.9,0.79,2.15,4,0,0,1,0
0,6,99,68.5,8.2,0.9,2.43,4,1,2,0,0
0,10,104.6,72.1,7.5,0.28,2.22,3,0,0,1,0
0,73,95.1,81.4,7.9,-0.12,2.91,3,2,1,1,0
0,-32,98.7,64.6,6.7,0.25,2.03,3,1,2,0,0
0,-18,92.9,74.5,7.4,0.27,3.35,3,2,0,1,0
0,12,90.5,70.3,6.7,-0.92,3.09,3,0,1,0,0
0,53,87,66.9,6.9,0.15,2.81,2,3,2,1,0
0,-74,54.1,70.4,7.8,-0.13,1.06,2,0,1,0,0
0,28,86.4,73.4,7.2,-0.74,2.95,2,1,0,1,0
1,20,109.1,77.7,8.1,-0.41,2.61,2,1,0,0,0
0,35,89.2,67.6,6.6,0.42,2.29,2,1,2,0,0
0,61,81.9,73.8,6.5,-0.35,3.22,2,0,2,1,0
0,-9,65.1,73.2,6.9,-0.65,2.99,1,0,0,0,0
0,41,71,59.5,7.9,1.2,1.95,1,1,2,0,0
0,-16,83.2,77.3,7.2,-0.75,1.81,1,2,0,1,0
0,-27,89.6,68,7.6,0.88,2.98,1,3,2,0,0
1,42,101.4,72.1,7.3,-0.33,2.96,1,0,1,1,0
0,16,107.2,73.5,6.5,-0.46,2.46,1,0,1,0,0
0,-12,95.4,70.2,7.7,0.55,1.79,9,0,0,0,0
0,-4,93.1,60.5,5.3,0.43,3.28,9,0,2,0,1
0,20,90.4,71.5,8.2,0.64,2.47,9,1,2,0,1
0,20,86,73.5,8,0.43,1.93,9,3,1,0,0
0,82,68.6,66.1,7.5,-0.08,2.81,9,2,2,1,0
0,-12,92.8,75.2,7,0.2,2.51,8,0,0,1,0
0,14,92.8,59.7,5.6,0.35,3.4,8,0,1,0,0
0,9,102.7,71.8,6.5,0.21,2.77,8,2,2,0,0
0,31,91.6,70,6.2,0.3,2.44,8,2,2,0,0
0,-12,103.4,68.7,6.6,0.31,1.91,7,1,2,1,1
0,1,89.4,62.2,6.2,0.11,2.91,7,1,0,0,1
1,27,104.1,69.1,6.7,0.26,3.43,7,0,1,0,0
1,24,104.4,72.5,6.9,0.37,2.49,7,1,0,0,0
0,3,91.8,65.2,6.6,1.26,2.48,7,1,2,0,0
0,8,81.5,71.1,7.2,0.25,1.75,7,1,2,0,0
0,-5,97.1,75.5,8,0.3,1.8,6,0,0,0,0
0,9,110.6,78,6.9,0.05,2.5,6,2,2,0,0
0,28,90,69.7,6.7,-0.15,3.52,6,1,0,1,0
0,-10,100.2,70.5,6.7,0.17,2.96,6,0,0,0,0
0,0,85.8,69.4,7.7,0.85,2.39,6,1,2,0,0
0,79,69.7,68.6,7.2,0.12,2.34,5,0,0,0,0
0,71,85.4,72.6,7.8,0.55,2.6,5,2,1,1,1
0,-20,95.4,69.8,8.4,0.95,1.8,5,0,2,0,1
0,26,91.7,75.5,7.7,0.4,2.42,5,1,1,0,1
0,18,72.2,72.8,7.9,-0.76,2.44,5,1,1,1,1
0,22,93.5,62,6.3,-0.7,2.78,5,1,2,1,0
0,13,103,70.6,6.4,-0.5,3.31,5,1,1,0,0
0,28,87.5,73.8,6.8,-0.46,2.95,5,2,1,0,0
0,-1,93.6,66.7,6.2,0.8,2.62,5,2,1,0,0
0,29,95.5,70,6.2,-0.26,3.08,4,1,1,0,1
0,39,85.4,75.9,7,0.02,2.44,4,2,1,0,1
0,7,112.2,80.9,7.5,-0.53,2.58,4,1,0,0,0
0,20,102.7,73.3,7.4,0.32,2.91,4,1,2,0,0
0,7,96.5,69.1,6.6,0.22,2.38,4,1,2,0,0
0,-10,87,72.9,6.6,0.92,2.89,4,3,2,0,0
0,-25,90.3,62.7,5.8,-0.16,3.44,3,1,0,1,1
0,21,82.2,67.9,7.1,-1.31,1.51,3,0,2,0,1
0,27,97.1,76.6,8.1,-0.34,1.87,3,0,0,1,1
0,3,77,74.8,7.6,-0.35,2.49,3,3,2,0,1
0,4,77.2,77.1,7.1,-0.51,2.39,3,2,1,0,0
0,66,76.9,61.6,5.3,-0.41,3.39,3,1,2,0,0
0,-26,44.8,68.2,7.3,-0.54,2.54,2,0,0,0,1
0,16,75.6,72.2,8.1,-0.41,1.99,2,3,1,1,1
0,22,95.3,73.6,7,-0.24,2.55,2,1,2,0,1
0,74,94.9,79.2,7.7,-0.09,3.21,2,0,1,1,1
0,59,65.2,72.8,7.3,-0.44,2.81,2,2,2,0,0
0,33,91.6,68.7,6.9,-0.18,2.68,2,3,2,0,0
0,70,71.9,76.5,8.1,-0.03,1.6,2,0,0,0,0
0,2,80,74.8,7.2,-0.33,2.08,1,0,1,0,1
1,27,109.4,77.7,6.9,0.15,2.59,1,2,1,0,1
0,25,91.5,69.4,6.2,0.08,3.21,1,2,1,1,1
0,17,75.7,63.9,5.9,-0.93,2.69,1,1,1,0,1
0,24,90.4,74.2,7.7,0.14,1.92,1,0,0,0,1
0,32,71.7,65.7,7.1,1.2,2.19,1,3,2,0,0
0,16,87.8,63.5,5.8,-0.48,3.29,1,1,0,1,0
0,20,103.6,71,6.8,0.17,1.61,1,1,2,0,0
0,83,82.4,71.2,8.3,0.36,1.9,9,1,2,1,0
0,-12,90.1,74.7,6.9,-0.71,1.98,9,0,1,0,0
0,23,99.4,75.5,7.1,-0.11,2.49,9,0,0,1,0
0,4,96.8,75.6,7,-0.93,3.01,9,3,2,0,0
0,58,78.7,70.8,7.1,0.83,1.81,8,2,1,1,0
0,13,96.9,72.1,7.6,0.56,3.16,8,1,0,0,0
0,4,101.1,76.2,7.3,0.78,2.74,8,0,0,1,0
0,-32,81.7,74.1,7.1,0.23,3.32,8,3,2,0,0
0,22,104.6,71.7,8.2,0.39,3.37,8,1,1,0,0
1,29,105.2,76.9,7.9,-0.59,2.67,8,0,0,1,0
0,-32,71.5,61.3,5.8,-0.97,3.09,8,0,2,0,0
0,15,95.6,66,6.2,-0.7,3,8,0,1,0,0
0,7,102.4,71.7,6.7,0.33,2.35,8,0,1,1,0
0,34,80.6,65.5,7.1,0.35,0.99,8,0,1,1,0
0,-9,57.5,66.8,6.3,-1.46,2.49,8,0,1,0,0
0,-9,100.1,74.6,7.4,0.14,1.25,8,1,2,0,0
0,7,104.4,71.6,6.1,-0.48,2.92,8,3,2,1,0
0,36,99.7,79,7.3,0.01,2.33,7,2,0,1,0
0,26,98.4,71.1,6.7,-0.45,2.53,7,0,1,1,0
0,-9,92.3,75.3,7.6,-0.31,2.44,7,1,1,0,0
0,19,80.8,73.3,7.1,-0.9,1.81,7,0,2,0,1
0,3,73,75.9,8.5,-0.2,1.9,7,1,2,0,1
0,-16,93.3,73.8,6.8,-0.18,2.51,7,0,2,0,1
0,-14,99.2,75.4,7.8,0.19,2.22,7,0,0,1,1
0,-6,75.1,72.1,8.4,-0.81,1.73,7,1,2,1,0
0,22,85.6,70.1,8.6,-0.43,1.31,6,0,2,1,0
0,46,86.5,77.9,7.3,-0.63,2.43,6,0,0,0,0
0,5,92.4,63,6.9,0,1.81,6,1,2,1,0
0,42,86.4,75.4,7.6,-0.01,2.13,6,2,1,0,0
0,-29,102.2,79.4,7.4,-0.08,1.45,6,2,2,0,0
0,1,110.3,78.6,7.1,-0.46,2.79,5,1,2,0,0
0,-63,72.7,72.3,7.4,0.97,2.59,5,0,1,0,0
1,35,102.7,68.5,6.4,0.38,3.19,5,0,0,1,0
0,8,77.2,62,7.4,1.07,2.39,5,2,1,0,0
0,28,107,77.2,8.1,-0.32,2.12,5,0,0,1,0
0,30,91.7,75.4,7.5,0.7,1.55,5,3,2,1,0
0,1,98.2,76.8,8.2,-0.24,2.69,5,1,1,1,0
0,26,92.8,64.7,5.8,-0.38,3.12,5,0,2,1,0
0,-7,106.2,73.1,6.8,-0.31,2,4,1,2,0,0
0,53,87.9,77.6,6.4,0.21,3.49,4,0,2,1,0
0,23,98.8,74.9,7.9,0.66,2.52,4,1,0,0,0
0,41,82.8,66.8,6.6,-0.17,1.51,4,1,1,1,0
0,37,95.3,67.8,6.6,-0.5,3.18,3,2,1,0,0
0,15,93.6,64.1,6.5,0.08,2.94,3,3,2,1,0
0,19,99.1,66.4,6.7,0.45,2.43,3,0,1,0,0
0,-23,100.1,68.9,6.7,-1.08,3.24,3,2,2,1,0
0,-57,15.6,38.6,5.5,-1.43,3.52,3,0,0,0,0
0,6,106.3,74.7,7.7,-0.45,2.29,3,1,2,1,0
0,-27,96.9,76,7.1,0.49,1.56,2,3,1,0,0
0,24,97.8,72.7,7.1,0.09,2.78,2,0,0,0,0
0,22,80.9,77.3,7.8,0.51,2.73,2,0,0,0,0
0,73,84.1,72.9,7,-0.63,3.79,1,2,2,1,0
0,-13,112,78,7.3,0.25,3.09,1,1,1,0,0
0,66,85,73.9,8.6,-0.19,1.44,1,1,2,0,0
0,17,95.7,63,6.1,-0.6,2.79,1,2,2,1,0
1,27,109.7,79.9,8.1,0.04,2.6,9,2,0,1,0
0,5,89.9,74.7,8.2,0.18,1.95,9,1,0,1,0
0,30,94.5,70.9,7.1,-0.14,2.59,9,1,1,0,0
0,16,108.4,74.2,7.1,0.13,2.12,9,0,0,0,0
0,14,85.2,70.8,6.2,-0.79,2.51,9,2,1,1,0
0,39,95.2,75.8,7.5,0.46,2.24,8,0,1,1,1
0,9,86.9,68.9,6.8,-0.47,2.21,8,0,0,1,0
0,-16,100.2,71.3,7.8,0.11,1.42,8,1,2,0,0
0,24,79.8,67,7.3,0.21,2.36,8,1,1,0,0
0,-11,88.3,68.8,6.9,-0.79,2.83,8,1,1,0,0
0,38,95.6,72.3,6.8,-0.14,2.05,7,1,0,0,0
0,-13,100.3,67.8,6.4,-0.3,2.85,7,1,2,1,0
1,33,103.8,74.5,8,0,2.71,7,2,1,1,0
0,12,104.5,75.9,7.3,-0.4,2,7,2,2,0,0
1,29,107.2,75.2,7.1,0.15,2.93,7,0,0,1,0
0,-1,90.8,68.4,6.3,0.71,2.45,7,0,2,0,1
1,20,106.5,73.4,7.2,0.6,2.44,7,0,0,0,1
0,2,112.5,78.2,7.9,-0.16,2.4,6,2,0,0,0
0,70,88.6,68.1,7.2,0.29,2.71,6,1,2,1,0
0,-81,61.4,59.1,6.4,-0.41,2.35,6,1,2,1,1
0,-1,99.9,73.2,7.1,-0.78,1.85,6,3,2,0,0
0,-67,37.5,64.9,5.6,-1.47,2.85,6,0,2,0,0
0,23,83.5,74.9,6.8,-0.15,1.61,6,2,1,1,0
0,-6,95.4,69.5,7.5,-0.44,2.21,5,2,2,1,0
0,18,93.3,63.4,7.2,0.51,2.26,5,1,0,0,0
0,-6,103.2,70.6,6.4,0.84,2.5,5,3,2,0,1
1,28,110.4,78.1,7.6,-0.51,2.11,5,3,2,0,1
0,-11,88.6,71.9,7.1,0.51,1.61,4,1,1,0,0
0,29,105.1,76.2,8.1,-0.42,2.56,4,0,1,1,0
0,51,90.3,73.2,7.3,-0.32,3.57,4,0,1,1,0
0,34,77,69,8.7,0.63,2.18,4,2,2,0,1
0,13,79.1,73,7.5,0.69,2.01,4,1,2,0,1
0,51,107.3,79.3,8.3,0.57,3.1,3,3,2,0,0
0,-44,30,65.6,8,0.01,1.39,3,0,2,1,1
0,29,93.4,73.8,7.4,0.48,2.03,3,0,1,0,1
0,19,103.2,73.7,7.6,0.49,2.02,2,1,0,0,0
0,-1,101.8,71.1,6.5,-0.55,3.23,2,3,1,0,1
0,27,71.9,75.2,8,0.77,1.74,2,1,1,0,1
0,8,94.3,65.2,7.4,-0.2,2.15,1,1,2,1,0
0,4,75.6,71.5,8,-0.11,1.47,1,0,2,1,0
0,-26,96.6,64.4,5.6,0.31,2.43,1,3,2,0,1
0,77,62.8,63.4,6.8,-0.03,2.09,1,1,1,0,1
0,-15,87.6,70.2,7.3,0.61,1.71,9,1,2,0,0
0,15,94.1,67.4,6.9,0.51,2.19,8,2,0,1,0
0,17,95.7,68.2,6.2,-0.43,2.54,8,1,1,0,0
0,6,99.9,78.4,8.2,0.08,1.78,8,1,0,0,0
0,-11,69.8,62.9,5.7,-0.77,2.62,7,1,2,0,1
0,32,78.4,58.7,7.2,0.54,1.4,7,1,2,0,0
0,39,82.5,68.5,8.1,0.48,2.38,7,2,2,1,0
0,1,92.4,79.2,8.2,0.93,1.88,6,1,0,0,0
0,22,78.1,71.8,6.1,-0.46,3.27,6,0,1,0,0
0,-28,89.7,68.3,7.4,0,1.5,6,1,1,1,0
0,31,82.3,68.6,5.8,-0.47,2.78,6,2,0,0,0
0,12,97.2,72.2,7.2,-0.81,3.06,6,1,0,0,0
0,21,98.4,78.6,7.1,0.46,2.34,6,1,0,1,0
0,33,97.1,78.6,8.2,0.17,2.15,5,3,2,0,0
0,26,105.7,73.4,6.2,0.17,2.71,5,2,1,1,0
0,68,87.9,74.9,7.3,-0.48,2.97,5,3,2,0,1
0,-5,98.9,73.1,6.8,0.26,2.34,5,2,2,1,1
0,-10,94.9,67.8,7.2,0.42,2.63,4,1,0,0,0
0,16,114.3,83.1,7,0.09,3.69,4,1,2,1,0
0,13,105.1,75,7.9,0.52,1.76,4,1,0,0,0
0,15,98.2,67.5,6.5,-0.25,3.18,4,2,2,1,0
0,13,79.9,73.7,6.6,0.01,2.71,4,0,2,0,1
0,22,86,63.9,6.4,0.38,2.62,3,0,2,1,0
0,44,88.1,71.5,7.3,-0.69,2.29,3,2,1,1,0
0,21,98.1,68.9,7.5,0.41,1.78,3,1,2,0,1
0,6,97.1,72.7,6.8,-0.38,2.63,3,2,2,0,1
0,14,74.8,71.9,8,0.56,1.59,3,1,1,0,1
0,64,81,66.5,6,0.14,3.39,3,1,2,1,1
0,52,77.5,72.8,7.7,-0.7,2.72,3,1,2,0,1
0,15,97,75.2,6.1,-0.2,2.4,2,3,1,0,0
0,-5,92,68.4,7.4,-0.52,1.29,2,1,2,1,0
0,51,80.8,68.5,6.1,-0.66,2.54,2,2,2,0,1
0,-14,95.2,65.8,6.2,0.8,2.82,2,0,2,0,1
0,12,105,68.2,7.1,0.07,2.58,2,3,2,0,1
0,-19,67.3,80.3,7.5,-0.21,2.13,2,0,1,0,1
0,28,77.2,76.8,7.6,-0.3,2.71,1,2,1,0,0
0,25,98.9,72.6,6.4,-0.2,2.52,1,2,0,1,0
0,12,95.9,62,5.3,0.09,3.2,1,1,0,0,0
0,20,87.3,78.4,6.6,0.3,3.43,1,0,1,1,0
0,-2,71.9,65.8,6.6,-0.91,2.12,1,1,2,0,1
0,19,99.4,67.8,5.8,-0.05,3.09,1,3,2,1,1
0,25,98.2,70,6.7,-0.27,2.85,9,1,1,1,0
0,34,95.7,66.1,6.2,-0.33,3.7,9,1,1,1,0
0,27,94.4,70.1,7.2,0.12,3.12,9,3,2,0,0
0,8,108.1,75.5,7.6,-0.19,1.93,9,2,0,0,0
0,2,73.6,67.8,6.5,-0.93,2.65,9,2,1,0,0
0,-39,87,66.9,6.1,-0.74,2.09,9,0,2,0,0
0,29,103.3,73.5,7.4,-0.29,2.02,9,0,1,1,0
0,18,95.9,68.5,6.7,0.53,2.2,8,1,2,0,0
0,-9,106,76.5,6.9,-0.25,1.72,8,2,1,1,0
0,9,61.8,71.2,6,-1.04,2.8,8,1,1,0,0
0,11,82.7,60,6.7,-0.67,1.82,8,1,2,1,0
0,55,88.6,72.2,7.1,-0.59,2.07,8,2,2,1,0
0,-16,80.3,76.2,7.2,-0.39,3.27,7,3,2,0,0
0,4,92,67.8,6.2,-0.9,3.02,7,1,2,1,1
0,2,99.2,65.7,6.4,0.01,3.25,6,2,2,1,1
0,-10,99.7,77.2,7.6,0.13,2.41,6,1,0,0,1
0,-31,73.5,74.5,7.5,-0.49,1.69,6,0,1,1,0
0,6,93.5,73,7.6,-0.56,2.29,6,0,0,1,0
0,-54,62,73.7,6.5,0.06,2.26,6,2,2,0,0
0,30,88.4,64.9,7.1,0.51,1.16,5,1,2,0,0
0,2,110.6,77.8,7.5,-0.49,1.67,5,2,2,0,0
0,17,95.7,66,6.6,-0.78,3.24,5,2,2,1,0
0,-4,75.3,70.1,6.6,0.01,2.34,5,3,2,1,0
0,22,97.8,72.9,6.9,0.38,2.26,5,2,1,0,0
0,-15,100.1,75.3,7.8,-0.06,1.45,5,1,1,0,0
0,-37,82.6,71.6,7.7,0.39,2.57,4,0,0,0,0
0,24,88.9,67.7,6.4,0.48,2.64,4,1,2,0,0
0,-47,78.8,73.3,7.2,0.13,2.41,4,2,2,0,0
0,42,94,68.7,6.6,-0.5,2.75,4,3,2,1,0
0,-9,96.6,68.6,5.9,0.58,1.84,4,0,0,1,0
0,35,77.2,72.8,9.2,-0.24,1.95,3,0,0,1,0
0,38,91.8,72.8,6.9,0.1,1.79,3,1,2,0,0
0,3,95.7,83.4,6.5,0.23,2.69,3,3,2,1,0
0,40,95.1,76.9,7.8,-0.3,1.95,3,0,1,0,0
0,44,88.8,67.8,6.9,0.67,2.53,3,1,1,0,0
0,14,107.2,79.2,7.5,0.02,1.8,3,0,0,1,0
0,-15,64.4,66.2,8.2,0.06,2.15,3,3,1,1,0
0,20,81.8,65.3,6,0.07,3.19,3,1,2,0,0
0,51,87.5,73.3,8.1,0.28,1.48,2,0,0,0,0
0,-35,68.5,61.8,5.4,0.39,2.94,2,2,2,1,0
0,-7,97.6,72.2,6.4,-0.53,2.42,2,2,2,0,0
0,27,101.5,73.3,6.9,-0.46,2.53,2,0,0,1,0
0,42,83.3,71.7,6.9,0.23,2.04,2,2,1,0,0
0,9,80.1,72.6,8.4,-1.18,2.81,1,0,2,1,0
0,7,90.8,68.9,7.5,0.59,2.15,1,0,0,0,0
0,-44,58.1,77.9,7,-0.72,1.91,1,1,2,1,0
0,11,108.8,75,6.7,-0.25,2.27,1,2,0,0,0
0,-17,106.1,71.6,7.5,-0.02,1.95,1,2,1,0,0
0,-1,94.8,74.8,6.3,0.04,2.37,1,1,1,1,0
0,39,89.4,74.2,7.5,-0.03,1.67,1,1,0,1,0
1,30,102.4,75.8,8.2,0.07,1.98,1,2,2,1,0
0,-27,88.3,64.6,6,-0.37,3.41,9,0,0,1,0
0,11,102.2,76.8,7.2,0.05,3.19,9,3,2,0,0
0,43,76.9,67.4,7.2,-1.2,2.63,8,3,2,1,1
1,24,108.3,76.7,7.7,0.12,2.73,8,0,0,0,0
0,2,103.4,69.6,6.3,0.62,3.29,8,1,1,1,0
0,41,91.8,68.9,8.1,0.66,2.23,8,1,1,0,0
1,30,101.3,75.6,8,-0.04,2.34,8,0,1,0,0
1,34,97.3,69.2,8,-0.05,2.38,8,0,0,0,0
0,24,90.6,68.1,6.6,0.44,2.9,7,2,2,0,1
0,-8,69.2,60,8.1,-1.04,1.19,7,0,2,1,1
0,8,58.7,57.6,6.9,-0.8,2.64,7,0,0,1,1
0,41,93.3,75,7.5,0.28,2.34,7,1,0,0,1
0,-4,92.4,70.5,6.7,-0.03,2.66,7,1,2,0,1
0,16,107,77.8,8,0.49,2.66,6,0,1,0,1
0,6,109.6,79.8,7.1,-0.05,2.47,6,2,0,0,1
0,29,75.6,80.4,7.5,-0.34,2.34,6,1,1,0,0
0,-5,99.4,77.6,7.9,0.47,2.52,6,1,1,0,0
0,-4,76.4,72,8,0.34,2.94,6,0,0,0,0
0,-5,72.3,65.6,5.5,0.81,2.57,5,2,1,1,0
0,-58,65.1,67.1,6.4,-0.31,1.62,5,2,2,0,0
0,48,91.2,66.4,8.3,0.27,2.15,5,1,0,1,0
1,36,105.2,78.7,7.9,-0.09,2.71,5,0,0,1,0
0,-12,85.8,72.2,7.5,-0.63,2.28,5,0,0,0,0
0,20,32.8,65.8,6.5,-1.63,3.01,4,1,2,0,0
0,8,69.7,66.1,6.8,-0.94,1.9,4,3,1,1,0
1,28,104.3,79.5,7.9,-0.03,1.89,4,0,0,0,0
0,7,83.7,71.8,8.1,-0.4,1.72,4,1,2,1,0
0,9,88.6,67.2,5.6,-0.17,3.31,4,0,1,0,0
0,-49,75.9,80.6,7.4,0.22,2.04,4,1,1,0,0
0,19,108.1,75.7,8.2,-0.3,2.09,3,1,0,1,0
0,53,70.1,55.3,7.7,0.37,1.14,3,1,2,1,0
0,31,92,65.8,6.7,0.46,3.04,3,0,2,0,0
0,29,88,71.2,8,0.32,2.1,3,2,0,0,0
0,25,89.3,72.5,7.4,0.62,1.64,3,1,1,0,0
0,1,98.9,68,7.2,0.22,3.11,3,1,0,0,0
0,-70,63.6,66.3,6.7,-0.93,3.12,2,1,0,0,0
0,43,85.2,67.4,6.6,-0.77,2.82,2,1,2,1,0
0,31,96.8,73.5,7.3,-0.08,2.42,2,2,1,0,0
0,38,90.1,74.1,6.7,-0.16,3.47,1,1,1,0,0
0,21,74.5,64,5.4,0.41,3.19,1,0,0,1,0
0,1,86.2,64.1,6,0.38,2.44,1,1,2,1,0
0,36,97.1,76.5,7,-0.04,2.4,1,3,1,1,0
0,20,88.8,69.8,7,-0.49,3.36,1,0,0,0,0
0,7,100.4,69.9,6.7,0.25,3.09,1,1,1,0,0
1,36,100.7,66.9,8.1,0.53,3.09,1,2,0,0,0
0,-29,94.1,70.7,6.7,-0.19,2.18,9,0,0,0,0
0,37,92.7,71.1,7.6,0.58,1.76,9,2,2,0,0
0,-8,86.6,72.3,6.8,-0.34,1.65,9,2,2,0,1
0,23,88.9,71.9,7.1,0.88,2.15,9,0,0,1,1
1,36,102.7,75.4,8.4,-0.03,2.16,9,0,2,0,1
0,-6,102,80.8,7.8,0.34,1.84,9,0,0,1,1
0,49,94.9,74.6,6.5,-0.1,2.82,8,0,0,1,0
0,9,110.4,72.9,7.4,-0.11,2.74,8,0,0,1,0
0,-7,107.9,76,7.3,-0.13,2.58,8,3,2,1,0
0,24,98.2,69,7,0.73,2.85,8,0,2,0,1
0,38,95.4,72,8,0.3,2.34,8,0,0,0,1
0,-15,97.3,70.3,7.1,1.19,2.11,7,1,2,0,1
0,30,104.7,74.6,7.1,0.4,1.81,7,1,1,1,1
0,-18,84.2,65.5,7.6,0.43,2.67,7,0,0,0,1
0,20,98.1,70.3,6.7,-0.59,2.79,7,2,2,1,1
0,-25,88.7,65.1,7.2,0.16,1.98,7,0,2,0,0
0,10,100.3,70.4,7.2,0.65,2.2,7,3,2,0,0
0,13,107,74.9,7.1,0,2.55,7,3,2,0,0
0,0,99.6,69.7,7.1,0.02,1.64,6,1,1,1,0
0,-13,104.3,77.9,6.5,0.06,2.5,6,0,1,0,0
0,59,75.9,76.6,7.6,-0.2,2.66,6,0,0,1,0
0,1,100,68.3,8,0.71,1.83,5,0,2,0,0
0,-74,50.5,37.9,6.4,-0.67,1.16,5,1,1,1,0
0,32,96.3,72.2,7.2,-0.26,1.98,5,1,2,0,1
0,16,102.9,73.6,7.2,-0.75,2.12,5,3,2,0,1
0,1,93.3,72.3,8.1,-0.44,2.02,5,0,2,1,1
0,-53,69.7,65.6,6.8,-0.46,1.58,5,1,2,0,1
0,53,81.5,73.2,7.3,-0.32,2.8,4,0,1,0,1
0,-77,44.5,59.6,7.4,1.13,3.7,4,0,2,0,1
0,9,112.5,74.9,7.1,0.22,2.86,4,2,0,0,1
0,19,88.5,70.3,8.1,0.05,0.65,3,3,2,1,0
0,1,105.7,75.9,6.9,-0.14,1.43,3,1,1,1,0
0,7,83.6,68.7,6.3,-0.43,2.55,3,1,2,0,1
0,-2,75.4,68.4,8.5,-0.66,2.37,3,1,2,0,1
0,-9,93.3,71.6,7.5,0.03,2.1,2,2,1,0,0
0,24,107.7,71.5,7,0.22,2.24,2,3,2,1,0
0,14,92.4,79.6,7.3,0.41,3.05,2,0,1,1,1
0,-45,80.9,67.7,6.5,-0.87,2.3,2,0,0,0,1
0,49,64.1,69.2,6.8,-0.52,3.39,2,0,0,0,1
0,28,105.2,74,7.5,-0.66,2.17,2,2,1,0,1
0,33,99.1,75.4,7.9,0.19,1.7,1,0,0,1,0
0,53,77.1,64.5,8.1,-0.13,1.86,1,3,2,0,1
0,22,100.1,69.6,8.1,-0.38,2.27,1,0,1,0,1
0,-1,96,67.9,6.5,-0.58,1.98,9,3,1,0,0
0,64,70.1,63,6.4,0.32,2.71,9,2,2,1,0
0,49,99.4,75,7.9,0.3,3.01,9,1,0,0,0
0,16,74.1,68.1,8,-0.06,1.9,9,1,2,0,0
0,68,89.2,68.3,7.2,-0.13,2.81,9,1,1,1,0
0,-18,105.5,74.5,7.7,0.4,1.33,9,2,2,0,0
0,0,101.2,77.2,7.8,0.36,2.18,9,0,1,0,0
0,29,89.8,75.7,7.9,0.09,1.79,8,1,0,0,0
0,5,80.2,78.1,8.2,0.07,2.58,8,0,1,0,0
0,-50,71.6,60.6,6.7,-1.19,2.21,8,0,2,1,0
0,-36,64.4,72.4,7.5,-0.52,1.79,8,1,1,1,0
0,5,102.3,67.2,6.2,-0.11,2.82,8,2,1,1,0
0,12,70.3,73.1,7.5,0.31,3.26,8,1,2,0,0
1,26,103.3,76.4,7.6,-0.28,2.71,8,0,0,1,0
0,9,105.8,76.9,7.3,-0.34,2.1,8,1,1,1,0
0,-2,77.4,54,4.7,-0.78,3.08,7,0,2,0,0
0,-8,95.4,70.4,7.4,0.75,3.19,7,1,2,0,0
0,53,89,60.1,6.6,-0.62,4.26,7,1,2,0,0
0,-16,93.3,67.9,6.9,0.47,1.86,7,1,2,0,0
0,-32,73.7,76.9,7.9,0.92,2.75,7,0,1,0,0
0,-15,90.9,62.8,6,-0.72,2.3,7,2,0,1,0
0,-12,91.8,68.5,7.6,0.08,2.04,6,0,1,1,0
0,21,86.3,73.6,8,0.45,1.7,6,0,0,0,0
0,46,66.4,71.9,6.8,-0.81,2.6,6,1,1,0,0
1,25,100.3,70.8,8.9,0.94,2.07,6,3,2,0,1
0,-3,87.8,68.6,6.3,0.07,1.9,5,1,2,1,0
0,16,96.5,65.2,7.1,0.63,2.71,5,2,1,0,0
0,24,85.8,67.3,6.3,-0.79,3.1,5,0,0,0,0
0,4,107.8,71.8,7.2,-0.09,2.34,5,1,0,1,0
0,-15,87.3,70.8,7.1,0.24,2.23,5,2,1,1,0
0,-19,90.3,65.4,7.9,-0.37,1.97,4,1,0,1,0
0,17,73.8,66.3,8,0.88,1.37,4,0,2,0,0
1,31,102,77.2,7.3,0.72,2.74,4,0,1,1,0
1,43,101.8,76.5,7.1,-1.1,3.03,4,0,1,0,0
0,20,81.7,72.9,7.1,0.48,2.08,4,3,2,1,0
0,18,97.1,69.1,6.4,0.05,2.79,4,0,2,0,0
0,18,102.5,76.4,8.1,-0.66,2.23,4,0,0,1,0
0,-48,86.8,74.6,7.2,0.01,1.91,3,0,1,0,0
0,-31,90,73.3,7.5,-0.43,2.66,3,3,1,1,0
1,27,110.6,76.6,8.4,0.07,2.45,3,1,2,0,0
0,-5,102.6,73.1,7.9,-0.82,2.68,3,1,0,1,0
0,19,104.3,75.6,8.3,-0.09,1.97,3,2,1,1,0
0,0,110,74.5,7.6,-0.4,1.75,2,3,1,0,0
0,28,82.8,72.2,7.7,0.28,1.92,2,1,1,0,0
0,24,97.6,70.2,6.4,0.18,2.81,2,3,1,1,0
0,-9,102,73.1,7.4,0.45,2.49,2,1,2,0,0
0,19,93.9,68.2,6.6,-0.9,3.46,2,0,2,1,0
0,21,95.6,72.5,6.8,-0.61,2.75,1,1,1,0,0
0,15,95.8,73.1,7.2,-0.25,1.82,1,0,1,0,0
0,-10,92,74.7,7.4,0.42,2.23,1,3,1,0,0
0,38,84.6,80.2,7.3,0.23,2.17,9,2,1,0,0
0,19,102.2,68.2,7,-0.58,2.68,9,1,1,0,0
0,-6,99.2,66.2,6.4,-0.46,2.24,9,2,2,1,0
0,63,87.3,75.4,8,-0.03,2.72,9,1,0,0,0
0,3,84.6,71.9,7.1,0.91,2.6,9,1,0,1,1
0,10,96.8,71.2,6.7,-0.49,2.8,9,0,1,0,1
0,48,85.5,72.5,6.8,-0.1,2.41,9,0,0,0,1
0,15,99.6,66.1,6.5,0.8,2.5,9,2,0,1,1
0,52,88.4,74,7.1,-0.35,2.92,9,0,1,0,1
0,9,78,80.5,6.9,-0.9,2.05,9,0,0,0,1
0,44,101,75.5,6.9,0.4,2.67,8,1,1,1,0
0,22,91.2,66.8,6.5,-0.16,2.03,8,0,2,0,0
0,6,95.9,67.9,7,0.54,1.59,8,1,1,1,0
1,23,108.6,79.1,7.5,-0.18,3.26,8,2,2,1,0
0,72,98,71.2,7.3,0.56,2.7,8,1,2,1,0
0,45,80.3,65.1,7.5,0.37,2.99,7,2,2,0,1
0,-29,70.1,74.4,7.6,0.41,1.37,7,1,2,0,1
0,7,76.1,74.6,8.5,0.94,2.33,6,0,0,0,0
0,-33,77.8,76.3,6.9,-0.31,3.03,6,1,0,1,0
0,-18,95.1,70.7,7.6,0.28,2.44,6,1,0,0,0
0,48,95.3,75.4,6.8,0.09,2.67,6,2,0,1,0
0,56,80.2,61.2,6.9,0.67,2.93,6,0,0,1,0
0,14,105.5,73,6.6,-0.46,2.5,5,3,2,0,0
0,-18,80.2,68.9,6.5,0.59,2.46,5,1,0,0,0
0,21,97.4,69,6.9,0.34,2.95,5,0,1,1,0
0,33,87.7,64,6.4,0.9,2.45,5,3,2,1,0
0,-8,99.1,64.2,6.9,-0.67,1.36,5,1,2,1,0
0,-7,94.8,73.5,7.3,0.49,2.19,4,0,1,0,0
0,61,93.4,72.4,7.3,0.24,2.67,4,3,1,0,0
0,29,104.7,79.5,7.6,-0.49,2.49,4,0,0,0,0
0,0,100,71.7,7,0.11,1.93,4,1,1,1,0
0,-9,106.5,71.3,7.9,-0.74,2.08,4,0,0,1,0
0,-8,79.5,66.6,6.7,0.56,3.2,4,2,1,1,0
0,6,100.6,73.1,7.5,-0.2,1.06,4,0,1,1,0
0,20,93.4,72.1,8.5,0.73,2.08,3,0,2,0,0
0,7,104.1,74.1,6.4,-0.2,3.33,3,2,2,0,0
0,-38,65,68,6.9,1.1,2.41,3,3,2,0,0
0,31,90.3,71.5,6.6,0.28,2.89,3,1,1,1,0
0,-1,93.5,69.5,7.7,-0.86,1.58,3,0,2,1,0
0,7,98.7,67.9,6.9,-0.35,1.67,3,1,1,1,0
0,65,91.7,76.6,7.8,0.76,2.45,3,0,0,0,0
0,37,98.7,70.9,6.3,0.21,3.21,3,0,2,1,0
0,15,102.3,74.9,7.5,0.31,1.87,2,1,2,0,0
0,-9,77.8,65.4,7,-1.38,2.19,2,1,2,1,0
0,46,93.7,73.5,8.2,-0.66,1.66,2,2,1,1,0
0,76,88.3,75.7,8.1,-0.31,2.68,1,1,1,0,0
0,0,77.9,71.4,7.7,-0.29,2.41,1,1,0,1,0
0,22,105.4,75.3,7.4,-0.02,2.31,1,1,1,0,0
0,58,87.1,70.1,7.6,-0.3,1.96,1,0,0,1,0
0,-46,63.5,69.8,6.7,-0.51,3.28,1,2,2,1,0
0,7,74.7,62.1,6.9,0.5,2.19,9,3,2,0,0
0,24,99.3,70.8,6.3,-0.36,2.92,9,1,0,1,0
0,3,102,78.5,7.7,0.43,2.18,9,1,1,0,0
0,20,104.2,77.1,7.9,0.27,1.98,9,2,2,0,1
0,14,103.7,69.6,6.5,0.06,3.23,9,2,2,0,1
0,-22,90,66,6.1,0.48,2.85,9,2,2,0,1
0,-46,71,78.1,6.8,0.67,2.48,8,3,2,1,0
0,1,100.3,69.5,7.2,0.2,2.47,8,0,2,0,0
0,32,82.4,68.4,7.4,0.71,2.16,8,0,0,0,0
0,-3,93.4,71.7,7.4,0.23,3.06,8,0,1,0,1
0,-16,97.7,77.3,7.8,0.02,2.62,8,0,1,0,0
0,26,103.6,70.3,6.8,0.4,3.18,8,1,2,0,0
0,-19,95.2,73.4,7.3,-0.51,1.69,7,2,1,0,0
0,50,85.1,76.3,8.3,0.04,2.14,7,0,1,1,0
0,13,29.1,20.7,1.5,-1.34,2.26,7,0,1,0,0
0,-72,79.7,64.2,6.8,0.66,2.24,7,2,2,0,0
1,31,105.2,78.1,7.2,0.04,3.44,7,1,2,1,0
0,7,79.4,62.2,6.3,0.35,2.84,7,2,0,1,0
0,-12,97.1,71.8,6.5,0.33,2.96,7,2,0,0,0
0,-27,94.3,64.5,8,0.69,2.2,6,0,1,0,0
0,65,79.9,77.4,7.2,-0.18,2.61,6,1,0,0,0
0,-31,89,68.3,6.6,0.4,2.66,6,1,1,0,0
0,-12,53.2,73.3,7.6,0.13,1.04,6,1,2,0,0
0,-1,67.3,80.4,8.3,-0.42,2.52,6,0,0,0,0
0,46,79.4,66.5,6.3,0.53,3.88,5,2,2,0,0
0,-5,71.5,70.7,6.2,1.19,3.32,5,2,2,1,1
0,-49,63,76.8,6.8,0.41,2.53,5,3,2,0,1
1,24,107,75.6,7.8,0.2,2.21,5,0,0,1,0
0,62,100.6,75.5,7.9,-0.11,2.95,5,2,0,0,1
0,12,101.5,68.6,6.6,0.67,2.84,5,3,2,0,1
0,-2,98.7,69.6,7,0.53,3.61,5,1,2,0,1
0,41,87.3,72.7,6.7,0.75,2.62,4,2,2,0,0
0,9,88.3,71.6,7.6,-0.79,1.9,4,0,0,1,0
0,42,86.7,68.3,7,0.32,1.6,4,2,1,0,0
0,64,96.3,73.5,7.2,0.53,3.13,4,1,1,0,1
0,38,70.5,68.6,6.5,-0.69,2.78,4,0,1,0,1
0,-7,92.9,67.5,6.1,0.76,2.75,4,0,2,0,1
0,-3,96.1,65.9,7.7,0.91,2.43,4,1,1,0,1
1,31,103.6,80.1,8.1,0.3,2.28,4,1,1,0,1
1,32,107.2,77,8.2,0.05,2.24,4,1,2,0,1
0,16,80.5,67.5,7.1,0.59,2.17,3,1,0,0,0
0,-11,97.1,74.9,7.5,0.62,2.96,3,2,2,0,1
0,-56,51.8,63.5,8.6,-0.6,1.78,3,2,1,0,1
0,17,103.7,69.4,6.7,0.4,2.82,3,1,1,0,1
1,36,103.7,73.3,6.9,-0.78,2.55,3,3,2,0,1
0,20,102.6,72.9,7.4,0.27,1.94,3,1,2,0,1
0,23,90.8,74.1,8.1,-0.27,1.24,2,0,0,0,0
0,5,69.9,64.7,6.4,-0.78,2.28,2,1,2,0,0
1,35,103,75.4,7.3,0.27,2.46,2,1,2,1,0
0,12,85,56.7,5.6,-0.91,2.78,2,3,1,0,0
0,9,111.9,76.8,6.8,-0.2,2.74,2,1,2,1,0
0,-23,99.1,63.4,6.6,0.39,2.2,2,0,1,0,0
0,44,86.8,68.7,6.1,0.36,2.72,2,0,1,0,1
1,34,108.1,76.3,7.9,-0.46,1.93,2,0,0,0,1
0,8,108.1,74.4,6.6,0.4,2.85,2,2,1,0,1
0,34,91.6,78.3,7.3,-0.11,1.65,1,0,0,0,0
0,-43,79.4,71.4,6.1,0.24,2.58,1,0,0,1,0
0,17,101.1,71.9,7.4,-0.15,2.98,1,0,1,0,1
0,35,87.5,70.9,6.6,0.16,2.62,1,2,2,0,1
0,76,85.4,71.1,8.7,0.87,2.68,9,2,1,0,0
0,52,88.6,78.5,8,-0.51,2.57,9,1,2,0,0
0,-4,105,68.8,7.1,0.27,1.62,9,1,2,0,1
0,51,78.6,70.7,7.1,0.72,3.05,9,0,1,1,1
0,13,73,68.8,7.5,-0.34,1.08,8,2,1,1,0
0,-5,99.8,68.9,7.6,0.45,3.05,8,1,1,0,0
0,-30,68.4,39.9,6.2,1.06,2.94,8,3,2,0,1
0,16,104.3,70.9,8,-0.04,2.47,8,0,0,0,1
0,34,89.9,71.6,7.7,-0.49,2.51,8,0,0,1,1
0,-4,106.1,72.9,8.3,0.15,1.36,8,0,1,0,0
0,5,90,70.7,7.6,-0.01,1.87,8,2,1,1,0
0,41,89.9,73.8,8.2,-0.63,1.55,7,1,0,0,1
0,6,72.2,71.7,7.7,-0.79,3.16,7,1,2,1,1
0,35,76.9,64.8,6.9,0.48,3.29,7,1,2,1,0
0,4,71.5,77.9,7.7,-0.63,1.97,6,1,2,0,0
0,-8,110.4,73.1,8.2,0.38,1.64,6,0,1,0,0
0,27,97,68.3,6.9,0.5,2.13,6,1,0,1,1
0,0,99.5,74.6,7.8,-0.15,2.46,6,0,0,0,0
0,24,98.2,69.4,6.7,-0.31,2.05,6,0,0,1,0
0,3,97,66.3,7,-0.13,2.48,6,3,2,1,0
0,-16,91.9,70.6,6.2,0.55,2.83,5,0,2,1,0
0,76,86.2,72.2,8.1,-0.46,2.82,5,1,0,0,0
0,30,81.6,67.5,7.1,0.37,2.4,5,2,2,0,0
0,-7,66.7,67,7,0.89,2.12,5,0,0,1,0
0,42,95.9,77.9,8.7,-1.12,1.6,5,0,0,0,0
0,16,92.9,71.5,7.4,0.06,1.9,5,0,0,0,0
0,17,104.3,73.8,6.3,0.12,2.67,4,1,2,1,0
0,30,99,71.5,7.2,0.03,2.93,4,2,1,0,0
0,-20,78.5,67,6.4,0.78,2.51,4,1,1,1,0
0,-6,91.2,66.4,7.7,0.71,2.17,4,2,2,0,0
0,23,84.5,68.3,8,0.93,1.51,3,0,1,0,1
0,1,83.4,67.9,6.1,0.32,2.84,3,0,1,1,1
0,12,81.8,71.8,6.9,0.64,2.3,3,0,1,1,0
0,20,94.2,71.4,7,0.54,3.3,3,0,0,1,0
0,1,105.5,78.9,8.7,0.37,2.51,2,2,1,0,1
0,24,89.7,70.8,7.4,-0.2,2.12,2,0,2,1,1
0,57,81,75,9,0.84,2.21,2,0,0,0,1
0,28,95,67.3,7.6,0.47,1.65,2,1,2,0,0
0,33,93.8,70.3,6.3,0.13,2.54,2,1,0,1,0
0,-15,96.8,71.5,7.1,0.11,2.68,2,2,1,0,0
0,10,69.7,66.7,5.3,0.33,3.09,2,1,2,1,0
0,26,93.8,84.2,8.4,0.42,2.04,1,3,1,0,1
0,30,93.9,67.2,6.5,-0.09,2.26,1,2,2,1,1
0,-19,75.1,53.6,5,0.34,3.22,1,1,2,1,0
0,-5,86.6,71.9,7,0.18,2.61,11,3,2,1,0
0,49,79.6,73.8,8,-0.72,3.02,11,1,0,0,0
0,-19,55.4,64,5.8,0.87,2.84,11,0,0,1,1
0,19,96.7,75.9,7.4,0.2,3.1,11,2,2,0,1
0,46,53.6,77,6.7,1.66,2.96,11,1,1,1,1
0,11,92.2,67.9,6.8,0.1,1.83,11,0,1,1,1
0,-68,58,61.7,8,1.03,1.58,11,1,2,0,1
0,11,97.3,71.9,7.5,-0.26,2.93,10,2,1,0,0
0,18,100.2,65.3,6.2,-0.18,3.75,10,2,2,1,0
0,36,90.2,68.3,7.4,0.53,2.16,10,0,0,1,0
0,-8,65.8,65.7,6.8,0.67,2.12,10,0,0,0,0
0,13,106.5,72.7,7.8,0.05,2.37,10,0,0,1,0
0,19,72.2,67.8,6.1,0.49,2.74,10,0,0,1,0
0,3,79.8,65.1,6.2,1.03,3.82,10,2,2,0,0
0,-6,70.7,65.1,7.5,-0.22,1.93,9,0,2,1,0
0,19,81.1,63.7,5.8,0.29,3.3,9,2,2,0,0
0,52,105.3,74.6,7.4,-0.57,2.77,9,1,0,0,0
0,-3,96.4,67.6,7.4,-0.01,1.32,9,2,2,1,0
0,31,87.6,70.1,6.4,0.07,2.49,9,2,2,1,0
0,-22,108.2,71.5,7.3,0.03,1.71,8,1,0,1,1
0,34,94.7,79.2,7.6,0.76,2.45,8,0,1,0,1
0,13,98.6,67.7,6.4,-0.18,2.27,8,1,2,1,0
0,19,93.7,66.9,7.4,-0.48,1.84,8,1,2,1,0
0,10,99.4,68.5,6.3,-0.68,2.95,8,0,1,1,0
0,20,101.3,72.8,6.8,0.61,3.62,8,0,0,0,0
0,0,105.4,76,7.2,-0.17,2.98,8,3,2,1,0
0,20,86.3,78.7,7.4,-0.13,2.35,7,1,0,0,0
0,-12,98.5,77,7.8,-0.06,1.83,7,0,1,1,0
0,64,94.4,68.2,6.4,-0.36,3.65,7,0,1,1,0
0,53,97.9,73.5,7,0.04,3.26,7,0,0,1,0
0,-9,71,66,7.4,0.63,2.18,6,0,0,0,0
1,30,103.3,71.9,8.4,0.14,2.73,6,0,0,0,0
0,-7,86,67.4,7.6,-0.56,1.28,6,1,2,1,0
0,-14,90.9,65,6.6,0.25,1.96,6,0,1,1,0
0,-47,75.9,70.6,7.2,0.12,1.76,6,1,0,0,0
0,22,82.7,67.3,7.7,-1.1,2.75,6,2,2,1,1
0,8,81.7,70.5,7.9,-0.9,1.8,6,0,2,1,1
0,4,91.1,71.1,7.5,0.11,2.01,6,1,2,0,1
0,27,83,67.5,7.7,0.81,2.16,5,0,2,0,0
0,-54,74.5,72.7,7,-0.24,2,5,1,1,1,0
0,21,99.9,69.7,6.7,-0.36,2.27,5,0,1,0,0
0,26,88.8,69.6,7.2,-0.25,1.43,5,1,2,1,0
0,-22,76.1,69.7,7.3,0.08,1.57,5,0,1,1,0
0,53,100.2,78.2,8.2,0.03,1.97,4,2,2,1,0
0,46,90.2,76.1,7.2,0.02,1.58,4,1,2,0,0
0,-6,83.9,71.2,7.6,0.18,2.13,4,0,0,1,0
0,17,84.5,65.1,8,0.95,1.93,4,3,2,0,0
0,27,86.8,68.7,6.8,0.67,3.15,4,0,0,1,0
0,25,79.2,70.2,6.3,0.47,2.99,4,3,2,1,0
0,16,81.7,74,6.7,-0.6,2.68,4,0,2,0,0
0,24,79.6,78.9,7.5,0.54,2.23,4,1,1,1,0
0,-41,72,72.6,8,-1.12,2.09,3,2,2,1,0
0,-10,99.5,69.1,6.6,-0.8,2.22,3,0,0,0,0
0,24,100.3,72.3,6.6,0.02,3,3,3,2,1,0
0,-21,87.8,76,6.9,-0.43,2.64,3,1,0,0,0
0,22,107.6,73.9,7.1,0.12,3.24,3,2,1,1,0
0,71,72.8,60.9,7.2,1.04,2.25,2,1,2,0,0
0,26,77,75.7,8.3,-0.61,1.4,2,0,2,1,0
0,40,86.2,68.3,6.9,0.42,2.37,2,2,2,1,0
0,73,95.2,73.1,7.9,0.36,2.68,2,2,2,1,0
0,-18,79.1,72.4,6.9,0.7,2.46,1,3,1,1,0
0,22,85.7,70.4,8,0.71,2.52,1,0,2,0,0
0,8,93.8,74.9,7.6,0.07,2.27,1,0,0,1,0
0,-3,75,69.2,6.6,-0.33,1.88,1,1,2,1,0
0,-39,67.4,69,6.9,-0.02,1.42,1,0,0,1,0
0,20,101.2,75,7,-0.37,2.89,9,0,1,0,1
0,39,92.6,79.8,6.9,0.79,2.71,8,3,0,1,1
0,22,80.9,68.1,6.6,-0.45,2.57,8,2,0,0,1
0,-5,76.5,74.1,6.7,-0.8,2.94,8,0,0,0,1
0,24,95.3,73.9,7.9,0.52,1.86,8,3,2,0,0
0,2,82.8,76.2,7,-0.15,2.45,8,2,1,0,0
0,-25,85.9,76.2,6.7,-0.04,2.62,7,1,2,1,0
0,12,82.6,79.2,7.6,-0.22,2.75,7,2,1,1,1
0,82,85.7,79.1,7.2,-0.38,2.52,7,1,1,0,1
0,66,74.1,70.9,6.9,-0.69,3.34,7,0,0,0,1
0,12,102.3,75.5,7.1,0.14,1.66,7,3,2,0,1
0,38,94.3,78.4,8.2,-0.69,2.31,6,1,1,0,0
1,34,108.2,80.4,8.3,0.37,2.14,6,1,2,0,0
0,-10,94,64.5,6.8,0.25,2.69,6,0,0,0,0
0,40,100.3,80.7,8.2,0.66,2.67,6,0,0,1,0
0,-11,82.7,58.5,5.6,-0.57,2.79,6,2,2,0,0
0,66,88.4,75.8,7.9,0.25,2.29,6,2,0,0,0
0,6,99.1,72.8,7.1,-0.91,1.75,6,1,1,0,0
0,26,94.4,69.2,8,0.66,2.64,5,0,1,0,0
0,8,82.7,70.9,6.2,-1.07,1.93,5,1,0,0,0
0,8,90.8,71.3,6.7,0.4,1.97,4,2,1,1,0
0,33,89.3,69.3,7.8,1.19,1.97,4,1,2,0,0
0,3,109,73.6,8.1,0.05,2.06,4,2,2,1,0
0,55,71.1,69.5,6.7,0,3.47,4,0,2,1,0
0,14,96,74.5,7.5,-0.28,1.99,4,0,0,0,0
0,57,92.1,71,6.6,0.04,3.3,4,0,2,0,0
1,34,108.1,78.6,7.9,0.33,1.76,4,2,0,1,0
0,19,95.9,71,6.6,-0.44,2.72,3,1,0,0,0
0,-9,69.8,60,5.6,0.46,2.74,3,0,1,1,0
0,-9,97.5,77.3,7.4,0.06,1.88,3,2,1,1,0
0,32,101.6,75.4,7,0.8,2.57,3,1,2,0,0
0,-42,91.7,69.7,6.8,-0.55,2.12,3,0,1,1,0
0,40,87,72.4,6.5,-0.09,2.67,2,1,1,1,0
0,15,104.5,77.6,8.3,-0.52,1.97,2,0,1,0,0
0,-8,103.2,68.5,7.6,0.7,2.28,2,1,2,0,0
0,12,86.2,72.2,7.8,0.04,1.74,2,0,1,0,0
0,-41,81.9,68.9,6.4,-0.23,2.3,1,0,0,1,0
0,18,99.5,71.3,6.5,0.29,1.88,1,1,1,0,0
0,7,95.9,73.8,7.3,-0.62,2.48,1,1,0,1,0
0,-22,86.9,73.4,7.4,-0.56,2.4,9,0,2,1,0
0,4,98.6,67.7,7.5,0.2,1.4,9,1,2,0,0
0,13,101.8,72.2,6.6,-0.2,2.77,9,0,0,0,0
0,27,99.5,73.7,7.4,0,2.17,9,0,0,1,0
0,-11,92.3,73.6,6.5,0.76,2.32,9,0,0,1,0
0,-74,45.3,73.5,7.4,0.94,2.96,9,0,1,0,0
0,16,105.4,75,7.5,0.29,2.16,8,0,1,0,0
0,-10,104.9,71.6,7.5,-0.24,2.62,8,0,0,0,0
0,-15,95.9,60,8.2,0.28,1.79,8,0,1,0,1
0,8,80.8,84.1,8,0.66,2.99,8,0,1,0,1
0,-4,98,75.6,7.9,0.17,1.75,8,1,2,1,1
0,22,94.4,69.8,6.1,-0.5,2.81,7,0,1,1,0
0,-4,70.3,73.4,8,-0.79,2.34,7,0,1,1,1
0,-4,77.8,69.2,7.9,0.05,1.95,7,1,2,0,0
0,-9,85.7,67,8,-0.4,1.91,7,1,2,1,0
0,16,79.6,72.5,8.3,0.21,1.81,7,1,2,0,0
0,6,90.2,62.6,7.7,-0.54,1.43,6,1,2,1,1
0,24,99.8,70.9,7,0.21,2.03,6,1,1,0,1
0,17,99.3,73.5,7.1,-0.11,3.35,6,0,0,0,0
1,26,106.7,75.9,8,-0.78,1.65,6,2,2,0,0
0,39,94.8,68.9,7.1,-0.41,3.16,6,1,1,0,0
0,-21,81.1,80.2,7.6,-0.61,1.59,6,0,0,1,0
0,5,68.8,77.4,7.6,1.06,2.15,5,0,2,0,0
0,18,90.5,68.2,7.3,0.09,1.66,5,1,2,0,0
0,-12,96.3,70.4,6.5,0.55,3.12,5,1,1,0,1
0,-7,60.1,62.3,8.6,0.84,1.3,5,1,2,0,1
0,62,69,78.4,8.2,0.84,2.59,5,0,0,0,1
0,26,79,71.5,7.6,0.12,1.93,4,0,0,1,0
1,23,98,72.2,6.8,0.68,2.18,4,0,1,1,0
0,-24,72.5,76.9,8,-0.77,2.15,4,1,0,1,0
0,42,89.7,75.2,7.8,0.24,1.67,4,2,2,1,1
0,-19,69.1,71,8,1.19,2.01,4,2,1,0,1
0,33,68.2,57.3,8,0.46,1.38,4,1,2,0,1
0,80,78.5,67,7.6,0.29,2.46,3,0,1,0,0
0,48,90.4,72.4,8.2,-0.62,1.68,3,2,2,1,0
0,66,88.8,67.4,7.5,0.72,2.54,3,0,1,0,0
0,20,68.4,72.5,7.1,-0.63,2.22,3,1,0,0,1
0,50,92.3,75,8,0.78,2.42,3,0,0,0,1
0,-11,98.7,71.6,7.8,0.21,2.31,3,1,0,0,1
0,16,107.7,70.7,7.1,0.37,2.25,3,0,0,0,1
0,7,104.1,74.8,8.1,0,1.83,3,3,2,0,1
1,24,108,77.2,6.9,0.11,2.91,3,0,0,1,1
1,33,103.8,77.8,7.6,-0.11,2.77,3,3,1,0,1
0,-37,56.6,69.1,7.5,0.72,1.96,2,1,0,0,0
0,83,67.3,70.2,8.2,0.73,2.25,2,0,1,0,0
0,24,70.1,68.9,5.9,0.47,2.74,2,0,1,1,0
0,-18,86.7,70.9,6.8,-0.74,2.66,2,2,2,1,0
0,21,99.6,65.5,6.7,0.72,2.21,2,2,2,0,0
0,56,83.3,72.5,6.9,-0.31,2.16,2,3,2,0,1
0,19,98.1,78.5,7.9,-0.15,2.77,2,1,0,0,1
0,2,76.2,72.8,8.4,0.56,1.72,2,1,0,0,1
0,-21,86.4,72.5,6.8,-0.26,3.48,1,0,1,1,0
0,27,95.2,78.6,7.9,-0.35,1.6,1,2,1,1,0
0,15,18.2,8.2,1.2,-0.57,2.1,1,0,0,0,0
0,17,88.6,81.4,7.1,-0.45,2.44,1,0,0,0,0
0,-10,69.3,54.4,7.1,1.12,1.85,1,0,1,0,1
0,25,91.6,72.2,8.1,-0.15,1.65,1,1,1,0,1
0,15,99.3,66.3,6.8,0.89,2.54,1,0,0,1,1
0,26,76.1,76.1,7.5,0.79,2.99,1,1,1,0,1
0,14,94.2,65,6.2,0.37,2.89,9,0,2,0,0
0,-20,108.3,77.2,7.5,-0.05,1.76,9,2,0,0,0
1,34,104,73.8,7.6,-0.18,1.85,9,0,2,0,0
0,19,102.9,71,7.2,-0.31,2.13,9,0,1,1,0
0,3,88.9,68.2,6.6,-0.38,3.25,9,2,2,1,1
0,31,91.2,71.1,6.4,0.22,2.58,9,1,1,0,1
0,47,94.5,72.4,8,-0.08,2.61,9,0,0,0,1
0,16,108.4,74.9,8.1,-0.35,1.96,9,0,1,0,1
0,-9,73.6,73.8,7.7,0.81,2,8,1,2,0,1
0,11,89.7,72.8,7.3,-0.29,2.06,8,1,0,0,1
0,-2,97.3,73.7,8.6,-0.11,1.97,8,0,0,0,1
0,-18,73.2,75.1,7.4,-0.81,1.87,8,1,0,1,0
0,78,89,77.9,7.4,-0.36,2.73,8,0,1,0,0
0,-34,90.2,71,6.9,-0.25,2.89,8,0,2,0,0
0,-41,62.2,68.2,7.3,0.72,3.46,7,0,0,0,0
0,27,83,62.4,6.8,0.66,3.47,7,3,2,1,0
0,28,104.8,72.3,7.3,0.62,3.54,7,1,1,0,0
0,54,66.4,69.4,7.4,-0.79,2.86,7,0,1,1,0
0,28,81.4,69.8,7.6,-0.99,2.34,7,0,2,1,0
0,64,67.4,73.3,6.6,-1.07,2.63,7,0,1,0,0
0,23,101.5,70.9,7.1,-0.37,2.73,6,3,2,1,0
0,32,78.9,73.1,7.4,-0.03,1.93,6,0,0,1,0
0,-18,81.8,65.7,7.5,1.17,3.02,6,2,2,0,0
0,-63,64.3,73.2,7.7,1.14,2.77,6,0,1,0,0
0,-14,87.4,70.3,6.4,0.44,3.12,6,1,1,1,0
0,-68,60.1,74.1,8,0.43,2.24,5,1,2,1,0
0,-7,78.1,69.7,7,-0.1,2.91,5,3,2,0,0
0,-15,71.7,70.5,7.1,0.28,3.48,5,1,2,0,0
0,29,93.3,71.3,7.4,-0.71,2.71,5,0,2,0,0
0,10,97,63.7,6.3,-1.03,3.15,5,0,2,1,0
0,8,85.5,69.8,6.5,-1.08,2.33,5,0,1,0,0
0,15,90,62.7,7.1,0.79,1.95,4,0,2,0,0
0,56,89.5,77.4,7.8,0.24,2.12,4,1,0,0,0
0,7,94.1,72.6,5.6,-0.54,2.94,4,0,1,0,0
1,29,102,75,7.7,-0.04,2.41,4,1,0,1,0
0,9,88.4,70.2,7,-0.28,3.08,4,0,0,0,0
0,-6,96.2,65,7.4,0.67,2.05,4,0,1,0,0
1,32,107.5,77.4,7.2,0.67,3.09,4,1,1,0,0
0,17,93.5,74.5,6.9,-1.08,2.07,4,0,0,0,0
0,-4,79.1,61.6,7.7,-0.04,1.11,4,2,2,0,0
0,2,43,18.4,2.8,0.13,2.04,4,0,1,1,0
0,71,89.7,74.9,8.2,0.54,1.83,3,0,1,1,0
0,54,91.6,66.9,6.4,0.02,3.73,3,1,2,0,0
0,8,99.2,73,7.9,-0.07,1.99,3,3,2,1,0
1,35,106.7,71.1,7.5,-0.33,2.51,3,1,2,0,0
0,-20,96.6,67,6.7,-0.44,2.56,3,1,1,1,0
0,55,83.4,72.8,6.8,-0.3,2.94,3,1,0,0,0
0,7,107.2,75,6.6,0.03,2.52,3,0,0,1,0
0,42,93,71,6.9,0.08,2.8,3,1,0,0,0
0,13,100.6,72.2,8,0.68,1.37,3,0,2,0,0
0,-14,97.9,73.5,6.9,-0.52,2.17,2,1,0,0,0
0,-7,65,65.5,8.1,1.14,1.74,2,2,2,0,1
0,-42,96.3,69.8,7.2,-0.16,2.14,2,0,1,1,1
0,17,98.5,65.6,5.7,0.5,3.86,2,2,2,0,0
0,6,105.5,74.8,7.3,-0.76,2.67,2,2,0,0,0
0,11,102.2,69.7,6.7,0.22,2.54,2,2,2,1,0
0,-14,98.9,72.5,7.4,-0.44,1.8,2,0,2,1,0
0,60,79,73,6.6,-0.27,2.93,2,0,0,0,0
0,33,81.8,73.9,7.6,-0.22,2.98,1,2,2,0,1
0,22,66.1,62.4,7.4,1.12,2.29,1,1,2,0,1
0,19,86.8,69.4,6.4,0.18,3.03,1,2,1,1,0
0,-1,104.1,77.9,6.8,-0.48,1.97,1,0,1,0,0
0,3,96.7,69,6.3,-0.52,2.43,1,1,0,0,0
0,28,81.4,72,6.8,-1.08,2.25,9,1,0,0,1
0,-21,95,70.5,7.3,-0.4,1.95,9,0,0,1,1
0,-1,96.5,73.1,7.8,0.46,2.05,9,0,2,0,1
0,30,104.8,80.5,7.4,-0.81,2.29,8,1,0,0,0
0,8,103.8,73,6.8,0.4,1.6,8,0,1,0,0
0,-47,83,72.4,7.4,-0.32,1.87,8,0,0,1,0
0,0,95.7,80.1,7.6,0.93,1.9,8,1,1,0,0
0,-14,98.5,76.9,7.5,0.19,2.23,8,1,1,1,0
0,-5,99.6,77.7,8.3,0.38,2.35,7,2,1,1,0
0,-16,105.9,75.5,7.8,0.01,2.13,7,0,2,0,0
0,57,75.3,74.3,7.4,0.45,2.39,7,3,2,1,0
0,-7,98.6,65.2,6.5,0.06,2.66,7,1,2,1,0
0,14,96.3,75,8.4,-0.03,1.99,7,2,0,0,0
0,20,47.3,78.2,7.2,1,2.85,7,0,1,1,0
0,-25,109.1,75,7.1,-0.83,2.15,6,0,0,0,0
0,-11,93.4,72.5,7.3,0.27,1.84,6,0,0,1,0
0,-15,71.5,69.9,7.1,0.54,2.04,6,0,2,0,0
0,-42,88.1,76.5,7.1,-0.35,1.74,6,0,0,0,0
0,9,111.2,77.4,6.9,0.49,1.79,5,3,1,1,0
0,-14,64.8,64.6,7.7,0.42,1.58,5,0,0,0,0
1,28,103.8,74,7.6,0.11,1.57,5,0,1,1,0
1,31,95.6,70.5,7.5,-0.88,2.97,5,1,0,0,0
0,-1,91.4,78.7,7.2,0.15,1.49,5,2,1,0,0
0,-56,78.9,67.1,6.3,-0.48,2.25,4,3,1,0,0
0,-35,74.1,61.4,7.4,-1.11,1.79,4,2,2,1,0
0,7,99.9,74.6,7.6,0.03,2.31,4,2,2,1,1
0,-18,70,72.8,7,0.86,2.35,4,0,0,0,1
0,-9,86.1,70.2,6.8,0.57,2.61,4,0,0,1,1
0,25,99.1,73.4,8.3,0.02,1.87,4,2,2,0,1
0,-37,92.1,63.3,5.2,-0.78,2.79,3,1,1,0,0
0,-4,91,78.3,8,-0.23,1.15,3,1,1,1,0
0,70,83.7,67.1,7.8,0.29,2.03,3,0,1,0,0
0,24,103.1,71.5,7.3,-0.5,2.52,3,1,2,1,1
0,-44,66.5,74.5,7.6,1.2,1.78,3,1,2,0,1
0,24,102,67.6,7,0.57,3.25,3,3,2,0,0
0,17,94.5,71.8,7.7,-0.72,2.91,2,0,0,0,0
0,-88,30.8,3.2,1.4,-0.89,2.88,2,2,1,1,0
0,7,108.7,73.2,7.6,0.26,2.05,2,1,2,0,0
0,38,77.8,79.7,7.3,0.2,3.12,2,2,2,1,0
0,8,95.5,75.3,8.3,-0.2,1.84,1,1,1,1,0
0,-6,49.5,62.5,6.3,0.97,2.43,1,2,2,1,0
0,8,88,68.3,7.4,-0.77,2.82,9,0,1,1,0
0,-2,104,72,7,-0.37,1.95,9,2,2,1,0
0,17,83.5,71.5,8.1,-1.01,1.31,9,2,2,0,0
0,47,83.7,70,7.5,0.98,2.15,9,1,0,0,0
0,24,105.8,74,6.7,0.3,1.77,9,3,2,1,0
0,11,108.9,78.8,7.4,0.51,1.88,9,2,0,0,0
0,15,94.7,71.1,7.1,1.21,2.23,9,1,0,0,0
0,32,58.9,52.2,7.4,0.22,1.23,9,0,0,0,0
0,13,82.9,64.8,7.8,1.44,2.48,9,2,0,0,0
0,12,90.6,72.4,6.6,0.33,2.54,9,0,1,1,0
0,33,95.8,71.3,7.4,0.34,1.31,9,1,2,0,0
0,7,102.8,72.7,6.5,0.84,3.16,8,2,2,0,0
0,15,93.3,69.4,8.6,-0.58,2.17,8,0,1,1,0
0,-16,101.1,66.6,7.2,-0.04,2.15,8,0,0,0,0
0,-24,66.6,73,7.8,-0.83,0.82,8,0,1,1,0
0,8,94.9,70.1,7.1,0.96,1.77,8,1,2,0,1
0,30,83.2,65.1,7.3,0.62,1.45,8,1,1,0,1
0,4,95.1,65.2,7.3,1.1,2.36,8,1,2,0,1
0,32,77,63.5,6.4,-0.78,3.04,7,0,1,0,0
0,31,80.1,76.4,7.8,-0.19,2.25,7,0,0,0,0
0,50,86.2,74.4,7.3,-0.34,2.44,7,1,2,1,0
0,16,86.1,65.1,5.8,0.23,2.71,7,1,1,0,1
0,-3,66.1,68.8,6,0.53,2,7,1,0,1,1
0,11,85.9,68.6,6.6,-0.39,2.7,7,0,1,0,1
0,-7,37.8,36.9,7,1.29,2,6,2,2,0,0
0,19,91.3,77.9,7.3,-0.72,2.64,6,2,0,1,0
0,17,104.8,72.9,6.8,0.26,2.97,6,0,1,0,0
0,12,97.6,74.3,7.9,-0.17,2.23,6,1,1,1,0
1,30,104.9,72.5,6.6,0,3.13,6,1,0,0,0
0,24,99.5,71.2,6.9,0.77,2.65,6,2,1,0,0
0,21,95.1,67.7,6.6,0.94,2.66,6,0,0,0,0
0,2,69,61.7,5.8,-0.11,2.91,6,3,2,0,0
0,21,86.2,71.6,6.3,0,2.21,6,0,0,1,0
0,27,70.6,68.4,7.7,0.7,1.96,6,2,2,0,0
0,-60,59.8,65.3,6.5,0.22,2.44,6,0,0,0,0
0,6,104.9,78.2,7.3,-0.27,2.21,6,0,1,1,0
0,42,90,76.3,7.8,-0.57,2.76,5,1,1,1,0
0,25,90.8,62.8,6.7,0.89,3.46,5,2,2,0,0
0,1,76.4,67.5,7.5,0.18,2.16,5,0,2,0,0
0,-18,100,64.2,5.7,0.62,3.39,5,3,2,0,1
0,41,94.6,65.5,6.1,0.8,3.03,5,0,2,0,1
0,17,68.2,67.1,8.2,0.04,1.36,5,0,1,0,1
0,35,96.6,70.5,6.9,-0.38,2.96,4,0,0,1,0
0,-11,97.5,73.7,7.7,0.45,1.57,4,2,2,1,0
0,58,68.3,67.3,6.5,-0.5,3.02,4,1,1,0,0
0,5,98.4,78.6,7.3,-0.07,1.68,4,0,0,1,0
0,-6,47.3,67.9,6,1.08,2.84,4,0,0,1,1
0,32,92.1,68.1,6,0.1,3.1,4,1,2,0,1
0,21,96.9,74.9,7.9,0.52,2.13,3,0,0,0,0
0,38,74.5,70.3,7.7,0,2.26,3,1,1,0,0
1,29,101.9,73.3,6.9,-0.67,2.8,3,0,0,0,0
0,6,93.3,71.9,6.3,0.06,2.92,3,2,1,0,1
0,-22,84.2,78.2,7.3,0.62,2.3,3,0,1,0,1
0,-30,71.8,71.7,7.4,0.25,1.48,2,1,1,1,0
0,-12,74.9,73.9,7.3,0.63,2.32,2,1,1,0,0
0,46,95.5,74.9,6.4,-0.73,2.87,2,0,1,1,0
0,20,88.6,64.6,6.2,1.22,2.91,2,2,2,0,1
0,59,72.9,68.2,6.9,-0.19,2.7,2,1,2,0,1
0,64,92.1,72.8,6.6,0.04,3.29,2,0,0,1,1
0,75,89.9,74.2,8.4,-0.45,2.49,1,0,0,1,0
0,31,87.5,73.9,7.8,0.68,2.71,1,0,1,0,0
0,22,95.7,66.6,7.5,0.01,1.48,1,2,2,0,1
0,14,90.4,70.9,6.8,-0.8,1.92,1,1,0,0,1
1,27,102.2,71.8,7.9,-0.21,2.39,1,3,1,1,1
0,-44,68.5,65.1,5.5,-0.51,2.14,1,2,2,0,1
0,58,97.8,73.4,6.9,0.15,2.65,9,1,0,1,0
0,21,90.5,77.2,7.1,-0.8,3.01,9,1,0,1,0
0,21,87.7,76.8,7.6,0.49,2.6,9,0,1,0,0
0,6,42.8,45,6.7,-1.24,2.49,9,0,0,0,0
0,2,98.2,67.7,6.9,-0.75,2.26,8,1,1,0,0
0,12,104.6,72.7,7.7,-0.45,1.77,8,1,0,1,0
0,18,107,76.4,7.4,-0.5,1.9,8,1,1,0,0
0,61,97.2,71.8,7.8,-0.08,3.45,8,2,1,1,0
1,36,99.8,74.6,7.5,0.81,3.09,8,0,0,0,0
0,11,108.5,72.9,7.6,-0.36,2.34,8,2,2,1,0
0,5,106.2,77.7,7.6,-0.19,2.37,8,3,1,0,0
0,58,87.4,70.2,7.1,0.36,1.99,8,2,2,1,0
0,47,93,74.1,6.6,-0.46,3.2,7,1,1,1,0
0,24,103.1,74.8,8.1,0.37,2.12,7,1,1,0,0
0,32,88.6,78.2,7.3,0.56,2.67,6,2,1,1,0
0,39,72.6,63.1,8.1,0.81,1.85,6,2,2,0,0
0,64,52.1,71.5,8.4,-0.53,2.68,6,1,1,1,0
0,14,99.2,71.1,7.8,0.46,1.75,6,2,1,1,1
0,45,71.7,70.7,7.4,1.51,3.36,6,0,2,0,0
0,34,59.5,67,6.7,-1.39,3.21,6,0,0,0,0
0,61,76.7,68.9,6.5,-0.42,2.7,6,3,1,1,0
0,-17,95.5,65.8,7,0.05,2.56,5,1,2,0,1
0,35,88.9,69.2,8,0.19,2.52,5,2,0,1,0
0,-10,85.8,75.6,7.7,0.48,2.04,5,2,2,0,0
0,31,33.3,69.1,8.5,-1.06,0.76,5,1,2,1,0
0,20,111,76.1,7.2,-0.26,2.44,4,1,1,1,1
0,73,79.4,70.7,8.4,-0.74,1.69,4,3,2,0,1
0,34,68.9,59,8,-0.4,1.89,4,2,2,1,1
0,14,113,78,7.7,0.23,3.21,4,0,0,0,1
0,11,109.5,75.4,6.9,-0.28,3.32,3,1,2,0,1
0,1,70.9,71.2,7.8,-0.91,2.04,3,0,0,0,1
0,50,99.5,73.7,7.4,0.01,2.04,3,1,0,1,0
0,37,99.3,63.6,6.8,-0.09,3.01,3,2,2,1,0
0,-20,88.4,64.5,7.1,-0.06,1.66,3,0,1,1,0
0,-21,102.3,77.4,7.5,-0.48,2.33,2,0,1,0,1
1,34,104.8,76.3,8.1,-0.25,2.94,2,1,1,1,1
0,-22,102,72.2,6.8,0.41,2.21,2,3,2,0,1
0,26,87,69.9,8.6,-0.85,3.11,2,1,0,1,1
0,20,61.8,64.9,6.6,0.1,2.46,2,3,2,0,0
0,52,95.2,79.8,8.4,0.29,2.97,1,2,0,0,1
0,39,89.8,73.7,7.5,-0.16,2.47,1,3,2,1,1
0,-3,84.8,77.2,8.3,-0.03,1.79,1,0,1,0,1
0,20,97,71.7,5.9,-0.36,2.56,1,1,2,0,0
0,49,82.2,70.4,6.9,-0.89,3,9,2,2,1,0
0,57,50.6,73.9,7.4,1.34,2.62,9,0,0,1,0
0,27,73,64.7,7.2,-1.12,1.56,9,1,2,1,0
0,46,92.9,72.5,7.4,0.25,2.98,9,2,1,0,0
0,-34,66.8,75.5,8.2,0.61,2.18,9,0,0,0,0
0,0,110.9,76.5,7.2,0.22,2.08,9,2,0,0,0
0,-31,66.3,78.9,8.4,0.61,3.32,8,0,1,0,0
0,6,101.8,68.1,7.3,-0.1,2.37,8,2,2,1,1
0,57,84.1,69.3,8.2,-0.07,1.57,8,0,1,0,1
0,12,110.5,76.7,7.7,0.62,2.29,8,2,1,0,1
0,-35,76,56.3,7.1,0.03,2.24,8,0,1,0,0
0,4,89.9,66.4,6.7,0.36,2.72,8,1,1,0,0
0,42,91.4,67.1,6.6,0.06,2.68,7,0,0,1,0
0,-19,98.2,73.9,7.2,-0.43,1.64,7,0,2,1,0
0,1,67.3,68.6,8.5,1.13,2.43,7,1,1,0,0
0,-39,70.5,78.9,8.3,0.43,3,6,0,0,0,0
0,66,80.9,63.3,6.1,-0.79,3.26,6,2,0,0,0
0,34,92.3,71.8,6.9,-0.47,2.37,6,1,1,0,0
0,1,92.2,76.6,7.8,-0.46,1.25,5,2,2,0,1
0,42,79.1,73,7.2,-0.21,2.31,5,0,1,0,1
0,75,79.7,74.4,6.8,0.58,3.19,5,2,1,1,0
0,61,81.8,76.1,7.3,-0.51,2.82,5,1,1,0,0
0,-8,64.2,74.9,8.5,1.09,3.01,4,2,2,0,1
0,-20,97.1,84.4,8.5,0.3,2.22,4,1,0,0,1
0,19,81.9,73.8,7.8,0.58,2.88,4,0,0,0,0
0,-41,61,75.1,8.7,-0.28,1.85,4,1,1,0,0
0,-7,80.5,66.7,7.6,0.61,2.02,3,1,2,0,1
0,6,95.6,78.8,7.8,-0.38,1.81,3,1,0,0,1
0,9,104.5,80.9,7.2,-0.77,1.84,3,0,1,0,1
0,-7,90.8,69.7,6.1,-0.04,3.35,3,1,2,0,0
0,-11,100.5,72.3,7.1,-0.1,1.59,3,1,2,1,0
0,20,106,77.6,7.5,0.57,2.64,3,3,2,0,0
0,21,78.2,72,7.7,-0.65,1.63,3,2,2,0,0
1,27,102.3,69.4,7.9,-0.14,2.74,3,2,2,0,0
0,44,76.8,80.2,7.5,-0.19,2.82,3,0,0,0,0
0,0,96.1,65.2,6.8,-0.72,2.9,2,3,2,1,1
0,14,99.8,76.4,7.3,0.04,1.76,2,2,1,0,1
0,35,89.7,76.5,8.5,-0.24,1.89,2,2,1,0,1
0,46,79.5,83.7,8.3,-0.85,2.32,2,1,0,0,1
0,-5,84.6,81.5,8,0.63,2.8,2,3,1,0,0
0,22,103.4,79,7,0.41,2.65,2,1,0,0,0
0,18,81.2,70.9,6.5,0.86,3.25,2,1,0,1,0
0,61,78.8,77.7,8,0.14,2.02,1,1,1,0,1
0,16,94.3,65.2,7.3,0.68,2.17,1,3,2,0,0
0,-13,94.8,73.3,7.9,0.69,2.8,1,2,2,0,0
0,70,85.9,72.7,7.4,-0.22,2.76,1,2,2,0,0
0,51,91.7,78.1,7.3,-0.15,2.51,9,3,1,1,0
0,-9,90.4,67,6.5,-0.52,2.73,9,0,0,0,0
0,8,102.1,68.9,6.5,-0.25,2.34,9,3,2,1,0
0,-32,90,74.3,6.8,-0.1,1.71,8,0,1,0,0
0,7,56.7,74.2,6.9,-0.99,2.52,8,0,2,0,0
0,-1,102.6,79.1,6.7,0.18,2.49,8,2,2,0,0
0,55,81.9,80.6,6.7,-0.09,2.23,8,3,0,1,0
0,-47,85.9,69.7,6.5,0.06,2.58,8,0,1,0,0
0,12,74.7,71.1,7.8,0.06,2.19,8,1,1,0,0
0,17,97.2,72.9,7.6,-0.24,2.39,8,3,1,0,0
0,-22,89.6,82,8.1,-0.2,1.21,7,2,1,1,0
0,24,85.4,68.7,7.2,0.02,1.31,7,0,1,1,0
0,24,100.3,71,6.8,-0.32,2.7,7,2,2,0,1
0,17,80.8,71,7.7,0.31,1.81,7,1,0,0,1
0,-9,98,75.8,7.2,-0.15,2.5,7,0,1,0,1
0,-3,55.9,70.9,5.9,-1.05,2.48,7,1,2,0,1
0,-19,98.6,79.4,7.3,0.04,2.24,6,2,1,0,0
0,-5,78.9,77.8,8.3,0.65,2.5,6,1,1,0,0
0,33,86.6,69.4,6.2,0.48,3.33,6,2,0,1,1
0,13,109.1,76,7,-0.38,3.05,6,2,0,0,1
0,22,94.1,64.2,6.7,-0.35,1.76,5,0,0,1,0
0,-5,97.1,73.4,7.8,0.24,2.81,5,1,1,0,0
0,13,99.4,71.4,6.5,-0.61,2.47,5,3,2,1,0
0,44,96.9,60.9,6.4,-0.58,3.91,5,0,2,0,1
0,-15,86.9,74.4,7.6,0.16,2.25,5,1,0,0,1
0,-38,89.9,70.7,6.8,-0.34,2.17,4,0,1,0,0
0,-42,73.1,69.8,7.3,0.32,2.22,4,1,0,0,1
0,44,80.8,75.6,6.8,-0.68,2.71,4,0,1,0,1
0,21,97.7,71.1,7.2,-0.47,3.38,4,3,2,0,1
0,47,88.4,77.8,7.3,0.03,3.72,3,1,2,0,0
0,3,85,66.2,6.5,-0.44,2.72,3,3,2,1,0
0,8,71.7,62.5,6.3,0.8,2.83,3,0,0,1,1
0,38,94,76.1,7.4,0.16,2.97,3,0,0,0,1
0,49,61.1,64.3,5.8,-0.84,3.02,3,2,2,0,1
0,4,89.1,72.8,6.9,0.46,2.84,2,2,0,0,0
0,62,53.8,78.5,8.4,-0.93,2.1,2,1,2,0,0
0,9,102,70.1,7,-0.2,1.96,2,1,2,1,0
0,-45,56.5,82.3,7.9,0.18,2.05,2,1,1,0,1
0,50,94.1,71,7.8,-0.45,2.01,2,0,0,0,1
0,-24,106.4,72.7,7,0.11,1.96,1,3,2,0,0
0,10,91.8,65.9,6.2,0.14,2.71,1,1,0,1,0
0,1,96.1,70.5,8.2,-0.08,1.46,1,0,2,0,0
0,75,78.5,69.4,6.8,-0.3,3.14,1,0,1,0,1
0,10,42.1,65.4,6.5,-0.88,3.42,1,1,1,0,1
0,60,82.4,71.8,6.8,-0.54,3.44,9,2,2,1,0
0,29,90.7,62,6,-0.06,2.57,8,3,2,1,0
0,20,99.4,69.7,7.7,-0.57,2.51,8,3,1,1,0
0,-13,101.1,69.5,6.2,-0.26,2.99,7,1,2,0,0
0,40,85.8,65.7,6.3,0.28,2.86,7,2,1,0,1
0,32,94.3,73.7,7.9,0.76,2.43,7,3,2,0,1
0,13,79.5,64.2,6.4,-1.05,3.13,6,0,1,0,0
0,21,98.6,66.7,6.8,-0.8,2.13,6,1,2,1,0
0,44,101.7,75.7,8.2,-0.05,2.68,6,0,0,0,0
0,3,88.6,76.1,7.3,-0.16,2.53,6,1,1,0,0
0,-6,88.8,61.2,8,-0.47,1.65,6,1,2,1,0
0,39,98.4,76.4,7.7,-0.01,2.21,6,3,2,1,0
0,26,98.3,68.2,7.4,-0.41,1.97,5,0,0,0,0
0,10,99.2,69.5,7.7,-1,1.95,5,1,2,1,0
0,-13,80.8,71.4,7.2,-0.35,1.87,5,1,1,0,0
0,-22,98.2,68.1,6.6,-0.82,2.38,5,0,2,0,0
0,-13,96.3,76.1,7.5,0.37,2.19,5,1,0,1,0
0,14,95.3,74,6.6,-0.78,2.16,4,0,0,0,0
0,29,98.6,69,8.4,0.57,2.2,4,0,1,0,0
0,16,97.2,65.5,6.8,-0.68,2.03,4,1,1,1,0
0,63,91.7,76.8,8.4,0.48,2.09,4,0,0,1,0
0,40,98.7,72.2,7.6,0.81,2.33,4,2,2,0,0
0,13,110,77.4,8.1,-0.04,1.78,4,2,2,1,0
0,-18,106.4,75.1,7.7,0.95,2.43,4,2,2,0,0
0,-25,55.4,69,6.7,-1.36,3.02,3,0,1,0,0
0,27,66.8,62.4,8.8,0.07,1.06,3,2,2,0,0
0,-6,106.3,71.1,6.8,0.28,2.39,3,0,0,1,0
0,5,90.4,70,7.4,0.56,2.22,3,1,1,0,0
0,-17,92.6,68.6,6.4,0.14,2.89,3,0,1,1,0
0,-17,99.4,69.8,6.1,-0.86,2.05,3,0,0,0,0
0,82,77.6,74.7,8.8,0.25,2.12,2,0,1,0,0
0,10,110.3,77.6,7.8,-0.4,2.12,2,2,0,0,0
0,8,71.9,66.8,6.2,-0.79,2.95,2,1,1,0,0
0,27,95.5,64.4,6.3,0.11,2.64,2,3,2,1,0
0,22,91.5,67.9,7.9,-0.16,2.02,2,2,2,1,0
0,8,102.4,77.3,7.8,-0.42,2.18,2,0,0,0,0
0,49,83.4,67.5,7.5,0.46,2.35,1,1,2,0,0
0,80,77.3,72.8,6.7,0.75,2.88,1,2,2,1,0
0,5,102.9,67.1,6.4,-0.12,3.06,1,0,1,0,0
0,64,95.6,76.3,7.6,0.28,2.63,1,2,1,1,0
0,-30,103.9,69.5,7,-0.86,2.74,1,0,1,1,0
0,16,82.5,68.7,6.5,0.12,2.63,1,2,2,1,0
0,3,106,73.7,6.9,-0.95,3.09,9,0,1,0,0
0,7,67.2,60.6,8.6,0.94,1.79,9,0,2,0,0
0,57,76.4,71.9,8.1,-0.37,1.11,8,0,0,0,1
0,-14,90.4,65,7.3,0.37,1.19,8,2,2,0,1
0,1,91.4,60.2,6.7,-0.11,1.4,8,2,2,1,0
0,-27,105.1,68.4,6.1,-0.19,2.44,8,2,2,0,0
0,33,101,78.3,7.5,-0.48,2.22,8,2,1,0,0
0,-14,64.7,51.6,8.1,0.8,1.34,7,0,2,0,0
0,-6,70.9,71.6,6,0.92,2.42,7,1,0,1,1
0,3,98.6,73,7.6,-0.5,2.03,7,2,2,1,1
0,16,106.5,71.2,7.4,-0.72,2.69,6,0,0,1,0
0,-79,74.2,62.3,6,0.34,3.48,6,1,2,0,0
0,5,105,73.6,6.9,0.4,2.94,6,2,1,1,0
0,26,100.4,73.8,8.2,0.43,2.14,6,3,2,0,0
0,-16,61.4,54,4.3,1.06,2.58,6,3,2,1,0
0,9,70.6,78.9,7.5,0.67,1.63,5,3,2,1,0
0,-13,28,10.7,1.4,-0.07,2.33,5,1,0,0,0
0,4,99.1,70,6.4,-0.22,3.91,5,0,1,1,0
1,19,110.4,77.5,7,0.26,2.52,5,0,1,1,0
0,-76,56.5,58.5,5,-0.05,2.92,5,0,0,0,0
0,9,107.5,75.7,8.2,-0.14,1.92,5,0,1,1,0
0,-2,95.4,70.2,7.4,-0.37,2.8,5,1,1,1,0
0,6,72,64.4,8,1.52,2.21,4,0,2,0,0
0,41,94,77.2,8.4,0.05,1.69,4,2,1,1,0
0,47,66.3,68.9,8,1.01,1.95,4,0,1,0,0
0,-31,81.6,73,6.8,-0.01,2.67,4,0,1,1,0
0,1,113.2,77.1,8,-0.53,1.88,4,2,2,0,0
0,-47,50.2,71.9,8.8,0.09,1.56,3,1,1,0,0
0,4,101,66.7,6.3,-0.09,2.85,3,0,1,1,0
0,39,77.8,60.8,7.7,0.68,2.15,3,2,2,0,0
0,-8,86.7,57.8,4.5,-0.05,2.91,3,1,1,1,0
0,12,102.6,71.8,6.7,-0.27,2.34,3,0,1,0,0
0,-35,55,60.8,5.5,-0.78,2.78,3,0,1,0,0
0,54,79.5,67.7,8.3,0.81,2.01,3,1,2,1,0
0,-17,71.7,66.9,7.6,0.95,1.48,2,1,2,0,0
0,3,93.5,75,7,0.22,3.34,2,3,2,1,0
1,30,98.1,76.2,7.6,-0.11,3.4,1,0,1,0,0
0,18,96.6,62.4,6.2,0.88,1.85,1,1,2,1,0
0,-20,93.9,81.2,7.3,0.1,1.63,1,2,2,0,0
0,-85,69.1,61.5,5.9,0.03,3.44,8,2,2,0,1
0,8,61.4,61.9,7.4,-0.99,2.5,8,0,2,1,1
0,8,105.1,72.9,6.6,0.42,2.25,8,2,2,1,0
1,24,101.3,71.7,7.4,0.4,3.11,8,3,2,0,0
0,31,90,80,8,0.76,2.5,8,1,0,0,1
0,-44,75.3,60.6,6.4,0,1.99,8,1,2,0,1
0,-22,50.5,72,6.6,1.67,2.73,8,2,1,1,1
0,4,102.7,76,7.7,0.04,2.23,7,2,0,1,0
0,-26,67,80.4,8.2,0.19,1.89,7,2,1,0,0
0,84,65.9,80,8.5,-0.22,1.67,7,0,0,0,0
0,33,83.2,57.8,7.5,-0.39,1.37,7,0,2,1,0
0,30,100,71.1,7,0.1,2.34,7,0,0,1,0
0,26,72.3,66.7,8.3,0,1.89,7,1,2,0,0
0,7,102.3,70.6,6.9,-0.68,3.09,7,1,1,1,1
0,20,85.7,73,6.7,-0.13,3.59,7,1,2,0,1
0,31,89.2,68.2,6.9,-0.25,3.17,6,0,1,0,0
0,53,83.7,76.4,6.8,0.62,2.8,6,2,1,1,1
0,15,84.3,57,6.6,0.77,2.8,6,1,2,0,1
0,-33,67.7,41.2,5,0.07,3.32,5,1,0,1,0
0,-41,73.6,75,7.7,-0.6,2.26,5,2,1,1,0
0,18,75.8,68.6,8.5,0.44,1.93,5,0,0,0,0
0,38,82.5,68.6,6.6,-0.28,2.79,5,1,2,1,0
0,47,88.6,65,6.4,-0.66,3.72,5,0,2,1,0
0,17,80.2,73.3,7.1,-0.85,3.24,5,0,0,0,0
0,40,78.3,63.1,6.5,0.87,2.82,4,0,0,1,0
0,30,95.4,69.4,6.9,-0.04,3.54,4,1,1,0,0
1,26,105.2,74,7.4,0.71,2.54,4,1,0,1,0
0,-7,87.8,73.5,6.8,0.03,2.4,4,2,1,1,0
0,53,85.8,74.3,8.1,0.29,2.67,4,1,0,0,0
0,16,103.3,70.6,6.5,0.14,3.38,4,2,2,1,0
0,5,94.9,71,6.9,-0.99,3.2,4,0,2,1,0
0,-1,109.7,76.1,7.8,-0.49,2.39,3,0,0,1,0
0,49,94.7,74.4,6.8,-0.32,2.79,3,3,0,0,0
1,25,107,77.3,7.3,-0.16,2.33,3,3,1,1,0
0,9,106,72.1,8.2,-0.71,2.38,3,0,1,0,0
0,38,83.5,72.3,7,-0.19,2.64,2,2,0,0,0
0,32,100.3,71.4,7.7,0.05,2.29,2,1,0,1,0
0,71,92.4,76.6,8.3,0.17,2.98,2,0,0,0,0
0,37,82.8,64.5,8.5,-0.77,1.85,2,1,2,1,0
0,-45,63.1,68.8,8.5,-0.36,2.12,2,0,2,0,0
0,3,99.3,68.1,7,-0.03,2.5,1,1,1,1,1
0,9,80.3,78.7,8.2,-0.38,2.07,1,2,2,1,0
0,18,82.1,72.6,6.3,0.09,3.33,9,0,2,1,0
0,16,81.2,76.4,6.7,0.83,2.76,9,1,2,1,0
0,77,60.7,69.8,6.2,0.59,3.37,9,1,0,1,0
0,10,98.1,67.8,7.5,0.22,3.79,9,1,2,0,0
0,32,73,69.6,7.5,0.9,2.91,9,3,2,0,0
0,35,75.6,71.2,7.6,-1.05,3.16,9,0,0,1,0
0,21,104.5,71.8,6.9,0.15,2.74,9,1,1,0,0
0,16,98.6,69.3,6.6,0.4,3.19,9,2,1,0,0
0,1,101.3,78.7,7.8,-0.55,2.83,8,2,1,1,1
0,26,85.1,58.8,8.6,0.79,1.25,8,1,2,0,0
0,49,97.4,76.3,7.2,-0.49,2.25,8,2,2,0,0
0,-12,94.5,63,6.9,-0.17,1.63,8,0,2,1,0
0,-10,71.1,76.4,8.4,0.63,1.75,8,1,2,0,0
0,39,101.8,72.2,7.5,0.36,2.65,7,0,0,0,0
0,41,95.5,74.8,7.1,0.29,2.05,7,1,2,1,1
0,33,93.2,65.1,7.5,0.51,3.81,7,0,2,0,1
0,24,99.8,69.5,6.4,0.1,2.44,7,0,1,1,1
0,24,75.9,72.8,7.4,-0.71,2.27,6,1,2,1,1
0,84,50.1,67.6,7.5,-1.05,2.53,6,0,1,0,0
0,18,103,75.4,7.3,-0.57,2.26,6,2,2,0,0
0,67,93.1,73,6.7,-0.04,2.9,6,2,0,0,0
0,2,86.2,65.9,6,0.32,3.28,6,3,2,1,0
0,-27,70,62.6,5.8,-1.14,2.47,5,0,1,0,0
0,11,92.5,76.7,6,-0.19,2.92,5,0,0,0,0
0,30,101.6,73.3,6.6,0.15,3.26,5,3,2,1,0
0,-16,47,57.7,5.2,-1.36,2.76,5,1,2,0,0
0,44,88,75.7,8.2,0.63,3,5,1,2,0,0
0,12,101.6,72.3,7.3,0.15,3.13,5,3,1,0,0
0,22,102.4,70.7,7.3,0.15,2.12,5,2,2,0,0
1,32,108.7,77.9,7.2,0.15,3.41,5,2,0,1,0
0,-27,72.7,67.7,7.3,-0.13,1.52,5,3,2,1,0
0,46,78.8,70.2,7.4,0.71,2.3,5,0,0,0,0
0,16,99.5,73.1,6.9,-0.17,3.02,5,3,2,1,0
0,50,79,72.5,8,-0.32,1.52,4,0,1,1,0
1,23,105.9,81.1,7.1,-0.93,2.96,4,3,2,1,0
0,21,97.4,71.8,8,0.5,2.19,4,0,0,0,0
1,32,103.2,75.4,6.7,-0.06,2.22,4,1,2,0,0
0,-6,82.1,76.1,7.3,-0.93,2.19,4,1,1,0,0
0,12,102,73.1,7.8,0.48,2.92,4,0,0,0,0
1,38,109.3,75,8,0.14,2.74,4,1,0,0,0
0,-7,93.6,74.2,7.5,0.45,2.05,4,3,2,0,0
0,46,92.2,74.2,8,0.58,1.89,3,3,2,0,0
0,-1,107,72.3,6.5,-0.28,2.49,3,1,2,1,0
0,11,109.5,77.5,7.3,-0.4,2.71,3,1,0,1,0
0,40,98.5,69.3,6.8,0.28,2.32,3,2,1,1,0
0,25,93.4,63.1,6.3,-0.27,3.1,3,0,0,1,0
0,60,77.5,73.5,7.1,-0.22,3,2,3,2,1,0
0,8,100,68,7.5,0.39,2.2,2,0,1,0,0
0,14,84.6,78.9,7.1,-1.26,2.61,2,0,0,1,0
0,43,78.8,76.2,7.5,-0.82,2.21,2,0,1,0,0
0,4,95.8,71.1,7.1,1.19,2.34,2,2,2,0,0
0,-3,74.9,74.7,8.2,1.13,2.03,2,0,2,0,0
0,21,103.8,68.2,7,0.13,2.67,2,0,1,0,0
0,-8,99.4,72.2,7.9,0.1,2.07,1,0,0,1,0
0,53,74.2,66.2,5.4,-0.52,3.16,1,3,1,0,0
0,-2,96.4,77.1,8,-0.15,1.8,1,1,1,1,0
0,-21,63.1,57.5,5.8,-1.04,2.48,1,2,2,1,0
0,19,107.4,72.9,7.3,0.06,2.25,1,0,0,0,0
0,46,80.5,70.4,7.8,0.4,2.26,9,1,2,0,0
0,19,100.6,70.2,6.6,0.38,3.34,9,3,2,1,0
0,3,98.4,69.4,7.5,0.38,2.1,9,1,1,1,0
0,38,92.1,73.6,7,0.32,2.56,9,2,2,0,0
0,14,96.6,70.5,8.5,0.03,1.09,9,0,1,1,0
0,7,93,76.3,8.1,-0.52,1.92,9,2,2,0,0
0,25,104.2,76.6,7.6,-0.03,2.51,9,0,0,1,0
0,15,93.6,72.1,7.2,0.29,1.99,9,0,2,1,0
0,5,105.6,71.7,7.1,0.04,2.44,9,0,0,0,0
0,5,107.8,73,7.4,-0.07,2.24,9,1,0,0,0
0,46,84.7,70.2,8.5,0.3,1.17,9,2,2,1,0
0,9,105.5,74.5,6.2,0.09,3.09,8,1,2,0,0
0,0,49.7,51.8,8.2,1.24,2.05,8,0,2,0,0
0,17,106.5,76.4,7.6,-0.64,2.3,8,0,2,1,0
0,30,90.7,72.9,8.5,-0.25,2.22,8,0,0,0,0
0,-10,79.5,70.7,8.7,0.68,1.49,7,3,2,0,0
0,13,106.9,75,7.3,0.2,2.1,7,3,1,1,0
0,-7,98,75.4,6.7,-0.4,1.9,7,0,0,1,0
0,22,89.7,74.6,6.9,-1,2.84,7,1,2,0,0
0,62,89.3,65.3,7,0.22,3.02,7,0,1,0,0
0,30,73.8,76.8,8,-0.73,2.48,7,2,2,1,0
0,16,89.8,71.1,7.9,0.11,2.34,7,0,0,0,0
0,-16,97.8,65.1,5.9,-0.11,2.91,7,1,0,0,0
0,-61,43.6,64.6,8.8,0.76,1.9,7,0,1,0,1
1,29,105.3,81,7.6,-0.15,2.44,7,1,0,1,1
0,-25,46.5,85,8.5,0.06,1.5,7,0,1,1,1
0,-5,96.5,68.4,7,0.49,2.8,6,0,0,0,1
0,26,73,74.2,7.1,0.45,3.03,6,2,1,1,0
0,16,99.9,72.6,7.2,0.37,2.62,6,1,1,0,0
0,7,102,65.9,6.1,0.4,2.55,5,0,0,0,1
0,32,90.7,62.5,8.1,0.77,2.09,5,1,2,0,0
0,16,109.4,77.2,7.4,-0.3,2.53,5,0,0,1,0
0,68,92.5,73.8,7.6,-0.18,2.97,5,1,1,0,0
0,-19,106.9,74.1,7.9,-0.13,2.53,5,3,1,1,0
0,16,98.6,73.7,8.1,-0.32,1.1,4,1,1,0,1
0,-20,92.7,69.2,7.1,0.66,2.21,4,3,1,0,1
0,5,101,73.8,7.1,-0.51,2.6,4,0,0,1,0
0,6,88.4,61.8,5.3,0.31,3.25,4,1,0,1,0
0,12,72.1,69.6,6.4,-1,2.83,4,1,1,0,0
0,2,79.3,65,7.7,0.97,2.62,4,1,1,0,0
0,44,96.7,74.6,7.3,0.46,2.64,3,3,2,0,1
0,-27,93.7,75.8,7.2,-0.27,2.2,3,3,2,1,0
0,-5,81,61.5,8,1.13,1.64,3,2,2,0,0
0,-41,66.1,78.2,7.6,-0.81,2.26,3,1,1,1,0
0,8,106,79,7,0.3,2.59,3,0,0,1,0
0,12,92.3,71.9,7.8,-0.02,3.13,3,2,0,0,0
0,-39,56.6,58.6,5.9,-0.09,1.96,2,3,2,0,1
0,16,82,74,6.5,-0.38,2.39,2,3,2,0,1
0,-8,93.1,68.9,7.4,-0.59,1.65,2,0,0,0,1
0,-23,69,64,5.5,0.58,3.32,2,1,2,1,0
0,-6,75.3,73.7,8.1,-0.83,1.28,2,0,2,1,0
0,7,96.2,73.3,6.8,0.11,2.61,2,1,0,0,0
0,-11,96.2,73.4,6.8,-0.65,2.23,1,2,1,0,1
0,13,81.1,73.8,8.3,-0.04,1.27,1,1,1,0,1
0,-54,59.7,70.9,7.4,-0.33,2.27,1,1,0,1,0
0,34,90,70.9,7.8,0.45,2.63,1,0,0,0,0
0,18,106.5,77.8,7.4,-0.6,2.34,1,2,2,1,0
0,-21,108.7,71.8,5.8,-0.1,2.64,1,1,0,1,0
0,42,80.5,72.8,7,-0.09,2.51,1,0,0,0,0
0,-48,46.5,66.8,8,-0.63,0.84,1,1,2,1,0
0,1,83.3,58.4,6.5,-1.16,1.92,9,0,2,1,0
0,15,63.2,73.3,6.9,-0.93,2.82,9,0,1,0,0
0,-7,96.9,70,7,-0.38,1.77,8,0,0,1,0
0,-45,57.7,61.4,7.6,-0.47,1.08,8,2,2,1,0
0,1,87.5,72,6.5,0.15,2.94,8,2,0,0,0
0,-12,96,76.4,8.1,0.41,2.53,8,1,2,0,0
0,0,88.4,71.7,6.7,-0.06,2.48,8,2,2,0,1
0,59,85.3,62.2,6.4,-0.77,2.62,7,0,2,0,1
0,15,98.5,68.9,7.3,-0.29,2.57,7,0,0,1,1
0,20,90.8,72.7,8,-1.09,2.28,7,0,0,1,1
0,40,28.9,12.5,1.8,-0.16,2.83,7,0,0,0,1
0,31,92.2,64.7,6.2,0.09,2.3,7,0,2,0,1
0,-70,54.7,64.7,6,0.67,2.48,7,1,0,1,1
0,23,80.6,76.4,6.9,-0.73,2.9,7,1,1,0,0
0,-44,85.7,58.6,5.3,0.17,2.6,6,2,2,0,1
0,-18,90.4,73.7,7.1,0.67,2.09,6,0,0,1,1
0,25,95.5,68.7,6.6,0.01,3.07,6,1,1,0,1
0,-4,82.5,71.8,6.9,-0.31,3.42,6,1,2,1,0
0,42,96.9,75.4,8.1,0.26,3,6,0,1,0,0
0,81,71.8,76.3,7.8,0.42,2.93,5,1,2,1,1
0,-32,92.8,78.1,7.2,0.35,2.67,5,1,0,1,1
0,45,101.5,75.1,8.5,-0.19,1.76,5,0,2,1,0
0,52,80.8,72.3,6.4,-0.88,2.95,5,1,1,0,1
0,25,96.3,68.8,6.2,0.02,2.02,5,2,1,1,1
0,-44,77.3,56.3,5,-0.08,3.01,5,1,2,0,1
0,-17,94.8,69.7,6.2,0,2.87,4,1,2,1,0
0,27,91.3,64.3,5.6,-0.38,3.05,4,1,0,0,0
0,2,92.7,63.5,6.6,-0.68,3.05,4,0,2,1,0
0,39,95.9,73.6,7.8,-0.11,2.05,4,1,2,1,1
0,53,84.1,70.2,6.1,0.05,3.18,4,1,1,0,1
0,7,92.6,80.3,8,-0.49,2.51,3,2,1,1,0
0,59,77.8,81.5,7.4,-0.37,2.82,3,2,2,0,1
0,-9,87.9,70,6.8,0.81,2.65,3,2,0,1,1
0,-3,102.7,77.5,7.3,0.06,2.93,3,1,0,0,1
1,39,107.9,76.6,7.5,-0.3,2.86,2,3,0,0,0
0,33,93.9,71.8,6.7,0.2,3.4,2,3,1,0,0
0,-37,95.7,65.8,5.8,-0.45,2.37,2,2,1,1,1
0,-14,98.3,63.7,5.8,-0.37,2.05,2,0,1,0,1
0,24,100.1,71.9,8,-0.09,1.65,2,0,1,0,1
0,17,77.9,55.7,6.2,1.21,2.88,2,0,2,0,1
0,-6,101.1,75.3,8.3,0.44,2.67,2,0,1,0,1
1,29,106.2,73.3,7.3,0.24,2.71,2,2,1,1,1
0,11,98.7,69.3,7.4,0.02,1.83,1,1,2,1,0
0,19,74.7,64.7,8.1,0.07,1.16,1,0,1,1,0
0,-1,94.1,78.8,8.3,-0.43,1.61,1,2,2,1,0
0,4,104,73.5,6.1,0.19,3.08,1,3,0,1,0
0,-66,86.7,60.7,5.3,0.41,2.74,1,0,1,1,0
0,1,106.8,76.5,7.3,0.54,2.55,1,0,1,0,1
0,-16,99.6,64.2,5.8,-0.57,2.53,1,2,1,1,1
0,52,93.2,76.5,7.8,-0.64,2.61,9,2,1,0,0
0,30,82.5,73.7,5.9,0.48,2.79,9,2,2,1,0
0,71,84.5,64.9,7.3,0.01,3.45,9,0,2,0,0
0,65,68.2,60,8.2,0.29,1.57,9,0,2,0,0
0,18,109,87,7.4,-0.07,2.32,9,1,2,1,0
0,17,101.8,70.7,6.8,0.27,2.21,9,0,0,1,0
0,13,107,76.1,7.2,-0.3,1.7,8,2,0,0,0
0,-42,72.7,84.1,7.8,-0.07,2.05,8,1,0,0,0
0,27,100.3,79.5,7.3,0.11,2.41,8,1,2,0,0
0,19,107.8,72,7.1,0.42,2.97,8,3,2,0,1
0,-22,91.5,64,6.6,-0.09,2.51,7,0,0,1,1
0,52,94.9,70.4,7.6,-0.2,1.99,7,1,0,0,1
0,-17,101.7,82.6,6.6,0.34,2.57,7,1,0,1,1
0,23,74.8,70.6,7,-0.37,1.8,7,1,2,1,1
0,-12,69,67.4,6.3,0.82,3.07,7,1,2,1,1
0,-7,91,67,6.6,-1.07,2.79,6,1,1,0,0
0,-15,101.3,84.3,8.4,0.23,2.22,6,2,1,0,0
0,8,98.7,69.8,8.2,-0.08,2.05,6,1,2,0,0
0,13,98.7,73.1,7.9,0.64,2.47,6,1,2,0,1
0,2,65.8,79.1,6.3,-0.97,2.22,6,0,1,0,1
0,29,83.9,63.3,6,0.52,3.37,6,1,1,1,1
0,-43,59.1,74.5,8,0.27,2.69,6,0,1,0,1
0,-18,64.9,65.2,5.9,0.71,2.25,6,3,2,1,1
0,11,82.8,62.3,7.7,-0.6,1.52,6,0,2,1,1
1,30,102.9,75.9,8.8,-0.46,2.65,5,0,0,0,1
0,26,81.1,63.7,7.2,-0.34,2.65,5,0,2,0,1
0,32,100.1,75.5,6.9,-0.43,2.78,5,2,0,0,0
0,50,86.7,66.1,7.2,-0.66,2.26,5,0,1,0,0
0,17,103.6,74.5,7.4,-0.52,2.66,4,1,0,0,1
0,-10,71.1,71.5,7,0.89,2.8,4,0,1,1,0
0,42,78.6,68.6,7.4,-0.26,3.16,4,1,1,0,0
0,-28,83.2,71,6.5,0.13,2.73,4,2,1,1,0
0,-14,92.9,68.9,7.1,-0.61,2.01,3,0,1,0,0
1,31,108.3,81.8,7.9,0.54,2.31,3,0,0,1,0
0,78,77.9,72,6.2,0.49,3.42,3,0,2,1,0
0,-12,83.2,73.6,8.1,-0.62,1.77,3,1,2,1,0
0,31,96.4,73.2,8.4,0.2,2.97,2,2,1,0,1
0,30,99.3,79.1,7.9,0.55,2.56,2,1,1,0,1
0,62,91.5,77.4,8.4,-0.19,1.85,2,1,2,0,1
0,-1,80.7,72.3,7.7,0.39,2.49,2,2,1,0,0
0,13,100.8,74.5,7.4,-0.06,1.9,2,0,0,1,0
0,-38,105.8,77.2,8,0.49,2.29,2,2,2,0,0
0,-12,81.2,66.8,6,0.3,2.48,1,3,2,1,1
0,24,101.5,75.8,7.5,-0.52,2.81,1,1,1,0,1
0,-25,72.8,65.7,5.4,0.85,2.51,1,0,1,1,1
0,-63,78.6,70.6,7.1,-0.51,1.89,1,0,1,1,0
0,0,113.2,75.7,6.9,0.15,2.12,1,1,0,1,0
0,23,103.6,69.4,7.5,0.03,1.62,1,1,1,1,0
0,41,91.5,65.8,7.1,0.72,2.88,1,1,2,0,0
1,30,108.9,75.4,7.9,0.33,2.41,1,2,1,1,0
0,39,95.8,75.3,7.2,-0.81,2.19,10,2,1,1,0
0,34,95,63.6,6.7,-0.25,2.8,10,0,0,0,0
0,25,74.4,61.8,6.4,-1.41,2.39,10,0,2,1,0
0,-24,86.4,65.9,7.6,-0.49,3.22,10,0,2,1,1
0,2,105.8,73.6,7.3,0.09,1.96,10,1,0,0,1
1,22,107.9,72.7,6.8,-0.35,2.72,10,2,1,1,1
0,7,74.9,71.9,7.3,-0.33,1.75,10,1,2,0,1
0,47,82.9,70.9,8.6,0.56,1.75,9,1,0,0,0
0,-5,25.3,23.3,1.9,-0.56,1.96,9,1,1,0,1
0,53,87.9,74.1,7.2,-0.17,2.12,9,1,2,0,1
1,43,106.1,80.9,7.5,-0.37,2.87,9,1,0,0,1
0,-3,83.8,72.3,7.8,-0.01,2.08,9,0,1,1,1
0,3,43.8,54.8,5.8,1.07,2.46,8,2,2,1,1
0,-13,97.8,63.9,7.8,0.43,0.9,8,1,2,0,1
0,20,99.3,72.8,7.7,-0.59,3.1,8,0,0,1,1
0,43,68.4,73.7,7,-0.99,2.44,8,0,0,0,1
0,73,83.2,74.6,7.3,-0.2,3.28,8,1,2,0,1
0,-11,31.7,3.9,1.1,-0.26,3.1,8,0,0,0,1
0,3,103.7,73.8,7.1,-0.98,2.12,8,1,1,0,1
0,17,65.4,73.4,6.5,0.67,2.92,7,1,2,1,0
0,8,98.3,71.9,7.3,-0.04,2.22,7,1,1,1,0
0,-26,89.6,74.4,7.4,-0.54,1.44,7,1,1,1,0
0,-33,93.9,73,6.9,-0.3,2.51,7,1,0,0,0
0,17,110.6,76.1,7.9,-0.3,2.26,7,3,1,1,0
0,79,73.5,76.8,7.9,-0.7,1.55,6,1,2,0,0
0,1,95.2,64.3,8.2,-1.05,1.74,6,2,2,1,0
0,-21,93.5,69.6,7.1,-0.15,3.02,5,2,2,0,0
0,-5,91.2,77.4,7.2,0.33,1.82,5,0,0,1,0
0,32,80.8,68.3,6.1,-0.45,2.75,5,3,1,1,0
0,69,87.4,75.8,7.5,-0.38,2.53,5,0,0,0,0
0,-34,48.7,69.7,6.7,-1.03,2.72,4,0,0,0,0
0,18,109.8,73.9,7.1,-1.12,2.14,4,3,2,0,0
0,16,107.5,76.9,6.8,0.04,2.33,4,2,0,1,0
0,24,92.4,73.9,7.9,0.04,1.96,4,2,1,0,0
0,5,95.5,74.8,7.7,0.73,1.67,4,2,2,1,0
0,-9,103.7,70.3,6.5,-0.63,2.6,4,0,1,1,0
0,-11,86.8,68.9,7.2,-1.24,1.91,4,1,2,1,0
0,3,104.3,73.3,7.1,-0.14,1.98,3,2,2,1,0
0,12,104.9,72,7.6,0.35,2.12,3,2,1,0,0
0,-6,93.4,69.1,6.7,-0.19,1.5,3,0,1,1,0
0,7,92.7,75.9,8.4,-0.67,1.87,2,0,0,0,0
0,17,107.3,76.4,7.3,-0.14,2.26,2,0,0,1,0
0,53,92.4,75.4,7,-0.83,2.54,2,2,1,0,0
0,-5,80.6,60.8,7.6,0.11,1.8,2,3,2,1,0
0,52,76.3,72,8.8,-0.15,1.91,2,2,0,1,0
0,10,93.8,74.4,6.6,-0.12,2.93,1,3,2,1,0
0,20,82.1,72.4,6.7,0.39,2.27,1,1,2,0,0
0,32,89.4,75.8,7.1,0.62,2.67,1,2,1,1,0
0,52,89.3,69.5,6.7,0.64,3.17,1,2,2,1,0
0,32,86.9,75.5,7,0.05,2,1,3,2,1,0
0,-39,78.8,65.3,7.7,-0.24,2.08,9,0,0,0,0
0,40,88.7,68.1,7.8,-0.24,2.04,9,2,1,0,0
0,-10,59.7,70.2,7.3,-0.16,3.15,9,1,1,0,0
0,-7,93.9,69.8,7.5,-0.65,1.79,8,0,1,1,0
0,-15,68.5,70.6,8.1,0.7,2.12,8,0,0,0,0
0,-48,65.5,74.1,7.9,0.76,1.87,8,1,2,0,0
0,-4,96.4,73.9,7.1,0.6,1.83,8,0,1,0,1
0,15,107.8,75.8,8.3,-0.03,1.77,8,0,0,0,1
0,-10,102.2,67.5,6.6,0.14,2.6,7,0,0,0,0
0,26,88.7,67.8,6,0.13,2.95,7,1,2,1,1
0,11,89.9,67.1,7.8,0.44,2.08,6,1,1,0,0
0,14,77.5,73.6,6.5,0.44,2.59,6,2,0,1,0
0,-71,63,38.7,5.7,-0.38,1.83,6,0,2,0,0
0,-38,79,69.8,5.5,0.21,2.32,5,3,2,1,1
0,15,83.9,66.7,7,-0.07,2.87,5,3,2,1,0
0,-4,78.3,60.5,6.2,0.95,2.02,5,0,2,0,0
0,-3,99.8,67.7,7.9,-0.83,2.33,5,0,1,1,0
0,59,95.4,74.1,7.7,0.09,2.62,5,1,2,0,0
0,13,96.5,70.5,7.1,-0.04,2.57,5,1,2,1,0
0,1,98.3,69.6,7.1,-0.06,2.02,5,2,1,1,0
0,17,58,71.8,7.2,0.45,1.64,5,1,1,1,0
0,-26,86.9,71.6,7.7,-0.05,1.58,4,0,0,1,0
0,10,80.9,62.7,6.5,-1.04,3.04,4,0,1,0,0
0,29,101.4,65.8,7.4,0.47,3.26,4,0,2,0,0
0,-13,97.1,70.7,7.5,-0.6,2.5,4,1,2,1,0
0,6,93.9,72.1,7.3,-0.11,2.61,4,2,0,0,0
0,26,80.2,70.6,7,-1,2.82,4,0,0,0,0
0,1,89,63,5.9,-0.48,3.84,4,3,2,1,0
0,-11,101.7,68.2,6.9,0.18,2.02,3,3,1,0,0
0,15,98.2,74.5,7.6,0.23,1.7,3,2,2,1,0
0,-32,91.8,76.5,7.1,-0.18,2.74,3,0,1,0,0
0,59,83.1,73.5,7.5,-0.49,2.3,3,0,0,0,0
0,32,82,66.3,6.9,-0.89,3.17,3,3,1,1,0
0,18,90.1,71.4,6.5,-0.25,2.75,3,3,2,1,0
0,1,73.1,69.4,5.7,0.23,2.79,2,2,2,1,0
0,14,80.3,62,6.6,0.44,2.69,2,0,2,0,0
0,45,74.5,70.5,7.2,-0.36,3.25,1,2,1,0,0
0,17,90.8,73.9,6.7,-0.2,1.88,1,2,2,0,0
0,33,83,64.9,8.3,-0.2,1.86,1,2,2,1,0
0,19,62.2,62.9,7.7,0.78,2.59,1,1,1,0,0
0,33,94.8,73.6,7.9,0.41,1.63,1,3,2,1,0
0,-45,83.1,70.5,7,0.28,2.83,1,2,2,0,0
0,8,95.2,67.8,6.1,-0.3,2.99,1,0,2,1,0
0,38,95.1,71.1,6.7,0.57,3.21,1,0,2,0,0
0,0,113,80.9,7.6,0.16,2.05,9,2,1,1,0
0,23,97.7,70.3,6.3,0.13,2.76,9,0,2,0,0
0,-6,103.6,66.9,6.8,-0.61,2.31,9,1,2,1,0
0,37,72.4,62.4,6.1,-0.49,3.51,9,1,0,0,0
0,39,68.8,72.3,8,0.52,2.73,9,3,2,0,0
0,34,96.5,64.5,6.3,0.2,2.19,9,2,2,1,0
0,1,102.7,72.9,6.7,0.05,2.75,9,1,2,1,0
0,23,108.1,75.1,5.9,0.05,2.92,8,2,2,1,1
0,7,91.6,73.7,6.4,-0.04,2.61,8,3,1,0,1
0,24,88,69.2,7.8,-0.01,1.39,8,0,2,1,0
0,10,88.1,67.2,6,-0.47,3.33,8,0,0,0,0
0,36,92.7,74.5,7.2,-0.82,2.07,8,2,2,1,0
0,26,90.5,66.1,7,0.15,2.71,7,0,2,0,0
0,15,89.5,73.3,7.1,-0.24,1.81,7,1,2,0,0
0,67,75.8,69,6.4,0.26,3.14,7,0,0,1,0
0,29,99.4,69.1,6.7,-0.19,3.09,7,0,1,0,0
0,37,76.8,68.4,6.6,-0.81,2.41,7,0,1,0,0
0,3,68,73.9,7.7,-0.14,1.82,7,0,0,1,0
0,24,87.7,65.7,6.7,-0.69,2.68,6,0,0,0,1
0,37,89.7,68,8,-0.74,1.5,6,3,2,1,1
0,-25,96.2,68.7,6.4,0.74,2.71,6,0,2,0,0
0,29,100.9,78.1,7.3,0.42,1.79,6,1,1,0,0
0,15,106,77.9,7.6,-0.4,1.69,6,0,0,0,0
0,-46,66.7,75.6,6.8,-0.27,2.68,6,2,1,1,0
0,12,82.9,67.2,6.6,-0.84,2.33,6,1,2,0,0
0,3,93.6,69.5,6.9,-1.19,2.77,6,0,0,0,0
0,6,95.6,72.9,6.1,-0.47,3.11,5,2,2,0,0
0,7,96.4,77.1,6.8,0.25,1.91,5,1,1,1,0
0,-4,105.9,69.6,7.4,0.07,2.24,5,0,1,0,0
0,28,98.7,69.2,7.3,-0.09,1.92,5,1,1,1,0
0,10,100.8,80.5,7.6,-0.08,2.13,5,0,0,0,0
0,-27,89.5,74.3,6.9,-0.01,2.52,5,3,2,0,0
0,5,108.3,76.4,6.9,0.19,3.04,5,0,1,1,0
0,-2,91.2,71.7,7.7,-0.78,1.22,5,1,1,1,0
0,-13,83.5,68.1,7.6,0.93,2.03,4,2,2,0,0
1,37,100.1,73.9,8,0.01,2.01,4,0,0,0,0
0,5,75.7,69.2,7.3,0.37,1.9,4,3,2,0,0
0,1,95,76.3,8.2,0.05,1.75,4,3,2,0,0
0,21,110.4,72.9,7.2,-0.3,2.23,4,2,2,1,0
0,1,91.4,73.5,8,0.09,2.42,3,0,2,0,0
0,-21,96.9,74.8,7.4,-0.35,1.96,3,1,1,0,0
0,21,103.8,73.3,7.4,-0.15,2.61,3,2,1,1,0
0,-29,84.7,70.9,6.2,-0.36,2.85,2,1,2,0,0
0,7,80.3,63.7,6.4,-1.41,3.05,2,3,2,1,0
0,-7,89.9,63.5,7.6,0.9,1.89,2,2,2,0,0
0,-8,86.4,73.5,8,0.2,2.04,2,0,0,0,0
0,23,90,75,6.4,-0.27,2.97,1,0,0,0,0
0,39,105,75,6.8,0.21,3.08,1,0,0,1,0
0,-32,79.3,66.4,7.2,0.55,1.75,1,0,2,0,0
1,35,110,80.1,7.6,-0.08,2.77,1,3,1,0,0
1,20,112.1,79.7,7,-0.24,2.61,1,3,0,1,0
0,-1,90.9,74.2,7.1,-0.2,2.4,1,2,1,0,0
0,-15,86.3,73.2,7.7,-0.18,2.52,9,1,0,1,0
0,-52,76.4,77.8,8.5,-0.24,1.19,9,0,0,0,0
0,41,97.6,74.1,7.8,-0.41,2.89,9,3,2,1,0
0,25,87.9,66.3,7.1,-1.13,2.14,9,2,2,0,0
0,4,71.5,67.8,6.8,-0.54,2.42,9,1,2,0,0
0,-36,73.3,78,7.1,1.05,2.35,8,0,1,0,0
0,71,80.3,88,7.9,0.56,2.81,8,0,0,0,0
0,38,94.8,70.3,6.9,-1,2.76,8,0,1,1,0
0,-64,69.2,59.5,4.9,0.55,2.64,8,3,2,1,1
0,-4,99,69.5,7.1,-0.41,2.1,8,3,2,1,1
0,1,100.8,67.6,6.5,-0.15,2.35,8,0,0,1,1
0,30,71.3,67.4,6.6,-0.29,2.72,8,3,2,0,1
0,-4,104,68.8,6.4,0.1,3,8,0,0,1,1
0,-4,94.9,65.3,6.4,-0.62,3.57,7,1,0,1,0
0,43,92.5,76.5,6.6,-0.79,3.27,7,0,0,1,0
0,27,76.4,78.7,7.5,-0.44,2.26,7,2,2,1,0
1,34,102.3,70.1,7,-0.33,3.06,7,0,2,0,0
0,19,108.1,80.9,8,0.34,3.27,7,2,2,0,0
0,75,94.6,75.7,8.3,-0.23,3.15,7,0,1,0,0
0,23,101.8,72.4,6.7,0.02,2.96,7,1,0,1,0
0,-12,99.2,69.2,7.6,0.1,1.83,7,0,0,0,1
0,9,74.1,72.2,7.2,-0.19,2.47,6,1,1,0,0
0,-16,94.5,70.8,6.4,-0.42,2.37,6,0,0,0,0
0,15,102.2,73.9,7.4,-0.61,1.88,6,2,2,1,0
0,-8,67.7,69.4,7.5,-0.24,3.03,5,0,1,0,0
0,-5,87.3,75.3,6.9,-0.1,2.94,5,0,1,0,0
0,-11,48.4,70.6,6.8,-1.09,2.97,5,0,1,0,0
0,-10,93.7,68.7,6,-0.31,2.7,5,1,1,1,0
0,0,101.3,73.7,6.6,-0.51,2.73,5,0,0,0,0
0,-7,96.4,72.3,7.3,-0.51,2.82,5,1,2,1,0
0,15,88.5,69,5.8,0.15,2.83,5,0,0,1,0
0,30,87.9,76.8,7.9,0.39,1.76,5,1,1,0,0
0,16,92.2,72,6.1,-0.28,1.75,4,1,1,1,0
0,-38,68.2,70.6,7.7,0.67,2.15,4,2,2,0,0
0,30,83.8,71.5,9.2,0.69,2.18,4,1,1,0,0
0,10,100.1,77.8,8.6,0.37,2.43,4,3,2,0,0
0,39,93.6,72.2,6.5,-0.34,2.32,4,1,2,1,0
0,60,70.3,66.9,7.1,-0.15,2.51,4,2,1,0,0
0,-6,68.9,77.9,7.6,-0.97,2.27,3,0,1,0,0
0,27,99.7,68.9,6.4,-0.69,2.72,3,1,2,1,0
0,31,86.5,73.1,8,0.7,2.28,3,0,0,0,0
0,22,106.7,75.2,7.6,0.45,2.44,3,1,0,0,0
0,2,92.8,82.4,8,-0.21,2,3,0,1,1,0
0,42,100.1,75.9,7.1,-0.17,2.21,2,1,1,1,0
0,19,99.1,64.6,6,-0.57,2.9,2,0,0,1,0
0,33,82.2,78.7,9.1,0.8,2.17,2,1,2,0,0
0,6,111.8,85.1,6.9,0.81,1.9,2,1,1,1,0
0,59,94.3,71.5,8.2,0.6,2.89,1,0,2,0,0
0,8,77.7,64.5,6.6,-1.36,2.15,1,0,2,1,1
0,10,111.4,74.5,6.4,-0.14,2.55,1,0,1,1,1
0,-17,69.4,76.5,7.5,-0.5,2.26,1,0,0,1,0
0,47,92.6,71.2,7.6,0.57,2.47,1,3,2,0,0
0,-20,91.8,73.3,6.9,0.34,2.27,1,1,1,1,0
0,16,104.4,69.4,6.7,0.02,2.25,9,3,1,1,0
0,-6,89.8,71.2,6.6,-0.33,3.03,9,2,1,0,0
0,42,96.1,75.2,6.8,-0.22,2.85,9,1,0,1,0
0,17,101.8,70,7.7,0.57,2.18,9,1,1,0,0
0,-30,69.2,74,7.2,-0.13,1.68,9,1,0,1,0
0,21,108.1,76.6,8.2,0.24,1.95,9,3,2,1,0
0,12,101.8,76.5,6.1,-0.28,2.88,9,1,2,1,0
0,-5,91.6,61.4,7.5,0.1,1.22,9,3,2,1,0
0,26,101.5,72.9,7.5,-0.84,2.2,9,3,2,1,0
0,77,72,71.8,6.7,0.04,3.15,8,1,2,0,1
0,13,72.4,67.5,5.8,-0.68,2.85,8,1,1,0,1
0,10,91.1,68,6.8,-0.43,2.96,8,3,2,0,1
0,8,96.7,74.8,7,-0.05,2.51,8,1,0,1,1
0,-5,87.2,60.8,8.1,-0.96,1.48,8,2,2,1,0
0,-51,64.6,69.2,7,-0.71,1.96,8,2,1,1,0
0,-8,70.6,72.4,8,0.45,0.81,7,0,1,0,1
0,-11,59.1,65.2,8.3,1.04,2.13,7,1,2,0,1
0,-48,62.9,72.2,8,-0.16,2.31,7,1,0,0,0
0,17,92.5,62.1,6.6,-0.44,2.9,7,3,2,1,0
0,56,94.7,76.5,6.9,0.04,2.96,6,3,1,0,1
0,26,103.5,72.3,7.3,-0.23,2.69,6,1,1,1,0
0,58,73.3,65.3,5.8,0.23,3.15,6,1,1,1,0
0,7,103.1,72.1,8,-0.83,1.32,5,3,2,0,0
0,10,108.2,74.1,7.5,0.03,2.23,5,2,2,0,0
0,27,86.5,71.9,6.8,0.61,2.76,5,1,0,1,0
0,-30,89.2,59.7,6.3,-0.41,2.66,5,3,2,1,0
0,29,94.9,72.7,7.5,-0.24,1.61,4,1,2,1,0
0,38,79.1,65.3,6.8,0.73,2.28,4,0,1,0,0
0,15,105.8,72,7.2,-0.09,2.25,4,0,0,1,0
0,61,81.4,68.6,6.2,-0.46,3.42,4,0,2,0,0
0,13,89.5,77.7,6.9,-0.53,3.25,4,2,1,1,0
0,-14,93.2,76.7,7,-0.88,2.17,4,2,1,0,0
0,46,91,70.6,5.8,-0.06,3.57,4,1,2,1,0
1,26,101.1,77.7,8.1,-0.39,1.75,4,2,2,1,0
0,66,76.5,73.5,8.4,-0.46,1.58,4,0,0,1,0
0,-16,102.2,74.9,7.7,-0.19,1.93,3,0,0,0,1
0,-28,89.1,77.3,7.8,0.25,2.88,3,1,0,0,1
0,44,67.6,67.4,7.8,0.99,2.4,3,0,0,0,1
0,66,83.6,67.8,7.5,-0.63,2.25,3,1,1,1,0
0,22,67.1,56.9,5.4,0.19,3.09,3,1,2,1,0
0,43,78.3,61.6,8.3,-0.24,1.06,3,0,2,1,0
0,16,102.7,77.5,7.2,0.16,2.09,2,3,1,0,1
0,12,69.8,69,7.6,1.56,1.68,2,1,2,0,1
0,35,71.4,71.7,6.9,-0.04,2.63,2,3,2,0,1
0,76,93.6,79.9,8.1,0.07,2.92,2,3,1,0,0
0,65,101.6,74.3,7.3,0.2,2.66,2,0,1,1,0
0,0,105.3,72.4,7.4,-0.27,2.17,1,0,0,1,1
0,-26,103.6,74.4,7.2,0.14,1.93,1,2,2,0,1
0,11,108.6,76.7,6.6,-0.35,2.71,1,2,2,0,1
0,21,109.6,78.7,7.4,0.03,2.75,1,0,0,1,0
0,29,88.4,65.8,7.5,-1.11,2,1,0,2,1,0
0,-12,91.3,61.6,5.9,-0.76,3.5,1,1,2,1,0
0,19,65.8,61.7,7.4,-0.84,1.87,1,0,1,1,0
0,33,98.6,69.5,6.4,-0.11,3.53,9,0,0,1,0
0,24,94.7,66.9,5.9,-0.55,3.64,9,1,2,1,0
0,58,63.2,55.6,8,0.84,1.97,8,2,2,0,0
0,3,103.8,69.5,7,-0.63,1.43,8,1,2,0,0
0,-4,93.5,71.2,6.8,-0.69,1.93,8,1,2,0,0
0,54,85,79,8.2,-0.27,2.01,8,2,0,1,0
0,12,102.7,74.1,7.4,-0.15,1.88,8,2,2,0,0
0,56,87.7,73.9,7.7,0.4,2.04,7,2,2,1,1
0,31,87.4,74.1,6.7,-0.68,2.1,7,0,0,0,1
0,29,91.7,77.9,8.9,-0.41,1.99,7,3,1,0,1
0,-72,55,64.9,6,0.98,2.73,7,1,1,1,1
1,23,107.9,72.6,7.8,0.01,2.76,7,0,1,1,0
0,7,86.3,62.1,6,0.16,3.13,7,2,2,0,0
0,-43,77,74.3,7.5,-0.54,2.04,6,0,0,0,0
0,20,103.6,68.7,7,0.23,2.97,6,1,2,1,0
0,-7,97.8,77.6,6.8,0.67,2.35,6,3,2,1,0
0,-6,82.7,82.3,8.2,0.33,1.7,6,3,1,0,0
0,20,101,69.3,6.5,-0.1,2.63,6,0,0,1,0
0,12,55,68.3,6,0.52,2.19,5,2,2,1,0
0,-68,46.7,79,8.4,0.33,1.76,5,2,0,0,0
0,22,100.8,71.5,6.8,0.18,2.32,5,0,1,0,0
0,28,78.7,71.1,7.7,-0.14,1.6,5,1,1,1,0
0,-1,96.2,67.5,6.6,0.48,1.77,5,1,1,0,0
0,33,92.7,71.6,7.3,0.59,2.34,5,2,0,1,0
0,-22,21,11.4,1.1,-0.18,2.77,5,0,0,1,0
0,26,98.8,69,6.9,0.08,3.07,4,1,0,0,0
0,66,70,71.3,7,0.45,2.52,4,0,0,0,0
0,8,90.6,72.2,6.6,0.71,2.66,4,2,2,1,0
0,21,104.4,73.1,7.6,-0.14,1.75,4,0,0,0,0
0,-30,81.7,67.5,6.4,-0.02,2.72,4,0,1,1,0
0,-55,63.4,67.3,6.7,-0.07,2.45,4,1,1,0,0
0,-3,111.1,77.4,6.6,0.28,2.18,4,1,0,1,0
0,36,93.3,67.4,8.6,0.01,1.88,3,1,0,0,0
0,45,87.2,73.6,7.1,-0.06,2.93,3,3,2,1,0
0,54,79.7,70.9,6.8,-0.67,3.23,3,2,1,0,0
0,12,110.1,75.7,7.3,-0.08,1.83,3,2,2,0,0
0,6,98,73.1,6.9,-0.41,2.27,3,0,1,1,0
0,9,97.9,68.8,6.5,-0.15,2.25,3,0,0,0,0
0,48,91.7,66.5,6.7,-0.51,2.89,3,2,2,1,0
0,11,85.4,68.9,7.3,-0.22,2.13,2,0,0,1,0
0,11,89.6,64.8,7.1,-0.18,1.53,2,0,1,0,0
0,70,78.7,63.5,6.6,0.04,2.67,2,3,2,1,0
0,13,97,73.4,6.6,-0.15,2.57,2,2,2,1,0
0,58,85,71.5,7.3,0.14,2.78,2,0,0,1,0
0,-42,85.4,73.7,7,0.14,2.76,2,1,2,0,0
1,24,108.2,78.6,7.2,0.03,2.3,2,2,1,0,0
0,-15,89.9,70.1,6.5,0.13,2.53,1,0,1,1,0
0,10,105.8,75.6,7.1,-0.26,3.39,1,0,1,0,0
0,0,98.8,77.7,7.4,0,3.26,1,0,1,0,1
0,-2,55.9,66.5,8.8,0.18,1.01,9,0,1,0,1
0,13,57.6,70.5,6.7,-0.55,2.85,9,0,0,0,1
0,-2,81.6,71.2,6.2,-0.48,2.8,9,0,1,0,1
0,-18,43.3,51.9,5.5,-1.35,2.65,9,0,0,0,0
0,9,110.5,76.7,7.4,0.18,2.63,9,1,1,1,0
0,11,98.8,71.4,6.7,-0.16,2.75,9,2,2,1,0
0,29,95.3,67.9,6.7,-0.01,2.47,9,0,0,0,0
0,7,73.6,66.2,7.4,-1.02,2.23,9,0,0,1,0
0,3,78.5,74,7.9,-0.09,1.85,8,3,2,1,0
0,-11,75.5,71.6,6.8,-0.13,1.74,8,0,2,0,0
0,-1,100.4,71.8,7.7,0.06,1.72,8,1,1,0,0
0,11,83.8,63.7,6.2,-0.41,1.44,8,2,1,0,0
0,23,105.1,78,7.1,-0.33,2.21,8,1,1,1,0
0,-52,55.5,41.8,4.9,-0.62,3.38,8,2,2,1,0
0,5,105.9,71.5,6.5,-0.13,3.22,7,2,2,1,0
0,-52,66.1,65.7,6.6,-0.01,2.17,7,3,1,0,0
0,39,82.6,76.3,7.1,-0.23,2.75,7,0,0,0,0
0,46,99.9,71.7,7.2,0,3.25,7,0,1,1,1
0,30,80,65.4,7.9,0.98,2.35,6,1,0,0,1
0,58,91.6,74.3,8.4,1.23,2.7,6,3,2,0,1
0,-4,74.4,75.7,6.7,-0.78,2.7,6,1,2,0,1
0,38,97.3,72.7,8.1,-0.09,1.75,6,0,0,0,0
0,19,97.4,72.1,7.2,-0.43,2.08,6,2,1,1,0
0,-15,100.1,70.3,6.5,0.05,2.46,6,0,1,0,0
0,34,88.3,72.5,6.3,0.1,3.03,6,2,1,1,0
0,6,94.4,71,7.5,-0.45,2.77,6,3,1,0,0
0,-1,68.6,75.3,8.1,0.57,2.17,5,2,0,0,1
0,0,85,74.4,8.6,0.27,1.85,5,1,2,0,1
0,20,91.7,69,6.7,0.41,2.11,5,2,2,1,0
0,34,88.6,69.4,6.6,-0.43,2.89,5,1,0,0,0
0,-7,99.2,71.1,7.4,0.08,1.08,4,0,1,0,1
0,21,112.1,77.2,8.9,0.46,1.56,4,1,2,0,1
0,35,98.3,63.9,7.5,-0.73,2.75,4,1,2,1,0
0,56,80,70.2,7.3,0.1,2.22,4,1,2,0,0
0,19,101.4,75.3,7.7,-0.11,2.51,4,0,0,1,0
0,50,105.2,77.5,7.9,-0.34,2.59,3,3,1,0,1
0,26,81.1,62.8,7.5,1.11,2.13,3,1,2,0,1
0,70,78.5,68.4,7.6,-0.15,2.63,3,1,2,0,0
0,18,95.3,67.9,6,-0.26,3.1,3,3,2,1,0
0,0,80,64.4,6.5,0.26,2.71,3,2,2,0,0
0,0,74.8,69.2,7.7,0.19,0.77,2,0,2,0,1
0,1,108.8,74.8,7.4,-0.22,2.14,2,0,2,0,1
0,-24,106,68.4,6.7,-0.12,2.31,2,0,0,0,1
0,-27,84.8,69.2,7,-0.8,1.97,2,0,1,0,0
0,11,99.2,67.3,7,0.31,2.96,2,0,2,0,0
0,25,105.6,79.7,7.8,-0.47,1.7,1,0,0,0,1
0,-63,62.1,82.2,7.7,0.41,2.07,1,0,1,0,1
0,17,105.9,72.8,7.1,-0.16,2.03,1,2,1,0,0
0,-1,93.9,61.2,6.6,-0.01,2.89,1,1,2,0,0
0,-12,83.8,66.8,6.2,-0.15,2.77,1,3,2,1,0
0,71,86.1,78.5,6.8,-0.22,2.9,9,1,1,1,1
0,-56,83.9,70.8,6.8,0.31,1.89,9,1,0,0,1
0,38,78.4,80,7.5,-0.41,1.95,9,3,2,0,1
0,12,76.5,56.7,5.4,-0.68,2.73,9,0,0,0,1
0,-20,82.9,75.2,7.8,-0.42,1.74,8,1,2,1,0
0,-11,90.6,79.2,8.1,0.3,2.16,8,0,2,0,0
0,7,98.6,65.5,6.7,-0.47,3.47,8,2,2,1,0
0,-54,67.9,59.1,6.1,1.15,3.73,8,2,2,0,0
0,39,83.1,72.5,6.6,-0.24,3.47,8,0,1,0,0
0,27,86.3,80.6,7.7,-0.54,2.48,8,3,1,0,0
0,-7,80.6,76.8,7.7,0.8,2.75,7,1,1,0,0
0,31,90.1,72.8,8,0.26,2.46,7,0,0,0,0
0,78,72.4,70.2,7.8,-0.06,2.54,7,2,1,0,0
0,-5,99.7,71.4,6.7,0.46,2.36,7,1,0,0,0
0,33,95.5,75.3,7.4,-0.42,3.03,7,0,1,0,0
0,4,76.1,71.7,6.1,-0.25,3.18,7,1,0,0,0
1,33,95.3,71.2,6.3,0.01,3.06,7,1,0,0,0
0,55,91.9,75.8,6.9,-0.41,2.8,6,2,2,1,1
0,-16,67.9,78.5,7.4,-1.08,3.02,6,0,1,0,1
0,60,96.2,77.7,8,0.51,3.07,6,1,0,0,1
0,21,103.5,73.6,7.2,-0.28,2.06,6,0,1,0,1
0,14,107.1,73.3,7.5,0.1,2.65,6,0,1,0,1
0,-3,99.9,67,6.1,-0.91,2.76,6,2,2,1,0
0,23,79.8,76.2,7.4,-0.73,2.72,6,1,1,0,0
0,-16,88.7,71.6,7.7,0.76,1.87,5,1,1,0,1
1,36,90.9,71.8,6.1,0.36,2.31,5,2,0,0,1
0,0,108.1,77,7.3,-0.21,2.01,5,1,1,1,1
0,65,93.2,74.7,8,0.42,2.52,5,0,0,0,0
0,19,97.1,71.3,7.8,0.37,1.71,5,1,1,0,0
0,14,90.9,68.1,6.3,0.71,3.46,5,1,1,0,0
0,20,102.7,73.9,7.4,-0.35,2.65,5,0,1,0,0
0,55,98.6,78.3,8.3,0.9,3.03,4,0,1,0,1
0,62,76.4,73.5,7.9,0.76,2.17,4,2,2,0,0
0,10,93.2,69.2,6,0.11,3.2,4,1,1,0,0
0,-13,96.1,71.7,7.2,-0.78,2.82,4,3,1,1,0
0,15,101.3,77.6,7.2,0.39,2.3,4,2,2,0,0
0,-18,99.7,71.9,7,-0.26,2.55,3,2,2,0,1
0,0,90.7,69.7,7.7,0.13,1.99,3,1,1,0,1
0,38,104.5,80.4,7.6,0.25,2.48,3,1,0,0,0
0,4,92.8,73.9,7.1,-0.58,2.48,3,0,0,0,0
0,70,88.6,74.9,8,-0.33,2.39,2,0,1,0,1
0,18,104.2,71.8,7.3,0.4,2.24,2,0,1,0,1
0,-18,85.3,76,6.8,0.33,2.55,2,2,2,1,1
0,23,74.8,67.2,8.1,1.21,2.25,2,1,1,0,0
0,15,112.8,77.9,7.9,-0.38,2.63,2,1,1,0,0
1,29,97.4,70.3,7.6,-0.56,2.35,2,0,1,1,0
0,68,80.7,71.5,8.2,0.52,2.08,2,0,1,0,0
0,16,49.4,66.1,6.7,-0.92,2.31,2,3,2,0,0
0,62,91.9,80.5,8.6,0.93,2.25,1,1,2,0,1
0,11,89.3,77.7,7.9,0.65,2.12,1,1,2,0,1
0,-18,86.5,80.2,6.9,-0.08,3.17,1,0,0,0,0
0,14,92.6,65.4,7.7,0.13,2.86,1,2,2,0,0
0,8,81.2,73,7.5,0.33,2.27,1,0,1,0,0
0,24,76.8,73.6,7.9,0.3,2.32,9,0,0,0,0
0,51,90.7,74.2,7.1,0.05,2.62,9,0,1,1,0
0,22,85.7,70.8,7.5,0.15,2.7,9,1,2,0,0
0,50,91.4,69.5,7.3,-0.08,2.45,9,1,1,0,0
0,54,91.2,70.3,6.9,-0.43,2.16,9,1,2,0,0
0,-49,33.5,55.7,5.3,-1.53,3.4,9,3,2,0,0
0,22,70.6,61.8,8,0.76,1.7,9,0,1,0,0
0,39,99,70.4,8,1.09,2.03,9,1,1,1,0
0,35,104.5,76.3,7.6,0.02,3.07,9,3,1,1,0
0,69,87.9,77.4,8.3,-0.47,1.81,8,2,2,0,0
1,24,98.9,78.2,7.9,-0.36,2.13,8,0,0,0,1
0,20,89.8,69.5,7.5,0.35,2.48,8,1,2,0,1
0,-2,105.3,73.7,6.8,-0.3,1.73,8,3,1,0,0
0,15,98.7,69.8,7.4,0.34,2.74,7,0,1,0,0
0,36,99.9,75.8,7.3,0.12,2.75,7,1,2,1,0
0,34,91.3,74.9,7.7,-0.66,2.43,7,0,0,0,0
0,49,68,74,7,0.15,2.72,7,0,1,1,0
0,-35,82.7,58.6,8.1,1.11,2.22,7,0,1,0,0
0,47,102,80.6,7.9,-0.57,2.29,7,2,1,1,0
0,37,83,69.6,8.2,-0.63,2.03,6,2,2,0,0
0,55,77.8,72.4,6.9,-0.05,2.74,6,2,2,1,0
0,2,108.4,73.6,7.2,-0.04,2.76,6,0,0,0,0
0,-18,79.4,61.7,7.4,-0.71,1.62,6,2,1,1,0
0,-26,89.9,68.2,6.1,-0.36,2.76,6,2,1,1,0
0,-7,86,69.6,6.4,-0.63,3.03,5,0,0,0,0
0,-15,83,68.2,7.2,-0.04,2.82,5,3,2,1,0
0,-30,99.8,72.8,6.7,0.19,2.42,5,3,2,0,0
0,36,91.5,76.3,7.6,-0.04,2.76,5,0,0,0,0
0,-3,79.5,68.2,6.9,-1.28,2.95,5,1,2,1,0
0,-2,104.3,68.8,7.2,0.25,1.86,4,0,1,0,0
0,8,41.7,66.8,5.7,-1.04,3.72,4,1,0,0,0
0,80,66.6,71.1,8.8,0.35,1.22,4,0,1,1,0
0,33,94.4,72.5,7.4,-0.13,2.26,4,2,0,0,0
0,3,98.6,72.4,7.2,-0.51,3.71,4,0,0,1,0
0,-12,92.7,74.4,7.4,-0.17,2.39,3,2,1,0,0
0,0,101.7,67.9,5.9,-0.02,2.73,3,1,1,0,0
0,41,101.5,76.2,7.5,-0.22,2.96,3,0,0,0,0
0,-48,80.7,69.6,7.6,0.54,1.04,3,0,2,0,0
0,4,106.8,71.6,7.3,-0.36,2.31,3,1,0,1,0
0,26,73.6,73.3,6.6,0.37,2.13,3,2,1,1,0
0,-60,87.1,67.3,6.3,0.27,1.84,3,0,2,0,0
0,49,88.3,72,6.7,-0.14,2.83,3,2,2,0,0
0,45,91.1,76.9,7,-0.47,3.43,3,1,1,1,0
0,25,88.2,62.8,7.4,-0.02,2.23,2,2,0,1,0
0,-9,103.7,70.9,7.6,0.35,1.81,2,2,1,0,0
0,20,109.3,76.9,7.6,-0.14,2.73,2,1,1,1,0
0,-23,82.1,52.8,6.2,-0.62,1.72,2,2,0,0,0
0,74,82.9,75.2,7.6,0.37,3.06,2,2,0,1,0
0,29,100.8,72.5,8.4,0.07,1.71,1,2,2,0,0
0,28,100.4,69.8,7.3,-0.04,2.91,1,3,2,0,0
0,-3,101.7,72.7,7.4,0.24,1.68,1,1,2,1,0
0,76,77,66.5,7.6,-0.1,2.16,1,0,0,0,0
0,-21,81.3,68.7,6.7,-0.83,2.97,1,2,0,0,0
0,-10,64.7,67,5.4,0.14,3.47,1,0,0,1,0
0,-3,99.6,71,6.7,-0.07,2.68,9,0,0,0,1
0,5,95.8,74.9,7.5,-0.84,1.93,9,0,0,0,1
0,41,90.5,72.4,7.5,0.12,2.39,8,0,2,0,0
0,37,104.4,72.7,7.7,-0.7,2.82,8,3,2,0,0
0,17,93.8,72.2,7.2,-0.07,2.68,8,0,2,1,0
0,0,97.1,65.4,7.1,-0.61,2.15,8,0,1,1,0
0,55,91.3,74.3,7.6,-0.18,2.17,8,0,0,1,0
0,-52,69.9,68.3,6.7,-0.03,2.8,8,3,2,1,0
0,20,84.2,68.9,7.9,0.98,2.04,7,0,1,0,1
0,45,77.1,74.1,7.3,-0.86,1.56,7,2,2,1,1
0,4,84,65,7.8,-0.47,2.26,7,2,2,1,1
0,-63,61.2,66.2,5.9,0.92,2.92,7,1,0,1,1
0,-20,101.2,71.8,7.1,0.28,2.36,7,0,0,1,0
0,8,99,65.2,6.8,0.46,2.33,7,0,0,0,0
0,5,98.4,72.8,8.1,0.08,2.8,6,1,0,0,0
0,-18,82.6,73.6,7.7,-0.21,1.85,6,2,0,1,0
0,44,93.5,74,7.9,0.71,3.13,6,1,2,0,0
0,-8,96.4,63.3,6.1,-0.46,3.39,6,0,2,1,1
0,29,101.9,70.1,7,-0.4,2.25,6,3,2,1,1
0,49,92.3,71,7.2,-0.65,2.72,5,2,2,0,0
0,0,95.6,72.8,7.6,-0.67,1.78,5,0,2,1,0
0,8,102.4,78.7,8,0.25,2.14,5,2,1,1,0
0,5,99.3,69.8,6.9,0.39,2.41,5,0,0,0,0
0,-41,89.1,73.8,6.3,0.19,2.77,5,0,1,1,0
0,0,80.7,64.3,6.1,-1.07,2.69,4,1,0,0,0
0,-3,81.1,71,8.8,-0.33,1.1,4,3,2,1,0
0,2,105.3,69.6,6.9,0.38,2.72,4,2,2,0,0
0,64,88.9,71.9,8,0.77,3.46,4,0,1,0,0
0,5,72.5,71.1,7.6,1.13,1.16,4,1,1,0,0
0,-22,103,70.1,6.7,0.46,2.11,3,1,1,1,0
0,1,109,78.1,7.6,0.05,2.15,3,0,0,1,0
0,24,95.9,73.7,7.7,0.59,2.08,3,3,1,0,0
0,-14,95.5,74.5,7.7,-0.06,1.91,3,1,1,1,0
0,14,86,73,7.9,0.39,1.67,3,0,0,0,0
0,-26,55.1,57,5.3,0.88,3.67,3,3,2,1,0
0,23,100.3,70.1,6.3,-0.05,3.15,3,0,0,0,0
0,-8,70.2,66.4,8.4,-0.59,0.75,2,2,2,1,0
0,72,77.1,75.1,7.6,-0.27,3.13,2,2,0,0,0
0,-16,63.2,55.9,7.9,-1.12,1.5,2,0,2,1,0
0,62,63.3,78.1,7.7,0.33,2.55,2,3,2,1,0
0,-6,91.5,69.7,7.4,0.76,2.93,2,1,1,0,0
0,8,90.1,65.3,7,-0.65,2.06,1,2,0,1,0
0,2,76,69.4,8.3,0.18,1.32,1,0,2,0,0
0,-14,107.6,77.6,7.3,0.15,2.16,1,0,0,1,0
0,3,71.5,74.2,7.9,-0.29,1.63,1,2,2,0,0
0,0,106.1,81.1,8.5,0.12,2.38,1,0,0,1,0
0,24,109,78.3,7,0.52,3.48,1,2,0,0,0
0,4,75.5,73.7,7.7,-0.24,1.96,1,1,1,1,0
0,38,89.2,64,7.5,-0.22,2.37,1,2,1,1,0
0,78,83.8,71.1,8.1,0.24,2.15,9,0,0,0,0
0,13,102.8,71.8,7.3,-0.67,1.62,9,0,1,1,0
0,84,94.1,71.5,7.8,0.11,3.82,9,0,2,0,0
0,14,92,73.5,6.9,-0.17,2.7,9,3,1,1,0
0,14,100.2,74.9,7,-0.55,2.19,9,0,1,1,0
0,9,106.3,74.2,7.4,-0.28,2.09,9,2,0,0,0
0,82,79.8,68.2,7.4,0.31,2.68,8,2,1,0,0
0,13,90.1,80.7,8.1,0.35,1.61,8,1,0,1,0
0,16,78.7,74,7.5,0.62,2.69,8,2,2,0,1
0,-13,85.8,66.5,6.9,0.68,2.05,8,0,1,0,1
0,-35,52.9,68.6,8.3,0.45,2.85,8,2,2,0,0
1,27,100.3,70.5,8.1,-0.59,2.22,8,1,0,1,0
0,31,88.5,70.8,7.4,-0.12,2.18,8,0,0,0,0
0,19,101,71.5,7.3,-0.09,1.64,8,2,2,0,0
0,-61,89.2,69.8,6.2,0.02,2.82,8,0,1,1,0
0,16,59.3,62.1,6.8,-0.89,2.29,7,1,1,0,1
0,7,105,74.9,7.6,-0.16,2.61,7,0,0,0,1
0,7,88.5,75,6.7,-0.82,2.44,7,1,0,0,1
0,60,79.1,74.3,8.3,0.18,1.54,7,1,1,0,1
0,3,102.2,67.7,6.3,0.12,3.28,7,1,2,0,1
0,-14,74.5,59.5,5.2,-0.12,3.34,6,0,2,0,1
0,-62,71.4,74.6,6.8,0.62,2.54,6,1,1,0,1
0,1,108.5,76.9,6.9,0.39,1.79,6,1,2,0,1
0,4,77.5,61.4,5.3,-0.65,2.92,5,0,2,0,1
0,-62,57.3,59.7,5.4,-0.56,2.96,5,0,2,0,1
0,71,96.1,75.5,8.1,-0.21,2.65,5,0,0,0,1
0,18,99.9,77.2,7,0.17,2.36,5,2,2,0,1
0,-5,70.2,62.9,6.1,0.8,2.32,5,0,0,1,1
0,6,99.7,64.6,7.1,-0.04,2.19,4,0,0,1,1
0,41,82.9,66.5,7,0.93,2.32,4,2,1,0,1
0,67,85.7,69,7.1,0.26,3.31,4,0,0,1,1
0,-2,101.8,69,7.2,0.3,1.95,4,1,1,0,1
0,27,95.7,71.7,6.4,-0.23,3.39,3,0,1,0,1
0,54,90.3,64.3,6.2,0.43,3.76,3,1,0,1,1
0,9,101.9,75.2,7.2,0.33,2.43,3,0,0,0,1
0,23,79.3,60.2,5.9,0.6,2.95,3,1,1,1,1
0,21,97.8,70.6,6.7,0.02,3.23,2,0,0,0,1
0,76,93.1,75.1,7.2,-0.79,3.1,2,1,0,0,1
0,-38,95.8,72.2,8,0.55,2.3,2,0,2,0,1
0,29,83.3,70.3,7.3,-0.73,1.88,2,0,1,1,1
0,-48,63.6,60.9,7.4,0.32,1.75,2,2,2,0,1
0,-8,93.9,67,6.9,0.38,2.35,1,3,2,1,1
0,51,70.9,67.5,6.6,0.13,3.37,1,2,1,0,1
0,67,92.5,75.8,7.1,0.25,2.82,1,3,2,0,1
0,40,93.3,74.7,7.9,-0.08,2.67,1,0,1,0,1
0,21,87.2,81.4,7.8,-0.42,2.29,1,1,0,0,1
0,-9,62.1,64,7.9,-0.53,1.11,9,1,2,1,0
0,9,90,73.8,6.4,0.02,2.68,9,2,2,1,0
0,56,82.7,66.4,7.3,-1.28,2.41,9,2,2,1,0
0,-18,99.1,78.9,8.1,-0.7,1.96,9,1,1,0,0
0,-17,93.4,69.7,6.3,-0.16,1.86,9,1,1,0,0
0,12,105.6,75.4,6.9,0.3,1.96,9,0,0,1,0
0,35,99.4,75.2,8.3,0.39,1.54,9,0,0,1,0
0,-28,100.2,68.3,6.7,0.03,1.93,9,1,1,0,0
0,33,95.5,68.4,6.4,-0.21,3.03,8,2,0,0,0
0,5,98.6,72.1,7,0.18,3.28,8,2,2,1,0
0,74,88.5,82.6,7.4,-0.09,2.09,8,1,0,1,0
0,-12,97,70.3,7.4,-0.12,3.64,8,1,2,1,0
1,29,101.2,71.4,7,-0.11,2.08,8,2,1,1,0
0,12,100.4,70.1,7.4,-0.93,2.25,8,1,2,1,0
0,-29,63,67.6,6.3,-0.82,1.67,8,1,0,0,0
0,48,62.4,59.3,5.9,0.21,3.03,7,2,2,1,0
0,-27,64.3,71.5,7.9,-1.2,2.15,7,0,1,1,0
0,-15,93.5,71.1,6.8,0.19,1.42,7,3,2,0,0
0,9,104.9,73.3,8,-0.13,1.71,7,3,2,1,0
0,-1,84.6,71.4,7.1,-0.18,1.67,6,2,1,1,0
1,25,103.2,72,7.4,0.04,2.19,6,2,2,0,0
1,28,107.4,73.9,7.8,-0.72,2.68,6,1,1,1,0
0,-24,71.7,67.2,7.4,-1.02,1.48,6,0,1,1,0
0,1,82.4,71.7,7.6,0.48,1.88,6,0,0,0,0
0,22,64.2,68.5,6.4,0.24,2.16,5,3,2,1,0
0,15,112.9,75.6,7.8,-0.28,2.02,5,2,2,1,0
0,-4,98.7,69,6.6,-0.69,3.05,5,0,0,1,0
0,44,96.2,70,7.1,-0.36,2.16,5,0,0,1,0
0,19,97.4,65.5,7.4,-0.87,3.15,5,1,2,1,0
0,-4,76.8,78.2,7.3,-0.11,1.44,5,0,2,0,0
0,26,90.6,69.9,6.5,0.6,2.57,5,3,2,0,0
0,18,109.2,72.1,7.7,0.3,2.83,4,0,0,0,0
0,31,89.1,67.3,6.3,-0.39,3,4,1,1,1,0
1,32,103.9,71.8,7.2,-0.1,2.71,4,2,2,0,0
0,16,98.3,74,8.2,-0.82,2.17,4,1,0,1,0
0,78,76.5,73.7,7.3,-0.27,2.61,4,2,1,0,0
0,66,71.7,68.4,6.6,-0.44,3.57,4,0,1,0,0
0,12,112.8,75.3,7.2,-0.15,3,4,3,2,1,0
0,11,76.9,63.9,7.1,-1.02,2.1,3,3,2,1,0
0,58,91.2,69.2,7.5,-0.41,2.09,3,3,2,1,0
0,3,104.5,74.1,7.2,-0.39,2.69,3,1,1,1,0
0,80,95,73.4,7.5,0.42,2.98,3,0,0,1,0
0,-15,89.7,71.5,7.5,-0.4,1.72,3,1,2,1,0
0,-64,57.4,63.5,6.5,0.13,1.75,3,0,0,0,0
1,30,107.5,73.8,6.9,-0.66,2.68,3,1,2,0,0
0,12,98,65,5.9,-0.28,3.53,3,2,2,1,0
0,-3,98.1,72.4,7.5,-0.1,2.92,3,3,1,0,0
1,31,100.9,77.7,8,-0.54,1.97,3,2,2,0,0
0,-10,87.3,69.6,7,-0.47,2.8,2,2,2,1,0
0,28,96.8,66,7.8,0.96,2.4,2,1,2,0,0
0,-17,90.8,72.6,7,-1.1,2.3,2,0,1,0,0
0,-8,78.9,76.2,8.7,-0.17,0.59,2,0,2,0,1
0,21,96.3,76,7.7,-0.03,1.74,2,1,1,0,1
0,17,105.4,73.4,7.8,-0.85,2.44,2,1,2,1,1
0,-40,73,70.9,6.2,-0.32,2.75,2,1,2,0,1
0,24,101.2,73.2,7.3,-0.11,1.6,1,0,0,1,0
0,-20,86.6,63.5,6.4,-0.34,3.03,1,1,2,0,0
0,-8,86.7,73.2,8,-0.63,1.83,1,3,2,1,0
0,46,84.2,69.3,7.5,0.01,1.47,1,2,2,0,1
0,-2,82.7,71.3,7.2,-0.17,2.31,1,2,2,1,1
0,46,96.3,75.9,8.2,0.11,2.27,1,1,1,0,1
0,12,86.9,59.8,6.5,0.05,3.23,1,0,1,0,1
0,-27,77.2,67.6,6,0.85,2.5,9,3,1,1,0
0,43,100.5,72.5,6.9,-0.13,3.61,9,1,1,1,0
0,-8,88.7,71.6,7.5,0.59,2.64,9,0,1,0,0
0,29,85,67.4,7.4,-0.56,2.47,8,0,1,0,0
0,36,100.1,77,8.3,-0.41,1.83,8,0,1,1,0
0,-25,91.1,68.9,6.5,-0.13,3.39,8,2,1,0,0
0,0,107.8,79,6.9,-0.27,2.77,8,3,2,1,0
0,25,95.5,71.4,6.8,0.69,2.36,7,2,1,0,0
0,2,71.1,72.9,6.7,0.56,3.16,7,3,2,1,0
0,57,85,69.2,6.7,0.63,2.48,7,2,2,1,1
0,33,100.5,67.4,6.4,0.42,2.47,7,0,1,0,0
0,64,85.6,79.2,8.1,0.4,2.31,7,2,1,0,0
0,-75,58.5,66.6,6.1,-0.51,2.69,6,3,2,1,0
0,56,62.3,65.5,7.5,0.85,2.01,6,0,2,0,0
0,-15,64,77.2,7.9,-0.1,1.15,6,0,2,1,0
0,-3,90.6,72.6,7.2,-0.26,1.85,6,1,0,1,0
0,-7,90.4,71.3,7.6,0.08,1.32,6,0,1,0,0
0,25,91.9,71.4,6.6,-0.13,2.45,6,2,2,0,0
0,33,93.5,70.5,6.5,0.24,2.63,5,0,1,0,0
0,17,84.9,78.1,6.7,-0.5,2.74,5,2,2,0,0
0,18,106.6,74.9,7,-0.39,2.89,5,0,1,1,0
0,-12,79.7,61.1,6.7,0.59,1.99,5,0,1,0,0
0,3,103.3,74.5,6.5,-0.04,2.46,5,0,0,1,0
0,18,104.1,75.2,7.2,0.13,2.64,5,2,1,1,0
0,30,76.4,69.8,6.7,1.04,1.64,5,3,2,0,0
0,-13,88.3,67.9,6.7,-0.3,2.14,4,1,2,0,0
0,6,73.6,55.3,6.2,0.65,2.06,4,0,2,1,0
0,-34,86.3,70.6,7.3,0.92,2.44,4,0,0,0,0
0,19,90.3,75.9,8.2,0.27,2.47,4,1,1,0,0
0,5,86,59.7,5.7,-0.23,1.97,3,1,2,0,0
1,26,107.5,72.3,7.5,0.19,2.15,3,2,2,0,0
0,-21,89.7,72.7,7.2,-0.8,2.02,3,1,1,1,0
0,22,106.2,69.7,6.9,0,2.4,3,3,2,1,0
0,15,83.5,66.1,5.8,-0.29,3.11,3,3,2,0,0
0,-4,105.9,71.8,7.1,0.2,2.41,2,0,0,1,0
0,-40,61.7,66.2,7.9,1.14,1.77,2,2,2,0,0
0,-26,102.8,80.9,7.9,0.25,2.09,2,1,0,0,0
0,13,98.3,65.4,6.4,-0.14,2.29,2,3,1,1,0
0,16,103.3,74.5,7.7,0.37,2.01,2,2,1,0,0
0,-31,59.5,80.7,7,0.34,2.17,1,3,2,1,0
0,-66,81.3,74.9,7.3,0.77,1.91,1,0,0,0,0
0,-27,100.2,71.3,6.5,0.32,2.26,1,1,0,0,0
0,-9,79.2,69.4,6.5,-0.95,2.71,1,1,0,1,0
0,-17,94.5,71.3,6.6,-0.01,2.53,1,3,1,0,0
1,28,103.1,69.1,6.3,0.85,2.74,1,2,1,1,0
0,32,100.5,70,7.1,0.11,2.55,9,1,1,1,1
0,20,94.6,72.4,7,-0.07,2.78,9,1,2,0,1
0,-4,96.2,75.1,7.1,0.14,2.27,9,0,0,1,1
0,13,102.6,70.8,6.7,-0.71,2.73,9,1,1,1,1
1,24,103.8,69.2,9,-0.18,1.65,9,1,2,0,1
0,14,108.1,74.7,7.3,-0.01,2.08,9,0,0,0,1
0,-36,64,64.6,6.5,-0.18,2.71,9,2,1,0,1
1,31,109.3,85.4,7.8,0.43,2.37,9,3,2,1,1
0,32,89.5,77.5,7.2,0.73,2.57,8,3,2,0,0
0,29,87.2,68.9,6.3,-0.36,2.65,8,0,2,0,0
0,-15,97.5,79.5,7.5,-0.33,1.6,8,0,1,1,1
0,19,92.7,67.9,6.6,0.26,3.52,8,0,1,0,0
0,2,95.7,73.5,7.3,-0.34,1.83,8,0,0,1,0
0,31,84.6,65.1,8.1,-0.24,2.2,8,0,0,1,0
0,4,104.7,71.5,7.6,0.42,2.29,8,0,2,0,0
0,16,82.3,70.7,7.3,-1.03,2.47,8,0,1,0,0
0,-5,65.7,71.8,8.3,0.62,2.64,7,3,1,0,0
0,31,93.8,64.1,7.2,0.64,2.46,7,3,2,0,0
0,-54,32.7,7.8,1.6,-0.29,2.73,7,0,0,1,0
0,5,109.4,75.4,7.5,0.43,2.25,7,0,0,1,0
0,-10,107.1,81.4,7.1,-0.51,2.76,7,0,0,1,0
0,40,97.8,70.2,7.7,-0.14,1.74,7,2,2,1,0
0,-49,48.4,64.2,7.7,0.94,1.67,7,0,2,0,0
0,3,108.2,73,6.9,-0.22,1.79,7,2,2,1,0
0,26,99.4,72.2,7.1,-0.9,2.25,6,3,1,0,1
0,16,100.7,70.7,8.4,0.41,1.83,6,2,2,0,1
0,-15,85.6,67.1,7.6,0.67,1.82,6,0,1,0,1
0,13,104.9,70,7,0.43,2.35,6,0,1,0,1
0,-18,64.4,72.9,7.4,-0.56,2.77,6,1,1,0,0
0,-11,89.7,63.4,8.2,0.69,1.24,6,3,2,0,0
0,-39,68.6,73.3,7.7,-0.15,1.4,6,1,1,0,1
0,-11,59.2,71.9,8.2,0.25,1.67,5,0,0,0,1
0,6,85.2,65.1,7.6,0.53,1.49,5,0,2,0,1
0,-11,90,70.4,7.4,1.06,1.53,5,0,2,0,1
0,23,86.9,75.5,7.3,-0.36,2.03,5,1,1,0,1
0,17,74.5,72,7.2,-1.27,1.31,5,0,2,1,1
0,21,83.7,69.7,6.6,0.69,2.93,5,3,2,0,1
0,41,83.2,73.9,7.7,-0.03,1.91,5,1,2,0,1
0,-6,70.7,75.5,8.1,0.34,1.89,4,0,1,0,1
0,-6,77.4,71.9,7.3,-0.87,1.97,4,3,1,1,1
0,9,83,69.2,6.9,-0.42,1.74,4,1,1,0,1
0,25,97,70.9,8.1,0.51,2.5,4,1,2,0,1
0,46,82.5,76.9,7.8,-0.37,2.87,4,1,1,0,1
0,21,86,68.8,6.5,-0.35,2.24,3,1,2,0,1
0,16,87.2,68.5,7.7,1.22,2.27,3,0,2,0,1
0,37,88,71.1,7.4,0.25,1.68,3,0,0,0,1
0,12,102.9,73,7.3,-0.55,2.25,3,1,2,1,1
0,30,69.2,74.6,8.2,0.04,1.36,3,1,2,0,1
0,-31,67.4,76.4,7.4,0.27,2.16,2,0,0,0,1
0,-5,105.5,70.7,7.7,-0.12,1.45,2,3,2,1,1
0,-2,102.9,73.1,7.4,-0.36,1.82,2,1,1,0,1
0,74,67.8,64,8.1,-0.55,0.86,2,0,2,0,1
0,1,94.2,70.6,7.3,-0.22,2.29,2,0,0,0,1
0,63,86.7,73.1,8.3,0.5,1.8,2,1,1,0,1
1,31,107.2,76.2,8.4,0,2.27,1,1,0,0,1
0,59,95.9,78.2,8.1,0.09,2.27,1,0,0,0,1
0,28,63.2,63.8,6.3,0.71,2.91,8,2,2,1,0
0,-9,71.6,75.6,7.7,-0.29,1.74,8,1,0,1,0
0,74,77.1,70.3,8.5,-0.36,1.83,8,2,2,0,1
0,33,78.5,54.2,8.7,0.59,1.52,7,0,2,0,0
0,-26,77.5,60.4,5.4,-0.89,3.29,7,2,1,0,0
0,5,109.1,77.2,7.4,-0.36,2.87,7,2,2,0,0
0,3,107.6,81.4,7.4,-0.32,2.25,6,2,0,1,0
0,25,77.7,67.7,8,-0.99,1.52,6,3,2,1,0
0,21,58.8,57.1,5.9,-0.9,2.79,6,0,1,0,0
0,-15,93.5,68.9,6.9,-0.33,2.9,6,2,2,1,0
0,39,96.4,70.4,6.4,-0.2,3.23,6,1,0,1,0
0,2,73.1,71.6,6.1,0.45,2.91,6,1,2,1,0
0,-23,105.2,71.7,6.8,-0.53,1.76,5,1,1,1,0
0,31,76.2,71.1,7.2,-1.25,2.19,5,0,1,0,0
0,7,86.4,69.5,7.5,-0.58,1.76,5,0,1,1,0
0,-3,102.5,74.4,7.8,-0.68,1.94,5,0,0,0,0
0,44,94.2,71.5,7.2,0.7,2.76,5,1,2,0,0
0,15,86.7,69.5,6.6,-0.55,3.27,5,3,1,0,0
0,-4,103.1,76.8,7.6,-0.54,1.61,4,1,1,1,0
0,-40,79.4,71.7,7.5,-0.8,1.63,4,0,0,1,0
0,42,84.5,68.1,7.2,-0.04,1.59,4,2,2,1,0
0,7,72.3,68.7,7.5,-0.92,2.17,3,0,0,1,0
0,3,87.5,63.9,6,0.24,3.49,3,2,0,1,0
0,11,104.5,71.3,6.1,-0.26,2.53,3,0,1,1,0
0,23,98,70.9,7.3,-0.36,2.64,3,3,2,0,0
0,-7,95.2,76.4,7.2,0.37,2.36,3,0,0,0,0
0,1,86.4,71.9,7.2,-0.88,2.64,1,0,1,0,0
0,27,92.1,63.3,7.8,-0.45,1.77,1,2,2,1,0
0,2,96.8,75.9,6.8,0.35,2.14,1,1,2,0,0
0,22,81.5,69,6.7,0.12,2.44,1,0,1,1,0
0,4,102.1,75.5,7.6,-0.26,2.07,1,0,1,0,0
0,-17,95.2,77,7.1,-0.41,1.39,9,3,2,0,1
0,-4,102.4,77.2,7,0.06,2.52,9,0,0,1,1
0,37,70.4,65.9,7.2,-1.24,2.95,9,2,2,1,1
0,-22,102.4,72.5,6.8,-0.29,1.79,8,3,2,0,1
1,36,102.3,71.3,7.7,0.69,3.15,8,0,0,1,1
0,10,103,71.8,7.1,0.49,4,8,1,1,0,0
0,-6,91.4,71.5,8.1,-0.44,2.31,8,3,2,1,0
0,16,102.5,69.2,7.6,-0.22,2.75,8,1,2,1,0
0,17,103.7,82.2,7.1,-0.29,1.98,8,0,0,0,0
0,3,92.7,66.2,6.9,0.3,1.59,8,1,1,1,0
0,9,59.5,61.1,8.4,-1.45,1.84,7,2,2,1,0
0,3,85.6,70.7,6.8,-1.07,2.79,7,0,1,0,0
0,7,101,78.2,7.7,-0.76,2.16,7,2,2,1,0
0,2,109.1,75.4,7.9,0.24,1.3,6,0,2,1,1
0,45,80.1,75.9,7.9,0.09,2.09,6,1,0,0,1
0,27,94.3,75,7.8,0.83,2.16,6,3,2,0,1
0,-21,99.9,65.5,6.5,0.74,1.71,6,1,2,1,1
0,-14,98.6,75.5,7.4,0.34,3.26,6,3,2,0,1
0,-3,66.3,73,8.5,0.31,1.59,5,0,0,0,1
0,-62,47.3,54.7,5.3,1.05,2.08,5,0,2,1,1
0,86,87.4,79.6,8.4,0.33,2.3,5,3,1,0,1
0,-4,93.7,66.9,6.7,-0.42,2.28,5,1,1,0,1
0,21,99.8,72.3,7.8,-0.49,1.95,4,1,1,1,1
0,26,81.3,69.6,7.5,0.27,1.76,4,1,2,0,1
0,10,101.2,75.3,6.6,0.52,2.28,4,2,1,0,1
0,-3,101.4,75.1,7.5,0.72,2.62,4,0,0,0,1
0,-31,92.1,77.9,7.6,-0.02,2.61,3,2,2,0,1
0,21,84.9,70.8,7,-0.36,2.4,3,2,2,0,1
0,6,88.1,74.1,7.7,0.75,2.01,2,0,1,0,1
0,-21,107.3,73.4,7.2,-0.07,2.06,2,1,0,0,1
0,-3,91.8,82.1,8,0,1.91,2,2,2,0,1
0,-1,71.4,68.7,6.1,-0.89,2.67,2,1,0,0,1
0,10,100.8,72.3,7,-0.4,2.33,2,0,0,1,1
0,-55,65.2,78.2,7.8,0.66,1.87,2,0,0,0,1
0,7,79.4,74.9,8.5,0.68,2.32,1,1,2,0,1
0,-18,71.6,72.1,7.8,0.77,2.33,1,1,0,0,1
0,-5,75.9,71.1,7.3,0.97,2.64,1,1,1,1,1
0,30,94.2,79,8.2,0.61,1.97,1,3,2,0,1
0,46,92.7,72.9,7.2,0.3,2.76,1,2,1,1,1
0,-43,75.4,74.7,7.8,0.46,1.89,1,1,2,0,1
0,45,109.9,85.2,7.2,-0.1,3.43,1,3,2,0,1
0,53,86.8,72.9,6.6,0.58,2.9,1,3,2,1,1
0,38,81,61.3,8.2,0.58,0.74,1,1,2,0,1
0,75,64.7,69.4,7.7,0.91,2.18,9,2,1,1,0
0,45,98.3,75.4,7.9,-0.1,1.87,9,0,2,1,0
0,52,89.2,67.1,6.6,0.15,2.75,8,0,0,1,0
0,-22,94.3,67.3,5.7,-0.49,2.41,8,2,2,0,0
0,-57,52.2,72.3,7.8,0.94,1.96,8,2,1,0,0
0,40,85.4,69.6,8.1,-1.21,2.43,7,2,2,1,0
0,8,75.9,74.4,7.8,-0.85,0.95,7,0,2,1,0
0,40,94.2,77.7,7.8,0.02,2.26,7,3,2,0,0
0,7,101.9,71.5,7.2,0.22,2.25,7,1,1,1,0
0,0,95,76.1,8,-0.19,2.02,7,1,2,1,0
0,-6,101.4,75.4,6.4,0.27,2.24,6,1,0,1,0
0,23,80.8,61.5,7.5,0.74,1.14,6,1,2,0,0
1,24,101.3,69.4,6.6,0.06,3.17,6,0,0,1,0
0,-8,83.6,68.7,7.5,0.86,1.71,6,2,2,0,0
0,35,32.5,66.1,7.6,-0.2,0.64,6,1,1,1,0
0,27,75.1,72.4,7.2,-0.83,2.31,6,0,0,1,0
0,47,75.5,73.3,7.9,0.99,2.09,6,1,2,1,0
0,0,90.8,73.8,7.2,0.05,2.62,5,1,0,0,0
0,26,95.1,73.9,7.7,0.16,2.12,5,3,2,0,0
0,0,99.6,67.5,6.6,-0.36,2.39,5,1,2,1,0
0,-40,60.5,76.9,7.2,-0.38,1.13,4,1,1,1,0
0,-12,95.6,65.3,7.3,0.18,2.04,4,1,1,0,0
0,-27,57.9,58.5,7.1,-1.41,2.32,4,1,2,1,0
1,23,104.9,74.1,6.9,-0.32,2.31,4,1,1,0,0
0,11,104.5,70.9,6.4,0.23,3.72,4,0,1,0,0
0,11,108.2,72.7,8.3,0.2,1.81,4,3,2,1,0
0,49,104.3,78.7,7.4,-0.12,2.36,3,0,1,1,0
0,7,104.3,75.9,7.4,-0.05,1.77,3,0,1,0,0
0,-11,93.7,78.8,7.6,-0.18,2.6,3,0,0,1,0
0,-6,100.3,66.6,6.9,0.48,2.49,3,1,0,0,0
0,-1,97.4,72.8,7.3,-0.77,1.77,3,3,2,0,0
0,13,106.9,74.1,7.1,-0.51,2.26,3,1,1,1,0
0,-9,111.8,77.4,8.1,0.23,1.96,3,1,0,0,0
0,22,82.4,71.2,7.3,0.74,1.85,3,0,1,1,0
0,12,95.8,70.7,6.3,0.47,2.11,2,3,2,1,0
0,-28,103.2,70.4,6.1,-0.3,2.41,2,1,0,0,0
0,21,104.5,74.2,6.9,-0.03,2.27,2,0,2,0,0
0,-20,64.2,72.7,8.3,-1.03,2.46,2,0,1,1,0
0,75,74.3,70.8,7.7,-0.55,2.99,2,0,0,0,0
0,-2,82.1,67.6,6.2,0.08,3.21,1,0,2,0,0
0,0,110.2,73.8,6.9,0.14,2.71,1,2,1,0,0
0,8,90.1,67.3,5.6,0.09,2.98,1,1,2,1,0
0,25,90.5,65.5,7.3,-0.47,1.86,1,2,2,1,0
0,16,79.8,73.2,7.5,-0.9,2.57,1,1,2,0,0
0,8,86.9,66.8,6.5,-0.48,3.1,9,3,2,1,0
0,22,83.2,67.7,5.6,-0.47,3.3,9,1,1,0,0
0,-8,101.3,66.7,6.8,-0.55,2.07,9,0,1,1,0
0,-60,56.8,77.2,7.7,1.33,2.3,9,0,2,0,1
0,7,85.6,64.7,5.9,0.66,2.46,9,0,0,0,1
0,7,102.4,71.5,6.7,0.42,2.73,9,1,2,0,1
0,57,66.3,67.8,7.8,1.28,1.96,8,1,2,0,1
0,9,94.3,69.6,7.6,-0.36,1.78,8,1,2,1,1
0,-8,82.2,76.4,8.3,-0.32,2.31,8,2,2,1,1
0,13,101.4,71.8,7.7,-0.02,1.45,8,0,0,0,1
0,18,104,77.7,7.2,-0.17,2.25,8,1,2,1,1
1,26,112.1,79.3,7.2,-0.3,2.32,8,2,1,0,1
0,19,104.8,71.3,7.8,-0.27,1.87,8,0,1,1,1
0,18,103.3,79.7,8.5,0.08,1.38,8,0,0,0,1
0,15,103,69.1,5.7,0.32,2.73,8,3,2,1,1
0,-52,38.7,69,8.7,-1.02,1.78,7,0,1,0,0
0,59,90.3,72.4,8,0.05,2.16,7,0,0,1,0
0,-44,59,74.4,7.3,0.37,2.28,7,0,1,0,0
0,36,93.8,71.1,7.5,-0.2,2.77,7,2,0,1,0
0,-14,79.2,63.9,5.7,0.58,2.17,7,3,1,0,1
0,10,78.6,62.7,6.8,0.66,2.01,7,0,2,0,1
0,33,89.4,73.9,6.4,0.49,3.19,6,1,0,1,0
0,25,97.2,73.4,7.6,0.09,1.34,6,3,2,0,0
0,24,90.6,71.6,7.8,-0.92,1.76,6,0,1,1,1
0,28,103.2,73.9,7.2,0.39,2.07,6,0,1,1,1
0,60,92.6,77.9,8.1,0.29,1.53,5,2,1,1,0
0,32,94.9,82.8,7.3,0.22,2.71,5,1,0,1,0
0,0,107.2,75.8,7.8,-0.1,1.78,5,0,0,0,0
0,3,106.2,78.5,7.8,0.3,2.91,5,1,0,0,1
0,32,91.9,64.3,6,0.23,2.52,5,1,1,0,0
0,7,105.5,74.2,7.2,0.14,2.48,5,3,1,0,0
0,11,104,77.7,7.4,-0.33,1.58,5,2,1,1,0
0,12,87.6,66,6,0.06,2.69,4,0,1,1,0
0,-7,68.1,72.6,6.4,-0.77,2.81,4,0,0,0,0
0,21,88.3,64.2,7.7,-0.96,1.35,4,1,2,1,0
0,-23,71,72.9,7.8,-0.64,1.35,4,1,1,1,0
0,18,105,79.4,7.9,-0.59,1.24,4,0,2,0,0
0,-23,68.7,50.5,5,-0.91,3.47,4,1,1,1,0
0,18,82.4,68.1,6.3,0.47,2.06,4,0,1,0,0
0,-12,74.4,76.8,7.4,-0.71,2.46,4,0,1,0,0
0,5,109.7,75.8,7.9,-0.08,2.16,4,1,0,1,0
0,-20,100.6,73.6,7.5,0.13,1.91,3,1,1,0,0
0,33,90.3,66.9,7.5,0.53,1.89,3,3,2,0,0
1,29,108.3,76.4,7.6,0.15,2.69,3,1,0,1,0
0,5,101.3,74.9,7.9,0.04,1.73,3,0,2,0,0
0,13,91.5,74.6,7.7,0,2.51,3,0,1,1,0
0,21,99.1,65.3,7.1,-0.46,2.2,3,0,2,1,0
0,-25,69.7,76.6,7.1,-1.13,2.48,3,1,1,1,0
0,28,69.8,73.8,7.9,0.32,1.46,3,1,1,0,0
0,17,97.4,72.1,6.4,-0.41,2.79,3,2,2,1,0
0,-19,73.8,67.4,6.6,0.11,2.87,2,1,1,1,0
0,28,99.4,70.4,6.9,0.01,2.75,2,0,0,0,0
0,15,65,69.4,5.9,0.54,2.93,2,3,1,1,0
0,23,94.7,82.4,7,0.51,2.38,1,2,2,1,0
0,54,69.5,69.2,6.5,-0.69,2.81,1,0,1,0,0
0,51,100.4,76.8,8,0.24,2.33,1,0,0,1,0
0,1,97.7,67.5,8.4,-0.36,1.41,1,0,2,1,0
0,-23,101.3,75,7.7,-0.32,2.28,1,1,1,1,0
0,6,81.1,70.1,7.5,-0.6,2.07,1,1,0,1,0
0,13,86.7,75.5,6,0.44,2.69,1,0,1,1,0
0,-5,95.7,72.2,6.3,-0.74,2.79,1,0,0,0,0
0,5,98.2,72.6,6.4,-0.12,2.55,1,0,0,1,0
0,-48,73.7,64.7,7.2,-1.11,1.72,9,1,0,1,0
0,60,84.4,73.7,6.5,0.26,2.62,9,2,2,1,0
0,34,68.7,86.1,8.8,-0.22,2.23,9,2,2,1,0
0,-2,76.3,69.6,7.5,-0.79,2.49,8,0,1,1,1
0,73,86.7,71.5,7.5,-0.03,2.83,8,2,2,0,1
0,15,94.3,73.8,7.5,0.5,2.67,8,3,2,0,1
0,1,92.3,74.5,7.3,-0.3,2.15,8,2,1,0,1
0,28,85.1,69.6,7.1,-0.54,1.97,8,0,1,1,0
0,66,89.4,70.7,6.5,-0.22,2.71,8,3,2,0,0
0,-12,99.5,69.1,6.7,-0.45,2.65,8,0,2,1,0
0,71,83,73.8,7.3,0.68,2.62,8,0,1,1,0
0,-21,90.3,74.6,6.7,0.81,2.54,7,0,2,0,1
0,49,88.3,68.4,6.8,0.15,3.21,7,1,2,0,1
0,8,105.1,74.1,8,-0.09,1.6,7,3,2,1,0
0,3,84.3,66.8,6.2,-0.33,2.03,7,2,2,1,0
0,19,93.9,67.1,6.6,0.29,2.19,7,0,1,1,0
0,60,81,71,7.6,0.4,2.66,6,0,0,0,0
1,28,102.4,76.1,8.2,0.77,2.25,6,0,2,1,0
0,6,98.9,75.6,7.4,-0.25,2.19,6,3,2,1,0
0,49,72.4,64.6,6.3,-0.76,2.39,6,1,2,0,0
0,-56,70.4,59.7,6.6,-0.72,2.86,6,2,2,1,0
0,4,105.8,76.9,6.9,0.21,2.92,6,0,2,1,0
0,-15,101,68.3,6,0.58,2.68,5,3,2,0,0
0,-55,74.1,74,7.8,-0.75,1.31,5,0,1,1,0
0,2,81.6,70.6,7.7,0.03,2.2,5,2,2,0,0
0,-12,93.8,73,6.9,0.44,2.41,5,3,2,0,1
0,61,82.5,77.6,7.6,-0.48,1.88,5,2,0,0,1
0,-47,43.6,25.2,6.1,-0.07,1.05,5,0,0,1,1
0,31,66.2,70.2,7.5,0.52,1.71,4,1,2,0,0
1,31,106.6,74.5,8.2,0.21,2.27,4,1,2,1,0
0,5,107.8,71.5,7.1,-0.4,2.14,4,1,1,0,0
0,59,93.3,75.3,7.7,0.23,2.34,4,0,1,0,1
0,-7,49,73.1,8,0.27,2.07,4,0,2,1,1
0,46,88.8,69.8,6.9,0.62,3.1,4,1,2,0,1
0,-8,84.8,64.8,6.5,-0.73,2.47,3,0,1,0,0
0,7,108.3,78.2,7.3,-0.52,2.45,3,0,1,0,0
0,43,88,75.7,7.9,0.79,2.38,3,1,2,0,1
0,28,84.7,87.8,7.5,-0.5,2.62,3,3,2,0,1
0,15,106.7,72.6,7.6,0.33,2.41,2,0,1,1,0
0,-20,84.9,76.5,7.9,0.04,2.12,2,2,2,1,0
0,-5,97.6,64.3,6.2,-0.23,2.67,2,1,1,1,1
0,39,70,66.4,7.7,-0.78,1.78,2,0,2,1,1
0,23,94.6,76.4,7.2,0.35,1.96,2,1,0,0,1
0,-28,72.7,70.3,6.4,1.07,3.63,1,2,2,0,0
0,-6,103.1,76.1,7.2,-0.47,2.75,1,2,2,1,0
0,9,97.2,65.5,6.6,0.14,3,1,0,0,0,0
0,16,65.1,70.5,7.3,0.03,1.76,1,1,2,0,1
0,23,95,73.6,7.5,0.88,1.7,1,2,2,0,1
0,-6,86.5,78,7.5,-0.19,2.85,9,1,1,0,0
0,55,86.3,70,6.5,-0.45,3.4,9,0,0,0,0
0,22,100.1,72.2,6.6,-0.4,2.69,9,0,2,1,0
0,-3,105.7,77.2,7.1,0.39,2.29,9,2,2,1,0
0,23,93.9,68.3,7.6,-0.38,1.67,9,3,2,1,0
0,39,91.5,74.7,6.9,0.23,2.23,9,2,2,0,0
0,-12,81.7,64.4,6.6,-1.25,2.81,8,1,1,1,0
0,29,96.2,71.7,7.2,-0.69,2.17,8,0,1,1,0
0,5,78.3,61.2,5.7,-0.34,3.44,8,1,2,0,0
1,31,108.1,74.5,7.4,0.03,3.97,8,1,1,1,0
0,-25,93.1,78.6,7.6,-0.09,2.51,7,0,2,0,0
1,26,103.3,72.5,6.7,-0.44,2.33,7,2,2,1,0
0,22,100.4,68.9,6.4,0.26,3.26,7,3,2,0,0
0,29,87.2,60.5,6.3,0.66,3.03,7,0,2,0,1
0,-48,70.5,54.6,5,0.8,2.96,6,3,2,1,0
0,29,96.3,73,7.9,-0.31,2.42,6,0,1,1,0
0,3,94.8,68.3,6.5,-0.94,2.44,6,1,0,0,0
0,11,109.1,73.6,6.7,-0.53,3.2,6,0,0,1,0
1,39,101.8,77.1,7.8,-0.06,2.7,6,0,0,1,0
0,-4,93.6,67.9,6.6,0.13,1.99,6,1,2,0,1
0,38,93.3,68.5,7.4,0.37,1.83,6,1,0,0,0
0,-3,97.9,74.8,7.1,-0.24,3.22,5,0,2,0,0
0,-11,100.7,71.2,6.7,0.53,1.62,5,2,0,1,0
0,2,97.9,67,7.4,-0.07,1.47,5,1,2,1,0
1,35,104.4,72.9,7.3,-0.3,3.58,5,1,0,1,0
0,68,74.7,71.1,7.3,0.25,3.38,5,1,1,1,0
0,-38,53.9,76.5,8.3,0.25,1.45,5,1,2,1,0
0,44,85.3,72.5,6.8,0.77,2.82,5,0,1,1,0
0,34,78.6,72.2,6.9,-0.85,3.02,4,1,0,0,0
0,-15,93.3,74.3,6.7,-0.19,3.51,4,2,0,1,0
0,-23,107.9,76.1,7.6,-0.4,1.87,4,1,1,1,0
0,29,90.7,72.8,7.8,-0.45,2.08,4,3,1,1,0
0,-45,72,65.2,6.3,0.57,2.96,4,1,1,1,0
0,-72,53.9,75.2,7.7,0.79,1.55,4,0,1,0,0
0,12,105,71.1,7,0.04,2.1,4,1,0,1,0
0,-4,90.3,67.7,6.4,0.34,3.51,3,2,2,1,0
0,25,88.9,73.8,8.6,-0.76,1.95,3,0,0,1,0
0,-72,55.4,63.3,7.2,-1.12,1.69,3,1,2,1,0
0,-1,104.8,74.5,7.8,0.12,2.15,2,2,2,1,0
0,-7,100.8,71,6.6,-0.23,1.86,2,1,2,0,0
0,7,101.3,71.3,6.2,0.08,3.18,2,0,1,1,0
0,7,99.6,66,6.7,-1.12,2,2,3,1,1,0
0,40,101,77.5,7.3,-0.13,2.71,2,1,0,1,0
0,41,73.8,73.5,9.1,-0.33,1.68,2,1,0,1,0
1,28,98.5,70.5,7.8,-1.04,1.93,2,0,1,1,0
1,33,106,74.5,7.1,-0.15,2.55,2,0,0,0,0
0,-68,56.1,61.4,5.8,-1.13,2.82,2,2,1,1,0
0,-18,90,68.3,7,0.47,2.5,2,2,2,1,0
1,37,98.7,76.7,8.1,0.25,1.97,2,1,0,1,0
0,42,92.5,69.8,6.8,-0.32,2.65,1,0,1,1,0
0,8,76.2,74.9,7.1,-1.17,3.08,1,0,0,0,0
0,3,100.3,71.9,6.8,-0.26,1.72,1,2,2,1,0
0,-14,90.7,65.5,7,-0.34,2.1,1,2,1,1,0
1,23,105.2,77.9,8.2,0.21,2.15,1,0,0,1,0
0,2,101.7,70.4,7.4,-0.45,2.4,9,0,2,1,0
0,-5,102.3,68.3,6.6,-0.08,2.22,9,0,0,1,0
0,15,97.7,78.3,7.6,-0.11,1.57,9,1,1,0,0
0,15,114,82,8,-0.13,3.29,9,0,1,0,0
0,21,93.3,67.7,6.3,0.48,2.34,8,2,1,1,0
0,8,87.3,67.7,7.8,0.19,2.6,8,1,1,0,0
0,48,92.8,70.7,6.9,0.12,2.15,8,1,0,0,0
0,-1,79.4,73.3,8,0.05,1.99,8,1,2,0,0
0,42,99.1,75.5,7.5,0.07,2.44,8,1,0,0,0
0,41,99.8,72.5,7.1,-0.86,1.95,8,3,2,0,0
0,-1,82.8,69.6,6.7,0.41,2.04,8,0,0,0,0
0,34,95,73.8,7.4,-0.29,2.5,7,2,1,1,0
0,13,106.3,71.2,6.6,0.32,2.97,7,0,1,1,1
0,18,73.2,60.9,6.6,-0.17,2.11,7,0,0,0,1
0,-3,78,70.8,8.4,0.18,1.04,7,0,0,0,1
0,-2,104.9,73.4,6.7,-0.08,2.42,7,2,1,1,0
0,-3,106.7,78.4,8.3,0.3,2.2,7,1,2,0,0
0,-21,95.9,67.5,6.8,-0.31,2.42,7,0,0,1,0
0,72,68.5,66.7,8.2,0.66,1.9,6,2,2,0,0
0,-2,100,68.5,6.4,0.19,2.01,6,0,0,1,0
0,39,93.6,76.1,7.3,-0.06,2.29,6,3,2,0,0
0,58,94.9,74.3,7.7,0.23,2.24,6,0,1,1,0
0,5,97.3,75,8,-0.3,2.4,6,3,2,1,0
0,6,97.8,71,8.6,0.69,2.53,6,0,0,0,1
0,47,92.6,82.4,8.4,-0.4,1.7,6,0,0,0,1
0,15,77,64.1,7.8,0.81,1.85,6,1,2,0,0
0,67,86.5,67.5,6.1,-0.5,3.3,6,2,2,0,0
0,1,89.5,66.8,6.2,-0.23,2.58,5,2,2,0,0
0,17,107,73.6,7.4,0.13,2.06,5,1,2,1,0
0,28,107.2,71.8,7.2,-0.02,2.81,5,0,0,0,0
0,-3,89.8,69.9,7.7,0.56,1.89,5,2,2,0,0
0,-41,92.7,76.1,7.5,0.22,2.81,5,3,2,0,0
0,20,99.4,70,7.1,-0.77,2.68,4,2,1,1,0
0,29,79.6,71.3,8.3,0.79,2.19,4,0,0,0,0
0,7,94.1,74.3,7.4,0.4,1.72,4,3,2,1,0
1,36,102.1,71.8,7.4,-0.38,3.1,4,3,2,0,0
0,73,89.2,74.2,7.4,0.17,2.54,3,2,2,1,0
0,75,79.9,73.7,7.6,0.24,2.16,3,1,1,1,0
0,27,97.6,71.1,6.5,-0.29,2.53,3,3,2,0,0
0,31,93.5,67.7,7.2,0.1,2.21,2,0,2,0,0
0,3,106.7,74.7,7.3,-0.1,2.52,2,1,1,1,0
0,-32,73.1,72.1,7.4,0.45,2.15,2,2,1,0,0
0,-34,94.3,75.7,7.3,-0.12,2.29,2,3,2,0,0
0,12,76.8,61.7,5.8,0.67,2.3,2,1,1,1,0
0,-2,94.7,62.7,6.2,0.76,3.67,2,1,2,1,0
0,22,104,78.2,8.1,0.46,2.42,2,0,0,0,0
0,36,94.2,72,6.9,0.42,2.63,1,3,1,0,0
0,35,83.8,73.1,7.7,0.84,2.43,1,0,1,0,0
0,-10,89.8,73.6,7.3,-0.41,2.76,1,1,1,1,0
0,20,106.1,74,6.7,-0.15,2.24,1,1,2,1,0
0,23,83.5,71.1,6.3,0.39,2.43,1,1,2,1,0
0,16,98.6,69.3,7.4,0.43,2.64,1,0,0,0,0
0,13,93.8,72.7,7.3,0.09,3.24,1,0,1,0,0
0,-29,100.8,69.6,7.1,0.63,1.89,9,3,2,0,0
0,-6,95.7,59.3,6.6,-0.87,2.56,9,1,2,0,0
0,-18,95.6,61.7,6,-0.24,3.29,9,2,2,1,0
0,21,93.4,78,6.5,0.2,2.31,9,1,0,1,0
0,67,86.4,70.5,7.2,0.24,2.48,9,0,2,0,0
0,5,103.8,76.1,7.3,-0.28,2.43,9,3,2,1,0
0,-23,84.5,67.2,7.7,0.43,1.99,8,1,2,0,0
0,-5,98.1,75.9,8,-0.65,2.74,8,0,1,1,0
0,-26,95.9,70.5,7.3,0.4,1.55,8,1,2,0,0
0,9,96.1,77,8.4,0.49,3.43,8,1,2,0,0
0,15,96.4,66.6,8,0.1,1.86,8,1,2,1,0
0,42,66.3,67.3,8.3,1.02,1.88,8,0,1,0,0
0,17,95.4,69.1,6.6,-0.46,2.86,7,0,1,0,0
0,-52,58.9,71.9,6.8,-0.16,3.08,7,2,1,0,1
0,50,79.3,73.6,7.7,-0.19,2.69,7,2,0,1,1
0,61,92.2,78.3,8.2,-0.42,2.23,6,3,1,1,0
0,20,96.6,74,7.1,0.21,2.55,6,0,0,1,0
0,44,92.4,74.7,7.3,-0.56,2.81,6,2,1,1,0
0,-29,102.8,80,7.9,-0.34,2.14,5,0,1,0,0
0,9,92.3,65.8,7.7,-0.76,2.8,5,0,0,1,0
0,-62,38.1,50.6,5.3,-1.31,3.18,5,1,2,0,0
0,30,72.4,67.3,7.1,-0.92,1.65,5,1,2,1,0
0,14,106.3,77.4,7.5,0.56,2.22,5,0,0,1,0
0,32,90.1,73.8,6.4,0.28,2.9,5,1,1,1,0
0,-30,82.1,58.7,5.4,-0.64,3.64,4,2,2,1,0
0,0,97.1,71.1,7.5,-0.16,1.82,4,0,0,0,0
0,-21,91.8,76.9,7.3,0.12,2.5,4,3,1,0,0
0,33,55.5,73.2,7.9,0.94,2.51,4,0,2,1,0
0,18,69,74.1,6.9,-0.76,2.65,4,0,1,0,0
0,3,94.7,73,7.5,0.04,2.55,4,1,0,1,0
0,21,103.2,72.3,7.3,0.01,2.7,4,0,1,1,0
0,32,102.2,78.8,7.1,-0.14,2.55,3,2,1,1,0
0,20,93.8,65.7,6.2,-0.33,2.48,3,1,1,1,0
0,-2,72.7,73.1,7,-0.65,2.54,3,0,0,0,0
0,22,83.2,83,6.4,0.29,2.77,3,1,1,1,0
0,3,71.6,65.8,6.3,0.53,3.23,3,2,1,1,0
0,-45,59.8,71,7.4,0.95,2.26,2,0,0,0,0
0,72,59.6,58.6,7.2,0.64,1.62,2,1,2,1,0
0,-8,104,75.3,7.5,0.13,1.71,2,2,2,0,0
0,47,89.8,74.8,7.1,0.11,2.94,2,1,1,1,0
0,12,70.8,73.2,9.5,0.74,0.45,2,0,2,0,0
0,21,106.1,75,8.3,-0.24,1.66,2,1,1,0,0
0,17,99.2,82,7.8,0.08,2.27,1,1,0,0,0
0,25,102.7,72.8,7.8,-0.84,3.02,1,2,0,1,0
0,20,67.9,80.6,7.4,-0.77,2.3,1,1,0,0,0
0,-1,108.7,72.3,6.9,-0.56,2.5,1,0,0,0,0
0,-37,83.2,72,7.6,-1.11,2.14,1,1,0,1,0
0,25,104.9,79.3,7.9,0.04,1.89,1,1,1,0,0
0,13,84.3,67.4,6,0.12,2.56,1,0,0,1,0
0,30,90.3,68.2,6.6,-0.5,3.06,1,0,2,0,0
0,22,87,73.4,7.7,-0.47,2.28,1,1,0,1,0
0,10,104.3,69.1,7.5,-1.07,3,9,1,2,1,0
0,69,69.2,68.4,7.7,-0.49,2.28,9,1,1,0,0
0,25,81.2,72.5,7.3,1.08,2.36,9,0,1,0,0
0,13,91.8,67.9,6.6,-0.12,1.68,9,0,1,0,0
0,6,90.4,74.3,7.9,0.37,1.81,8,0,2,0,0
0,36,96.2,67.2,6.3,0,2.85,8,0,0,1,0
0,-64,61.2,72.8,7.6,-0.58,1.1,7,0,0,1,1
0,28,71.5,67.9,6.6,-0.21,3.02,7,1,2,0,1
0,19,100.9,75.9,6.8,0.58,2.27,7,0,0,1,1
0,85,75.9,75.3,7.4,-0.24,2.35,7,1,0,0,1
0,-8,107.4,72.3,7.5,-0.2,1.86,7,1,1,0,0
0,39,86.1,66,6.4,0.14,3.34,6,0,0,1,1
0,-4,90.1,68.3,7.2,0.29,1.63,6,3,2,0,1
0,45,91.1,68,6.6,0.71,3.92,6,1,2,1,1
0,0,110.9,76.7,7.2,-0.18,2.44,6,3,2,0,0
0,-20,92.1,68.7,6.4,-0.04,1.73,6,2,1,0,0
0,5,96.4,77.2,8.3,-0.36,1.67,6,0,1,0,0
0,26,84.2,64.2,7.5,0.38,1.75,5,0,0,0,1
0,11,91,66.7,7.3,-0.75,3.39,5,3,2,1,0
0,3,96,60,6.6,-0.62,2.27,5,2,1,1,0
0,37,89.2,68.2,7.1,-0.34,2.6,5,1,0,1,0
0,47,91.4,73,6.8,-0.37,2.74,4,1,0,1,0
0,39,90,66,6.6,0.03,2.19,4,0,1,1,0
0,-55,56.1,67.4,8.8,-0.31,1.49,4,0,0,1,0
0,22,89,69.4,7.7,-0.98,2.09,3,2,1,1,0
0,63,64.2,75,7.1,-0.85,3.4,3,2,0,0,0
0,66,68.7,68.9,7.3,0.16,3.23,3,2,2,1,0
0,0,98.7,67.4,6.6,-0.49,2.62,3,1,0,0,0
0,35,97.5,74.1,7.6,0.25,2.79,3,1,1,0,0
0,39,104.5,77.8,7.7,-0.29,1.86,2,0,1,1,0
0,29,87.8,61.6,6.7,0.14,3.13,2,3,2,1,0
1,26,99.6,72.6,7.5,0.12,2.48,1,1,2,1,0
0,15,112.2,77.8,7.4,-0.02,2.33,1,2,1,0,0
0,73,88.3,68.6,7,-0.25,2.36,1,2,0,0,0
0,53,66.8,70.1,6.6,-0.8,2.55,9,2,2,0,1
0,-31,103.7,71.6,6.5,-0.61,2.99,9,0,1,0,0
0,68,66.8,74.7,7.6,-0.27,2.52,9,0,0,0,0
0,23,103.9,74.5,7.5,0.23,2.12,8,0,0,1,0
0,1,100.5,74.5,7.6,0.74,2.64,8,0,2,0,0
0,17,104.6,70.9,6.9,0.16,2.63,8,0,1,0,0
0,19,106.2,73.4,7.5,0.08,2.5,8,2,2,0,0
0,22,88.2,79.2,7.9,0.63,2.34,8,1,1,0,1
1,30,96.8,67.3,8.3,0.22,1.78,8,1,1,0,1
0,-57,67.1,72.5,7.6,0.89,2.38,8,0,0,0,1
0,64,93.3,76.5,7.7,0.17,2.49,8,1,0,0,1
0,30,71.3,78.9,8.5,0.09,2.05,8,3,2,0,0
0,17,86.4,67.3,6.2,-0.46,2.83,8,2,1,0,0
0,-13,81.5,70.2,7,-0.24,2.04,7,1,2,0,1
0,-9,109.1,77.1,7,-0.02,1.93,7,1,0,0,1
0,-9,85,69.7,7.3,0.3,3.11,7,1,1,0,1
0,56,75.6,74.2,8.1,0.3,1.95,7,0,1,0,1
0,12,99.6,69.6,7.9,0.45,1.74,7,1,2,0,1
1,28,103.3,71.4,7,0.87,3.49,7,3,2,0,0
0,-8,104.6,73.9,6.9,0.5,2.98,7,1,1,0,0
0,-10,97.9,66.5,7.9,0.05,2.12,7,0,1,0,0
0,44,96.8,68.7,7.3,0.06,3.06,6,1,2,0,1
0,32,97.9,71.4,6.7,-0.56,2.55,6,0,1,0,1
0,33,91.7,67.5,7.7,-0.06,2.35,6,3,2,0,0
0,-14,106,76.8,8.1,0.39,1.65,6,0,0,0,0
0,27,97.1,69.2,6.8,0.37,2.75,5,0,1,0,1
0,-4,77.1,66.4,7.3,0.7,1.94,5,0,0,0,0
0,19,92.1,69,6.9,-0.02,2.96,4,0,1,0,1
0,31,93.3,75.1,7.9,0.16,1.73,4,1,0,0,1
0,9,97.4,74.6,7.5,-0.29,2.03,4,0,0,0,1
0,2,105.8,73.5,6.2,0.44,2.26,4,2,1,0,1
0,6,104,72.7,7,0.74,2.08,4,2,2,0,1
0,56,88.3,76.5,7.2,0.15,2.1,4,0,0,0,0
0,-5,94.1,85.6,7.3,-0.16,2.24,4,0,1,0,0
0,33,84.3,56.7,7.5,1.02,1.72,4,0,2,0,0
0,-5,97,67.9,6.1,-0.13,2.53,3,0,1,0,1
0,-15,79.1,70,6.9,-0.01,2.87,3,0,0,0,1
0,33,93.7,74.8,7.5,-0.81,1.9,3,0,1,0,1
0,8,93.8,67.8,6.9,0.28,2.17,3,1,1,0,0
0,29,90.2,75.5,7.6,-0.39,2.22,3,0,0,0,0
0,51,88.1,75.8,7.8,0.3,2.39,3,0,0,0,0
0,-16,69.8,75.7,8.4,0.08,2.35,2,0,1,0,0
0,19,97.4,72.8,6.9,-0.09,2.24,2,3,2,0,0
0,-1,99.4,70,7.7,0.48,1.53,1,1,1,0,0
0,1,88.9,74.8,7.4,-0.59,2.39,1,0,0,0,0
0,20,101.4,72.8,8.1,0.32,1.92,1,0,0,0,0
0,30,92.2,77.9,8.6,-0.04,1.63,9,0,1,1,0
0,19,91.9,64.9,6.6,-0.03,2.92,9,2,2,0,0
0,29,99.4,73.6,7.3,-0.98,3.61,9,1,1,1,0
0,45,100.3,71.6,7.9,-0.36,1.92,9,0,1,0,0
0,34,73.5,78.4,7.1,-0.99,2.78,9,0,0,0,0
0,23,98.4,82.6,8.4,-0.76,1.93,9,1,1,1,0
0,32,90,62.6,6.3,-0.85,2.54,8,0,2,1,0
0,-18,95.8,76.9,7.7,-0.38,2.22,8,3,2,0,0
0,15,92.5,74.8,6.7,-0.86,1.82,8,0,1,0,0
0,14,89.6,60.6,5.2,-0.07,3.51,8,1,2,0,0
0,22,105.8,68.9,7.3,-0.21,2.42,8,2,1,0,0
0,36,79,72.1,8.6,-0.23,1.62,8,0,1,1,0
0,21,102.6,78.8,7.9,-0.26,1.66,7,1,2,1,0
0,14,70,67.8,5.7,-0.79,3.34,7,0,2,0,0
0,-35,85.4,70.8,6.7,-0.28,2.62,7,2,1,0,0
0,-2,75.2,77.4,8.3,0.42,1.38,6,0,0,1,0
0,-35,79.5,60.4,5.1,0.29,3.34,6,0,2,1,0
0,-11,69.8,65.1,6.9,0.07,2.5,6,1,2,0,1
0,-3,96.1,69.5,7.3,-0.24,2.15,6,3,2,0,0
0,30,91.4,75.9,7.8,-1.04,2.67,6,0,1,1,0
0,30,91.6,77.7,7.2,0.08,2.44,6,0,0,0,0
0,6,70.6,74,6.8,-0.57,2.93,5,1,0,0,0
0,-11,34.3,70,5.5,-1.15,3.09,5,0,0,0,0
0,-46,70,65.7,7.1,-0.74,2.15,5,0,0,0,0
0,46,92.2,76.5,7.5,0.33,1.94,4,2,0,1,0
0,29,95,78.8,7.8,-0.26,1.81,4,1,2,1,0
0,62,73.2,69.4,7.1,1.18,3.08,4,1,2,1,0
0,8,70.7,65.6,7,-1.3,2.44,4,2,2,1,0
0,20,107,74.3,8.1,0.14,1.77,4,0,0,1,0
0,-69,54.1,64.8,6.6,0.12,3.04,4,2,2,0,0
0,23,101.8,72.4,7.1,-0.41,2.88,4,0,1,1,0
1,21,107.1,79.5,7.2,-0.25,2.19,4,1,1,0,0
0,-72,38.3,73.7,6.6,-0.4,2.25,4,2,1,0,0
0,40,102.2,78.9,8.4,0.8,2.42,3,1,1,0,0
0,10,92.9,67.9,5.2,0.47,3.08,3,0,0,1,0
0,-22,85.9,70.4,6.6,-0.44,3.33,3,1,1,0,0
0,73,75.1,73.5,8.8,-0.49,1.17,3,3,2,1,0
0,-36,77.8,65.1,7.1,-1.04,1.72,3,1,2,1,0
0,21,92.8,65.2,6.4,-0.86,2.45,3,0,1,1,0
0,23,47.9,67.2,5.5,-1.13,3.01,2,1,2,0,0
0,16,85.9,67.1,6.2,0.97,1.98,2,1,2,0,0
0,0,100.1,73,6.7,0.22,2.67,2,0,0,1,0
0,-20,79.5,68.2,6.6,-0.64,2.07,2,0,1,0,0
0,24,93.6,71.3,6.8,-0.42,2.29,2,1,0,0,0
0,-18,87.5,77.6,8.1,0.69,1.87,1,0,0,0,0
0,7,92.6,62.5,6.2,-0.85,1.66,1,0,2,1,0
1,25,103.4,72.9,7.8,0.61,2.43,1,0,2,0,0
0,64,86.3,67.2,7.2,-0.22,2.91,1,2,1,0,0
0,50,87.3,71.9,6.9,-0.3,2.29,9,0,0,1,0
0,9,106,71.2,7.3,0.3,1.96,9,1,1,0,0
0,41,89.4,69.3,8.4,0.23,1.24,8,0,1,1,0
0,-1,91.4,67.2,6.2,-1.02,2.76,8,2,2,0,0
0,-38,35.1,10.4,1.3,-1.32,2.33,8,0,0,0,0
0,0,106.5,75.3,7.3,0.01,2.03,8,0,0,1,0
0,19,103.8,72.3,6.7,-0.58,2.72,8,2,2,1,0
0,6,65.9,61.8,6.1,0.65,3.38,8,0,1,1,0
0,-1,78.9,70.7,6.8,0.77,2.24,8,1,2,0,0
0,31,87.9,74.6,6.4,-0.21,3.28,8,3,1,0,0
0,40,97.2,68.3,7,0.11,2.81,7,2,2,1,0
0,5,111.3,81.5,7.6,0.65,2.3,7,0,0,0,1
0,7,83,67.4,6.4,0.64,2.71,7,1,1,1,1
0,11,90.7,65.8,5.2,0.2,2.55,7,2,1,0,1
0,-17,78.9,72.3,7.6,0.49,2.29,7,1,1,0,1
0,35,95.2,74.8,7.3,0.64,2.18,6,2,2,0,1
0,29,100.8,72.2,6.7,-0.24,2.33,6,0,0,0,1
0,-2,82.2,69.4,7,-0.41,1.83,6,1,1,0,0
0,9,96.9,69.5,7.7,0.32,2.39,6,0,1,0,0
0,49,91.5,73.6,7.5,0.24,3.26,5,2,1,0,1
0,-11,93.3,74.4,7.2,0.36,3.13,5,2,1,0,1
0,21,92.4,73.4,8.4,0.27,2.59,5,0,1,0,1
0,-7,83.6,70,6.4,-0.48,3.1,5,1,1,0,0
0,50,72.9,71.8,7.7,0.95,1.92,5,3,2,0,0
0,-5,84,70.9,6.5,-0.33,2.39,5,0,0,1,0
0,21,93.3,76.8,7.5,0.59,3.39,4,0,0,0,1
0,7,81.7,69.8,7,0.18,2.24,4,2,2,1,1
0,11,82.8,63.6,6.8,0.72,1.86,4,1,2,0,1
0,-4,85.5,63,6.4,0.73,2.29,4,1,0,0,0
0,12,94.6,75.9,6.7,0.76,2.52,4,0,0,1,0
0,22,103.6,74.9,7.7,0.01,2.01,4,3,1,0,0
0,-11,96,85.9,7.9,-0.01,1.88,4,1,0,1,0
0,-1,92.3,71.8,7.1,0.68,1.56,4,1,1,0,0
0,-39,45.5,33.9,7.1,0.35,1.36,3,2,2,0,1
0,25,100.7,73.8,7,0.69,2.85,3,2,1,0,0
0,-7,83.7,73.5,8.2,-0.25,1.26,3,1,2,1,0
0,16,89.3,62.5,5.8,1.2,2.26,3,1,2,0,0
0,25,95.1,72.5,7.2,-0.27,2.55,2,2,0,0,1
0,45,102.9,78.3,8,0.13,2.67,2,3,2,0,1
0,-16,97.1,76.8,7.9,0.15,1.78,2,2,2,1,0
0,-1,74.5,69.6,7.6,0.76,1.33,2,3,2,0,0
0,2,99.6,66.8,8.3,0.58,1.86,1,0,2,0,1
0,-47,36.8,69.6,8.6,-0.05,1.17,1,1,0,1,1
0,27,87.9,70.7,7.8,0.45,1.63,1,0,0,0,1
0,42,71.1,76.8,6.8,0.35,3.84,1,1,2,1,0
0,36,96.8,73.6,7.6,-0.59,3.15,1,2,2,1,0
0,22,98.7,70.8,7.2,-0.26,1.14,1,3,1,0,0
0,-11,99.2,72.7,6.8,0.24,2.44,1,1,2,1,0
0,42,91.1,71.9,7.9,-0.4,1.6,9,0,2,1,0
0,4,107.4,74.3,6.9,0.26,1.79,9,1,0,1,0
0,10,98.7,68.8,6.4,-0.42,2.3,9,1,2,1,0
0,12,106.5,71.5,6.8,-0.41,2.08,9,3,1,0,0
0,18,99,69.4,6.8,-0.31,1.19,8,2,2,1,0
0,4,80.8,70.4,5.9,0.37,2.72,8,3,1,1,0
0,-6,55.5,70.7,9.1,0.07,1.09,8,0,0,0,0
0,10,89.1,64.7,6.3,-0.65,2.87,8,2,2,0,1
0,3,101.6,74.4,7.1,-0.31,2.02,8,2,0,0,1
1,31,104.5,70.3,7.8,-0.11,2.82,8,3,1,0,1
0,70,80.5,70.7,6.9,-0.25,3.56,8,3,2,0,1
1,19,109.5,75.5,7.5,-0.38,2.35,7,2,1,0,0
0,55,86.1,66.7,6.6,-0.39,2.92,7,2,1,0,0
0,-60,68,65.6,7.6,-1.04,3.1,7,1,1,1,1
0,47,81.5,60.8,6.4,-0.33,3.12,7,0,0,0,1
0,28,89.5,66.1,5.8,0.55,2.94,7,0,0,1,1
0,7,99.5,74.9,7.7,0.13,1.95,6,0,0,0,1
0,-45,84.8,70.2,6.2,0.01,1.65,6,2,2,0,1
0,60,84.4,76.4,8.1,-0.16,2.35,6,0,1,0,1
0,11,81.7,73.5,6.3,-0.25,3.17,6,3,2,0,0
0,-12,70.7,72.5,7.3,0.08,2.39,6,2,2,1,0
0,33,91.9,72.1,6.4,0.47,2.33,5,0,1,1,1
0,15,100.8,77.1,7.1,1.12,2.37,5,3,2,1,1
0,33,100.8,73.2,7.2,-0.68,2.69,5,0,0,1,1
0,76,78.2,69.2,7.7,0.46,3.38,5,1,2,0,0
0,-5,92.3,70.1,7,0.56,2.32,5,2,2,0,0
0,-27,86,71.7,6.7,-0.61,1.29,4,2,2,0,1
0,7,103.3,72.5,7.1,0.1,2.04,4,0,0,1,1
0,54,77.9,74,7.3,-0.27,2.91,4,3,2,0,1
0,21,100.1,72.8,7.1,-0.36,2.13,4,3,2,1,0
0,38,95.2,72.7,6.7,0.08,3.57,4,3,1,0,0
0,26,79,68.3,6.4,0.12,2.81,4,0,1,1,0
0,18,78.9,69.8,6.3,0.91,3.3,3,2,2,1,1
0,-21,84.2,69.7,7.2,0.46,2.62,3,3,2,0,1
0,21,95.7,71.9,7.4,0.54,2.44,3,0,0,0,0
0,25,72.9,70.8,8,0.91,3.41,3,3,2,0,0
0,26,95.5,71.3,7.6,0.5,2.36,3,2,2,0,0
0,1,98.4,76.6,7.2,0.18,2.06,3,0,1,1,0
0,21,96.4,78.7,7.9,-0.1,2.29,2,1,0,0,1
0,-55,61.1,71.6,7.5,1.44,1.86,2,3,2,0,0
0,8,78.6,63.2,6.1,0.45,2.99,2,3,2,1,0
0,25,97.4,69.4,6.9,0.65,2.27,1,3,1,0,1
0,40,102.4,82.7,7.7,0.26,2.56,1,1,1,1,1
0,0,77.3,75.1,6.9,0.07,2.89,1,0,1,0,0
1,34,104.1,74.4,7.3,0.17,2.6,1,2,0,0,0
0,-13,88.9,62.5,5.7,-0.94,3.91,1,1,2,1,0
1,24,109.2,73.7,6.9,0.38,2.96,1,1,1,0,0
0,-25,86.3,61.8,7.6,0.3,1.02,9,1,2,0,0
0,30,84.7,70.1,6.5,-0.97,3.29,8,0,2,1,0
0,45,101.7,71.1,8.3,0.1,3.06,8,0,1,0,0
0,9,75.3,78.6,8.1,0.36,3.06,8,1,0,1,0
0,-43,52.9,82.8,7.9,0.55,2,8,2,2,0,0
0,56,89.3,73.8,6.1,0.14,3.32,8,0,2,0,0
0,26,100.6,69.2,7.3,0.06,3.34,8,1,2,0,0
0,11,107.5,74,7.7,0.06,2.39,8,3,2,1,0
0,-70,76.7,75.7,7.2,0.08,2.86,7,0,1,0,0
0,32,95.4,72.6,7,0.15,1.86,7,0,0,1,0
0,-19,86,75.2,7.7,-0.64,2.74,7,0,1,0,0
0,-6,82.6,74.7,8.1,-0.33,1.68,7,0,1,0,1
0,14,91.9,66.2,6.9,-0.56,2.8,7,1,0,0,1
0,39,90.4,71.7,8,0.52,1.9,7,1,1,0,1
0,17,103.6,71.5,7.6,-0.04,2.87,7,0,1,1,1
0,29,81.7,62.9,7.8,0.38,2.02,7,0,1,0,1
0,69,79.3,63.3,6.7,-0.08,2.54,6,3,2,0,0
0,55,86.3,70.2,7,0,2.24,6,0,1,1,0
0,48,70.7,72.7,7.3,-0.26,1.9,6,1,2,0,0
0,4,72.7,67.6,8.4,0.84,2.16,5,1,1,0,0
0,43,52.8,69.7,6.4,0.73,3.18,5,0,1,1,0
0,-19,89.7,72.9,7.5,-0.57,2.49,5,1,0,0,0
0,32,102.6,75.2,7.3,-0.08,2.18,5,1,1,1,0
0,61,89.8,75.3,7.5,-0.46,3.28,5,3,1,0,0
0,5,69.6,74.7,7.8,-0.79,3.32,5,2,2,1,0
0,-32,71.8,68.8,7.7,-0.33,1.16,4,2,2,1,0
0,48,84.3,64.4,5.5,-0.71,4.07,4,0,2,0,0
0,-13,87.6,65.8,6.5,-0.67,2.08,4,1,1,0,0
1,22,109.5,81,8.5,-0.11,2.52,4,2,1,0,0
0,50,96.6,74.3,7.6,-0.23,2.3,4,0,0,1,0
0,48,91.4,67.4,7,-0.4,2.29,3,3,2,0,0
0,11,84.5,69.1,6.9,0.17,2.92,3,3,1,1,0
0,14,91.5,72,6.5,0.23,2.19,3,0,0,1,0
0,59,78.8,71.2,7.2,-0.53,2.79,3,1,1,0,0
0,66,88.1,78.4,6.8,-0.55,3.33,3,2,1,0,0
0,-18,82.2,66,6.6,-0.87,2.78,2,0,1,0,0
0,74,81,65.7,6.6,-0.41,2.69,2,3,2,0,0
0,24,72.5,60.6,7.9,-0.22,1.61,2,0,2,1,0
0,17,88.5,73.4,7.6,-0.04,2.93,2,1,2,0,0
0,13,108.3,74.2,7.8,0.53,2.22,2,0,0,1,0
0,-13,79.1,59.7,5.4,0.25,3.16,2,1,1,1,0
0,12,93.9,66,7.2,0.38,1.79,2,1,0,0,0
0,57,85.7,70.1,7.5,-0.5,3.06,2,0,1,0,0
0,26,91.5,66.9,7.5,-0.8,1.77,1,3,2,1,0
0,11,93.4,75.9,7.2,-0.47,2.78,1,1,0,0,0
0,26,105.8,78.1,8.1,0.06,2.06,9,1,1,0,0
0,69,78.9,75.4,8.8,0.14,2.38,9,1,1,0,0
0,21,101.4,73.7,7.4,-0.26,2.65,9,1,0,1,0
0,8,91.7,64.8,5.7,-0.15,3.04,9,1,2,0,0
0,-17,92.1,67.9,6.5,-0.12,2.88,8,1,0,1,1
0,46,89.8,79.7,7.5,-0.2,1.9,8,1,1,0,1
0,20,70.9,69.2,8.5,-0.71,2.18,8,0,1,1,1
0,14,103.6,72.6,8.1,-0.25,2.43,8,1,0,0,0
0,2,102.3,73.9,7.4,-0.24,2.49,8,2,0,1,0
0,13,106.8,71.8,7.3,0.28,1.97,7,1,0,0,0
0,22,99.7,73.4,6.3,-0.45,2.57,7,0,0,0,0
0,-4,101.2,72.3,6.7,-0.35,1.7,7,0,0,0,0
0,6,104.7,79,7.4,0.51,1.58,7,0,0,1,0
0,-24,92.8,68.3,7.1,-0.16,1.86,7,0,0,0,0
0,53,85.3,71.6,8.8,0.43,2.26,7,1,2,0,0
0,11,105.7,72.4,7,0.15,2.12,7,2,1,1,1
0,-49,60,73.2,8.7,-0.36,1.58,7,0,1,0,1
0,-13,99.6,70.7,7.7,-0.71,1.42,6,1,1,1,1
0,31,93.8,68.5,7.1,0.25,2.8,6,1,1,0,1
0,9,71.5,71.8,7.8,-0.41,1.84,6,0,1,0,1
0,54,95.7,77.7,7.7,0.2,2.22,6,3,1,1,1
0,-62,67.9,71.6,7.6,0.56,2.4,6,0,1,0,0
0,43,57.5,62.4,6,0.63,3.19,6,0,2,1,0
0,-13,104.8,77.6,7.7,-0.44,2.09,6,2,1,0,0
0,0,91.1,76.6,7.5,-0.22,1.52,5,2,1,1,1
0,32,83.1,73.1,8.6,-0.02,1.33,5,0,0,0,1
0,24,85.3,77.3,8.6,0.67,1.46,5,1,0,0,0
0,15,92.1,74.6,9.1,0.36,1.86,5,0,0,0,0
0,12,106.1,72.2,7,-0.12,1.84,5,2,0,1,0
0,13,51.6,74.3,8.1,-0.7,3.43,5,3,2,0,0
0,50,97.6,81.9,7.4,0.19,2.04,5,2,0,1,0
0,52,92.7,75.2,7.5,-0.45,2.21,4,2,2,0,1
0,15,84,71.6,6.1,-0.43,2.71,4,2,1,0,1
0,27,87.2,70.7,7.5,-1.04,2.31,4,0,0,1,1
0,40,84.3,71.2,8,0.06,2.12,4,2,2,0,1
0,6,94.5,75.8,7.3,-0.42,3.23,4,0,1,0,1
0,-2,94.4,72.2,8.4,0.52,2.64,4,2,1,0,0
1,26,107.3,80.6,8.2,0.24,1.67,4,1,1,1,0
0,18,99.9,75.5,7.6,0.74,3.02,4,0,1,0,0
0,39,88.3,71.6,7.1,-0.31,2.04,3,1,2,1,1
0,7,103.2,74.3,7.3,0.64,3.47,3,1,2,0,1
0,48,94.5,78.2,7.2,0.33,2.31,3,0,0,0,1
0,39,91.3,71.4,7.3,-0.57,2.2,3,0,1,0,1
0,-3,99.7,79.6,8.8,0.45,1.74,3,0,0,0,0
0,5,91.9,73.1,8.2,0.46,2.34,3,0,0,0,0
0,-8,95.5,72.6,7.1,-0.43,1.97,2,1,1,1,1
0,32,93.8,75.1,7.3,0.5,3.21,2,0,0,0,1
0,-49,33.3,9.8,1,0.82,2.43,2,0,0,1,0
0,27,97.6,72.1,8,-0.25,1.69,2,1,1,1,0
0,-44,73.9,62.5,7.2,0.61,2.63,2,1,2,0,0
0,14,92,65.3,6.2,-0.2,3.79,1,1,2,0,1
0,10,113.5,80.5,7.9,0.08,1.71,1,1,0,0,1
0,-2,92.3,75.7,7.9,0.43,2.79,1,0,1,0,1
0,33,71,65.8,5.9,0.55,2.65,1,3,2,1,0
0,28,83.3,72.1,7,-0.31,3.18,1,2,2,0,0
0,10,104.2,75.3,6.3,-0.02,2.9,1,1,1,1,0
0,-9,43.7,73.2,7.2,-1.13,2.74,9,2,2,0,1
1,26,106.6,75.4,6.5,-0.06,2.91,9,3,2,0,1
0,-12,65.7,67.7,6.6,0.99,2.8,8,1,2,1,0
0,35,92.8,85.8,7.6,-0.72,2.18,8,0,1,0,0
0,18,89.5,63.8,7,-0.76,3.01,8,1,1,0,0
0,21,94.3,67.9,6.7,-0.51,1.96,8,1,0,1,0
0,17,63.9,60.8,7.9,0.68,2.52,7,1,2,0,0
0,7,86.1,80.6,8.1,-0.17,1.62,7,0,1,1,0
0,76,83.2,72.6,8.4,-0.67,3.18,7,0,0,0,1
0,-8,97.9,69.7,6.3,0.45,2.81,6,1,0,1,1
0,30,92.4,74.7,8.3,0.09,1.42,6,3,2,0,1
0,-17,69.7,68.9,6.9,-0.74,1.7,6,2,2,1,0
0,-23,77.2,75.8,6.5,0.4,2.84,6,2,1,1,0
0,-7,81.2,68.5,6.9,-0.54,1.91,6,0,1,0,0
0,23,94.5,69.1,6.7,-0.03,3.01,5,2,2,0,1
0,4,104.3,77.3,7.6,0.07,2.71,5,1,1,0,1
0,23,95.6,77.1,7.9,-0.36,2.11,5,1,2,0,1
0,-27,77.6,62.3,7,-0.6,2.64,5,2,2,1,0
0,-13,73.2,63.6,7.5,0.96,2.21,5,0,2,0,0
0,20,103.7,73.2,6.9,-0.14,2.06,4,0,0,1,1
0,10,86.6,69.5,8.2,0.13,1.92,4,1,1,0,1
0,16,93.1,63,6.2,-0.26,2.75,4,0,1,1,1
0,19,92.9,65.8,5.9,0.13,2.78,4,0,0,1,0
0,14,91.7,70.8,6.6,-0.19,3.08,4,3,2,0,0
0,-10,105.3,76.3,7.5,0.2,2,4,0,0,0,0
0,-15,96.8,69.8,6.7,-0.37,1.98,4,2,2,1,0
0,-22,60.4,62.1,6.2,-1.02,3.06,4,3,2,0,0
0,33,75,74.1,7,0.45,2.27,4,3,2,1,0
0,72,89,75.5,7.5,-0.39,2.93,3,1,1,1,0
0,50,78.6,63.3,8.7,0.39,2.12,3,0,1,0,0
0,-21,39.7,77.7,8.1,-0.44,2.4,3,1,2,0,0
1,29,102.8,74,7.7,0.56,1.9,3,3,2,1,0
0,-2,52.6,68.7,5.8,-1.19,2.49,3,1,1,0,0
0,49,91,77.3,7.5,-0.2,1.91,2,2,2,1,0
0,-8,93.3,72.4,7.8,0.15,1.31,2,0,2,0,0
0,48,65.2,66.9,6.6,0.64,2.46,2,1,1,1,0
0,8,101.6,70.4,6.6,-0.41,2.47,2,1,1,0,0
0,56,85.6,61,6.9,-0.02,2.73,2,1,2,0,0
0,-7,82.8,63.2,5.5,0.18,3.38,2,0,1,1,0
0,29,91.7,68.7,6.5,0.4,3.14,1,0,1,1,0
0,-29,61.3,79.2,8.4,0.59,1.23,1,1,1,0,0
0,8,113,82.3,7.3,0.06,2.41,1,2,2,1,0
0,9,107.7,74.6,7.6,-0.27,2.29,1,2,1,1,0
0,-59,78.5,64.2,7.7,0.83,1.98,1,3,2,0,0
0,18,91.5,68.4,6.8,-0.92,2.4,1,3,2,1,0
0,-29,62.8,72.5,7.6,-0.04,2.62,1,1,1,0,0
1,24,107.3,73.4,7.8,-0.11,2.74,9,2,1,1,0
0,11,107.2,73.1,7.1,-0.14,2.15,9,0,1,0,1
0,8,98.6,82.3,8.3,0.02,1.59,8,0,1,1,0
0,7,108.8,72.5,7.7,-0.24,3.31,8,1,1,0,0
0,12,102.6,68,7.5,0.19,3.56,8,1,2,1,0
0,31,102,75.3,7.6,0.34,1.92,8,2,0,0,0
0,25,100.4,72,6.9,0.1,2.87,8,2,2,0,0
0,38,82.9,61.9,6.5,0.41,2.08,8,2,2,0,0
0,25,84.7,73.5,6.4,-0.39,2.95,8,2,2,0,0
0,4,88,71.4,8.1,-0.46,1.47,7,2,2,1,0
0,34,81.7,79.2,7.7,0.51,2.25,7,2,1,0,0
0,37,98.2,73,7.5,0.06,1.92,7,0,2,0,0
0,12,96.5,67,6.6,-0.37,3.73,7,1,2,1,1
0,49,93.8,74.3,7.1,0.1,3.42,7,2,2,1,1
0,0,95.2,74.2,8.2,-0.08,1.8,7,2,1,0,1
0,-33,83.9,70.5,7.8,0.32,2.48,7,1,0,1,0
0,33,73.7,64.6,7.5,0.42,2.3,7,0,0,1,0
0,-31,105.5,77,6.5,0.26,3.21,7,0,2,1,0
0,8,86,77,7.8,0.41,1.79,6,1,2,0,0
0,45,91.8,81.1,7.2,0.18,2.53,6,0,1,1,0
0,11,107.6,73.2,7,-0.12,2.52,6,2,1,1,0
0,9,107.4,70,6.2,-0.34,2.7,6,2,0,1,0
0,-21,99.8,65.1,6.1,-0.14,2.23,6,1,1,0,0
0,19,82.7,75.7,6.9,-0.41,2.6,6,1,1,0,0
0,-19,98.1,80.5,6.4,-0.33,2.28,5,2,1,0,0
0,50,95.4,79.2,7.7,0.1,1.74,5,1,2,0,0
0,4,92.1,80.6,8,0.58,2.15,5,0,1,1,0
0,23,89.5,70.4,8.2,1.14,1.92,5,0,1,0,0
0,-8,90.4,71.4,6.5,-0.19,2.35,5,3,1,0,1
0,-45,70.2,74.9,7.1,-0.24,2.75,5,1,2,1,1
0,24,100.6,72.4,7.1,0.45,2.43,4,3,2,0,0
0,30,92.2,69.5,7.5,0.53,2.59,4,3,2,1,0
0,34,86.3,80.4,6.6,0.16,2.63,4,0,1,1,0
0,-18,90.9,72.2,6.9,0.2,3.36,4,2,1,0,0
0,2,110.4,77.1,7.6,0.34,1.61,4,1,0,1,0
0,39,64.3,73.4,8,-0.28,2.28,4,1,2,0,0
0,16,93.7,65.4,5.5,-0.41,2.9,4,2,1,1,0
0,39,81.1,71.6,6.5,-0.72,2.85,4,1,0,0,0
0,4,106.9,75,6.8,-0.29,2.64,4,1,2,0,0
0,26,99,74.9,7.5,0.19,2.02,3,0,0,0,0
0,32,84.7,71.1,7.6,0.16,1.6,3,0,1,1,0
1,26,108.2,81.7,7.9,-0.07,2.15,3,1,0,1,0
0,28,93.9,73.9,7.6,0.29,1.96,3,0,0,0,0
0,-3,106.8,75.1,8.4,-0.24,1.53,3,2,1,1,0
0,53,74.7,76.2,8.2,0.19,2.7,3,1,1,1,0
1,28,112.3,84.6,8.1,0.7,1.87,3,1,1,1,0
0,-10,75.1,71.1,7.7,-0.11,2.29,2,0,1,0,0
0,-3,108.3,81.4,7.1,-0.05,2.09,2,2,0,1,0
0,51,99.2,79.3,8.4,0.07,2.47,2,0,0,0,0
0,-40,68.2,65,5.5,0.71,2.11,2,1,1,1,0
0,-5,92.9,62.4,5.8,-0.37,3.21,2,3,1,0,0
0,12,92.5,74.1,7.9,0.6,2.25,2,1,1,0,0
0,48,88.5,74,8.5,-0.48,1.69,2,0,0,1,0
0,-11,79.9,69.3,7.8,0.46,1.5,1,1,1,0,0
0,-9,91.3,68.2,7.1,-0.13,1.99,1,2,2,1,0
1,35,107.7,76.2,7.4,0.31,3.01,1,1,2,0,0
1,22,110.4,77.6,7.9,-0.04,2.42,1,2,1,1,0
0,19,97.9,77.9,7.1,-0.37,2.77,9,2,2,0,0
0,-57,65.3,37.7,7.1,-0.42,2.05,9,0,1,1,0
0,-13,87.5,64.1,6.8,0.17,2.38,8,2,2,0,0
0,34,90.3,70.9,6.7,-0.35,2.3,8,0,1,1,0
0,53,87,66.3,7.8,1.01,1.29,8,2,2,1,0
0,13,96.8,71.7,6.1,0.22,2.27,8,1,0,1,0
0,78,75.3,74.1,7.2,0.97,2.31,8,2,2,1,0
1,26,109.8,75.9,7.3,0.63,3.19,7,3,1,0,0
0,-16,86.5,61.6,7.4,0.43,1.75,7,0,2,0,0
0,12,87.5,62.1,7.1,1.07,2.34,7,0,1,0,0
0,-42,85.4,71.3,7.2,0.62,1.58,7,2,1,1,0
0,29,94.6,73.6,6.7,-0.39,2.98,6,0,0,0,0
0,10,83.7,65.7,6.6,0.76,3.71,6,1,1,0,0
0,12,99.9,80.8,6.8,-0.06,1.95,6,2,2,1,0
0,-5,99,78.3,8.2,0.21,1.84,6,3,2,1,0
0,42,95.3,67.6,6.1,0.11,3.57,6,1,2,1,0
0,29,88.7,71,7.6,-0.04,2.59,5,2,1,0,0
1,23,107.2,74.2,7.5,0.26,2.71,5,2,1,1,0
0,-6,74.2,61,7.2,-0.69,1.01,5,2,2,1,0
0,7,92,64.4,7.7,-0.5,1.03,5,1,2,1,0
0,5,97.6,69.1,7.5,-0.34,2.06,5,0,1,1,0
1,36,97.1,71.8,7.7,0.85,1.77,5,2,1,1,0
0,-4,85.2,73.8,7.4,0.72,2.47,4,0,0,0,0
0,-19,62.1,70.8,7,-0.71,2.48,4,0,1,0,0
0,32,85.8,70.6,8,-0.96,2.35,4,1,0,1,0
0,17,105.3,73.1,7.6,0.68,1.19,4,2,2,1,0
0,1,81.8,69.2,7.9,0.26,1.92,3,2,2,0,0
0,-14,90.2,65.8,6.4,0.14,1.87,3,0,0,1,0
0,17,83,67.5,6.7,0.55,2.57,3,0,1,0,0
0,11,107.2,73.2,7.3,0.47,2.13,3,2,2,0,1
0,7,80.2,66,6.2,0.26,2.83,3,2,2,1,1
0,24,102.2,72.2,6.9,-0.19,2.22,2,0,0,0,0
0,3,103,71.8,7.3,0.12,3.11,2,0,2,0,0
0,16,97.7,66.2,7.3,-0.91,2.62,2,3,2,1,1
0,8,85.4,64,5.9,0.85,2.95,2,0,1,1,1
0,-60,61.2,78.1,8.4,1.09,2.18,2,0,1,0,1
0,54,81.6,67.4,7.1,-0.28,2.93,1,3,2,0,0
0,44,92,71.2,6.4,-0.16,2.56,1,1,0,1,0
0,47,79.9,71.9,6.7,-0.63,3.23,1,2,2,0,1
0,29,90.4,71.3,7.1,0.05,2.12,1,1,1,1,1
0,57,88.7,76.2,8.2,0.29,2.19,1,0,1,0,1
0,7,103.2,67.6,5.7,-0.05,3.63,9,3,2,1,0
1,23,103.9,71.9,6.8,0.41,2.63,9,2,2,1,0
0,0,100.3,74.4,6.8,-0.58,2.22,9,0,0,0,0
0,12,106.1,74.1,6.9,0.19,2.87,9,1,2,0,0
0,22,76.5,72.4,7.5,-0.41,2.32,9,1,0,1,0
0,-4,94.1,68.5,7.2,0.15,3.62,9,0,1,0,0
0,16,89,59.5,5.8,-0.16,2.8,9,1,0,1,0
0,25,98,77,7,-0.12,2.98,9,0,0,1,0
0,29,95.9,70.7,7.6,-1.11,3.32,9,1,1,1,0
0,12,83.7,67.6,6.5,-0.53,2.02,9,1,1,1,0
0,36,76.1,70.3,7.1,0.25,2.67,8,0,0,1,1
0,57,88.5,72.7,7.1,-0.02,2.69,8,0,0,0,1
0,-8,76.6,68.4,5.7,1.35,2.45,8,1,1,1,1
0,5,100.6,72.4,7.2,0.45,2.3,8,2,2,1,1
0,-6,100.2,69.3,7,0.28,2.14,7,0,0,1,1
0,9,98.7,66.8,6,-0.05,2.5,7,1,2,0,1
0,28,99.6,72.5,6.6,0.19,2.97,7,0,1,0,0
0,-86,48.8,72.5,7.8,-0.47,2.15,7,1,0,1,0
0,8,99,71,7.4,0.31,3.22,7,3,1,0,0
0,-2,102,73.4,7.5,-0.32,1.95,7,2,1,1,0
0,21,111,76.3,7,0.08,2.38,7,1,1,1,0
0,39,86.4,79.1,8.6,0.31,1.61,7,1,1,1,1
0,-16,108.6,77.6,6.8,0.1,2.45,7,1,1,1,1
0,3,105.9,74.5,6.4,-0.49,3.11,6,2,1,1,0
0,62,79.2,73.6,7.8,-0.03,1.74,6,2,2,1,0
0,-5,98.7,72.1,7.7,-0.31,2.03,6,0,1,0,1
0,-46,84.7,69.8,6.3,-0.19,2.68,6,0,0,1,1
0,65,74.4,67.3,6.9,0.38,2.9,5,1,1,0,0
0,42,73.5,74,7.5,0.7,1.93,5,0,0,0,0
0,2,78.7,65.6,6.6,-1.47,2.61,5,1,2,1,0
0,19,94.6,70.5,6.7,0.19,3.32,5,1,0,1,0
0,38,89.9,77.2,7.5,0.58,2.65,5,0,2,1,0
0,-20,90.2,74.4,7.6,0.36,2.07,4,0,1,0,0
0,-2,104.8,75.2,7.9,-0.57,1.76,4,1,2,1,0
0,0,106.2,74.7,6.7,-0.04,2.53,3,2,1,1,0
0,25,87.7,61.4,5.4,0.54,3.33,3,0,2,0,0
0,22,95.5,73.4,8.6,-0.42,1.35,3,0,1,1,0
0,18,79,70.2,8,0.09,1.55,3,3,2,0,0
0,0,90,73.3,7.1,-0.63,2.61,3,1,1,1,0
0,-3,76.2,72,6.4,-0.19,2.69,3,1,0,0,0
0,54,100.6,73.2,7.5,-0.85,3.43,2,1,0,0,0
0,-4,101.9,75.7,8.1,-0.26,2.87,2,0,0,1,0
0,18,105.2,75.2,7.2,-0.79,2.33,2,1,0,1,0
0,8,78.6,65.4,6.4,-0.9,3.28,2,2,2,1,0
0,69,91,75.5,6.9,-0.18,2.96,1,1,1,1,0
0,16,105.8,75.7,6.9,0.82,2.48,1,0,0,1,0
0,21,108,75.6,7.3,-0.1,2.27,1,2,2,1,0
0,18,95,67.5,7,0.59,2.58,1,0,1,0,0
0,21,95.6,72.3,6.6,0.41,2.37,1,3,1,1,0
0,3,104.5,73.1,7.6,0.43,2.37,1,3,2,1,0
0,11,102.4,76.6,8,0.38,1.64,1,3,2,1,0
0,17,99.4,67,7.4,-1.28,1.92,1,1,2,1,0
0,6,83.7,70.8,5.7,0.87,3.33,1,1,1,1,0
0,5,102.6,73.5,8.2,-0.69,2.09,1,3,2,1,0
0,-9,99.3,64.9,6.7,0.5,3.13,9,1,2,1,0
0,43,90,72.5,7.1,0.66,2.81,9,1,2,0,0
0,54,103.9,76.9,7.1,-0.29,3.12,9,0,0,1,0
0,-4,83.2,73.9,8.2,0.9,2,9,2,0,0,1
0,21,78.4,71.5,7,-0.79,2.78,9,0,1,1,1
0,0,68.3,56,6.7,-1.27,3,9,2,2,1,1
0,-24,80.6,60.9,5.2,0.79,2.9,9,0,0,1,1
0,37,88.9,72,6.3,-0.31,2.58,8,1,2,0,1
0,20,75.8,60.3,6.8,-0.41,3.08,8,2,2,1,1
0,23,98,72.5,7.2,0.29,2.03,8,0,2,0,1
0,17,96.8,67.3,6.9,-0.07,2.52,8,0,0,0,1
0,8,97.6,65.7,6.3,0.86,1.91,8,2,1,0,1
0,-31,69.1,62.5,6.8,1.03,2.04,7,0,1,0,0
0,75,86.5,76.1,8.2,-0.73,2.27,7,3,2,1,0
0,13,104.4,68.9,7.3,0.29,2,7,0,0,0,0
0,4,105.1,72.7,8.3,0.31,1.58,7,0,1,0,1
0,-21,76.8,72.5,7.8,-0.69,1.33,7,1,2,1,1
0,-10,97.5,75.5,7.6,0.37,1.7,7,2,0,1,1
0,53,50.2,70,6.5,-0.77,2.43,6,2,2,0,0
0,1,105.3,71.5,7.1,0.44,2.39,6,2,0,1,0
0,16,96.8,64.6,5.9,0.46,3.02,6,0,0,1,0
0,78,88.8,70.9,6.5,0.27,2.95,6,0,0,0,0
0,8,101.2,69.2,6.9,0.07,3.03,6,3,2,1,0
0,-15,85.8,69.3,7.1,-0.2,2.23,5,2,1,0,0
0,-27,69.6,71.2,7.7,0.79,1.95,5,1,2,0,0
0,-6,80.2,75.7,8.2,-0.49,1.77,5,1,1,1,0
0,1,102.1,75.3,7.3,0.14,2.73,5,2,2,0,0
0,59,67.8,71.5,7.7,-0.65,1.85,5,2,0,1,0
0,5,97.4,63.3,5.3,0.53,3.22,5,3,1,1,0
0,36,89.1,70.2,6.7,0.12,2.43,5,0,0,1,0
0,-50,62.3,68.6,6.4,-0.23,1.76,5,3,2,0,0
0,35,98.6,77.1,6.5,-0.34,2.44,4,0,1,1,0
0,-6,84.5,70.1,6.5,-0.47,2.13,4,0,0,0,0
0,39,93.6,70.2,6.7,-0.59,3.9,4,1,2,1,0
0,11,97.6,63.3,6.3,0.79,1.97,4,2,2,1,0
0,40,97.8,77.6,7.9,-0.27,2,4,3,2,0,0
0,5,93.3,62.3,5.5,-0.22,2.97,3,0,1,1,0
0,36,87.7,75.5,6.2,0.01,3.04,3,3,2,1,0
0,5,97.1,68.7,7.3,0.45,1.78,3,0,2,0,0
0,-6,96.9,75.6,7.3,0.25,1.84,3,1,2,1,0
0,-11,70.1,68.9,7.5,-0.74,1.78,3,0,1,1,0
0,-53,58.5,65.2,6,-0.7,2.43,3,2,1,1,0
0,-20,87.1,71.9,6.6,-0.65,2.52,2,0,0,0,0
0,38,83.3,73.5,7.2,0.28,3.04,2,1,0,1,0
0,9,102.9,70.6,6.3,0.09,2.28,2,2,2,1,0
0,-2,99.6,70.7,7.1,0.05,2.25,2,1,0,1,0
0,35,89.1,60.3,6.8,1.14,2.16,2,2,2,0,0
0,14,94.5,77.6,6.8,0.25,2.86,1,0,1,1,0
0,-43,51.9,68.4,7,0.9,1.99,1,0,1,0,0
0,0,86,63.7,6,0.13,3.07,1,0,1,1,0
0,-21,97,78.5,6.7,0.33,2.59,1,2,1,1,0
0,-3,66.8,75.2,7.1,-0.93,2.61,1,0,1,0,0
0,21,109.2,75.5,7.2,-0.1,2.39,1,0,0,1,0
0,28,56.2,68,6.2,0.59,2.64,9,1,2,1,0
0,4,113.3,76.8,7.3,-0.39,2.55,9,0,0,1,0
0,45,94.8,70.3,6.7,0.3,2.64,9,3,1,1,0
0,-14,90.8,73.6,7.8,-0.34,2.31,9,1,2,1,0
0,17,97.9,68,6.7,0.1,2.24,9,2,1,1,0
0,15,106.6,74.6,7.4,-0.37,2.08,8,0,0,0,0
0,10,103.8,75.2,6.9,-0.51,1.57,8,2,2,0,0
0,7,98.1,73.1,7.9,-0.8,1.35,8,0,0,0,0
0,-27,82.2,66.2,6.4,0.81,1.92,8,0,2,1,1
0,18,107.5,82.5,6.9,-0.41,2.07,8,0,0,0,1
0,45,99.5,75.2,6.8,-0.05,2.36,8,2,2,1,1
0,6,81.8,70.6,6.8,-0.94,2.65,7,0,0,1,0
0,-25,55.3,75.3,8.1,-0.81,2.08,7,3,2,1,0
0,20,102.8,72.2,7.7,0.32,2.5,7,0,1,0,0
0,-4,104.4,75.1,7.8,0.01,1.92,7,0,2,1,0
0,12,105.4,73.2,7.8,0.03,2.45,7,0,0,0,0
0,0,96.7,71.5,7.1,-0.93,2.65,6,2,2,0,0
0,-36,66.3,66.6,7.8,-0.6,2.25,6,0,0,1,0
0,3,90.6,58,7,0.65,2.22,6,0,1,0,0
0,-2,94.1,74.4,7,-0.15,2.95,6,0,1,1,0
0,-7,78,75,7.5,-0.18,2.61,6,1,2,0,0
1,27,107.6,76.5,8.1,-0.15,2.05,6,1,1,1,0
0,47,77.5,67.9,6.3,0.42,3.27,6,3,2,1,0
0,-22,102.4,72.5,7.4,-0.2,2.05,6,1,1,0,0
0,-21,49.5,61.9,6.6,-1.1,3.58,5,1,1,0,0
0,19,102.8,76,6.8,-0.36,2.65,5,0,1,1,0
0,6,100.5,69,7.7,0.15,2.43,5,2,1,0,0
0,18,90.5,73.8,7.9,0.73,1.51,5,1,2,0,0
0,-6,85.5,78.3,7.6,0.43,1.86,5,0,1,1,0
0,-44,73.5,77.4,7,0.21,2.89,4,2,0,0,0
0,4,101.9,73.5,7.8,-0.76,2.09,4,1,2,1,0
0,46,91.5,68.9,8.4,-0.31,2.48,4,3,2,1,0
0,25,92.3,82.1,7.9,0.2,3.01,4,0,0,1,0
0,38,89.4,73.1,7.3,-0.44,3.09,4,1,0,0,0
0,14,112.5,80.3,7.7,-0.47,1.27,4,0,1,0,0
0,14,87,77.6,7.5,0.59,2.16,4,1,0,1,0
0,-5,111,76.4,6.7,-0.22,2.76,3,1,2,1,0
0,9,98.7,68.3,7.2,-0.5,2.83,3,0,0,1,0
1,30,98.4,73.4,7.2,-0.44,2.3,3,0,1,0,0
0,-47,80.1,64.6,6.8,-0.3,2.96,3,0,2,1,0
0,15,70.3,71.2,7.6,0.98,2.68,3,0,1,0,0
0,45,97.3,75.9,7.3,0.28,2.81,3,1,0,0,0
0,-51,72.9,72.6,7.4,0.89,2.28,2,2,0,0,0
0,-16,95.2,81.5,7.8,0.17,2.34,2,1,2,1,0
0,-4,84.5,69.2,8,0.55,2.47,2,1,2,0,0
0,2,91.3,77.9,7.5,-0.24,2.37,2,0,1,1,0
0,39,81.7,72.5,7.7,-0.58,2.72,1,0,2,0,0
0,32,104.3,75.4,7.1,-0.24,2.83,1,0,0,1,0
0,2,101.1,74.1,7.1,0.36,2.01,1,0,1,0,0
0,74,85.8,77.4,7.2,0.01,3.12,1,1,0,1,0
0,-24,68,68.1,6.1,0.2,1.69,9,1,2,1,0
0,-20,65.8,62.7,6.9,0.41,2.71,9,2,1,1,0
0,-21,88.2,77.1,7.3,-0.34,2.29,9,0,0,1,0
0,9,74.7,67.9,8.1,-0.95,1.68,9,0,1,1,0
0,17,111.5,79.1,7.3,-0.6,2.6,9,1,0,0,0
0,12,90.7,58,6.3,0.6,3.54,9,0,1,0,0
0,12,100.5,69.1,6.6,-0.54,2.89,9,3,1,1,0
0,11,94.8,70.3,6.9,0.45,2.46,8,1,1,1,0
0,13,100.8,72.5,7.1,-0.19,3.08,8,1,1,1,0
0,16,107.3,79.5,7.3,0.25,2.98,8,2,1,0,0
0,-1,70.5,66.1,8.5,1.02,1.54,8,1,2,0,0
0,-13,64.7,74.6,6.5,-1.05,2.57,8,2,1,0,0
0,32,79.6,67.4,6.7,-0.58,2.91,8,0,0,0,0
0,-30,83,67.1,6.4,-0.21,3.19,7,3,2,0,0
0,20,49.4,64.6,6.6,-1.23,2.34,7,1,0,0,0
0,-22,89,75.8,7.2,0.45,1.95,7,2,0,1,0
0,31,85.3,74.1,7.1,-1.12,2.25,7,0,0,0,0
0,3,110.8,74.3,7.9,-0.02,1.53,7,0,0,0,0
1,21,102.6,69.5,8.1,0.12,2.57,7,0,1,0,0
0,14,90.3,70.5,7.7,-0.67,1.82,7,1,1,1,0
0,-13,108.7,74.3,6.9,0.1,1.58,7,0,1,0,0
0,39,98,71.7,8.1,0.04,1.39,6,1,2,1,0
0,-7,73.4,71.3,8,0.47,1.44,6,0,0,0,0
0,9,74.6,71.8,7.7,0.02,1.02,6,0,2,0,1
0,-33,77.4,72.3,7.9,0.89,1.54,6,1,2,0,1
0,31,72.8,75.9,7.6,0.33,2,6,1,1,0,1
0,60,85.7,67.8,7.6,0.6,1.83,5,1,2,1,0
0,36,81.2,57.7,5.9,-0.62,2.85,5,2,2,0,0
0,21,109.9,73.9,7.4,-0.04,2.7,5,1,2,1,0
0,6,96,68.2,7.9,0.15,1.45,5,3,2,0,0
0,-6,106.4,73.6,6.9,-0.29,1.86,5,1,1,0,0
0,3,95.3,74.1,7.8,-0.29,2.71,5,1,1,1,0
0,-20,78.4,72.7,6.7,0.41,2.92,5,1,2,1,0
0,79,89,75,8.1,0.43,2.29,4,2,2,1,0
0,8,102.8,80,7.5,-0.15,2.05,4,3,0,1,0
0,25,98.9,67.7,7.3,-0.39,2.01,4,2,2,1,0
1,33,94.4,73.7,7.6,0.56,2.03,4,1,2,1,0
0,48,97.8,77,7.1,-0.29,2.44,4,2,0,0,0
0,55,89,74.5,6.7,-1.18,2.54,4,2,1,0,0
0,29,98.6,71.2,7.2,0.16,2.74,4,0,0,0,0
0,46,95.8,73.6,7.7,0.05,2.78,4,2,1,0,0
0,25,99.3,73,7.3,-0.59,2.14,4,2,0,1,0
0,-6,95.7,75.3,7.1,-0.12,2.1,3,0,1,1,0
0,-22,93.1,75.7,8.1,0.42,1.81,3,1,2,0,0
0,-13,103.6,70.8,7.5,-0.92,2.51,3,1,1,1,0
0,67,95.5,73.7,8.4,0.69,1.29,3,2,2,1,0
0,36,96.2,71.7,7,0.16,2.16,3,0,1,1,0
0,28,80.6,71.7,8,-0.75,1.41,3,0,1,1,0
1,27,99,67.2,7.5,0.55,2.27,3,2,0,0,0
0,25,82.2,59,6.2,0.56,3.1,3,0,1,1,0
1,31,102.6,72.7,7.6,-0.16,2.61,3,2,1,0,0
0,41,94.2,71.3,6.4,-0.2,3.18,2,0,1,1,0
0,0,79.1,75.5,7,-1,1.81,2,1,2,0,0
0,46,99.5,74.6,7.3,-0.26,2.71,2,2,0,0,0
0,19,92.8,76.6,6.8,0.37,3.07,2,1,2,1,0
0,14,98.1,76.3,6.8,0.15,3.04,2,3,1,0,0
0,-16,86,76.4,7.3,-0.19,1.81,2,1,1,1,0
0,19,98.7,70.3,6.8,0.31,1.97,2,1,2,1,0
0,-1,100.4,75,7.8,-0.36,2.23,2,1,2,0,0
0,0,73.8,75.7,8.3,0.29,2.14,1,0,0,0,0
0,-26,104.8,72.6,6.9,0.2,1.54,1,0,1,1,0
0,-14,71.6,57.6,6.1,-1.14,2.58,1,1,0,0,0
0,13,106.3,73.6,7.7,0.2,2.66,1,0,1,0,0
0,-6,100.1,79,7,-0.1,2.12,1,1,2,1,0
0,-2,97.4,78.9,8.4,-0.49,1.35,1,3,2,1,0
0,4,106,74.7,7.8,-0.28,2.08,1,0,0,1,0
1,27,109.4,77.2,7.1,-0.52,3.24,1,0,0,0,0
0,24,73.6,72.4,8.3,0.51,1.69,1,2,2,0,0
1,29,103.8,68.8,7.2,-0.27,3.18,1,0,0,0,0
0,7,90.5,72.1,6.9,0.01,1.8,9,0,1,0,0
0,-4,91.1,73.9,6.9,-0.17,2.31,9,0,1,0,0
0,13,108.4,77.2,8.8,-0.14,1.85,9,1,0,1,0
0,-23,85.9,61.4,7,-1.31,2.51,9,1,2,1,0
0,43,93,78.3,7.4,-0.77,2.11,9,0,1,1,0
0,-2,81.1,61.4,5.9,-0.97,2.89,8,3,2,0,0
0,8,82.2,73.5,8,0.2,1.72,8,0,2,1,0
0,12,82.2,70.7,6.6,0.52,2.25,8,0,0,1,0
0,15,71.4,69.8,8.7,0.64,1.95,8,0,2,0,0
0,-15,90.8,68.8,6.6,-0.11,1.68,7,0,0,0,1
0,-45,58,72.8,8.6,0.61,1.07,7,1,1,1,0
0,38,99.8,78.9,8.7,0.1,2.63,7,0,0,0,0
0,9,105.9,76.4,7.9,0.04,2.34,7,0,0,0,0
0,40,97.4,70.9,6.8,0.28,3.47,7,0,1,1,0
0,-13,99.1,64.9,6.2,0.42,2.43,6,0,2,0,0
0,-3,79.8,69.8,7.5,0.46,1.17,6,1,0,0,1
0,-19,65.7,69.2,7.6,-0.2,1.84,5,2,2,1,0
0,51,95.1,78.1,7.6,-0.36,2.42,5,0,0,1,0
0,28,79.4,72.6,8.5,0.26,1.78,5,1,0,0,0
0,67,79.3,80.2,8.5,0.55,2.34,5,3,2,0,0
0,1,107.4,78.4,8,-0.34,1.81,4,0,0,1,0
0,0,111.3,78.4,7.5,0.4,2.74,4,1,1,0,0
0,-10,98.4,73.8,7.1,0.39,2.22,4,0,0,1,0
0,9,91.3,76,8,-0.4,1.85,4,2,0,0,0
0,57,87.4,68.2,7.1,0.7,3.18,4,2,1,0,0
0,37,89.4,71.4,6.7,0.76,1.38,2,1,1,1,0
0,-15,62.7,60.7,7.9,0.45,1.21,2,0,2,0,0
0,25,85.2,66.9,7.3,-0.98,1.88,2,0,1,1,1
0,62,89.8,70.7,7.6,-0.67,3.05,2,0,0,0,1
0,42,102.1,74.4,8,-0.07,2.94,2,1,2,0,1
0,20,108.8,75,6.7,0.51,2.12,2,1,1,1,1
1,27,103.6,74.8,7.7,-0.04,2.44,2,0,1,0,1
0,65,74.3,77.5,7.2,0.34,3.17,1,1,1,1,0
0,35,88.5,79.2,7.5,-0.38,2.24,1,2,0,0,0
0,35,81.9,71.8,6.4,-0.11,2.4,1,1,2,0,1
0,-19,76.5,65.4,6.7,0.76,2.56,1,1,1,0,1
0,41,92.6,76.5,7.3,-0.57,2.2,9,2,1,0,0
0,-1,95.6,61.8,8.1,0.53,1.45,9,0,2,0,0
0,-10,99.3,67.1,5.6,-0.06,3.24,9,0,2,1,0
0,7,107.4,76.8,7.9,0.04,1.59,9,1,1,0,1
0,-10,91.6,63.1,6,0.72,2.4,9,0,1,1,1
0,-13,82.7,64.3,5.4,0.12,2.39,9,1,1,1,1
0,-5,108,80.2,7.1,0.09,1.78,8,0,0,0,0
0,8,86.7,72.7,7.6,0.43,1.43,8,2,2,0,0
0,17,94.2,73.3,7.3,0.7,1.46,8,2,0,1,0
0,-17,111.7,82.1,7.9,0.04,2.36,8,0,1,0,0
0,42,94.7,73.3,6.7,0.14,3.12,8,1,2,0,0
0,34,100.3,72.2,7.4,-0.05,2.38,7,2,0,1,0
0,-7,100.6,77.2,7,-0.47,2.19,7,0,1,1,0
0,33,81.4,71,8,0.65,1.84,7,1,2,0,0
0,67,86.3,75.7,7.8,0.39,2.61,7,0,0,0,0
0,37,96.8,71.7,8.2,0.22,3.25,7,0,0,0,0
0,30,89.7,71.8,6.4,0.04,2.3,7,1,2,1,1
0,66,73.5,67.3,7.2,0.38,3.18,6,2,0,1,0
0,39,100.7,69.5,6.9,0.25,3.23,6,0,1,0,0
0,43,86.7,68.6,8.2,0.25,1.82,6,0,2,0,1
0,6,106.1,82.2,6.8,-0.38,2.16,6,2,1,1,1
1,29,108.5,79.9,8.4,-0.51,2.59,6,1,1,0,1
0,-8,74.5,74.2,7.9,0.3,2.1,5,1,0,0,0
0,-70,68.4,50.1,5.1,0.31,2.07,5,0,1,1,0
0,58,95.7,77.7,8,-0.8,2.31,5,2,0,0,1
0,-3,90.2,73.3,7.4,-0.86,3.43,5,2,2,0,1
0,-14,70.2,75.2,7.4,-0.43,2.86,5,0,0,0,1
0,14,68.1,68.8,9.3,0.64,3.21,5,2,2,0,1
0,35,95.3,71.6,6.6,-0.62,3.54,4,0,1,1,0
0,18,103.3,72.4,7.5,-0.36,3.12,4,1,0,0,0
0,27,104.3,72.1,7.1,-0.53,3,4,0,0,1,0
0,18,95.4,71.9,7.4,-0.56,2.68,4,2,1,1,1
0,67,92.8,80.6,7.7,-0.11,2.14,4,3,1,1,1
0,19,90.7,77.6,7.1,-0.43,2.46,3,1,0,0,0
0,7,99.1,68.3,7.5,-0.26,2.28,3,0,1,0,0
0,25,97.2,71.3,7.2,-0.26,2.26,3,1,0,1,0
0,49,90,70.9,6.2,-0.16,2.37,3,2,2,1,1
0,33,78.6,78.1,9.1,0.32,1.95,3,0,1,0,1
0,65,71.7,67.6,6.2,-0.22,3.66,3,3,2,0,1
0,33,92.7,69.1,6.3,-0.17,3.08,2,2,2,1,0
0,61,66,71.9,6.8,0.65,3.17,2,0,2,1,0
0,-19,77.8,68.4,6.8,-0.63,2.56,2,0,2,0,1
0,-10,104.2,82.2,8.3,-0.69,1.5,2,0,0,0,1
0,-18,98.5,73,7.9,0.36,1.52,2,1,0,0,1
0,-16,97.3,70.7,8.4,0.33,1.98,1,0,0,0,0
0,14,108.4,73.9,7.8,0.53,1.69,1,1,2,1,0
0,-7,81.6,66.1,7,0.5,3.1,1,1,2,0,0
0,-12,88.8,63.6,5.5,0.13,3.19,1,0,2,1,1
0,26,79.6,78.4,7.2,0.07,2.26,1,2,2,1,1
0,20,100.9,66.5,6.8,0.08,2.47,9,2,0,0,0
0,-28,87.7,73.1,7.4,-0.49,3.17,9,0,1,1,0
0,12,101.3,75,7.2,0.31,2.72,9,2,2,0,0
0,58,82,81.8,7.6,0.48,2.95,9,0,0,1,0
0,-15,88.4,76.6,6.9,0.03,2.02,9,0,2,0,1
0,44,102.7,83,7.9,0.19,2.91,9,0,0,0,1
1,35,104.1,73,8.1,-0.38,2.35,9,2,2,0,1
0,47,56.5,67.1,7.1,-0.68,1.96,9,2,2,0,1
0,-30,79.8,71.8,6.8,-0.31,2.97,8,0,2,1,0
0,10,101,66.2,5.7,-0.38,2.92,8,1,0,1,0
0,13,106.8,83.5,8,-0.11,2.46,8,2,2,0,0
0,15,101.2,74.7,7.4,-0.02,2.13,8,1,2,1,0
0,-21,72.4,85.5,8.5,0.45,1.88,8,0,0,1,0
0,4,82.4,83.2,6.6,0.37,3.17,8,2,2,0,1
0,16,77.7,75.2,6.9,0.45,2.08,7,0,0,1,1
0,1,73.4,67.6,6.3,0.45,2.79,7,2,2,1,1
0,40,96.7,69.6,6.9,-0.5,2.35,7,0,1,1,1
0,58,89.6,74.6,7.6,-0.35,3.41,7,3,2,0,1
0,-8,92.6,65,7,-0.05,1.3,7,1,2,1,0
0,-5,95.5,68.4,6.1,0.03,2.94,7,1,0,0,0
0,71,59.6,78.4,7.4,-0.86,2.74,7,1,1,0,0
0,7,76.2,64,5.9,0.27,2.73,7,1,2,1,0
1,30,99.2,69.1,6.8,0.49,3.29,7,2,2,0,0
0,10,104.9,72.6,6.8,0.12,3.17,7,2,2,0,0
0,15,97.6,67.5,7,0.41,2.11,7,1,2,1,0
0,20,109.9,73,6.9,0.14,2.75,7,3,2,0,0
0,0,99.4,72.8,6.6,0.28,3.38,6,0,0,1,1
0,4,86,62.8,6.6,-0.79,3.29,6,1,2,0,1
0,18,112,76.7,7.7,-0.01,2.85,6,2,0,1,0
0,-38,76.8,79.4,6.4,0.63,1.42,6,0,0,0,0
0,-30,79.2,71.2,8.1,1.02,1.71,6,2,2,0,0
0,15,82.7,67.5,6.7,0.39,2.62,6,0,0,1,0
0,30,83.6,73.1,7.8,-0.48,2.87,5,3,1,0,1
0,11,93.8,65.5,5.8,0,3.1,5,0,0,1,1
0,53,78.7,69.2,6.7,-0.22,2.43,5,1,1,0,1
0,2,91.6,70.5,7.1,0.8,2.37,5,1,2,0,0
0,11,91.9,67.5,7.3,0.83,1.39,5,2,2,0,0
0,38,88.6,64,6.4,0.56,3.15,4,3,2,0,1
1,28,106.5,77.2,8,0.1,2,4,1,0,0,1
0,-22,89.3,69.7,6.4,-0.06,2.65,4,3,1,1,1
0,32,97.5,66.2,5.8,0.53,3.37,4,0,2,0,1
0,16,95.6,69.3,6.6,0.71,2.1,4,0,0,0,1
0,-8,95,70.1,7.7,0.32,2.94,4,2,1,0,1
0,10,51.8,35.7,7.2,-0.68,2.03,3,2,1,1,1
0,41,70.5,72.2,8.5,-0.57,1.54,3,2,2,0,1
0,-40,43.8,70.4,7.9,-0.12,2.19,3,3,0,1,1
0,51,87.8,69.3,6.7,0.23,3.17,3,0,1,0,1
0,24,79.8,72.9,7.1,0.05,2.66,3,0,1,0,1
0,41,103.5,75.2,7.6,-0.58,2.19,3,2,1,0,1
0,11,98.3,77.2,7.9,-0.39,2.27,3,3,2,0,1
0,22,95.4,68.5,8.1,-0.93,2.4,2,3,2,1,1
0,26,80.4,69,7,0.91,2.55,2,0,2,0,1
0,-12,101.1,71.3,7.7,-0.4,1.57,2,2,2,1,1
0,-9,73.9,55,6.8,-0.13,1.88,2,1,2,1,1
0,69,91,77.4,7.6,0.4,2.42,2,0,0,0,1
0,-17,73.2,63,7.3,0.71,2.1,2,2,2,0,1
0,51,98.4,74.8,7.3,-0.41,2.25,1,2,0,1,1
0,5,98.1,69.7,7.5,1.04,2.49,1,2,2,0,1
0,9,81.8,64.5,7.6,-0.78,2.54,1,2,2,1,1
1,34,102.6,76.2,8.6,0.07,2.05,1,3,2,0,1
0,15,80.6,67,6.7,-0.41,3.12,1,2,2,1,1
0,3,100,65.9,6,-0.23,2.8,1,1,2,0,1
0,16,106.3,76.2,7.9,0.44,2.15,1,1,0,0,1
0,38,100.9,78.2,7.6,-0.22,3.08,1,0,2,0,1
0,18,95.1,73.2,8,0.27,2.67,1,2,2,0,1
0,19,82.4,58.8,7.2,-0.21,1.61,1,1,2,1,1
0,0,76.8,66.3,6.1,0.02,2.66,9,2,0,0,1
0,1,89.8,78.8,6.8,-0.42,2.6,9,0,0,0,1
0,35,61.5,68.2,6.1,0.41,3.3,9,1,2,1,1
0,-25,84.9,70.7,7.9,0.74,1.35,9,0,2,0,1
0,-1,103.2,77.9,7.4,-0.07,2.43,9,2,2,0,1
0,4,102.1,71.2,6.7,-0.39,2.44,9,1,2,1,1
0,8,99.7,67.3,7.5,-0.49,2.59,9,3,1,0,1
0,23,90.8,76.6,7.6,-0.09,2.43,8,1,2,1,0
0,81,84.6,68.7,7.7,-0.02,3.11,8,0,0,0,1
0,-23,95,83.6,7.6,0.31,2.15,8,1,1,0,1
0,-3,93.3,67.8,5.8,-0.38,2.3,8,0,1,0,1
0,-12,96.2,75.1,6.9,0.8,2.63,7,1,1,1,0
0,36,34,67.1,6.2,0.86,2.27,7,1,2,1,0
0,21,80.2,71.7,8,-0.8,1.87,7,3,1,0,0
0,-4,80.5,71,6,-0.31,2.85,7,0,0,0,1
0,16,87.6,75.1,7.7,-0.61,2.31,7,3,2,1,1
0,-7,88.6,67.6,6.9,-0.58,2.05,6,2,2,0,0
0,7,106.9,75.5,7.8,-0.56,2.62,6,0,0,0,0
0,-6,66.1,68,6.6,-0.5,2.98,6,0,0,0,0
0,1,104.1,74.2,7.8,0.11,1.61,6,2,2,0,0
0,41,76,61.6,6.1,-0.31,3.39,6,0,0,1,0
0,26,89.9,68.6,6.6,0.43,2.65,5,0,2,1,0
1,21,106.8,75.3,7.6,0,1.8,5,0,1,1,0
0,49,49.3,69.2,6.4,0.63,2.56,4,0,1,1,0
0,58,82.5,61.6,5.8,-0.46,2.9,4,1,2,0,0
0,49,89,69.4,7.7,-0.12,2.16,4,3,1,0,0
0,-3,105.1,84.7,7.2,0,3.64,4,0,2,0,0
0,5,101,65.9,6.9,-0.73,2.66,4,0,2,1,0
0,25,100.2,66.7,6.7,-0.07,2.13,4,3,2,0,0
0,-5,96.6,75.4,7.4,0.64,2.48,3,0,1,1,0
0,57,86.6,73,7,0.42,3.05,3,2,2,0,0
0,11,105.7,73.2,6.5,0.36,2.4,3,3,2,1,0
0,43,73.3,68,8.3,0.42,1.9,3,1,2,0,0
0,17,97.3,77.8,8,0.82,2.55,3,0,1,0,0
0,3,106,75.8,7.4,-0.15,2.15,3,2,2,1,0
0,24,98.6,71.5,7.8,0.28,2.11,3,1,2,0,0
0,16,92,68.5,6.5,-0.18,3.57,3,0,2,1,0
0,17,96.2,71.2,8,0.3,1.94,3,1,0,0,0
0,39,88.3,67.7,6.7,-0.24,1.99,2,1,0,0,0
0,-13,97.7,65.2,6.7,-0.53,2.33,2,0,0,0,0
0,13,85.2,67.7,6.3,-0.43,2.39,2,0,0,0,0
0,76,55,59.8,5.6,0.88,3.43,2,0,1,1,0
0,4,78.4,76.1,6.5,-0.19,2.54,2,2,1,0,0
0,14,105.6,77.6,8,-0.45,2.35,2,3,1,0,0
0,-7,63.9,71.8,6.5,0.74,1.84,1,0,1,1,0
0,-4,88.3,73.1,7,-0.06,2.41,1,3,2,1,0
0,43,91.5,67.6,6.5,-0.57,3.46,1,0,2,0,0
0,5,93,71.5,7.2,-0.85,2.11,1,1,2,1,0
0,-44,80.4,74.1,7.3,-0.19,3.04,1,3,1,0,0
1,28,105.3,77,7.1,-0.35,3.27,1,0,1,0,0
0,67,91.3,75,7.1,0.01,3.21,1,0,0,1,0
0,64,74.5,69.4,7.2,-0.41,2.31,9,2,1,0,1
0,24,86.5,68.5,6.2,0.12,3.22,9,2,2,0,1
0,42,92.3,73.8,7.4,-0.31,2.72,9,2,2,0,1
0,58,64.3,72.8,6.9,-0.89,2.4,8,0,2,1,0
0,-16,98.1,73.8,7.5,-0.02,2.05,8,3,1,0,0
0,42,65.8,74.3,6.5,-0.63,3.1,8,3,2,0,0
0,-45,70.4,69.3,7.2,-0.78,1.55,8,1,2,1,0
0,34,89.3,77.3,7.3,0.13,2.56,8,1,0,0,0
0,33,75.5,69.2,7.7,-0.45,2.62,8,0,0,0,0
0,-45,66.5,70.4,6.7,-0.21,3.26,7,1,0,0,1
1,26,108.1,83.9,7.6,-0.21,2.23,7,1,2,0,1
0,44,92.5,68.8,6.7,-0.52,3.07,7,2,1,1,1
0,50,85.4,66.4,7,0.53,2.87,7,1,0,0,0
1,38,106.3,76.1,7.6,0.35,2.4,6,2,2,1,0
0,9,105.6,69.3,8,0.03,2.03,6,0,0,0,0
0,28,92,71.2,7.9,0.7,3.02,6,0,1,0,0
0,-6,42.6,70.5,8.2,0.37,2.22,6,1,0,1,0
0,27,101.8,77.4,7.7,0.48,1.98,6,1,2,0,0
0,10,92.2,71.2,7.6,0.17,2.1,5,0,1,0,0
0,-71,50.7,68.5,7.4,0.8,2.33,5,1,0,0,0
0,40,89.1,68.6,7.1,-0.85,2.38,5,0,0,1,0
0,2,79.3,64.8,8,0.77,1.65,5,3,2,0,0
0,-4,98.2,66.4,6.6,0.86,2.63,5,0,1,0,0
0,-14,71.6,70.2,7.8,0.9,1.5,5,0,2,0,0
0,10,101.5,74.6,7.1,0.36,2.81,5,2,2,0,0
0,16,100.3,72.9,6.7,0.58,2.07,4,0,1,1,0
0,-4,70,71,7.9,0.08,1.9,4,0,0,0,0
0,17,110.8,78.7,7.2,0.03,2.85,4,1,0,0,0
0,2,105.8,76.6,8.5,-0.08,1.82,4,2,1,1,0
0,-50,49.4,76.3,8,-0.29,2.38,4,1,2,0,0
0,15,94.6,64.3,6.2,-0.03,3.1,4,0,1,0,0
0,-2,99.4,73.3,7.2,-0.03,2.45,4,0,0,0,0
0,-30,74.8,68,7.8,0.91,2.55,3,0,0,0,0
0,2,93.5,67,7.7,0.98,2.64,3,3,2,0,0
0,52,85.5,68.4,7.2,-0.64,2.28,3,1,2,1,0
0,21,102.5,73.6,7,-0.18,2.43,3,2,2,1,0
0,58,99.7,77.9,7.9,0.19,3.06,3,0,0,0,0
0,20,93.6,69.4,7.4,-0.36,2.66,3,1,1,0,0
0,63,87,77.7,7.6,-0.33,2.93,2,1,1,0,0
0,-15,97.3,73.3,8,0.79,2.33,2,0,1,0,0
0,-5,90.9,69.7,7.5,0.79,2.06,2,2,2,0,0
0,35,104.4,75.1,7.4,0.79,3.02,2,1,1,0,0
0,52,51.3,65.4,6.5,-1.07,2.28,1,0,0,0,0
0,65,75.9,70.7,7.6,-0.21,1.47,1,1,2,1,0
0,-1,102,75.2,7.8,-0.56,1.86,1,1,1,1,0
0,16,109.6,76.3,7.4,0.71,2.33,1,3,2,0,0
0,11,95.6,62.2,7,-0.37,2.64,1,0,2,0,0
0,45,90.8,68.4,7.7,0.53,2.22,1,1,1,0,0
0,0,68.2,73.9,8.4,-0.07,2.11,1,3,1,0,0
0,71,80.2,70.4,6.9,0.65,2.78,9,0,0,1,0
0,11,83.5,69.6,7.2,0.38,2.53,9,2,2,0,0
0,66,96.1,75.8,8,-0.08,3,9,3,2,0,0
0,-26,104.7,69.9,6.8,0.64,2.07,8,3,1,1,0
0,49,76.6,70.4,7,-1.1,2.5,8,2,1,0,0
0,14,94.3,70.4,7.3,-0.45,2.5,8,0,0,0,0
0,26,95.1,67.7,7,0.03,2.39,8,0,1,1,0
0,3,100.9,72.9,7,-0.03,2.2,8,1,1,0,0
0,38,38.6,62.6,6.6,1.11,2.56,7,0,2,1,0
0,-63,65.8,42.7,6.1,-0.02,1.96,7,1,1,1,0
0,-43,80.9,77.9,7.7,-0.57,1.67,7,2,2,1,0
0,-21,81.6,73.1,7.7,0.76,1.66,7,1,2,0,0
0,24,94.9,65,6.5,0.16,2.75,6,0,0,0,0
0,40,84.1,64.1,5.8,0.55,3.41,6,1,2,1,1
0,15,102.9,76.8,8.3,0.1,1.9,6,1,0,0,1
0,51,81.2,71.9,7.4,-0.06,2.82,6,0,2,1,1
0,39,90,71.2,6.6,-0.6,2.77,6,1,0,0,1
0,-9,88.3,72.8,7.8,0.27,2.4,6,2,2,0,1
0,-2,72,75,8.2,0.37,2.93,5,2,1,0,0
0,11,101.5,71.4,7.3,0,2.88,5,0,1,0,0
0,-13,94.6,70.5,7.7,-0.12,1.94,5,2,2,1,0
1,25,105.7,71.1,7.4,-0.47,2.5,5,0,0,0,0
0,-18,88.1,60,5.9,0.6,2.78,5,2,2,0,1
1,22,111.1,77,8.3,0.25,2.08,5,3,1,0,1
0,-10,86.5,56.4,7.7,0.39,2,4,2,0,0,0
0,20,100.7,70.5,8.1,0.16,1.16,4,1,0,1,0
0,-1,67.9,65.5,6.3,0.64,2.63,4,0,0,1,0
0,36,78.7,69.7,6.7,-0.37,3.19,4,2,1,0,0
0,-17,81.6,69.7,8.6,0.4,1.46,4,0,0,0,1
0,53,92.8,74.3,7.7,-0.12,2.06,3,2,2,1,0
0,-1,79,69.4,8,0.36,1.73,3,1,2,0,0
0,25,96.3,68.3,6.9,0.15,1.74,3,2,0,0,1
0,22,90.3,65.8,7.7,0.01,2.45,3,1,2,0,1
0,3,95.8,65.9,5.9,-0.3,2.76,3,3,2,0,1
0,14,105.3,79,6.6,-0.12,2.72,3,0,0,0,1
0,25,101.7,72.7,7.7,0.02,1.7,3,0,1,1,1
0,10,78.6,69.2,7.9,1.04,2.29,2,2,2,0,0
0,55,76.6,73.6,7.4,0.01,2.79,2,1,1,1,0
0,-34,76.5,63.4,5.4,0.74,2.29,2,1,1,1,0
0,16,77.9,73.1,8.3,0.42,1.64,2,0,0,0,0
0,5,100.6,71.9,7.7,-0.41,2.28,2,1,1,0,0
0,60,81.8,70.7,7.4,0.85,3.01,2,2,1,0,1
0,48,82.3,76.2,7.9,-0.11,2,2,0,0,0,1
0,47,95.1,73.6,7.7,-0.39,2.36,1,2,1,0,1
1,35,101.2,68.9,6.6,0.09,3.48,1,1,1,0,1
0,1,109.1,79.8,7.3,0.31,2.3,10,0,1,1,0
0,-14,63.8,67.6,6.5,-0.73,2.26,9,2,2,0,0
0,41,91.3,69.1,8,0.05,2.38,9,0,2,0,0
0,38,100.4,73.2,7.8,0.87,2.16,9,1,1,1,0
0,38,90.5,67.4,7.4,0.09,2.55,8,1,0,1,0
0,23,65.9,67.1,7.6,1.02,2.55,8,1,2,0,0
0,5,94.9,69.8,6.6,0,1.42,8,0,1,0,0
0,-18,98.9,68.4,6.2,0.33,2.16,8,0,0,1,0
0,-16,93.8,75.2,6.7,0.31,2.1,8,0,0,0,0
0,35,76.5,67.1,5.9,0.28,2.29,7,1,2,1,0
0,58,92.9,67.9,7.4,-0.05,3.31,7,0,0,0,0
0,42,89.4,64,6.4,0.15,2.03,7,0,0,0,0
0,-12,80.5,56.8,6.9,0.41,1.89,7,0,2,1,0
0,46,84.9,72.6,7.1,-0.65,2.73,6,3,2,0,0
0,-18,62.7,55,5.5,-0.96,2.9,6,2,2,0,0
0,39,79.1,63,8,-0.76,1.88,6,3,2,1,0
0,-1,73.2,71.9,8.7,0.98,2.13,6,0,2,0,0
0,-21,75,71.3,7.3,0.62,1.58,6,0,0,0,0
0,34,91.1,70.1,7.1,-0.33,1.98,5,0,0,0,0
0,-3,77.4,66.8,6.9,0.77,1.6,5,2,2,1,0
0,-5,41.6,54.2,4.9,-1.01,3.46,5,1,1,0,0
0,-6,95.8,78.4,8.2,-0.06,1.85,5,2,1,1,0
0,47,93.3,76,7,-0.37,2.44,5,1,2,0,0
0,-6,95.5,62.6,5.1,-0.13,1.93,5,0,2,0,0
0,23,87.4,61.5,5.2,-0.23,2.96,4,2,2,1,0
0,43,99.9,71.2,8,0.09,2.44,4,0,2,0,0
0,-10,105.9,79.5,7.9,0.27,1.93,4,0,1,0,0
0,65,60,68.9,6.4,0.48,3.22,4,0,1,1,0
0,2,89.2,65.3,6.4,-0.27,2.53,4,3,2,0,0
0,28,93.3,73.6,6.4,-0.33,2.99,4,2,0,1,0
0,40,87.4,76.7,7.5,0.01,2.28,4,2,1,0,0
0,42,66.9,67.4,7.8,0.47,1.29,3,1,2,0,0
0,-20,87.6,71.1,6.7,0.33,3.03,3,0,1,1,0
0,19,73.2,82.6,6.9,-1.14,2.33,3,3,2,0,0
0,-12,87,74.7,6.5,0.11,1.67,3,0,0,0,0
0,-32,74.1,61.2,5.1,0.37,2.18,2,3,2,1,0
0,54,76.5,70.1,8.6,0.39,2.03,2,0,0,0,0
0,16,79.9,76.3,7.2,0.47,2.21,2,1,1,0,0
0,-2,81.5,76.6,8,-0.55,2.01,2,0,1,1,0
0,20,102.2,68.4,6.9,-0.38,2.15,2,0,0,0,0
0,40,73.5,64.3,7.5,0.29,2.44,2,0,2,0,0
0,-52,71.8,64.3,6.7,-0.16,3.19,1,2,2,1,0
0,-2,54.1,61.1,5.8,-0.51,3.06,1,0,0,0,0
0,-27,91.6,66.8,6.9,-0.58,2.35,1,0,0,0,0
0,13,111.9,77.4,7.6,-0.15,2.3,1,0,0,1,0
0,21,111.7,78.3,7.1,-0.24,2.28,1,3,2,0,0
0,-20,89.9,61.8,5.6,-0.41,1.97,1,1,1,0,0
0,-68,28,85.6,7.8,-0.79,2.44,9,2,1,1,0
0,-12,83.7,69.8,6.8,0.89,1.95,9,0,0,0,1
0,15,77.3,79.5,7.4,-0.73,2.45,9,0,0,0,0
0,-67,43.2,48.6,6.4,0.54,1.98,9,1,2,0,0
0,-27,74,76.6,8.1,-0.41,1.53,8,3,1,1,0
0,16,88.1,70.6,5.9,-0.44,2.9,8,2,1,0,0
0,-5,73.1,76.1,8.5,0.11,3.18,8,1,1,0,0
0,30,100.1,76.8,7.1,-0.22,2.57,8,0,1,1,0
0,1,93.1,74,7.9,-0.52,2.01,8,2,2,1,0
0,-16,105.5,72.5,7,-0.47,1.98,8,1,1,0,0
0,3,86.5,76.5,7.4,0.98,2.75,7,0,1,0,0
1,41,109.6,78.8,8,-0.11,2.51,7,0,0,0,1
0,48,85.4,75.2,6.8,-0.24,2.23,6,1,1,0,1
0,5,58.1,69.3,6.3,0.35,2.53,6,0,1,1,1
0,12,103.4,85.4,7.5,0.53,2.33,6,2,2,0,1
0,59,76.5,62.4,6.3,0.28,3.32,6,1,2,1,0
0,49,75.7,68.1,6.2,-0.01,3.39,6,2,2,1,0
0,-3,91.2,75.7,6.5,-0.16,2.82,5,2,0,0,0
0,5,104.9,77.6,7.2,-0.28,2.51,5,2,2,1,0
0,25,90.2,74.4,6.9,-0.07,2.46,5,0,0,0,0
0,-75,55.7,72.3,7.3,0.83,2.1,5,0,0,0,0
0,-44,55.9,65.1,7.6,-0.69,2.08,5,2,2,1,0
1,26,106,82.8,8.1,-0.46,2.51,5,0,0,1,0
0,63,94.1,72.9,7.1,0.25,2.27,4,3,2,1,0
1,23,108.2,78.5,8.3,-0.59,1.83,4,2,1,1,0
0,4,95.7,79.7,7,0.77,2.41,4,0,0,1,0
0,-12,96.5,76.3,7.7,0.49,1.89,4,1,1,0,0
0,-7,80.5,83.1,8.7,0.24,1.98,4,0,0,0,0
0,4,79.8,72.6,7.2,-0.99,2.8,3,0,1,0,0
0,12,95.5,63.8,6.2,-0.85,2.32,3,2,2,1,0
0,13,108.5,74.6,7,0.09,2.25,3,2,2,0,0
0,32,76,75.8,7.2,0.11,3.13,3,3,2,1,0
0,55,99.9,83.3,7.8,0.23,1.98,3,1,1,1,0
0,35,95.1,69.9,6.3,-0.07,2.96,3,0,1,0,0
0,-15,107.4,77.9,7.9,-0.14,1.69,2,0,2,1,0
0,20,68.1,68.4,6.4,-0.71,2.83,2,3,2,0,0
0,1,91.5,71.2,7.8,-0.73,1.56,2,0,1,1,0
0,66,85.2,74.4,7.4,-0.32,3.28,2,2,2,1,0
0,-9,107.8,79,7.4,-0.39,2.37,1,0,1,0,0
0,6,91.2,57,5,0.42,2.77,1,0,2,1,0
0,4,85.9,69.9,5.7,-0.59,3.14,1,3,2,0,0
0,19,76.7,72.8,7.9,1.54,1.35,1,0,2,0,0
0,26,95.7,67.4,6.1,-0.38,3.46,1,2,2,1,0
0,45,87.1,71.2,6.7,0.35,2.92,1,2,0,1,0
0,48,81.5,73.1,6.7,0.15,3.53,9,0,2,1,0
0,-10,103.5,71.6,6.8,0.23,2.68,9,0,0,0,0
0,-43,58,68.8,6.8,-1.33,1.92,9,0,1,0,0
0,-59,81.9,71.6,6.6,0.08,2.05,9,2,2,0,0
0,-28,104.1,73.5,7.8,-0.11,2.14,9,1,2,0,0
0,2,78.2,70.6,7.4,1.44,1.69,8,1,2,1,0
0,-2,98.2,73.6,7.3,-0.44,2.39,8,3,2,0,0
0,47,95,79.8,7,-0.23,3,8,0,1,0,0
0,8,101.6,77.8,8.1,-0.23,2.58,8,1,1,0,0
0,-7,94.8,64.5,5.6,-0.36,2.21,8,2,1,0,0
0,24,102.5,69.6,7.7,-0.29,1.85,7,2,1,0,1
0,19,88.1,79.4,7.2,0.6,2.53,7,1,2,0,1
1,24,104,72.3,8,0.25,2.12,7,2,2,0,1
0,-17,95.1,78.5,7.5,-0.19,1.92,7,1,0,0,1
0,10,88.1,72.4,8.1,-0.46,2.08,7,1,2,0,1
0,0,96.9,73.7,6.5,0.77,2.89,7,0,2,1,1
0,46,92.7,74.3,6.4,0.16,2.89,6,3,1,0,1
0,14,68.3,68.4,6.9,1.23,2.5,6,0,0,1,1
0,9,99.9,75.9,7.6,0.88,1.78,6,2,2,1,1
0,71,94.6,74.3,7.6,-0.35,3.18,6,2,0,0,1
0,-19,90.4,73.4,7.9,0.15,1.83,6,1,0,0,1
0,-12,90.6,66.6,6.9,-0.39,1.07,6,2,2,0,1
0,-5,63.7,57.2,7,0.92,1.76,5,1,1,0,1
0,-2,110.6,84.2,7.9,0.38,2.57,5,1,1,1,1
0,27,80.8,60.4,7.8,0.07,1.11,5,0,2,0,1
0,-39,71.4,60.3,6.6,0.38,2.01,4,0,0,0,1
0,41,79.5,66.7,8.2,1.07,1.99,4,2,2,0,1
0,24,91.9,78.4,7.7,1.18,2.11,4,2,0,1,1
0,-4,103.7,72.7,6.9,0.33,2.98,4,2,2,0,1
0,20,57.6,69.7,6.4,-1.53,2.64,3,1,2,0,1
0,35,31.7,13,1.7,-0.92,2.39,3,0,0,0,1
0,8,88.1,64.8,6,-0.69,2.37,3,1,0,0,1
0,13,96.9,66.3,7.1,0.17,2.89,2,0,0,0,1
0,6,92.1,72,8.1,-0.27,1.15,2,0,2,0,1
0,-7,86.2,68.2,7.1,-0.36,1.87,2,0,2,0,1
0,-11,87.5,71.2,8,0.52,2.65,2,0,0,0,1
0,8,64.6,63.8,6.6,1.27,3.05,2,0,1,1,1
0,32,75.6,65.3,7.5,0.04,1.5,2,1,2,0,1
1,41,106.9,76.6,7.7,-0.23,3.38,2,0,1,0,1
1,30,100,72.5,6.8,-0.3,3.7,2,1,2,1,1
0,34,90.1,74.5,7.4,0.1,2.36,1,1,2,0,1
0,1,95.3,71,7.9,0.22,1.93,1,0,0,0,1
0,32,93.9,66.2,6.3,-0.41,3.29,9,3,2,0,0
0,7,103.4,74.8,7.2,-0.43,2.23,9,0,2,1,0
0,20,101.6,72.4,7.2,-0.75,3.81,9,1,0,1,0
0,-34,57.2,56.2,7.3,-0.83,2.45,9,2,2,1,0
0,-50,62.5,72.8,7.8,-1.13,2.8,9,2,1,1,0
0,-4,93.4,66.4,8.2,0.09,2.12,8,1,2,0,0
0,17,88.3,70.8,5.9,0.11,2.98,8,0,1,1,0
0,-48,83.1,69.8,6.7,0.17,2.69,8,1,2,0,0
0,23,87.8,73.5,7.4,0.13,1.49,8,3,1,1,0
0,19,100.6,74.2,8,0.04,2.64,8,0,2,1,1
1,30,106.8,75.5,8.2,-0.31,2.37,8,1,0,1,1
0,58,90.1,78.8,8,-0.19,2.08,8,1,0,1,1
0,-9,103.5,76.1,7.2,-0.02,2.18,7,2,2,1,1
0,-33,79.7,73.2,6.5,-0.14,1.95,7,1,0,1,1
0,21,106.5,72.4,6.9,0.24,2.94,6,0,2,1,0
0,28,89.7,69.6,7.1,-0.09,2.61,6,0,0,0,0
0,45,95.6,76.5,7.1,0.3,2.27,6,1,1,1,0
0,-11,78.3,80.8,8.1,0.35,2.94,6,1,2,0,0
0,50,75.8,66.8,7.1,0.04,1.82,6,1,0,0,1
0,10,100.8,81.5,7.1,0.42,2.77,6,1,1,1,1
0,-8,91.1,68.2,7.1,0.51,1.62,6,1,2,0,1
0,35,68.5,65.8,8.1,-0.54,0.8,5,2,2,0,1
0,13,56.5,68.2,6.5,1.32,2.42,5,2,2,1,1
0,-13,102.9,69.6,6.9,-0.46,2.05,5,1,0,0,1
0,8,103.2,69.7,6.3,0.45,3.16,4,2,1,0,1
0,-20,96.8,68.2,6.7,-0.2,2.29,4,2,1,0,1
0,30,103.1,79,8,0.23,2.21,4,1,2,0,1
0,-49,78.8,63.6,6.5,0.37,2.3,4,0,1,0,1
0,-38,78.3,71,7.1,-0.42,3.34,3,3,2,1,1
0,6,102.6,72.5,6.5,-0.52,3.1,3,0,0,1,1
0,21,109.3,75.4,7.1,-0.65,2.22,3,0,0,0,1
0,18,102.3,70.1,7,0.19,2.42,3,1,1,0,1
0,22,93.2,70.8,7,-0.46,2.09,3,2,0,0,1
0,31,92.2,72.2,7.1,-0.35,1.8,3,1,1,1,1
0,24,102,69.9,6.9,0.24,3.12,3,1,2,0,1
0,19,102.4,71.4,6.6,0.34,3.13,2,1,0,1,1
1,27,102.6,70.2,8,-0.12,2.45,2,1,2,1,1
0,19,88.8,63.7,7,0.18,1.96,2,3,2,0,1
0,23,68.1,58.3,6.4,1.03,3.3,1,1,2,0,1
0,-20,98.5,64.9,6.7,0.45,2.13,1,1,2,0,1
0,9,102.8,77.8,8.1,0.41,1.61,1,1,2,0,1
0,8,100.9,71.5,6.4,0.42,3.5,1,0,0,1,1
0,38,100.4,70.1,7.1,0.31,2.23,1,3,2,0,1
0,2,76.9,60.6,6.1,-0.28,2.43,9,0,1,0,0
0,-7,102.3,70.2,6.3,-0.23,3.23,9,1,2,0,0
0,18,95.7,69.9,6,-0.4,3.16,9,1,2,0,0
0,-71,60.8,75.8,8.1,-0.27,2.02,9,0,0,1,0
0,17,110,79.5,7.1,0.16,2.54,9,3,2,0,0
0,38,100.5,75.6,7.7,0.13,2.33,9,1,0,0,0
0,28,88,69.9,6.7,-0.37,3.32,9,1,2,0,0
0,18,102.4,74.5,7.3,-0.76,2.48,9,2,2,0,0
0,-9,91.1,76.3,7.6,0.66,1.74,8,0,1,0,0
1,40,109.4,72.8,8.1,-0.51,2.52,8,1,0,0,0
1,33,107.5,75.5,7.9,-0.4,3.54,8,0,1,0,0
0,37,92.2,72.7,7.2,-0.05,2.83,8,1,0,1,0
0,50,63.3,68.5,7,-0.35,2.72,8,3,2,0,0
0,-49,77.8,67.9,6.5,-0.59,2.73,7,0,0,1,0
0,-45,67.2,63.2,5.9,-0.55,3,7,2,2,0,0
0,-12,89.9,59.2,6,0.62,2.43,7,2,1,0,0
0,19,111.6,79.2,7.4,-0.74,3.27,7,3,1,1,0
0,37,96,78.1,7.5,0.17,2.1,7,3,1,0,0
1,27,103.2,71.9,7.2,-1.01,2.91,6,0,2,1,0
0,44,25.8,66.6,8.4,0.42,0.3,6,2,2,0,0
0,-15,82.8,72.1,6.5,-0.72,2.73,6,3,2,0,1
0,-1,100.5,73.3,7.6,0.25,2.99,6,1,0,1,1
0,3,92.7,73.7,7.6,-0.52,2.73,6,0,1,0,1
0,30,98.5,66.8,7.4,0.25,2.07,5,1,1,0,0
0,14,93.4,79.3,7.3,0.23,2.89,5,1,2,1,0
0,14,111.4,79,7.5,0.32,1.91,5,1,0,1,0
0,7,95.5,67.8,7.2,-0.94,2.39,5,2,1,1,0
0,73,83.6,70.4,6.6,-0.41,3.21,5,1,0,0,0
0,0,95.2,72.7,6.6,-0.01,3.7,5,1,2,1,0
0,33,87.9,75.3,7.6,0.67,2.14,4,0,1,0,0
0,50,86.7,73.5,6.8,-0.15,2.97,4,3,2,1,0
0,32,97.6,73.7,7.7,0.47,3.55,4,1,2,0,0
0,73,82.6,72.5,7.2,-0.09,3.02,4,1,1,1,0
0,-17,75.6,80.8,8.1,0.59,1.37,3,1,1,0,0
0,37,95.9,80.2,7.7,0.21,1.71,3,2,0,1,0
0,15,89.8,62.9,5.7,0.17,2.94,3,2,2,0,0
0,21,100.6,70.4,6.8,-0.12,3.42,3,0,1,0,0
0,27,89.8,78,6.4,0.09,2.31,3,2,1,1,0
0,21,83.3,79.4,7.3,0.08,2.42,3,3,1,0,0
0,13,95.6,75.5,6.7,0.17,2.46,3,2,1,1,0
0,22,93.5,64.9,7.2,-0.52,1.8,2,0,1,1,0
0,31,93.5,73.5,7.1,-0.4,1.86,2,0,0,0,0
0,-15,102.9,72.9,7.3,0.32,3.19,2,1,2,0,0
0,9,94.1,71.9,7.6,0.14,2.68,2,0,0,0,0
0,70,86.7,70.1,7.1,-0.12,2.72,2,2,1,1,0
1,38,104.3,76.6,7.6,-0.44,2.08,2,0,0,1,0
0,-5,99.2,69.6,7.1,0.29,2.14,1,2,0,0,0
0,8,103.2,75.9,8,-0.04,2.38,1,2,2,0,0
0,8,70.6,53.5,5.2,-0.67,3.4,1,1,2,0,0
0,10,85,66.9,6.9,0.07,2.9,9,0,1,1,0
0,-3,105.8,71.4,7,0.19,2.3,8,0,2,0,1
0,-4,103.9,74.2,7.6,0.39,2.41,8,0,0,0,1
0,-1,100.1,76.5,8.1,-0.26,2.21,8,2,1,1,1
0,-11,72.3,85.1,8.1,0.43,2.92,8,0,0,1,1
0,22,94.3,69.3,7.2,0.76,2.41,8,0,0,0,1
0,76,74.4,70.1,6,-0.48,3.15,8,1,1,0,0
0,-11,101,73.4,7,0.07,2.44,8,0,1,0,0
0,18,92,63.3,6.5,-0.4,3.69,7,0,1,0,0
0,41,65.2,57.6,8.2,0.69,2.25,7,1,2,0,0
0,51,76.5,66.5,7.1,-0.67,2.63,7,3,2,1,0
0,-12,84.8,65.3,7.8,0.37,1.36,7,0,1,0,1
0,34,92.3,74,8.1,0.49,1.86,7,0,2,0,1
0,18,67.8,73.8,7.5,-1.08,1.88,7,1,0,0,1
0,10,76.3,55.3,6.7,1.28,2.74,7,2,2,0,1
0,-7,101.2,69.1,7.9,0.02,1.41,6,1,2,0,0
0,9,100.2,67,7.9,0.49,2.04,6,0,1,0,0
1,27,101.4,72.1,7.8,0.75,3.42,6,1,2,0,1
0,-35,109.7,72.8,6.2,0.05,1.74,6,0,0,0,1
0,18,63.7,67.4,7.7,0.71,2.17,6,0,1,0,1
0,14,87.1,70.5,8,-0.31,1.78,6,0,0,0,1
0,2,78.3,67.9,6.8,-0.63,2.24,6,1,1,0,1
0,31,94.6,63.1,6.9,0.72,3.13,5,0,2,0,1
0,32,65.7,71.1,8.3,-0.78,1.74,5,2,2,1,1
0,-28,109.5,73,6.6,-0.36,1.76,5,1,2,0,1
0,-5,95.8,68.4,6.8,0.56,3.46,5,0,1,0,1
0,5,103.5,82.7,8.4,-0.62,2.39,5,1,0,0,1
0,-8,74.5,87.5,8.2,0.39,2.28,5,0,1,0,1
0,21,94.7,74.4,6.4,-0.8,2.91,5,0,1,0,1
0,5,82,63.6,6.2,-0.42,3.3,4,0,2,0,1
0,49,83.3,70.3,7,0.55,3.05,4,2,2,0,1
0,-29,69.5,67.8,7.3,0.13,1.52,4,0,0,0,1
0,29,104.7,81.2,7.5,0.37,2.19,3,1,0,1,1
0,-7,103.4,75.5,7.4,0.24,1.83,3,1,2,1,1
0,25,79.5,78.3,8.3,-0.5,1.79,3,1,1,0,1
0,-27,59.7,71.3,6.4,-0.71,3.02,3,2,2,0,1
0,46,62.8,68.1,7.2,-0.51,2.47,3,1,1,0,1
0,10,83.1,71.6,6.3,-0.5,2.44,2,3,2,0,1
0,15,96.7,67.2,7.9,-0.46,1.55,2,0,0,0,1
0,-27,71.8,72.8,7.4,1.08,2.51,2,2,1,0,1
0,41,96.5,72.3,7.6,0.2,2.07,2,1,0,0,1
0,28,89.6,69.3,7.1,0.73,1.95,2,0,1,0,1
0,-2,104.7,69.4,7.3,0,2.32,2,2,1,0,1
0,7,97.2,81.2,8.5,0.73,1.8,2,2,0,0,1
0,31,53.9,79.1,6.8,0.57,2.71,1,2,2,1,1
0,23,94.2,72,8.1,0.13,1.57,1,0,0,0,1
0,44,86.8,75.5,7.4,-0.63,2.77,9,0,1,1,0
0,3,64.3,64.4,7.8,-1.55,1.44,9,1,2,1,0
0,42,101.8,73.7,8.4,0.1,2.61,8,1,0,1,0
0,6,110.2,76.7,7.8,0.08,3.12,8,0,1,0,0
0,61,69.8,71.9,7,0.52,3.26,8,0,0,1,0
0,19,94.5,74.1,7.4,0.55,2.27,8,0,1,0,0
0,31,83,73,8.3,-0.49,1.28,7,2,2,1,0
0,-9,109.4,74,8,-0.09,1.61,7,1,0,0,0
0,2,102.7,70.5,7.1,-0.55,2.21,7,3,2,1,0
0,18,101.1,73.7,7.2,-0.59,3.45,7,1,0,0,0
0,-13,103.9,75.1,6.8,0.01,3.03,7,2,2,0,0
0,11,86.2,74.1,8.1,-0.29,1.91,6,1,0,1,0
0,-3,72.2,70.6,8.5,0.51,1.55,6,3,2,0,0
0,30,90.9,76.2,7.6,-0.26,3.26,6,3,1,0,0
0,-7,94.1,77.2,7.2,-0.47,2.16,6,0,1,0,0
0,7,92.4,75.9,7.7,0.34,1.5,6,0,1,1,0
0,-36,86,71.4,7,-0.89,2.89,6,1,1,0,0
0,-14,96.5,69.3,7.5,-0.47,2.16,5,1,1,1,0
0,63,96,75.6,7.7,0.29,2.28,5,0,0,1,0
0,46,63.1,67.1,6.4,-0.35,3.31,5,2,2,0,1
0,-6,94.5,77.8,7.8,-0.43,2.02,4,0,0,0,0
0,-17,100.4,76.8,8,-0.61,2.48,4,0,2,1,0
0,-5,100.8,74,7.2,-0.25,3.62,4,0,1,0,0
0,16,103.4,70.5,7.8,0.25,3.18,4,0,1,1,0
0,7,111.7,76.3,7.6,-0.21,2.82,4,0,1,0,0
0,-31,86.7,74.5,8.1,-0.25,2.27,4,3,1,1,0
0,38,88.8,68.2,6.1,-0.08,3.67,4,2,2,0,1
0,6,98.4,78.7,7.8,0.16,1.59,4,0,0,0,1
0,8,93.2,67.7,6.7,0.14,2.08,4,3,2,1,1
0,15,77.8,74.2,8.3,0.87,2.37,4,0,0,0,1
0,68,69.2,71,7.5,0.54,2.76,3,0,0,1,0
0,49,88.7,76.7,6.9,-0.32,2.24,3,3,1,0,0
0,11,65.7,71.7,7,-1.21,1.64,3,1,2,0,0
0,-29,85.2,59.1,7.8,-0.29,1.78,3,1,0,1,0
0,17,81.1,70.4,8.1,-0.64,1.93,3,1,0,1,0
0,37,82.4,74.1,8.4,0.83,2.74,3,2,0,0,1
0,-9,98.1,72,7.4,0.85,2.86,3,2,1,0,1
0,2,99,70.5,7.4,-0.12,1.55,2,0,1,0,0
0,16,108.4,78.9,7,-0.67,1.71,2,3,2,0,1
0,32,92.5,76,7.2,-0.88,2.41,1,1,1,0,0
0,16,93.1,63.5,7.1,0.08,3.04,1,0,1,1,0
0,-8,59.6,76.2,8,0.52,3.76,1,0,2,0,1
0,13,80.4,76.8,7.1,-0.14,2.56,1,3,2,0,1
0,-23,91,64.1,8.9,0.59,0.82,1,0,2,0,1
0,22,92,71.1,7.5,-0.42,1.82,9,1,0,1,0
0,42,94.2,67.7,7.5,-0.03,1.65,9,0,2,0,0
0,-1,97.8,74.8,8,0.42,2.13,9,0,2,1,0
0,40,78.3,73.6,6.5,0.52,2.83,8,0,2,0,0
0,2,87.2,76.6,7.2,0.71,2.35,8,0,1,1,0
0,13,101.2,76.8,7.4,-0.29,2.1,8,0,1,0,0
0,-4,100.5,72.7,7.9,-0.38,1.95,8,1,2,1,0
0,10,90.7,86.2,8.8,-0.19,2.36,8,0,1,0,0
0,25,88,71.5,7.8,-0.42,1.86,8,2,2,1,0
0,43,108.3,78.9,7.2,0.24,2.39,7,1,0,1,0
0,39,85.9,76.3,6.7,0.26,2.37,7,2,2,0,0
0,-29,62.6,70.7,6.6,-0.93,2.79,7,1,1,0,0
0,26,85.6,71,7.6,-0.24,1.54,7,1,2,1,0
0,16,83.5,67.8,7.2,-0.01,2.24,7,1,0,1,0
0,-18,97.3,69.9,7.4,0.09,1.86,7,0,0,1,0
0,16,88.1,62.6,6.8,0.68,2.39,7,2,1,0,0
0,79,88.5,78.7,6.8,0.21,3.55,6,0,1,1,0
0,-5,85.6,57.7,7.1,1.22,2.41,6,0,2,0,0
0,8,94.5,75.7,7.7,-0.35,2.18,6,1,0,1,0
0,26,91.9,66.7,6.2,-0.24,3.19,6,0,2,1,0
0,27,75.9,63.8,7.4,0.48,2.16,6,0,1,0,0
0,-7,103.3,77.2,6.5,-0.25,2.34,6,3,2,1,1
0,74,77.1,69.3,8.9,0.09,1.74,6,0,1,1,0
0,38,67.9,68.8,9.2,0.71,2.09,6,3,2,0,0
0,69,86,70.9,7.4,-0.41,2.92,5,3,1,0,0
0,9,80,76.3,7.9,-0.18,2.19,5,1,1,1,0
0,20,102.8,70.1,7.1,-0.52,2.53,5,1,2,0,0
0,-12,99.7,81.2,7.3,0.3,2.23,5,0,0,1,0
0,14,73.6,65.7,7.8,-0.39,1.3,5,2,2,1,0
0,-25,101.8,74.8,7.4,-0.34,2.13,5,1,0,0,0
0,-28,59.4,55.6,7.1,-0.85,1.49,5,2,2,1,0
0,9,106.2,71.3,6.3,-0.07,2.61,5,0,1,0,0
0,8,93.7,62.7,7,-0.91,3.15,5,2,2,1,0
0,28,102.6,72.3,7.1,0.61,3.14,4,2,2,0,0
0,31,89.3,70.4,7.6,0,1.98,4,0,0,0,0
0,-36,70.4,68.4,7.2,0.59,1.49,4,2,2,0,0
0,-42,59.9,68.5,6.6,0.39,2.71,4,1,1,1,0
0,4,90,66.4,8,0.57,3.01,4,0,1,0,0
0,14,98.9,69,6.4,0,3.38,3,3,2,0,0
0,68,85.3,73.7,7.6,0.26,2.87,3,0,0,0,0
0,19,96.2,72.3,7.6,0.66,1.93,3,1,2,1,0
0,-4,112.7,77.7,7.2,-0.12,2.15,3,2,1,0,0
0,22,66.6,66,6.1,-0.79,2.76,3,1,1,1,0
0,-10,99.1,77.3,7.3,0.23,2.12,3,1,1,1,0
0,4,105.8,71.7,6.5,-0.4,2.13,3,0,1,0,0
0,-20,105,78.4,6.9,0.28,1.98,2,0,0,1,0
0,16,95.1,68.4,7.1,-0.01,2.7,2,0,0,0,0
0,11,82,60,5.9,-0.2,3.72,2,0,2,1,0
0,26,91.4,74.7,7.3,-0.04,2.31,1,1,1,0,0
0,-7,86.2,73.2,6.7,-0.03,2.94,1,0,0,0,0
0,13,101.4,71.5,6.6,0.48,2.35,1,2,2,0,0
0,12,101.2,75.9,6.7,-0.15,2.43,1,2,2,1,0
0,2,78.3,72.7,7.1,-0.09,2.58,1,2,1,0,0
0,-3,68.4,52.3,7.5,-0.37,1.79,9,0,1,1,0
0,41,102.6,83,7.7,0,3.02,9,3,2,1,0
0,0,90,71.9,6.9,0.89,3.33,8,1,2,1,0
0,44,86.9,72.3,7.2,0.29,2.61,8,1,0,1,0
1,39,105.9,77.3,7.3,0.31,2.61,8,1,1,1,0
0,27,85.6,69.1,6,0.18,3.24,8,2,1,1,0
0,19,100,69.3,7.2,0.66,2.37,7,0,1,0,0
0,6,102.7,72.5,7,0.1,2.52,7,1,2,0,0
0,42,92.2,67,6.9,-0.52,3.03,7,0,0,0,0
0,64,59.5,71.9,6.9,0.88,2.49,7,1,0,1,0
0,-6,98.3,74.5,7.3,0.77,2.06,7,0,0,1,0
0,-11,97.1,67.5,6.3,0.31,2.51,7,0,0,1,0
0,-23,103.4,67.5,6,-0.23,2.04,6,2,2,1,0
0,-6,102.3,68,7,-0.36,2.95,6,1,1,1,0
0,26,98.9,67.3,7.3,-0.76,2.63,6,2,1,0,0
0,-19,74.7,73.1,7.9,0.09,1.62,6,0,0,0,0
0,-5,102.1,68.7,6.4,-0.64,2.79,6,2,2,0,1
0,-4,59.5,67.6,8,-1.11,2.53,6,1,2,1,1
0,40,92.9,74.4,6.7,0.06,2.74,6,0,1,0,1
0,34,80.5,68.8,8.2,-0.45,2.28,5,0,2,1,0
0,-7,84.8,76,7,0.45,1.98,5,2,2,0,0
0,-29,57.4,70,7.3,-0.5,1.54,5,1,1,1,0
0,-31,77.9,73,8.3,0.21,1.46,5,0,1,1,0
1,27,98,68.2,7.6,-0.47,3.45,5,1,2,1,0
0,62,75.6,70.3,7.5,0.1,3.1,4,2,1,0,0
0,5,76.7,70.5,7.4,0.52,0.9,4,1,2,0,0
0,44,92.1,73.2,6.8,-0.19,3.45,4,3,2,1,0
0,3,99,76.6,7.6,-0.02,2.72,4,0,2,0,0
0,15,108.5,73.2,7,-0.09,3.42,4,2,2,1,0
0,5,104.6,73.1,7.5,0.88,1.85,4,1,1,1,0
0,61,80,66.3,6.1,-0.13,3.44,4,0,2,1,0
0,27,88.2,76.9,6.8,0.24,2.24,4,1,2,1,0
0,40,89.5,64.1,6.5,-0.1,3.51,3,0,0,0,0
0,-28,76.9,64.1,6.7,1.08,2.38,3,2,2,0,0
0,18,99.8,73,7.9,0.57,2.45,3,3,2,1,0
1,34,99.4,78.9,6.9,-0.37,2.46,3,0,0,0,0
0,-23,102.8,71.5,6.4,0.51,2.15,3,3,2,1,0
0,46,85,73.2,7,-0.01,3.16,2,1,0,1,0
0,2,79.3,66.5,6.9,-0.16,3.13,2,0,0,0,0
0,-65,60.7,60,5.4,0.28,2.22,2,2,1,1,0
0,12,105,72,6.8,0.21,1.46,2,0,1,0,0
1,26,102.1,72,7.9,0.24,2.51,2,1,2,1,0
0,25,65.1,69.5,6.6,-0.24,2.62,2,0,0,0,0
0,13,99.6,68.5,6.7,-0.08,2.49,2,0,0,1,0
0,59,79.2,77.8,8.3,0.44,1.74,2,2,2,1,0
0,49,81.6,67,6.7,0.44,3.29,2,2,1,1,0
0,-10,91.1,76.4,6.6,0.01,3.12,1,2,2,0,0
0,16,79.8,73.2,7.6,-0.63,2.54,1,1,2,1,0
0,48,52.4,67.1,8.4,0.02,1.14,1,1,2,0,0
0,31,93.6,73.8,6.9,-0.31,1.82,1,0,2,1,0
0,28,101.3,71.6,6.8,-0.14,2.01,1,1,2,1,0
0,46,72.5,68,6.1,0.33,2.85,9,0,0,1,0
0,19,97.8,67.3,6.7,-0.65,2.69,9,0,1,1,0
0,-11,78.7,78.7,8,0.35,1.87,9,2,1,0,0
0,23,92.6,73,8,-0.01,2.45,9,0,1,0,0
0,-19,88.8,70,6.2,-0.06,2.28,9,2,2,1,0
0,16,95.1,76,7.1,-0.26,2.58,9,1,0,1,0
0,41,85.2,74.5,7,-0.83,3.1,8,2,2,1,0
0,-7,79.8,67.6,6.8,0.13,2.71,8,1,2,0,0
0,7,114.8,78.3,7.8,0.19,2.3,8,2,2,0,0
0,21,105.9,81.9,7,-0.06,2.33,8,2,1,0,0
0,-10,72.4,65,6.7,-0.9,1.72,8,1,2,1,0
0,3,94.1,78.7,8.1,0.55,2.01,8,1,0,0,0
0,9,87.6,74.5,7.3,0.01,2.07,8,0,0,0,0
0,6,103.2,72.5,7.1,0.68,2.81,8,3,2,0,0
0,29,89.7,71.8,6.7,-0.62,2.72,7,1,0,0,0
0,64,77.7,72.3,7.5,-0.08,1.79,7,1,2,1,0
0,15,96,71.8,7.5,-0.44,2.66,7,2,2,0,1
0,-33,84.8,67.8,6.2,-0.56,2.17,7,2,2,1,1
0,-36,86.8,74.3,7.6,0.59,2.82,7,2,2,0,1
0,-52,76.4,68.4,6.4,-0.19,2.1,7,1,2,1,1
0,-25,79.1,67.8,5.9,0.28,3.43,6,0,2,1,0
0,-32,93.6,73.6,6.5,-0.18,2.34,6,0,0,1,0
0,43,70.9,72.7,7.7,-1.02,1.61,6,2,2,0,0
0,45,100.4,75.5,7.8,-0.62,2.32,6,1,0,0,0
0,-29,73.7,63.2,5.6,0.16,2.69,6,0,0,1,1
0,80,86.9,85,8.6,-0.64,2.67,6,0,1,0,1
0,10,89.4,68.2,5.7,-0.21,2.9,6,2,2,0,0
0,20,110.2,75.1,7.9,-0.04,2.12,6,1,2,0,0
0,-20,108.3,73.5,6.9,0.17,2.29,6,2,2,0,0
0,74,69.6,73.4,9,0.87,1.94,6,3,2,0,0
0,15,94,70.7,6.9,0.61,1.78,6,0,0,1,0
0,9,103.2,73.9,7.8,0.61,1.98,6,2,2,0,1
0,-23,84.8,73.6,7.8,-0.81,3.21,5,3,2,1,0
0,-5,78.4,72.2,7.7,0.09,2.47,5,0,0,0,0
0,13,106.6,72.7,7.2,0.16,1.76,5,2,1,1,0
0,-4,99.7,66.4,6.8,-0.36,1.03,5,0,2,1,0
0,43,96.3,80.5,7.3,0.3,2.32,5,3,1,1,1
0,-38,69.6,64.1,5.5,0.18,2.81,4,1,2,1,0
0,-23,103.2,67,6.5,-0.76,1.95,4,0,0,0,0
0,-39,69.7,68.6,8,0.94,1.59,4,0,1,0,0
1,24,108.5,78,7.4,-0.05,2.55,4,2,0,1,0
0,1,94.4,72,8.1,-0.39,2.69,4,1,2,0,1
0,24,104.3,79.3,7.9,0.05,1.81,4,2,2,0,1
0,33,87.5,62.4,9.2,0.53,1.81,4,2,2,0,1
0,21,95.8,71.4,7.5,0.14,1.96,4,1,1,1,1
0,17,94.2,72.8,8.4,0.77,2.19,4,0,1,0,1
0,-3,100.5,70.4,6.9,0.55,2.43,3,0,0,0,0
0,-39,84.8,63.7,6.6,0.64,2.4,3,0,2,1,0
0,-16,73.9,76.2,8.9,0.35,1.65,3,0,1,0,1
0,20,103.9,69.7,6.6,-0.13,2.31,2,2,2,1,0
0,-36,75.8,67.2,7.8,0.87,1.98,2,2,1,0,0
0,-33,47.2,53.4,6,-1.19,2.69,2,0,1,0,1
0,8,103,72.4,7.2,0.8,2.46,2,3,2,0,1
0,8,60.2,72.4,7.2,-1.23,3.05,1,0,1,0,0
0,-1,100.5,69.8,6,-0.35,2.99,1,0,0,1,0
0,4,114.8,80.4,7.3,-0.48,2.21,1,3,2,0,0
0,16,86,72.5,7.6,-0.41,1.57,1,1,2,0,0
0,45,54.5,61.4,5.9,0.83,3.17,1,1,1,1,1
0,47,86.9,72.9,8,0.18,1.83,1,2,2,0,1
0,-9,88.1,77.3,6.9,0.26,2.88,1,2,0,1,1
0,-11,98.2,71.4,7.3,0.13,2.15,9,2,1,1,0
0,5,104.4,68.6,6.7,-0.06,2.21,9,1,0,1,0
0,-24,71.7,63.9,5.8,1,2.96,8,1,2,1,0
0,-26,101,67.9,6.6,0.2,2.11,8,3,2,0,0
0,13,93.4,72.3,6.7,0.37,3.17,8,2,2,1,0
0,32,93.3,73.4,7.5,-0.21,2.32,8,0,0,0,0
0,60,90.5,73,6.6,-0.1,2.74,8,1,0,0,0
0,17,112,79,7.1,-0.66,2.85,8,2,1,0,0
0,-34,87.4,73,6.8,-0.28,2.32,8,2,0,0,0
0,20,101.5,77.5,7.7,0.12,2.22,8,1,2,0,0
0,64,86.7,82.3,7.7,-0.06,3.08,8,0,0,0,0
0,21,96,62.4,6.8,-0.66,2.58,7,1,0,1,0
0,24,74.7,76.1,7.9,0.37,1.38,7,0,0,1,0
0,-15,94.9,67.4,6.9,-0.68,2,7,0,1,0,0
0,42,94.6,78.5,8.2,0.03,2.42,7,2,1,1,1
0,7,104.1,78.5,7.3,-0.18,2.03,7,2,1,0,1
0,59,78.5,71.7,7.8,0.27,2.46,7,3,1,0,1
0,1,86.8,63.9,7.7,0.27,2.34,7,2,2,1,1
0,6,95.1,75.1,7.2,-0.32,2.27,6,3,2,0,0
0,21,87.5,73.8,6.4,-0.2,2.85,6,0,1,0,1
0,33,70.7,69.9,8.5,-0.3,1.99,6,2,1,1,1
0,67,85.1,71,7.7,0.44,2.35,6,2,0,1,1
0,8,99.1,69.3,7.1,-0.24,2.64,6,2,1,0,1
0,27,91.8,65.5,6.3,-0.24,2.63,6,1,2,1,0
0,0,95,69.7,6.8,-0.43,3.12,6,0,2,0,0
0,44,81.4,70.9,6.4,0.49,3.05,6,0,0,1,0
0,37,69.2,62.9,6.4,-0.42,3.48,6,1,1,0,0
0,9,99.3,72.6,7.6,-0.24,1.5,5,2,2,1,0
0,15,107.2,72.4,7.3,0.38,2.3,5,1,0,0,0
0,-13,94.5,64.6,5.8,0.03,2.79,5,1,2,1,0
0,31,89.6,82.9,8.2,0.31,1.98,5,0,0,0,0
0,-19,91,73.9,8,-0.47,1.38,5,2,0,1,0
0,-20,86.5,69.1,7.1,0.85,2.38,5,0,0,0,0
0,-27,66.9,71.4,7.8,0.55,1.54,4,1,2,0,0
0,24,90.9,74.5,7.8,-0.18,1.86,4,2,2,1,0
0,14,74.7,75.4,7.8,-0.67,2.1,4,0,0,1,0
0,-35,54.5,69.8,8.1,-1.18,2.66,4,2,2,1,0
0,32,66.8,68.7,6.9,1.14,2.7,4,0,2,1,0
0,-33,94.5,63.7,6.2,-0.69,2.58,4,2,2,1,0
0,27,94.8,69.1,6.3,-0.83,2.78,4,0,2,0,0
0,-5,94.3,73.6,7.6,-0.32,1.21,3,0,2,0,0
0,-5,107.5,73.5,7,-0.37,2.04,3,0,1,1,0
0,77,82.5,69.1,7.8,0.44,2.46,3,1,2,0,0
0,39,79.2,70.6,6.4,0.28,3.03,3,3,2,1,0
1,23,104.3,73.6,7.2,-0.09,2.84,3,1,1,0,0
0,1,99.1,79.8,8.4,0.37,2.19,3,3,2,0,0
0,17,105.3,73.2,7.5,-0.12,1.75,2,0,0,0,0
0,17,99.4,75.2,7.8,0.04,1.91,2,1,1,1,0
1,34,105.6,77,7.9,-0.02,2.23,2,3,2,1,0
0,-10,72.9,63.3,6.3,-0.67,2.4,2,0,1,0,0
0,-51,72.4,76.7,7.6,-0.59,2.1,2,2,1,1,0
0,17,105.3,73.5,7,-0.08,2.65,2,2,2,0,0
0,-1,104.8,75.6,7.1,0.04,2.15,2,1,0,1,0
0,-24,88.7,60.2,5.2,-0.31,3.46,2,1,2,0,0
0,50,92,76.1,7.3,0.23,2.49,2,1,1,1,0
0,9,95.1,72.7,6.7,0.01,2.73,2,0,0,1,0
0,-24,90.9,61.2,5.8,0.72,2.39,2,1,2,1,0
0,16,107.6,73.5,6.7,-0.05,2.74,1,0,2,0,0
0,43,79.1,76.4,7.3,0.58,2.63,1,1,0,1,0
0,37,82.7,73.7,7.4,-0.21,1.77,1,0,1,1,0
0,10,98.2,66.9,6.5,-0.04,3.3,1,1,2,0,0
1,33,100.3,69.9,7.6,0.01,2.7,1,3,2,0,0
0,38,86.9,74.5,7.4,-0.13,2.48,1,2,1,1,0
0,30,72.2,74.1,7.3,0.29,2.47,1,1,0,0,0
0,49,89.4,75.4,7.3,-0.12,2.65,9,2,1,1,0
0,64,98.2,72.3,6.9,-0.38,3.04,9,0,2,1,0
0,55,79.8,71.5,8,0.06,1.61,9,0,0,0,0
0,-34,59.6,70.4,6.8,-0.51,3.14,9,1,0,0,0
0,22,91.2,68.5,6.6,-0.2,2.57,9,0,1,1,0
0,15,100.9,67,6.5,-0.84,2.46,9,2,1,0,0
0,-8,98.9,70.8,8,-0.08,1.5,9,0,1,0,0
0,10,97.6,65.7,6.9,-0.79,2.67,8,0,0,1,0
1,27,114.9,80.2,7.8,0.7,2.02,8,0,1,1,0
0,-25,87.5,71.2,6.9,0.34,2.02,8,1,1,1,0
0,42,89.8,68.1,7,-0.66,2.38,8,1,1,0,0
0,16,107.2,71.2,7,-0.62,2.8,8,3,2,0,0
0,-14,105,69.1,7,-0.5,1.87,7,0,1,0,0
0,-2,104.1,76.6,7.3,-0.47,2.62,6,3,2,0,0
0,47,98.3,70.4,6.8,0.34,3.61,6,2,1,0,1
0,4,104.3,80.1,7.8,-0.31,3.01,5,1,1,1,0
0,-13,91.4,67.8,7.5,-0.29,1.77,5,2,2,1,0
0,-20,91.8,73.1,7.3,0,2.39,5,1,2,1,0
0,-40,56.5,69.9,7.9,1.15,1.7,5,2,2,0,0
0,-10,95.8,63,6.4,-0.46,2.3,5,2,2,0,0
0,-26,91,79.4,8.1,0.04,1.48,4,1,2,0,0
0,17,110.5,73.6,6.8,-0.43,2.53,4,0,0,1,0
0,15,103.2,75.6,7.1,-0.43,1.61,4,1,2,0,0
0,12,106.1,74.3,7,-0.43,2.15,4,3,1,1,0
0,9,76.8,66.4,7,-0.61,1.74,3,1,0,1,0
0,43,104.5,74.5,7.7,-0.53,2.45,3,0,2,1,0
0,-6,79.9,71.6,7.4,0.58,1.62,3,0,1,0,0
0,19,85.9,71.2,6.9,-0.28,1.93,3,0,1,0,0
0,31,81.4,71.4,6.9,-0.33,2.79,3,1,1,1,0
0,-6,101.5,74.4,7.5,0.29,2.07,2,2,2,0,0
0,-17,89.4,63.7,6.2,-0.43,2.53,2,0,2,0,0
0,4,95.6,68.3,6.1,-0.58,2.49,2,0,1,0,0
0,5,89,68.8,7,-1.1,2.37,2,0,1,1,0
0,42,95,71.9,7.2,0.15,2.43,2,1,1,0,0
0,-22,97.9,72.9,7.1,0.06,1.11,1,0,0,1,0
0,-23,100.8,69.4,6.8,0.17,1.54,1,0,1,0,0
0,-13,104.3,79.8,7.6,-0.39,2.23,1,3,1,1,0
0,-22,80.1,70.6,6.9,1.21,2.68,1,2,2,0,0
1,21,111.9,75.4,7,-0.24,2.38,1,0,0,1,0
0,34,88.9,67.1,7.7,0.36,2.51,9,0,1,1,0
0,35,75.8,65.1,6.4,0.04,3.04,9,3,1,0,0
0,3,75.6,64,7.7,0.09,1.83,9,1,1,1,0
0,40,89.6,74.3,8.2,0.34,3.14,9,0,0,0,0
0,11,108,72.9,7.2,0.02,2.4,8,0,1,0,0
0,15,74.9,74.1,7.4,-0.66,2.36,8,0,0,1,0
0,-19,99.8,79.4,7.3,-0.31,2.28,8,0,1,1,1
0,43,88.7,71.6,8.1,0.3,2.05,8,2,2,0,1
0,17,77.4,76.3,7,0.47,3.02,7,1,0,1,0
0,29,67.8,73.2,6.6,0.71,2.9,7,0,1,1,0
0,70,62.2,69.4,7.2,-0.59,2.96,7,0,1,0,1
0,55,82.9,62.1,5.7,0.29,4.03,7,2,2,1,1
0,4,103.7,76.5,7.7,0.08,2.75,6,1,0,1,0
0,26,100.9,76.1,6.8,0.02,2.72,6,0,0,0,0
0,26,102.6,76.7,7,-0.15,2.52,6,1,2,1,0
0,63,77.7,65.4,7,0.39,2.43,6,0,0,0,0
0,-45,70.2,67.2,6.5,-0.65,1.86,6,2,2,1,0
0,48,79.9,63.4,7.9,1.45,3.22,6,0,2,0,0
0,13,105.6,75.3,7.2,-0.5,2.34,6,1,1,1,0
0,55,65.1,72,7.6,-0.44,2.34,5,1,0,0,0
0,40,91.2,66.9,6.2,-0.54,2.87,5,0,0,0,0
0,-2,75.5,78.6,8.2,-0.58,2.44,5,2,1,1,0
0,34,89.9,74.4,7.8,0.53,1.55,5,0,0,1,0
0,-6,55.6,68.4,7,-1.01,2.6,5,2,1,0,0
0,32,101.5,70.1,6.8,-0.1,3.22,5,0,1,1,0
0,42,87.5,69.7,6.4,0.08,2.78,4,0,1,1,0
0,-8,98.4,74,8.1,-0.06,2.9,4,3,2,0,0
0,6,98.1,73.2,7,0.11,1.79,4,0,0,0,0
0,35,97.7,72.7,7,-0.12,2.72,4,1,0,1,0
0,21,84.2,72.5,8.2,0.33,3.12,4,0,0,0,0
0,36,102.5,76.7,7.3,0.05,2.34,3,2,1,1,0
0,40,90.9,71.7,7.1,-0.66,3.51,3,1,2,1,0
0,-9,105.5,77,7.2,-0.07,2.3,3,0,2,0,0
0,47,89.4,73.6,7.3,0.23,2.32,2,3,2,1,0
0,-30,56.7,71.2,6.8,-0.92,2.83,2,0,1,0,0
0,10,97.8,73.7,6.6,-0.06,2.2,2,0,0,1,0
0,40,65.6,63,6.2,-0.52,2.38,2,2,0,0,0
0,6,102.9,72.4,6.3,0.13,3.39,2,1,2,1,0
0,29,89,74.3,6.9,0.23,2.99,1,3,2,1,0
0,24,93.4,74.4,7,-0.54,2.58,1,0,0,0,0
0,9,104.8,70.6,6.4,-0.46,2.96,1,2,2,1,0
0,-13,69.2,73,8.5,0.31,1.62,1,3,2,0,0
0,11,107.6,77,7.2,-0.44,2.45,1,0,1,1,0
0,7,103.3,68.2,7,0.81,2.8,1,2,2,0,0
0,11,92.5,74.9,7.1,0.25,2.38,1,1,1,0,0
0,43,85.5,70,7.1,1,3.07,9,0,0,1,0
0,-4,102.9,73.4,6.6,0.36,2.5,8,3,1,0,1
0,70,77.5,71.4,7.6,-0.71,2.54,8,0,1,1,1
0,-10,99.3,76.2,7.8,-0.15,2.57,8,2,0,1,0
0,13,85.8,64.4,6.9,0.81,2.04,8,2,2,1,0
0,4,100.9,79.4,7.6,-0.57,1.71,8,2,2,0,0
0,67,89.3,71.4,6.8,-0.31,2.67,8,2,1,0,0
0,-25,95.9,78.8,7.6,-0.31,1.51,8,1,1,0,0
0,19,103.1,73.6,8,0.44,1.79,8,1,1,0,0
0,-10,77.6,73.3,7,-0.81,2.1,7,0,1,0,0
0,-4,70.7,65.8,6.7,-0.62,1.67,7,1,0,1,0
0,68,69.1,82.7,8.5,-0.1,1.83,7,1,0,0,0
0,38,94.9,65.3,7,-0.51,3.69,7,2,1,0,0
0,-2,72.3,77.6,7.9,1.02,2.1,6,1,1,0,0
0,-47,75.1,58,6,-0.97,2.07,6,0,1,0,0
0,-6,109,76.1,8.2,0.17,2.19,6,0,1,0,0
0,-4,103.1,69.4,7.1,0.24,2.41,6,0,0,1,1
0,30,55.9,60.8,6.5,-1.11,3.05,5,3,2,0,1
0,4,68.8,64.3,8.4,0.43,0.87,5,0,2,0,0
0,51,82.7,87.7,8.5,0.6,2.49,4,0,1,0,1
0,26,88.8,69.9,6.8,-0.67,2.82,4,1,1,0,1
0,-54,21.9,71.5,7.8,-0.28,1.35,4,2,1,0,1
0,3,95.2,79.3,7.6,0.06,1.77,4,3,1,0,1
0,15,97.6,75.2,7.3,0.03,2.85,4,2,2,0,1
0,-52,69.5,65.7,6.1,1.01,2.6,3,2,2,1,1
0,25,82.6,54,6.7,1.17,2.31,3,1,2,0,1
0,-9,86,62.9,7.1,0.21,1.94,3,2,1,0,1
0,19,109,75.5,7.2,0.85,2.6,3,0,0,1,1
0,-21,93.6,71.1,7.6,0.04,0.79,3,1,2,1,0
0,-38,79.3,70.3,6.4,-0.12,1.97,2,1,1,0,1
0,10,105.6,71.9,6.3,-0.56,3.28,2,1,1,0,1
0,76,84,76.1,7.3,0.04,3.41,2,2,1,0,1
0,19,84,73.4,7.1,1.13,2.56,2,2,2,1,1
0,-3,106.4,78.1,8.2,0.26,2.21,2,1,0,1,0
0,26,77.6,82,7.8,1.24,1.95,2,0,1,1,0
0,52,91.2,75.3,7.5,0.1,2.47,2,0,1,0,0
0,43,75.8,78.1,7.8,-0.24,1.9,1,3,2,0,1
0,47,83.1,68.1,7.8,1,3.01,1,1,1,0,1
0,-16,101.9,75.3,6.9,-0.04,2.45,1,0,2,1,1
0,16,105,85.3,8.9,0.79,2.07,1,0,0,0,1
0,22,104.1,74.6,7.6,-0.73,2.46,1,1,1,1,0
0,9,93.8,76,7.2,-0.61,1.75,1,1,1,0,0
0,85,72.9,80.3,8.5,0.34,2.18,1,1,2,0,0
0,18,98,68.3,6.8,0.42,1.9,9,2,2,0,0
0,60,63.6,66.7,6.2,0.93,2.35,8,0,0,1,0
0,19,94.7,76.6,6.7,-0.76,2.49,7,0,2,0,0
0,-2,50.4,69.8,5.6,-1.16,2.94,7,0,1,0,0
0,-9,76.2,76.5,8,0.8,2.39,7,1,2,0,0
0,-19,81.1,69.2,7.8,0.58,1.81,7,1,2,0,1
0,1,82.3,72.4,6.9,0.35,2.3,7,0,1,1,1
0,-14,91.7,63.3,6.7,-0.65,1.62,6,1,2,1,0
0,-11,63.1,61.5,7.9,-1.14,1.72,6,2,2,1,0
0,6,88.6,67.4,7.3,0.84,2.03,6,1,1,0,1
0,-18,106.7,71,6.6,0.43,2.38,6,1,2,0,1
0,21,96.9,66.4,7,0.41,1.4,6,0,2,0,1
0,-45,68.9,86.1,8,0.87,1.35,6,0,1,0,0
1,34,101,77,6.9,-0.71,3.04,6,0,1,1,0
0,5,96.4,78.5,7.4,-0.21,1.61,6,1,1,0,0
0,-12,88.7,83,8.1,0.41,1.92,5,2,2,0,0
0,21,83.2,58,5,0.25,2.55,5,0,1,1,0
0,-50,66.7,73.5,6.5,-0.02,1.88,5,1,0,0,0
0,-39,90.6,73,6.8,-0.38,2.21,5,1,0,1,0
0,2,100.3,67.5,7.3,-0.94,1.83,5,0,0,1,0
0,10,103.9,73.3,6.6,0.1,2.2,5,1,1,0,0
0,25,102.6,74.2,6.4,-0.14,2.5,4,2,0,0,0
0,12,105.2,74.6,7.9,0.16,1.19,4,1,1,1,0
0,0,100,77.9,8.3,-0.47,2.14,4,1,1,1,0
0,21,101.6,81.6,7,0.4,2.07,4,0,1,0,0
1,23,111.7,79.3,8.1,0.43,1.91,4,1,0,1,0
0,69,89.9,77.9,7.6,0.17,2.65,4,2,1,0,0
0,4,75.4,75.8,8.3,0.96,1.83,3,1,1,0,0
0,35,60.4,58.9,5.2,0.48,2.62,3,0,2,1,0
0,5,77.3,76.1,7.9,0.67,1.71,3,3,1,0,0
0,3,111.9,77.7,6.9,-0.06,1.69,3,3,2,1,0
0,21,89.2,73,6.7,0.04,2.36,3,3,2,1,0
0,-13,80.7,70.7,7.3,0.7,1.68,2,0,1,0,0
0,3,109.3,74.2,6.4,-0.05,2.35,2,0,1,0,0
0,33,87.3,75.4,6.9,0.24,2.95,2,1,2,1,0
0,9,96.2,76.9,7.9,-0.95,2.83,2,2,0,1,0
0,20,84.6,69.6,7.6,0.84,1.86,2,1,2,0,0
0,-11,101,69.8,6.9,-0.31,1.65,2,0,1,1,0
0,-39,64.8,70.4,7.2,-0.15,1.74,2,1,2,1,0
0,7,82,79.2,8.2,-0.58,1.43,2,2,1,1,0
0,45,86.7,75.7,8.4,-0.3,1.43,1,2,1,1,0
0,46,91.3,85.9,8.1,-0.13,2.86,1,2,0,0,0
0,11,93.7,60.4,5.4,-0.68,2.79,1,0,1,1,0
0,-18,109,74.4,7,0.36,2.34,1,1,1,0,0
0,28,78.4,72.2,6.8,-0.71,1.84,1,1,1,0,0
0,-3,92.3,65.6,6.2,-0.62,3.09,1,2,2,1,0
0,-55,71.4,75.5,7.1,-0.26,1.74,1,1,2,0,0
0,8,104.8,71.4,6.5,-0.46,2.27,1,0,0,1,0
1,33,100.3,78.1,7.9,0.51,1.91,1,0,0,1,0
0,61,81.5,72,6.4,-0.39,3.17,9,0,2,0,1
1,37,101.2,72.3,6.7,0.27,2.82,9,2,2,0,1
0,-16,98.7,74.3,7,0.12,2.41,9,1,1,1,0
0,3,74.3,71.1,7.5,0.94,2.32,9,1,0,0,0
0,-36,29.3,65.9,8.5,-0.11,1.4,9,0,1,0,0
0,70,93.8,75.2,7.6,0.03,3.15,8,0,0,0,0
0,60,81,77.6,7.5,0.24,2.81,8,2,1,1,0
0,31,104.1,72.1,6.6,0.21,2.99,8,1,0,0,0
0,57,64.7,63.4,7.1,-0.88,2.87,8,2,2,0,0
0,-19,95.4,73,7.1,-0.54,3.44,8,0,0,0,0
0,-19,104.4,78.4,7.3,-0.38,1.64,8,3,2,0,0
0,66,83.4,68.1,6.2,0.75,3.28,7,0,0,1,1
0,-3,92.7,69.1,7.7,-0.33,2.88,7,1,0,0,1
0,8,88.2,67.9,6.2,-0.73,3.17,7,2,1,0,0
0,-4,108.3,73.4,7.9,-0.19,1.22,7,3,2,0,0
0,15,108.4,79.2,7.5,0.17,2.23,7,1,0,1,0
1,29,104.1,74.1,7.6,-0.78,2.24,7,1,1,0,0
0,-5,97.2,63,7.1,0.49,2.16,7,2,1,0,0
0,22,105.7,76.8,7.5,0.65,2.92,7,3,1,0,1
0,26,98.6,73.2,7,-0.13,2.45,7,1,1,0,1
0,19,94,67.8,7.7,0.35,1.97,7,2,0,0,1
0,-17,84.9,69,7.1,-0.35,1.96,7,1,1,0,1
0,36,90.8,69.1,6.6,-0.46,3.12,6,0,0,1,0
0,48,80.6,65.3,8.6,0.41,1.93,6,3,2,0,0
0,37,106.2,77.1,7.8,0.21,2.11,6,2,0,0,1
0,33,85.9,64.4,7.9,0,2.07,6,3,1,0,0
0,-17,90.9,65.9,7.7,0.31,1.38,6,2,2,0,0
0,68,82.5,75.4,7.7,-0.47,1.81,5,0,2,0,0
0,50,80.5,74.4,7.4,-0.14,1.96,5,0,1,0,0
0,1,70.7,68.4,7.8,0.22,1.63,5,1,2,0,0
0,28,103.9,71.6,7,0.04,1.85,4,0,1,1,0
0,1,96.1,64.3,6.9,-0.12,2.74,4,3,2,1,0
0,20,91.4,75,6.9,-0.4,3.09,4,1,0,0,0
0,-37,75.5,69.4,6.2,-0.3,2.16,4,3,2,0,0
0,30,104.7,72.9,7.6,0.6,2.11,4,0,1,0,0
0,11,84.4,68.1,6,-0.32,2.96,4,2,1,1,0
0,2,109.5,77.3,6.9,0.26,2.21,4,1,1,0,0
0,-9,58.9,64.2,6.1,-0.94,3.07,3,3,2,0,0
0,1,99.2,76.9,7.9,-0.62,3.07,3,0,0,0,0
0,-13,87.6,68.7,7.5,-0.31,2.03,3,1,2,0,0
0,0,74.8,75.1,8,0.36,1.41,3,1,2,0,0
0,-29,87.8,75.1,6.6,0.02,2.64,2,2,1,0,0
0,13,93.7,69.1,6.1,0.62,3.17,2,1,2,1,0
0,18,99.7,73,8.2,0,2.26,2,2,1,1,0
0,59,86,74.5,7.3,-0.74,2.19,2,2,2,0,0
0,-30,58.5,78.8,8,-0.29,1.64,2,1,2,1,0
0,-2,97.6,70.4,6.6,0.05,2.47,2,0,1,0,0
0,71,78.2,70.9,7.6,-0.18,2.59,2,0,2,0,0
0,-30,93.5,76.5,6.6,-0.44,2.33,2,0,0,0,0
0,74,82.3,77.3,7.9,-0.46,1.92,1,2,2,0,0
0,34,101.6,68.4,7.1,0.65,2.51,1,3,2,0,0
0,-10,99.5,72.2,6.5,-0.22,1.78,1,1,1,1,0
0,-46,54.8,65,6,0.23,3.19,1,0,1,1,0
0,1,110,76.7,7,0.46,2.22,1,3,2,0,0
0,42,88.4,71.7,8,0.81,2.5,1,1,0,0,0
0,17,96.3,64.8,8.7,0.19,1.82,8,2,2,0,0
0,5,83,76.8,8.5,0.27,1.18,8,0,1,0,0
0,35,93.5,70.6,7.7,-0.15,2.65,8,3,1,1,0
1,27,99.4,70.3,6.9,-0.35,2.6,8,1,1,0,0
0,-13,105.5,73,5.8,-0.24,2.56,8,1,0,0,0
0,-12,96.4,73.5,7.4,0.5,2.03,8,2,2,1,0
0,3,92,67.2,5.9,-0.08,2.28,8,2,1,0,0
0,-75,56.6,60.8,7,0.56,3.47,8,1,2,0,0
0,-19,97.1,81.4,7.7,-0.16,2.25,8,2,2,1,0
0,34,99.6,73.8,7.1,0.27,3.1,7,0,0,0,1
0,9,98.2,71.2,6.7,0.37,3.03,7,0,0,1,0
0,1,86.9,72.2,7.6,0.81,2.96,7,0,1,0,0
0,-19,92.9,66.6,6.9,-0.22,1.82,7,3,2,1,0
0,21,99.3,66.9,7.7,-0.12,2.64,6,0,1,1,1
0,6,83.3,67.2,8.8,0.45,1.66,6,1,0,0,1
0,63,92.8,78.6,8.2,-0.35,1.73,6,3,1,0,1
0,25,61.4,61.8,6.1,0.51,3.03,6,2,2,1,1
1,27,99.6,70,6.7,-0.32,2.55,6,2,1,0,0
0,-5,98.5,74.6,6,-0.56,2.49,6,3,1,0,0
0,-1,88.8,74.9,6.3,-0.42,2.74,6,0,0,0,0
0,34,92.6,68.9,6.6,0.17,2.77,6,0,1,1,0
0,34,87.3,68.9,7.8,0.76,2.46,5,2,1,0,0
0,14,91.7,64.3,6.9,-0.67,3.29,5,1,2,1,1
0,5,73,56.4,6.1,1.1,2.54,5,1,1,0,0
0,-9,66.3,69.1,6.7,-0.73,2.79,5,1,2,0,0
0,12,100.6,74.8,7.6,-0.16,2.33,5,1,1,0,0
0,36,91.4,71.9,7,0.01,2.4,4,1,0,0,1
0,11,107,72.6,7.1,-0.45,3.01,4,3,1,0,1
0,68,72.4,69.9,7.4,-0.65,2.24,4,2,2,0,1
0,-14,67,71.7,8.4,0.74,2.2,4,0,0,0,1
0,-1,107.3,70.3,6.4,0.36,2.78,4,3,2,0,0
0,-39,101,69,7.7,1.13,1.74,4,3,2,0,0
0,38,81.2,69.5,6.8,0.53,2.68,3,3,2,1,1
0,26,96.6,73.2,8.4,1.09,3.2,3,1,2,0,1
0,-7,106.2,79.2,7.9,-0.07,1.95,3,0,0,0,1
0,-5,80.2,64.5,8,-1.18,1.75,3,2,1,1,1
0,15,87.9,74.3,7.9,0.26,1.51,3,1,1,0,1
0,21,101,69.6,7.1,0.44,2.1,3,1,2,0,0
0,-24,104.6,79.3,7.9,-0.41,1.68,3,1,1,1,0
0,24,70.4,70,7.8,-0.9,1.83,2,1,1,1,1
0,6,88.6,79.3,6.9,-0.44,2.15,2,2,0,0,1
0,5,104.2,72.4,6.8,-0.47,2.72,2,1,2,1,0
0,-32,109,73.8,7.2,0.17,2.11,2,0,0,0,0
0,-61,60,75.6,6.8,-0.2,2.28,2,0,0,1,0
0,46,90.1,69.6,7.6,-0.16,2.22,1,0,1,1,1
0,-17,86.6,61.5,5.2,-0.63,2.3,1,2,2,0,1
0,47,100.9,77.4,7.2,-0.33,2.38,1,2,0,0,1
0,-6,102.6,75.1,7,-0.18,1.66,1,1,1,0,0
0,-7,84.9,74.4,7.4,-0.63,1.95,1,0,0,1,0
0,-27,106.9,71,7.4,0.28,2.83,9,2,2,0,1
0,-43,83.3,71,7.1,0.11,1.74,9,2,2,1,1
0,-4,73.2,72.3,7.3,1.11,3.16,8,3,1,0,0
0,42,93.6,70.6,6.6,-0.18,2.7,8,2,2,1,0
0,21,73.4,69.1,7.7,0.9,1.93,8,1,0,0,0
0,33,77.1,65.3,5.7,0.25,3.15,8,2,2,1,0
0,26,76.1,74.5,6.8,0.11,2.6,8,0,0,1,0
0,2,100.3,74.4,7.3,0.19,2.45,8,2,0,1,0
0,1,72.4,62.1,5.1,-0.39,2.08,8,3,2,0,1
0,-12,96.6,65.4,5.9,-0.34,2.36,8,0,1,0,1
0,45,89.3,73.8,7.2,0.15,1.83,7,1,2,1,0
0,61,76.4,74.8,7.6,-0.02,1.91,7,1,0,0,0
0,3,98.5,71.9,7.4,0.01,1.81,7,0,0,1,0
0,5,107.7,74.3,8.1,-0.23,1.37,7,1,1,0,1
0,18,74.6,69.2,6.4,0.02,2.66,7,0,0,0,1
0,-42,73.9,61,6.4,0.99,2.36,6,0,2,0,0
0,-5,102.9,73.5,7.4,0.64,2.28,6,0,1,1,0
1,33,107.6,78.8,7.9,0.04,1.9,6,0,1,1,0
0,58,77.8,76.9,7.7,0.01,2.14,6,0,1,1,0
0,-81,65.5,71.2,7.1,0.59,1.44,6,0,0,0,1
0,-31,70.3,67.5,6.3,0.93,2.24,6,1,0,1,1
0,75,90.7,77.8,8.1,0.03,2.26,5,1,0,0,0
0,48,95.5,71.4,6.7,0.33,2.56,5,3,1,1,0
0,-16,90.8,66,6,0.09,2.35,5,2,2,0,1
0,-13,71.5,66.6,6.2,-0.78,2.72,4,3,2,0,0
1,21,109.6,78.7,7.8,-0.11,2.02,4,3,1,1,0
0,73,84.9,73.4,7.9,-0.38,2.66,4,2,2,1,0
0,9,62.8,60.6,5.7,-0.66,3.47,4,1,2,0,0
0,2,101.8,69.7,6.2,0.03,2.34,4,0,0,1,0
0,84,76,72.8,7.6,0.06,2.03,4,1,2,0,0
0,22,97.4,77.6,7.8,-0.2,2.07,3,2,1,1,0
1,26,106,86,8.3,0.21,1.72,3,0,0,0,0
0,44,102.1,70.2,6.5,-0.23,3.46,3,0,2,1,0
1,28,102.9,72.8,7.8,-0.67,2.37,3,2,0,1,0
0,7,96.3,68.5,6.8,-0.52,2.21,3,0,0,1,0
0,1,110,72.6,7,-0.48,2.24,3,3,2,1,0
0,-1,104.3,76.1,7.2,-0.68,1.75,3,1,1,1,0
0,-9,98,71.9,6.9,-0.36,2.22,3,1,1,1,0
0,-3,101.4,75.6,7.8,-0.39,1.89,3,0,1,1,0
0,45,99.2,74.8,8.7,0.12,2.61,2,1,1,0,0
0,31,75.1,74.9,7.3,-1.26,1.7,2,0,2,1,0
0,1,95.5,73.1,7,-0.58,1.59,2,0,0,1,0
0,16,78.6,68.8,7.6,0.53,1.96,2,2,2,0,0
0,43,102.4,78,8.4,-0.08,2.37,2,0,0,1,0
0,1,68.8,71,7.4,-0.3,2.43,2,1,0,1,0
0,48,88.5,64.8,6.6,-0.24,2.7,2,0,1,0,0
1,31,105.7,74.7,7.1,0.06,2.74,2,2,0,0,0
0,0,91.4,79.4,8,-0.53,1.67,2,3,2,1,0
0,-14,97.3,75.7,7,-0.26,2.26,1,0,2,1,0
0,57,84.7,74.2,7.4,0.18,2.8,1,1,2,0,0
0,13,104.3,74.1,6.8,-0.26,3.02,1,3,2,1,0
0,-24,95.2,69.2,7.7,-0.06,1.26,1,2,0,1,0
0,23,83.4,69.3,6.9,0.27,2.08,1,1,0,0,0
0,31,81.9,79.1,7.7,0.06,2,1,1,0,0,0
0,59,87.9,73.9,7.7,-0.46,2.57,1,0,0,1,0
0,-44,80.7,68.4,7.3,0.89,2.48,9,0,0,0,0
0,-8,101,77.3,6.9,-0.36,2.39,9,2,2,0,0
0,11,91.7,65.9,8.5,-0.51,2.04,9,0,0,1,0
1,24,109.1,76.1,7,-0.09,2.14,9,1,2,1,0
0,13,101.2,77,7.6,-0.23,2.48,9,0,0,1,0
0,66,74.7,71.5,6.8,-0.7,2.13,9,2,2,0,0
0,36,96.5,65.4,8,0.54,2.19,8,3,2,0,0
0,-68,57.7,65.7,8,0.63,1.06,8,1,2,1,0
1,23,102.1,68.5,6.8,0.06,2.6,8,2,2,1,0
0,29,97.9,67.8,6.6,0.57,3.11,8,0,0,0,0
0,31,82.3,58.9,5.7,0.35,2.47,8,1,1,1,0
0,38,93.7,68.9,7.4,0.5,3.04,7,1,0,0,0
0,-16,103.6,74.1,7.2,-0.82,3.51,7,1,2,1,0
0,19,92,75.7,7.2,-0.78,2.21,7,0,1,0,0
0,-7,80.6,72.3,8.3,0.91,2.73,7,0,0,0,0
0,14,98,72.3,7.7,0.5,2.62,7,1,2,0,0
0,18,76.5,73.6,6.6,-0.15,2.39,7,1,1,1,1
0,-4,77.2,67.1,7.7,-1.24,1.66,6,1,2,1,0
0,50,74,67.8,8,0.04,1.78,6,2,2,0,0
0,-16,100.9,75,7,0.1,2.46,6,0,1,0,0
0,41,84.4,75.1,7.9,-0.12,2.15,6,0,0,1,1
0,22,97.6,68.6,7.2,-0.32,2.64,6,0,1,0,1
0,19,84.9,60.1,5.3,0.45,3.26,6,0,2,1,0
0,-18,93.8,70.3,6.8,-0.24,2.42,6,1,1,1,0
0,27,97.2,65.3,6.7,0.8,2.95,6,1,2,0,0
0,-2,92.6,61,6.3,0.38,2.23,6,2,1,1,0
0,-34,84.6,64.1,6,-0.61,2.97,5,0,1,1,0
0,-8,76.4,66.1,7.3,-0.48,1.57,5,2,2,0,0
0,68,85.9,71.9,7.2,-0.04,2.86,5,0,2,0,0
0,11,98.3,68.9,8.9,0.03,1.7,5,1,2,0,0
1,28,105.7,77.3,7.5,0.3,2.3,5,1,1,1,0
0,57,78.7,74.1,6.9,-0.87,2.5,5,2,2,0,0
0,70,78.8,84.5,7.6,-0.16,2.71,4,1,2,1,0
0,43,83.1,75.4,6.9,-0.61,2.85,4,0,0,0,0
0,34,103.4,71.6,8,0.68,2.81,4,2,0,0,0
0,26,86.2,68.1,6.6,0.19,1.86,4,0,0,1,0
0,19,59.1,65.2,5.9,-0.97,2.06,4,0,2,0,0
1,21,109.7,76.1,8.3,-0.28,1.8,4,1,1,1,0
0,58,92.7,74.9,6.9,0.02,3.04,3,0,0,1,0
1,17,114.5,81.8,8.1,-0.01,2.53,3,2,1,0,0
0,3,116.5,77.7,7.9,0.12,2.9,3,2,2,0,0
0,84,71.9,65.8,6.3,-0.98,3.11,2,0,0,0,0
0,-4,100.4,66.3,6.6,0.59,4.07,2,1,2,0,0
1,30,108.7,77.9,7.4,-0.56,3.34,2,2,2,1,0
0,13,108.9,73.4,6.8,-0.19,2.68,2,1,2,0,0
0,7,73,66.3,6.4,0.74,3.09,2,1,2,1,0
0,19,80.6,70.2,6.6,-1.04,2.17,2,3,1,0,0
0,58,26.7,8,1.3,-0.22,3.5,2,0,0,1,0
0,-6,15.1,7.9,1.8,-0.34,2,2,0,1,1,0
0,9,96,65.7,7.7,0.53,1.39,2,1,2,0,0
0,-13,78.1,67.9,7.6,0.28,1.53,1,1,1,0,0
0,82,63.1,55.8,5.1,0.24,4.03,1,0,2,1,0
0,-1,106,73,7.1,0.41,2.48,1,2,1,0,0
0,12,76.6,71.7,8.3,-0.77,1.71,1,0,1,1,0
1,37,105.6,70.5,6.7,0.11,3.24,1,0,0,1,0
0,13,91.7,70.8,7.3,-1.01,2.36,1,1,2,1,0
0,26,100.3,73.7,7.7,-0.15,2.61,9,1,0,1,0
0,-7,103.5,75,7.4,-0.3,2.6,8,2,1,0,0
0,19,87.5,70.2,6.6,0.06,2.96,8,1,1,0,1
0,-9,84.4,59.1,6.3,-0.48,2.34,8,0,2,0,1
0,21,103.3,72.8,6.7,-0.55,3,8,0,1,1,1
0,-11,75.9,70.6,7.2,-1.27,1.68,8,0,0,0,1
0,45,101.2,73.9,7.5,-0.55,2.99,7,0,0,0,1
0,12,104.4,72.9,7,0.9,2.33,7,0,0,0,1
0,40,91.3,69.3,7.5,0.23,1.99,7,0,0,0,1
0,-7,91.3,73.7,7.4,-0.28,2.14,7,1,0,1,0
0,-15,101.1,75.8,7.7,-0.08,2.32,7,3,2,0,0
0,28,95.6,80.5,8.4,0.19,2.07,7,0,1,0,0
0,-7,98.6,67.7,6.9,0.21,2.31,6,1,1,0,1
0,12,80.3,69.8,8.3,-0.05,1.79,6,0,2,1,1
0,20,89.8,72.3,7.6,0.3,2.07,6,1,2,0,0
1,26,106.6,72.4,6.9,-0.22,2.67,6,2,0,0,0
0,30,92.6,64.3,7.5,-0.35,2.13,6,1,2,1,0
0,3,102.2,71.5,7.5,0.17,1.8,6,2,1,0,0
0,21,94,65.3,7.3,0.33,2.19,6,2,1,0,0
0,-19,94,67.5,6.4,0,3.57,6,0,2,1,0
0,36,98.6,69.7,6.8,-0.38,2.83,5,0,0,0,0
1,25,105.2,72.7,6.9,0.2,3.56,5,2,2,1,0
0,-19,66.3,72,8,0.5,1.4,5,0,0,0,0
0,23,61.9,72.2,6.3,-1.01,3.25,5,3,2,0,0
0,43,85.4,72.1,7.6,-0.49,1.78,5,0,0,1,0
0,52,90.6,70.5,6.6,-0.28,3.05,5,0,2,0,0
0,9,103.9,70.5,6.8,0.12,2.63,5,3,2,1,0
0,39,83.6,68.3,7.3,0.06,1.97,4,0,1,0,0
0,-11,99.1,68.7,6.9,-0.57,2.42,4,0,0,1,0
0,6,102.3,73.3,6.5,-0.09,2.86,4,3,1,0,0
0,9,106.5,74.1,7.1,-0.32,2.5,4,2,1,0,0
0,11,91.1,84.1,7.7,-0.56,2.97,4,3,2,0,0
0,-19,85.9,66.8,7.3,-0.19,2.09,4,3,2,1,0
0,24,94.5,68.1,7.8,-0.09,2.26,4,1,1,0,0
0,18,90.9,72.3,6.7,0.03,2.47,3,2,1,0,0
0,16,77,75.7,7.5,0.95,2.61,3,0,0,0,0
1,31,104.6,79.1,7.8,-0.18,1.87,3,0,0,1,0
0,-10,69,66.7,6.7,-0.86,2.62,3,0,1,0,0
0,-28,91.2,73.3,7,-0.02,2.58,3,1,0,1,0
0,-3,57.7,60.2,5.6,0.96,2.86,3,0,2,1,0
0,21,86,62.9,7.1,0.51,2.57,2,1,0,0,0
0,10,97.5,66.3,8,-0.35,2.14,2,1,2,1,0
0,-8,101.3,74.1,6.8,0.06,2.64,2,0,1,0,0
0,31,95.2,70.8,6.6,0.85,3.1,2,0,2,0,0
0,-2,100.6,74.7,7.3,0.06,2.85,2,3,2,0,0
0,33,85.4,67.6,7.4,-0.74,1.97,2,2,2,1,0
0,21,59,58.4,5.7,-1.07,3.68,2,1,2,0,0
0,0,94.8,73.2,7.6,-0.45,2.31,1,2,2,0,0
0,8,102.5,79.3,7.5,0.47,2.41,1,1,0,1,0
0,6,89.2,74.4,7.3,-0.57,2,1,0,0,0,0
0,34,101.6,75.1,6.5,0.11,2.78,1,0,1,0,0
0,40,70.9,73.8,6.6,0.39,2.96,1,0,0,1,0
0,-60,81.4,55.9,5.4,0.3,2.95,9,3,2,1,0
0,11,98.5,70.1,6.4,-0.65,2.37,9,2,2,1,0
0,-12,106.6,78.4,6.6,0.58,2.6,9,0,2,1,0
0,37,92.5,74.5,7.6,0.08,1.85,9,2,2,0,0
0,13,88.6,74.5,7.4,-0.73,2.23,9,2,0,1,0
0,69,75.5,66.3,6.1,0.69,3.1,8,0,1,1,0
0,15,108,72.5,7.5,0.16,2.36,8,1,0,1,0
0,6,100,71.3,7,-0.11,2.79,8,1,1,0,1
0,-39,82,76.9,7.3,-0.37,2.42,8,2,1,1,1
0,-41,67.9,72.3,6.9,0.05,1.74,7,1,2,1,0
0,4,105.2,73.1,7.2,0.36,1.67,7,3,1,1,0
0,-3,109.1,77.9,7.1,-0.27,2.38,7,0,0,1,0
0,42,89.7,64.5,7.3,-0.08,2.35,7,2,2,1,1
0,-14,97.7,76.6,7.7,0.16,2.85,7,0,0,0,0
0,4,64.1,55.9,5.3,-0.53,3.77,7,1,2,1,0
0,-21,84.2,66.8,6.6,-0.46,2.06,7,2,2,0,0
0,19,97.8,76.5,7.1,-0.22,3.12,6,1,2,0,0
0,-28,85.8,73.8,6.9,-0.46,1.66,6,0,1,1,0
0,-2,96,71.2,7.3,-0.1,1.92,6,3,2,1,0
0,38,90.3,77.6,7,0.36,2.36,6,2,1,1,0
0,-14,73.9,72.5,7,-0.1,2.12,6,2,2,1,0
0,2,98.9,73.2,6.4,-0.17,2.18,5,0,1,0,0
0,19,84.7,70.6,6.1,0.37,2.53,5,1,0,1,0
0,-1,94.7,74.1,7.2,-0.4,1.99,5,1,1,0,0
0,3,101.8,70.1,7.2,-0.4,2.19,5,1,0,1,0
0,44,97.8,76.4,6.8,0.6,2.72,4,2,2,1,0
0,33,97.2,79,7.3,-0.04,2.15,4,0,2,0,0
0,10,96,76.4,6.9,-0.39,1.81,4,1,1,1,0
0,75,80.1,77.2,8.4,-0.52,2.5,4,1,0,0,0
0,28,102.1,71.3,7.2,0.23,2.19,4,3,1,0,0
0,-13,89.8,68.3,7.5,-0.62,2.64,4,1,2,1,0
0,-20,101.5,68.8,7.3,0.29,1.67,3,2,1,1,0
0,51,75.7,68.2,6.4,0.26,3.32,3,0,2,1,0
0,26,93,63.1,7.5,0.93,2.27,3,1,2,0,0
0,66,82.2,78.7,7.4,-0.34,2.74,3,2,1,1,0
1,35,104.3,78,7.6,-0.05,3.15,3,0,0,0,0
1,27,98.9,68.7,7.2,0.35,1.97,3,3,2,1,0
0,-3,104.6,72.9,7.4,-0.07,2.94,3,1,0,0,0
0,36,51,71.6,7,-1.07,2.66,2,0,0,0,0
0,73,86,69.8,6.2,0.57,3.58,2,2,1,1,0
0,46,85.7,65.7,6.1,-0.34,3.69,2,3,2,1,0
0,-61,74.3,76.5,6.8,0.85,2.28,2,3,2,0,0
0,23,85.5,73.9,6.6,0.28,2.48,2,3,2,1,0
0,61,61.3,70.2,7.9,-1.34,2.1,1,1,2,1,0
0,-33,73.1,70.3,6.3,-0.81,3.18,1,1,2,0,0
0,-8,104,70.6,6.5,-0.47,2.84,1,0,2,1,0
0,72,76.3,56.3,8,0.01,2.04,1,1,1,0,0
0,44,94,78.6,7.7,-0.58,2.25,1,1,2,1,0
0,77,77.1,71.2,8.7,1.24,2.17,1,0,0,0,0
0,67,87.7,80.8,7.9,-0.5,2.45,9,1,1,0,0
0,59,82.5,78.2,8.1,0.45,1.98,9,0,0,0,0
0,44,96.3,78.7,7.2,0.35,2.36,9,1,2,0,0
0,5,108.3,75.2,7.2,0.05,2.68,8,1,1,0,0
0,5,66.5,72.4,8.2,0.04,2.1,8,2,1,1,0
0,32,98.3,75.9,7,0.24,2.99,8,0,2,0,0
0,75,91.5,69.7,7.9,0.39,2.66,8,1,1,0,0
0,-17,90.9,65.2,8.1,0.57,1.31,8,2,1,0,0
0,-5,87.6,73.5,7.7,0.71,2.03,8,0,0,0,0
0,67,90.1,71.6,8.1,0.1,2.21,7,0,1,0,0
0,-4,94.8,74.6,7.3,-1.03,2.46,7,1,1,1,0
0,15,92.4,68.9,6.4,-0.07,3.29,7,2,2,0,0
0,-24,79.1,71.4,7.3,0.77,1.99,7,1,2,0,0
0,11,102.1,72.8,7.5,0.17,2.52,7,0,1,0,0
0,-16,91.7,69.9,7.2,-0.75,2.71,7,0,1,1,0
0,28,91.7,70.2,7.1,-0.08,2.46,6,0,0,1,0
1,21,108.1,75.4,7,0.27,2.38,6,1,1,0,0
0,-80,46.4,73.4,8.4,0.55,1.57,6,0,0,0,0
0,40,97.6,70.2,8.3,0.69,2.51,6,1,0,0,0
0,60,78.5,71.6,6.5,-0.06,3.49,5,1,2,1,0
0,7,112,86.5,8.1,-0.42,2.31,5,2,1,0,0
0,17,97.2,71.3,6.8,0.02,2.96,5,0,0,0,0
0,-19,100.8,71.1,7.9,0.56,1.92,5,0,1,0,0
0,18,105.1,72.3,6.9,0.15,2.26,5,1,1,0,0
0,8,108.5,72.4,6.8,0.28,3.35,4,3,2,1,0
0,40,85.6,68.3,5.8,-0.31,3.77,4,1,1,0,0
0,23,99.6,67.1,6,-0.59,2.94,4,1,1,1,0
0,12,101.8,72.5,6.8,-0.75,2.24,4,2,0,1,0
0,-10,96.1,71.9,6.7,-0.03,3.14,4,0,0,0,0
0,21,103.1,76.8,7.2,0,1.76,4,1,0,0,0
0,29,89.9,61.7,6.7,0.31,2.74,4,1,2,0,0
0,14,66.5,67.5,5.9,-0.63,3.21,3,0,0,0,0
0,-21,64.3,69.7,6.3,-1.14,2.85,2,0,0,0,0
0,9,98.4,75.8,7.3,0.24,2.86,2,1,1,0,0
0,17,110.1,72.9,6.7,0.3,2.81,2,2,1,1,0
0,57,99.7,83,7.8,0,2.49,2,3,1,0,0
0,-46,31.1,71.4,7.6,-0.85,1.67,1,0,1,1,0
0,63,67.6,83.7,6.6,-0.64,2.55,1,2,2,0,0
0,-39,34.4,64.3,8.5,0.42,1.61,1,3,2,0,0
0,64,73.8,66.3,8.1,0.71,1.65,1,0,0,0,0
0,-15,70.3,75.6,7.4,-0.19,1.5,9,1,0,1,0
0,-12,78.2,59.8,5.5,-1.07,2.33,9,0,1,0,0
0,-54,37.1,65.7,8.9,0.1,1.56,9,2,2,1,0
0,27,87.7,65.4,6,0.16,2.47,8,1,2,0,0
0,-3,105.1,71.3,6.8,-0.29,1.87,8,3,2,0,0
0,-1,104,76.5,8.4,0.03,2.03,8,1,0,1,0
0,13,103.5,80,7.6,-0.09,2.05,8,1,1,0,0
0,-15,85.6,77.1,8.4,0.3,1.75,8,0,0,1,1
0,19,100.8,67.8,6.8,-0.26,2.65,8,1,0,0,1
0,-4,78.3,78.5,7.5,-0.61,2.71,8,1,0,1,1
0,13,93.3,74.6,8.1,0.2,1,8,2,2,0,1
1,35,100.7,71.6,8.2,-0.66,2.75,8,1,1,1,1
0,18,100.5,72.8,7.7,-0.18,1.2,7,3,2,1,0
0,-13,99.8,77.3,7.5,-0.49,2.57,7,3,1,1,1
0,12,81.9,64.8,6.2,0.13,2,7,1,2,1,1
0,-6,74.8,70.9,8,-0.25,1.27,7,1,1,0,0
0,-34,73.4,65,6.5,-0.39,1.58,7,0,1,1,0
0,32,91.3,66.8,6.5,0.5,2.29,7,0,2,0,0
0,39,66,75,7.1,0.65,2.45,6,0,0,1,0
0,12,80.1,71,7,0.87,2.28,6,1,1,1,0
0,-41,72.2,66.9,5.9,-1.09,2.26,6,1,1,0,0
0,-20,70.4,69.2,8.3,-0.43,1.54,6,2,2,1,0
0,0,91.9,68.4,6.2,-0.96,1.64,6,0,1,1,0
0,10,104.1,72.3,6.9,-0.83,2.79,6,1,0,1,0
0,-5,74.7,50.5,5.2,0.87,3.79,5,0,2,1,0
0,31,95.2,65,5.9,-0.3,3.59,5,2,2,0,0
0,18,72.8,74.9,8.3,-0.63,1.2,5,2,2,1,0
0,-4,99.6,66.5,6.4,0.42,1.76,5,1,1,1,0
0,10,79.6,62.1,6.6,0.73,1.56,5,3,2,0,0
0,37,89.9,71.3,7.2,0.05,2.23,5,0,0,0,0
0,9,66.4,59.3,5.9,-1.25,2.94,5,0,2,0,0
0,20,103.4,71.2,6.6,-0.26,2.15,5,3,1,1,0
0,56,99.7,77.7,8.2,0.11,2.32,4,2,1,0,0
0,54,81.6,80.9,8.5,-0.14,2.05,4,1,0,1,0
0,8,89.1,57.9,6.7,0.27,3.12,4,0,0,1,0
0,14,109.4,77,7.4,-0.41,2.41,4,1,1,1,0
0,47,89.2,67.6,6.8,-0.76,2.76,4,3,2,1,0
0,26,70.3,64.7,6.1,0.24,3.52,3,1,2,1,0
0,44,86,67.7,6.2,-0.66,2.79,3,2,1,1,0
0,-4,100,65.8,6.1,-0.14,2.36,3,3,1,0,0
0,-17,98.2,75.2,7.6,-0.07,1.55,3,2,1,0,0
0,49,79,66.9,9.2,-0.69,1.79,3,2,2,1,0
0,0,71.3,70,7.1,-1.86,2.16,3,0,2,0,0
0,63,93.1,77.3,8.4,0.1,2,2,1,0,1,0
0,1,99.7,71.2,7.1,-0.09,3.17,2,0,0,0,0
0,6,77,59.8,6.7,0.26,1.64,2,2,1,0,0
0,10,96.3,75.8,7.7,0.13,1.33,1,0,2,0,0
0,-29,93.6,78.7,7.2,-0.41,2.02,1,0,0,1,0
0,34,84,64.4,5.3,-0.21,3.27,1,1,2,1,0
0,4,95.9,67.1,6.4,0.09,2.55,1,0,0,1,0
0,32,103.5,79.6,7.5,-0.14,2.31,9,2,1,1,0
0,56,100.3,81,8.1,-0.28,2.55,9,1,0,0,0
0,-37,85.1,73.8,7.4,-0.51,1.64,9,0,1,1,0
0,5,79.3,65.9,6.3,-0.24,2.95,9,0,1,0,1
0,30,97.4,75.5,6.6,-0.03,2.41,8,1,0,1,0
0,24,102.2,72,7.5,-0.36,2.05,8,2,2,0,0
0,20,55.5,60.8,6.1,0.69,2.95,8,2,1,1,1
0,10,63.5,76.5,7,-0.89,2.1,8,0,1,0,1
0,-28,95.2,86.7,7.7,0.29,1.99,8,3,2,0,0
1,38,104.4,77.9,7.8,0.3,1.97,8,0,0,1,0
0,23,84.7,68.3,6.6,-1.02,2.6,8,0,0,1,0
0,-75,69.7,76.3,6.3,-0.08,3.07,7,2,2,1,1
0,1,106.1,71.4,6.3,-0.03,3.26,7,2,2,1,1
0,13,86.4,73.2,7.8,-0.02,1.7,7,0,1,0,1
0,-17,85.1,66.3,6.5,0.48,2.68,7,1,1,1,1
0,1,110.6,76.2,8,0.1,2.07,7,2,2,0,0
0,-20,94.9,68.3,6.6,-0.87,2.31,6,0,0,0,0
0,-28,79.7,72.9,7.3,0.05,1.29,6,2,2,1,0
0,-20,86.6,61.7,7.5,0.3,2.06,5,1,2,1,0
0,52,95.9,75.9,7.7,-0.37,2.33,5,2,1,1,0
0,7,82.1,70.7,6.3,-1.01,2.67,5,0,1,0,0
0,-42,60.8,71.3,8.6,0.52,1.89,5,0,1,0,0
1,28,105.8,70.1,7.3,-0.1,2.31,5,0,0,1,0
0,44,89.9,72.8,7.9,0.29,1.68,5,1,1,1,0
0,-26,90.3,77.6,7,-0.76,2.46,4,1,1,1,0
0,4,85.3,79.9,8.3,0.37,2.06,4,0,2,0,0
0,18,105.2,81.5,6.7,0.01,3.02,4,1,2,1,0
0,50,82.4,74.4,6.6,0.07,2.9,4,0,0,1,0
0,-24,77.3,74.7,7.5,1.02,2.11,4,0,2,0,0
0,3,105.1,70.3,6.6,0.44,2.15,3,1,2,0,0
0,10,98.4,79.4,7.1,0.89,2.48,3,3,2,0,0
1,30,102.4,67.2,6.7,0.78,3.26,3,0,1,1,0
1,36,101.6,71.8,7.8,-0.07,2.49,3,0,1,1,0
0,-15,75,83.3,6.5,0.92,1.87,3,3,2,1,0
0,15,92.1,86.6,7.1,0.78,1.94,3,1,2,1,0
0,11,106.9,80.1,7.5,-0.01,2.72,3,0,1,0,0
0,24,81.4,70.9,6.1,0.53,2.83,3,0,0,1,0
0,48,94.2,75.3,6.4,-0.41,3.28,3,0,2,0,0
0,10,107.4,76.7,7.6,-0.3,3.1,3,3,1,1,0
0,-25,47.9,71.1,7.8,0.64,2.29,3,3,2,0,0
0,-6,101,68.2,6.9,0.11,1.49,2,3,2,0,0
0,42,87.8,66,6.5,-0.41,2.56,2,3,2,0,0
1,28,108,77.4,6.6,0.41,3.44,2,1,1,1,0
0,45,73.6,62.1,6,0.63,3.55,2,0,1,1,0
0,12,103.4,80.7,8.2,-0.15,2.52,1,0,0,1,0
0,0,107.5,86.4,6.7,-0.3,2.87,1,3,2,1,0
0,-25,105.2,77.2,7.2,0.41,2.33,1,2,0,0,0
0,17,89.8,64.3,5.8,0.03,3.3,9,1,2,1,0
0,6,107.5,73.3,8.2,-0.14,1.89,9,2,0,0,0
0,36,95.5,70.3,7.1,-0.24,2.03,9,1,2,1,0
0,36,70.9,55.9,7.2,0.13,1.8,9,2,1,1,0
0,-12,96.7,76.2,7.1,-0.3,2.31,9,1,1,1,0
0,-33,86.5,70.7,6.8,-0.33,2.22,8,0,1,1,0
0,19,101.6,69.9,6.6,-0.12,3.09,8,0,1,0,0
0,-4,93.6,74.3,7.4,-0.22,2.23,8,0,0,0,0
0,40,97,69,7,0.47,3.75,8,1,2,0,0
0,35,98.9,72.4,7.8,-0.02,3.19,8,1,0,0,0
0,13,100.1,69.2,7.6,0.16,2.64,8,0,1,0,0
0,29,80.4,85.2,7.2,-0.14,2.28,8,2,1,1,0
0,18,83.7,67.5,6.3,-0.13,1.33,8,1,2,1,0
0,16,97,80.4,7.8,0.28,1.94,7,3,1,0,1
0,5,102.9,77.6,7.7,0.23,1.49,7,2,2,1,1
0,45,97.5,79.4,7.3,-0.1,2.59,7,1,1,1,1
0,67,99.3,77.2,7.5,0.22,2.94,7,3,2,1,0
0,44,84.6,69.9,6.8,0.34,3.65,7,0,0,1,0
0,-10,94.2,78.2,7.5,-0.44,3.17,7,3,2,0,0
0,0,98.9,68.6,6,0.46,2.38,6,1,0,1,0
0,-9,89.5,65.6,6.3,-0.56,2.57,6,0,0,0,0
0,12,82.8,73,7.2,-0.6,1.9,6,1,1,1,0
0,-51,86,74.9,7.1,0.35,1.95,5,2,2,0,0
0,-32,86,74.9,7,0.34,2.49,5,2,0,1,1
0,-9,65.8,49.5,8,1.27,1.12,5,1,2,0,1
0,-21,64.1,65.8,5.3,0.7,2.35,5,1,1,1,1
0,37,82.6,69.2,7,-0.21,2.73,5,1,0,1,1
0,1,68.4,59.4,7.8,-1.07,1.33,4,1,2,1,1
0,-64,54.5,83,8,-0.17,2.02,4,2,1,0,0
0,10,110.7,76,7.6,0.31,2.08,4,0,0,1,0
0,-12,87.3,73.1,6.6,0.28,2.71,4,0,2,1,0
1,21,100.6,74.3,7.4,0.25,2.47,4,0,0,0,0
0,11,94.6,66,7.8,-0.7,1.77,4,1,2,1,1
0,-46,55.5,71.3,7.1,-0.84,2.09,4,0,0,0,0
0,10,107.3,75.2,8.6,0.62,2.24,4,1,2,0,0
0,-47,65,77.7,9.2,0.5,1.15,4,2,2,0,0
0,3,90.1,70.3,6.7,-1.08,2.1,4,2,2,1,0
1,32,98.5,80.9,7.3,-0.28,3.11,4,0,0,0,0
0,18,95.6,73.3,6,0.28,2.92,4,1,2,1,0
0,-1,96.8,75.4,7.6,-0.06,1.79,3,2,2,0,0
1,23,111.9,80.2,7.8,-0.26,2,3,1,0,1,0
0,-27,79.3,66,6.5,-0.42,0.96,3,0,2,1,0
0,8,97,76.4,7.5,0.14,1.51,3,0,0,1,0
1,22,106.7,74.6,7.8,-0.5,2.52,3,0,0,1,0
0,21,93.1,65.2,8.1,0.77,2.24,3,0,1,0,0
0,-25,95.3,79.3,8.1,-0.38,1.4,3,0,0,0,0
0,6,83.2,59.8,8.2,0.72,2.12,3,1,2,0,0
0,16,100.2,69.7,6.9,-0.66,1.66,3,1,2,1,0
1,22,104.9,78.5,6.7,-0.57,3.61,3,1,1,1,0
0,12,73.9,64.4,8,-0.85,1.39,2,0,2,1,0
0,49,92.3,71.7,7.4,0.26,2.66,2,3,2,0,0
0,34,93.9,72.6,7.1,-0.24,3.15,2,3,2,1,0
0,13,105.8,75.2,7.6,0.26,1.57,2,2,2,1,0
0,17,100.8,72.8,6.9,-0.35,1.57,2,0,0,1,0
0,19,100.1,74.2,7.6,-0.59,1.64,2,2,1,1,0
0,22,69.3,76.7,7,-0.64,2.33,2,2,2,0,0
0,-38,87.8,71.3,8,0.47,1.71,1,2,1,0,0
1,32,102.1,72.9,7.5,-0.43,1.78,1,1,1,0,0
0,-1,104.6,72.2,7.6,-0.25,2.53,1,2,1,1,0
0,32,103.2,75.3,7.8,-0.01,2.52,1,0,0,0,0
0,-67,69.3,65.8,7.6,0.54,1.93,1,0,0,0,0
0,53,95.6,75.1,7.9,0.48,2.76,1,2,2,0,0
0,1,90.9,68.3,7.6,0.67,2.74,1,1,2,0,0
0,11,96,65.1,7.9,0.88,1.93,1,0,2,0,0
0,12,103,78.3,6.8,-0.6,1.97,1,1,2,1,0
0,52,80,75.8,7.1,-0.1,2.51,9,2,2,0,0
0,-59,76.4,66.5,5.9,-0.34,1.73,9,0,0,1,0
0,-3,110,77.6,6.7,0.18,2.21,9,1,0,1,0
0,-4,79.2,75.5,8,-0.89,2.05,9,2,2,1,0
0,19,99.4,66.8,7.7,-0.45,1.69,9,0,0,1,0
0,25,101.7,73.1,6.5,0.11,2.24,9,3,1,1,0
0,-27,100.2,69.8,6.5,-0.13,2.18,8,2,2,0,1
0,-69,51,71.4,7.9,-0.37,2.23,8,2,1,1,1
0,5,83.4,77.7,8.3,-0.22,1.92,8,2,1,1,0
0,18,107.5,79.8,8.7,-0.01,2.17,8,2,2,1,0
0,24,79.3,72.1,8,0.61,2.5,8,1,1,0,0
0,14,70.3,73.1,6.4,-0.77,2.43,7,1,0,0,0
0,57,81.8,66.4,7.7,-0.59,2.9,7,3,1,1,0
0,4,95.3,64.2,5.6,0.39,2.59,7,2,2,1,1
0,9,92.3,81.7,7.7,0.22,2.02,7,0,0,0,1
0,-4,74.1,73.7,7.1,-0.49,2.5,7,0,1,0,1
0,-13,78.5,69.9,6.8,-0.29,2.19,7,2,2,0,1
0,7,94,67.6,6.2,0.12,3.53,7,2,2,1,1
0,-6,96.3,61.2,5,-0.04,2.62,6,3,2,0,0
0,2,91.6,62.9,7.6,0.35,2.07,6,2,2,0,0
0,16,92,61.5,6.9,-0.33,2.12,6,1,1,1,0
0,27,86.8,74.4,8.2,0.37,2.49,6,1,0,0,0
0,-1,102.4,80.6,7.9,0.34,1.81,6,1,1,0,0
0,70,95.3,75.7,7.8,1.24,2.65,5,2,1,1,0
0,-11,96.2,82.8,8,0.27,2.18,5,3,2,0,0
0,-5,107.2,76.9,6.6,-0.38,2.26,5,0,0,0,1
0,-4,65.8,73.8,8.7,1.39,1.6,5,1,2,0,0
0,-1,108.5,74.4,6.3,0.04,2.25,5,3,2,1,0
0,38,62.7,66.5,6.8,0.97,3.62,4,0,0,1,1
0,-33,93.1,67.3,5.8,-0.17,3.28,4,0,0,0,1
0,20,105,70.8,8.7,0.03,1.74,4,1,0,1,0
0,-17,97.6,79.8,7.8,0.2,2.36,4,1,1,1,0
0,-28,97.8,64.1,5.9,-0.11,1.74,3,1,2,0,1
0,13,97.8,78,7.2,-0.72,2.36,3,1,2,0,1
0,19,97.7,75.3,8.1,0.12,2.62,3,2,2,0,1
0,33,73.1,68.6,6.6,0.08,3.21,3,0,1,0,1
0,39,102.1,75.1,8.4,0.52,2.42,3,0,1,1,1
0,12,108.6,80.4,7.4,-0.18,2.76,3,1,1,1,0
0,-61,46.6,77.2,8.2,0.11,1.78,3,0,1,0,0
0,26,93.4,68.9,6.6,-1.08,2.64,2,1,1,0,1
0,-2,98.4,76.1,7.1,-0.08,1.94,2,3,2,1,0
0,-16,99,75.9,7.4,0.13,2.71,2,1,1,0,0
0,-47,64.1,71.4,7.7,-0.99,2.21,2,2,0,1,0
0,41,108.6,76.5,7.9,0.05,2.18,1,3,2,0,1
0,51,92.9,73.3,7.5,0.24,2.76,1,0,0,0,1
0,19,96.1,66.5,6.6,0.67,2.07,1,1,1,0,0
0,-36,79.3,68.8,6.1,0.48,2.69,1,1,2,1,0
0,6,113.5,82.7,8.1,0,2.3,1,1,2,1,0
0,25,77.2,67,6.9,0.18,3.06,1,1,0,1,0
0,-6,70.3,76.4,7.1,-0.61,3.27,9,1,1,0,0
0,43,92.5,69.8,6.3,0.08,2.81,9,1,0,0,0
0,-22,106.8,71.2,6.3,0.29,2.44,9,0,1,0,0
0,-23,76.8,65.1,5.9,-0.29,2.45,9,2,2,0,1
0,49,69.8,57.3,8.1,1.54,2.6,9,0,2,0,1
0,32,103.2,73.6,7.1,-0.25,2.81,9,1,0,0,1
0,54,92.7,72.4,7.4,0.43,2.67,8,1,0,0,0
0,20,101.3,73.8,7,0.18,2.37,8,0,1,0,1
0,24,98.3,72.6,6.8,-0.33,2.63,8,2,2,0,1
0,38,80.8,72.3,7.8,0.35,1.76,8,2,1,0,1
0,-4,100.4,71.7,7.7,0.59,1.89,8,0,1,1,1
0,-17,106.6,71.1,7.2,0.38,2.28,8,2,2,0,0
0,23,102.3,73.4,7.7,1.03,2.21,8,2,2,0,0
0,-19,91.1,66.7,7.2,0.26,2.16,8,2,2,0,0
0,-1,102.5,72.3,7,-0.12,3.3,8,0,0,0,0
0,32,88,71.9,7.2,0.61,2.53,7,1,0,0,0
0,26,98.2,81.5,6.6,0.34,3.05,7,2,2,1,0
0,75,72.9,66.8,8.2,0.47,1.4,7,1,2,0,0
1,25,105.2,76.8,8,0.12,1.92,7,2,1,0,0
0,-2,93.6,77.7,7.6,-0.31,1.93,6,0,0,1,0
0,-11,87.9,69.5,6.8,-0.4,2.07,6,2,2,0,0
0,13,101.1,75.3,7.6,0.36,2.36,6,2,2,1,0
0,1,82.8,75.4,8.7,0.78,1.9,6,1,1,0,0
1,28,102.4,75.5,7.3,0.51,1.96,6,3,2,0,1
0,-14,71.7,73.6,7.6,-0.21,2.82,6,3,2,0,1
0,-13,97.7,76.2,7.1,-0.06,2.3,5,3,1,0,0
0,-9,72.6,65.8,7.3,1.13,1.36,5,0,1,0,0
0,16,106.9,74.7,7.7,-0.34,2.08,5,0,1,1,0
0,14,96.5,66.3,6.4,-0.32,3.3,5,0,0,0,1
0,-65,67.4,59.3,7,0.73,1.66,5,0,0,0,1
0,13,102.6,68.8,6.9,0.84,2.99,5,0,2,0,1
0,86,72.3,70.4,7.4,-0.16,2.37,4,1,1,0,0
0,-7,105.8,81.3,7.1,-0.02,2.8,4,0,0,1,0
0,23,83.1,68.9,7.1,0.5,1.61,4,2,1,0,1
0,15,100,79,8.3,-0.04,1.71,4,1,0,0,1
0,55,70.1,65.7,7.5,-0.14,1.9,4,0,1,0,1
0,-14,64.5,70.6,7.8,0.78,2.06,3,1,2,0,0
0,43,77.3,74,7.4,0.85,2.8,3,1,2,1,0
0,30,105.8,74.6,6.6,-0.22,3.03,3,0,0,0,0
0,12,103.7,71.6,6.9,0.45,2.7,3,0,2,0,0
0,52,86.7,67.1,6.5,-0.24,3.42,3,2,2,0,1
0,10,102.8,69.1,7.3,-0.16,1.72,3,0,0,0,1
0,19,102.5,70.6,7.8,0.86,2.65,3,1,1,0,1
0,4,94.6,62.4,6,1.07,3.15,3,3,2,0,1
0,-25,98.8,72.2,7.1,-0.37,2.17,2,0,1,1,0
0,42,71.7,74.1,7.3,-0.64,2.69,2,1,1,0,0
0,1,16.8,2.5,0.4,0.16,3.23,2,0,1,0,1
0,5,73.7,70,7.3,1.33,2.38,2,0,1,0,1
0,12,107.6,75.9,7.5,-0.7,2.07,2,3,2,0,1
0,10,101.6,78.6,7.3,-0.34,2.46,2,1,1,0,1
0,-26,89.2,73.1,6.7,0,2.53,1,1,1,1,0
0,-25,92.8,73.5,7.8,-0.04,1.78,1,2,1,0,0
0,12,106.4,70.8,7.7,0.01,1.67,1,1,1,1,0
0,41,96.7,70.1,7,-0.15,3.25,1,0,2,0,1
0,14,83.4,68.9,6.4,0.1,3.02,9,2,0,0,1
0,66,82.3,76.6,8.1,-0.51,2.81,9,0,0,0,1
0,-1,99.2,65.1,6.2,0.1,3.35,9,1,0,0,0
0,21,100.5,79.1,7.3,0.11,1.82,9,2,0,1,0
0,2,99.1,75.6,7.4,-0.12,2.16,9,0,0,0,0
0,0,105.6,70.5,7.2,0.18,2.42,9,0,0,0,0
0,-8,88,68.3,7.7,0.4,1.74,8,0,0,0,0
0,-20,95.6,74.6,7.2,-0.02,1.74,8,2,2,1,0
0,-35,63.2,56.6,7.1,-0.39,1.2,8,3,2,1,0
0,9,107.4,73.6,7.1,-0.25,2.45,7,0,0,0,0
0,38,104.8,74.4,7.4,0.07,3.32,7,0,0,1,0
0,3,103.1,75,7.5,-0.72,2.06,7,1,0,1,0
0,15,87.1,72,7.2,-0.77,2.92,7,1,2,1,1
0,3,108.2,71.8,7.3,0.34,2.59,7,0,0,1,1
0,3,103.8,70.4,7,0.43,2.12,7,1,2,0,1
0,12,105.6,67.6,6.9,-0.37,2.63,7,1,0,0,1
0,41,70.5,75.4,8.2,0.46,1.49,7,1,1,0,1
0,-4,105,79.1,8.8,-0.55,2.04,6,1,0,0,1
0,35,87.3,67.3,7.2,-0.32,3.75,6,1,2,1,1
0,1,74.3,66,7.5,-0.31,2.36,6,2,1,1,1
0,7,87.2,70.5,7.8,0.8,2.02,6,1,1,0,0
1,25,111.3,78.5,7.4,0.1,2.85,6,1,0,1,0
0,14,96.9,68.1,5.4,-0.05,3.36,6,0,2,1,0
0,-8,83.4,74.4,6.6,0.29,2.54,6,0,0,0,1
0,17,91,69.6,7.4,1.2,2.26,6,0,1,0,1
0,20,108.4,76.5,7.4,0.47,2.46,5,2,0,1,0
0,-4,108.5,76.2,7.4,0.1,2.32,5,1,0,1,0
0,37,93.2,73,7.6,-0.3,3.42,5,1,1,0,0
0,19,72.8,72.9,7.8,1.22,2.46,5,1,2,0,1
0,-15,67.6,72.4,7.8,0.39,1.85,5,1,1,0,1
0,13,57.3,60.9,5.5,0.54,3.09,4,0,0,1,0
0,24,90,69.5,7.6,0.35,1.25,4,1,0,1,0
0,11,79.9,69.9,5.6,-0.04,3.05,4,1,0,1,0
0,-14,52.5,60.5,6.1,-1.08,2.26,4,1,2,0,1
1,29,105.3,74,7.3,0.1,2.19,4,0,0,0,1
0,7,86.4,64.2,7.1,-0.87,2.5,3,0,1,1,0
0,-29,94.1,71,7.4,0.15,3.05,3,0,1,1,1
0,17,101.8,76.9,8.3,0.51,1.99,2,1,1,0,0
0,11,91.9,73.1,7.7,-0.75,2.16,2,0,1,1,0
0,25,81.7,71.3,7.3,-0.76,2.05,2,3,2,1,0
0,22,104.7,76.7,7.7,-0.28,1.76,2,2,1,1,0
0,17,86.8,61.7,6.6,0.63,2.82,2,1,1,0,1
0,38,92.3,68.5,7.2,0.19,2.51,1,2,2,0,0
0,36,84.8,73,7.5,0.15,1.5,1,3,2,1,0
0,36,88,70.9,6.8,-0.3,3.09,1,3,0,0,1
0,13,104.1,75.6,6.7,0.31,2.96,1,0,0,0,1
0,12,110.2,75.4,7.3,0.4,2.47,1,2,2,1,1
0,57,72.4,72.8,7.2,0.93,2.73,1,0,1,1,1
0,59,93,75.6,7.7,0.39,2.52,9,2,1,1,0
0,-16,90.1,67.5,7.7,-0.46,1.46,9,1,1,1,0
0,19,105.9,71.1,6.6,-0.47,2.64,9,3,1,1,0
0,23,92.6,64.2,8.5,1.01,2.06,9,3,2,0,0
0,11,102.8,71.9,6.5,-0.37,2.17,9,3,2,0,0
0,7,89.1,70.6,7.7,-0.85,2.04,9,3,2,1,0
0,49,78.8,74.6,7.3,-0.03,2.32,9,2,2,0,0
0,56,77.2,77.7,8.4,-0.4,2.29,8,0,0,0,0
1,26,105,69.2,6.7,-0.07,3.34,8,0,1,0,1
0,-43,70.9,62.5,5.7,0.85,2.11,8,1,2,1,1
0,38,79.1,65.4,5.6,0.53,3.22,8,0,0,1,1
0,14,96.3,73.7,7.2,-0.34,2.6,8,1,0,0,0
0,-48,76.1,65.2,5.8,-0.05,2.79,8,1,1,1,0
0,3,96.7,66,6.4,-0.09,3.14,8,1,2,1,1
0,36,88.2,70.9,6.9,0.26,1.86,8,3,2,0,1
0,-12,103.8,73.1,7.3,0.61,2.36,8,1,2,0,1
0,4,105.9,71.3,6.7,-0.92,2.03,7,1,2,1,0
0,44,82.8,66.7,6.2,0.14,3.44,7,1,1,1,1
1,26,105.6,71.1,8.4,0.08,2.3,7,2,1,0,1
0,57,80.5,64.6,7,-0.48,2.4,7,1,2,1,1
0,-34,96.4,69.3,6.6,-0.07,2.67,7,1,1,1,1
0,35,99.4,66.7,7.5,-0.81,2.46,6,1,1,1,0
0,34,91.7,74.2,7.4,-0.33,2.19,6,0,2,1,0
0,58,65.7,75.5,8.4,0.84,2.37,6,1,0,0,0
0,-42,31.7,8.9,1.2,-0.09,2.47,6,0,0,1,0
0,13,102.1,77.2,8.3,-0.26,1.94,6,1,0,1,0
0,16,80.7,71.5,8.9,0.49,2.06,6,0,0,0,0
0,22,99.9,72.6,6.8,-0.08,2.69,6,0,0,0,1
0,41,95.6,65.5,6.8,0.57,1.97,5,1,0,1,0
0,24,79.6,70.1,7.5,0.5,1.01,5,0,2,0,0
0,44,87.3,75.4,6.8,0.37,2.7,5,0,0,1,0
0,60,76.9,76.7,8,0.11,1.8,5,0,1,0,0
1,27,101.2,72.9,7.1,-0.07,2.08,5,2,2,1,0
0,13,103.5,75.9,7.1,-0.16,2.51,5,3,1,0,0
0,23,79.5,74.7,6.3,0.43,2.49,4,1,0,1,0
0,5,91.2,75.8,7.7,0.84,2.5,4,0,1,0,0
0,18,101.3,71.2,7.8,0.49,2.42,4,3,2,0,0
0,0,83.3,64.9,7.7,-0.89,1.94,4,2,2,1,0
0,-21,74.4,74.3,7.5,0.87,3.37,4,1,2,0,0
0,10,87.2,76.5,6.9,-0.55,3.02,3,2,2,1,0
0,-17,32.5,7.7,0.7,-0.05,2.9,3,1,1,1,0
0,41,96.5,78.1,7.6,-0.21,2.41,3,0,0,1,0
0,-28,99,68.4,6.5,-0.75,2.41,3,3,2,1,0
0,29,74.4,70.3,7.4,-0.71,2.59,2,1,2,1,0
0,2,105,72,6.4,-0.78,3.3,2,3,2,1,0
1,35,102.7,72.3,7.3,-0.12,3.11,2,1,0,1,0
0,29,97.8,66.7,6.3,0.26,2.79,2,1,0,0,0
0,37,103.3,76.5,7.4,0.07,2.93,2,0,1,1,0
0,15,104.3,72.8,7.6,0.28,1.69,2,0,2,0,0
0,71,81,69.1,6.9,-0.44,2.95,1,2,2,1,0
0,-38,64.7,68.9,7.3,-0.1,1.78,1,1,2,1,0
0,25,96.9,69.8,7,-0.64,2.53,1,3,2,1,0
0,-40,88.9,68.9,6.8,0.2,2.15,9,0,1,1,0
0,-30,90.4,73.1,6.3,-0.71,2.92,9,0,0,0,0
0,-29,73.9,85.7,6.8,-0.67,2.18,9,2,1,1,0
0,-6,83,68.2,7.5,0.52,1.74,9,1,1,0,1
0,5,84.8,72.2,7.4,0,2.44,9,0,0,1,1
0,46,102.8,79.9,7.7,0.26,2.15,9,3,1,0,1
0,10,83.6,74.7,7.4,-0.37,2.73,8,0,0,0,0
0,-56,61.4,67.6,6.6,-0.56,1.99,8,1,2,1,0
0,37,79.1,72.2,8.3,0.8,2.14,8,1,1,0,1
0,21,90,75.7,6.6,0.13,3.12,7,2,0,1,0
0,8,105.4,82.4,6.5,0.28,2.74,7,1,2,1,0
0,-39,87.6,72.4,6.6,-0.31,2.33,7,1,2,0,0
0,-34,82.7,76.8,6.9,0.13,3.24,7,3,1,1,0
0,0,96.9,66.7,7.8,0.19,1.7,7,0,0,1,0
0,30,90.8,65.1,6.6,-0.14,2.58,6,1,2,0,0
0,15,107.4,76.7,7,0.37,1.96,6,3,1,0,0
0,40,94.6,60.5,6.9,-0.44,2.67,6,3,2,1,0
0,33,86.3,69.1,8,-0.19,2.06,5,2,2,1,1
0,-12,95.8,70.4,6.9,-0.43,2.59,5,2,2,1,0
0,44,68.5,66.1,7.2,-0.74,3.13,5,3,2,0,0
0,-27,91.1,74.6,7.3,0.03,2.06,5,2,2,1,0
0,-21,82.9,73.9,8,0.68,1.96,5,3,2,0,0
0,10,107.7,73.2,6.9,-0.49,2.88,5,0,0,1,0
0,29,97.2,70.1,8.3,-0.3,1.57,4,2,2,1,0
0,10,94.8,77.9,6.9,0.67,1.91,4,2,2,1,0
0,39,84.4,76.1,7.6,0.18,2.87,4,1,1,0,0
0,48,92.3,71.7,6.5,-0.46,2.76,4,1,1,0,0
0,-65,58.7,74.3,6.8,0.01,3.05,4,0,0,0,0
0,48,99.6,85.8,8.4,0.01,2.33,3,2,1,1,0
1,28,107.3,85.5,7.7,0.71,1.68,3,2,2,1,0
0,14,104.8,80.3,8.3,0.13,2.42,3,3,1,0,0
0,67,70.6,74.2,6.7,1.04,2.72,3,1,1,1,0
0,-2,93,69.8,6.6,-0.57,2.86,3,2,2,0,0
0,1,94.7,71.4,6.6,-0.55,2.57,3,1,1,0,0
0,16,104.2,76.2,8,0.38,2.81,3,0,1,0,0
0,16,88.6,66.7,6.7,1,2.74,3,0,1,0,0
0,-64,60.3,57.4,6.7,1.27,3.14,3,0,2,0,0
0,46,79.3,72.1,7,0.9,2.49,2,2,1,1,0
0,1,104.9,74.3,6.6,0.33,2.83,2,2,2,1,0
0,-2,94.1,75,7.7,0.37,3.03,2,0,1,0,0
0,39,79.9,73.1,7.9,-0.68,1.96,2,1,1,1,0
0,26,90.6,71.2,6.9,-0.38,2.76,2,0,1,0,0
0,24,95.7,74.6,7.5,0.45,2.08,2,2,1,1,0
0,4,106.3,75.3,7.5,0.2,2.03,1,3,2,1,0
0,31,86.9,84.3,8.2,-0.66,3.17,1,3,2,0,0
0,36,91.5,84.3,7.8,-0.44,2.47,1,0,0,1,0
0,-2,89.2,75.6,7.8,0.42,1.98,1,0,0,0,0
0,-6,90.5,76.5,8.9,0.88,2.55,1,0,1,0,0
0,-3,96.6,69.2,7.4,-0.01,1.78,9,1,0,0,0
0,21,91.9,67.4,6.4,-0.31,2.81,9,0,1,1,0
0,12,107.9,74.1,6.7,0.02,2.83,8,1,2,0,0
0,73,94.2,77.2,8.3,-0.01,2.34,8,2,2,1,0
0,13,86.7,77.2,7.9,0.02,2.01,8,0,0,0,0
0,77,87.6,73,6.6,0.02,3.12,8,1,1,1,0
0,26,75.9,75.7,7.8,0.41,1.56,8,1,1,0,0
0,32,85.5,70.9,8.9,0.78,2.13,8,1,2,0,0
0,6,105.5,70.1,7.2,-0.59,1.93,8,3,2,1,0
0,30,88.3,75.2,7.5,-0.36,2.31,7,0,0,0,0
0,36,90.7,68.1,6.7,-0.03,2.73,7,0,0,0,0
0,-23,102.9,72.6,8.4,0.45,2.14,7,3,2,0,1
0,-56,67.4,56.4,7,-0.42,1.37,7,0,2,1,1
0,36,95.1,69.8,6.4,0.68,2.6,7,1,2,0,1
0,-19,100.5,70.4,7.5,-0.72,2.86,6,1,1,1,0
1,25,106.7,75.1,6.8,0.06,2.52,6,0,2,0,0
0,-4,91.6,76.8,7.8,0.02,2.84,6,0,1,1,0
0,-44,79.6,66.8,6.4,-0.14,1.85,6,2,2,1,1
0,-8,84.9,69.7,8.3,0.51,1.96,5,1,0,0,0
0,20,71.3,53,7.8,0.55,0.78,5,0,1,0,0
0,2,105.8,75.4,7.5,-1.02,2.91,5,3,2,1,0
0,18,97.3,72.9,6.7,0.12,3.11,5,2,1,0,0
0,-13,88.4,69.7,7.9,-0.74,1.44,5,0,1,1,0
0,11,110.9,79.4,6.9,0.23,2.54,5,1,0,1,0
0,-5,94.4,65,5.5,0.21,2.68,5,0,0,1,0
0,-3,98.9,74.6,7.5,-0.52,3.56,4,1,0,1,0
0,26,96.3,73.7,7.6,0.82,2.43,4,0,2,0,0
0,-26,99.8,66.6,5.6,-0.41,1.72,4,1,1,0,0
0,-31,98.4,65.8,5.8,0.03,2.42,4,0,0,1,0
0,10,90.5,70.2,6.9,0.18,3.01,4,2,2,1,0
0,-42,88.6,70.7,8,-0.2,2.02,4,0,0,0,0
0,6,110.3,78.5,7.5,-0.62,2.37,3,0,1,0,0
0,-39,58.1,68.3,7.6,0.72,2.4,3,0,1,0,0
0,54,67.4,87.7,8.5,0.16,0.97,3,1,2,0,0
0,24,106.4,74.6,7.5,-0.26,1.88,3,2,0,1,0
0,-25,51.8,54.6,4.8,-0.8,2.62,3,2,2,0,0
0,40,89.7,68,6.5,-0.67,3.76,2,1,0,0,0
0,72,87.7,70.9,8.1,-0.39,2.78,2,0,0,1,0
0,36,101.7,74.1,7,-0.09,1.99,2,1,0,0,0
0,-1,101.9,70.9,7.5,0.07,2.2,1,2,1,0,0
0,2,76.2,68.5,7.7,-1.41,2.54,1,2,2,1,0
0,5,107.5,72.8,6.6,-0.34,3.25,1,3,2,0,0
0,49,64.1,72.1,8.1,-0.31,2.76,1,0,0,0,0
0,7,96.2,70,7.4,-0.37,2.16,1,3,1,1,0
0,-11,104.1,87.7,7.6,-0.52,2.16,1,0,1,0,0
0,0,75.4,63.3,6.4,-0.74,2.96,1,0,2,1,0
0,37,101.1,73.6,7.9,-0.2,2.04,8,1,2,1,0
0,-64,63,71.9,8.2,-0.64,1.76,8,1,1,1,1
0,65,80.6,72.3,8.6,0.6,1.9,8,2,0,0,0
0,-42,52.6,58.6,5.7,0.83,2.67,8,1,2,1,1
0,-10,102.4,75.2,7,0.3,2.1,8,2,1,1,1
0,39,70.5,53.8,7.5,-0.84,1.21,7,2,2,1,1
0,58,87.5,61.4,7.5,-0.35,2.38,7,1,1,0,1
0,-18,91.1,64,7.8,-0.66,2.09,7,3,2,1,1
0,11,98.5,66.5,7.7,0.32,2.4,7,2,1,0,1
0,-19,76,66.9,6,-0.35,3.21,7,3,2,0,1
0,-24,67.1,65.5,5.7,0.87,2.52,7,2,2,1,1
0,4,107.3,78.9,8.6,0.17,1.83,7,1,1,0,1
0,51,101.1,74.4,8.1,-0.65,1.4,7,0,1,0,1
0,16,106.9,79.3,8.5,-0.41,1.99,7,1,1,0,1
0,51,70,82.9,7.5,-0.89,2.6,7,0,1,0,1
0,61,75.8,70.4,8.2,0.19,2.33,6,2,2,0,0
0,72,99.5,76.4,7.5,-0.11,2.77,6,2,1,1,0
0,63,92,78.6,9.3,-0.07,1.59,6,1,1,0,1
0,13,102.8,67.7,7.3,0.52,2.99,6,2,2,0,1
0,-12,91.1,69.2,7.7,-0.32,1.08,5,2,2,1,0
0,28,86.2,68,7.2,-0.01,2.97,5,0,0,1,0
0,21,90.4,70.5,6.8,-0.42,1.96,5,1,1,1,0
0,56,90.2,74.6,7.3,0.14,3.15,5,0,0,0,0
0,-11,88.2,82.8,7.9,0.42,1.77,5,2,2,0,1
0,-2,95.4,67.6,6.7,0.61,2.55,4,2,1,1,0
0,0,102.3,80.8,7.7,0.08,2.1,4,1,2,0,0
0,18,99.2,78.4,7.6,-0.42,1.49,4,2,1,1,0
0,0,97.2,73,7.5,0.14,2.29,4,1,1,0,1
0,2,96.9,81.9,8.4,0.69,1.88,4,0,1,0,1
0,-16,100.6,70.6,7.2,0.65,1.41,4,0,0,1,1
0,23,83,73.5,8.2,0.05,1.18,3,2,1,1,0
0,-17,96.6,79.5,7.8,0.32,2.33,3,2,2,0,1
0,38,83.3,67.5,6.8,-0.26,1.55,3,0,1,1,1
0,12,96.4,74.2,6.5,-0.02,3.12,2,1,1,0,0
0,-10,79.9,79.8,7.7,-1.14,2.08,2,2,2,1,0
0,4,103.9,78.1,7.7,0.51,2.49,2,0,0,0,1
0,2,102.5,68.5,6.9,-0.11,2.52,1,0,0,0,0
0,33,77.1,65.6,6,0.48,2.75,1,0,0,1,1
0,-36,87.8,63.2,7.3,0.49,1.65,9,2,2,0,0
0,56,106,78.2,7.5,-0.02,2.44,9,0,0,1,0
0,45,85.5,74.6,7.3,1.04,2.69,9,1,0,0,0
0,25,103.4,73.7,6.6,-0.51,2.06,9,1,1,1,0
0,-20,97.4,72.2,6.6,-0.12,2.26,8,0,1,0,0
0,6,101,78.7,7.8,0.18,1.9,8,0,0,1,0
0,-1,104.8,69.1,7.3,0.01,2.39,8,0,0,0,0
0,-10,103.2,71.1,6,0.37,2.35,8,1,1,1,0
0,6,95.8,70.5,7,0.35,1.99,8,2,2,1,0
0,-6,62.6,61.4,8.1,0.94,1.32,8,1,2,0,0
0,-6,69.6,59.3,7.2,1.13,1.61,7,1,2,0,0
0,23,81.5,74.2,7.8,-0.01,1.85,7,0,1,0,0
0,-9,97.1,60.2,6.9,-0.16,2.74,7,1,0,0,1
0,23,103.2,76.2,6.7,-0.28,2.92,7,1,2,1,1
0,6,79.2,51.7,5.8,-0.05,3.43,6,3,1,1,0
0,-14,88.4,70.3,7.8,0.27,1.91,6,0,1,0,0
0,17,105.6,73.7,7.5,0.09,2.11,6,0,1,0,0
0,18,105.4,81.6,7.6,0.12,1.74,6,2,0,1,0
0,16,101.6,69.1,6.1,-0.4,2.75,6,3,2,1,0
0,13,67.4,70.2,6.8,-0.87,3.03,5,3,2,0,1
0,18,90.2,64.4,6.6,0.97,1.85,5,0,1,0,1
0,-4,104.5,77.8,7.6,0.04,2.87,5,0,1,0,0
0,33,95.9,70.6,7.3,0.09,2.77,4,1,1,0,1
0,18,42.5,61.5,5.6,-1.14,3.09,4,2,2,0,1
1,32,103.3,73.6,7,0.16,2.92,4,3,2,0,1
0,60,72.3,72.6,7.8,0.78,1.71,4,0,2,0,0
1,34,98.9,76.2,6.6,0.59,3.25,4,0,2,1,0
0,16,57.7,52.5,6.8,0.42,1.83,4,0,0,0,0
1,31,101.4,75,7.9,-0.28,2.28,4,1,2,0,0
0,-26,69.9,80.6,8.1,-0.2,2.62,4,0,1,1,0
0,54,96.2,74.3,7.5,0.48,2.54,3,2,2,1,1
0,32,100.1,69.3,6.6,-0.29,3.41,3,1,0,0,1
0,18,97.7,74.2,7.3,0.12,3.05,3,0,1,0,1
0,16,86.1,61.1,5.6,-0.58,2.87,3,2,2,0,1
0,19,96.7,68.5,6.1,-0.19,2.67,3,0,0,1,0
0,-27,101.7,73.1,7.2,0.34,2.19,3,2,2,0,0
0,-5,84.1,58.2,7,-0.13,3.11,3,0,1,0,0
0,5,91.3,65,7.5,0.29,1.58,2,0,1,0,1
1,37,107,77.1,7.2,-0.29,2.35,2,2,0,1,0
0,31,101.3,73,7.3,0.14,2.06,2,0,0,0,0
0,34,92.1,71.4,7.6,0.41,2.64,1,1,1,0,1
0,-77,58.6,51.4,6.6,0.25,2.45,1,1,2,0,1
0,-9,84,73.5,7.6,-0.23,1.14,1,2,2,1,0
0,28,79.9,69.7,7.2,-0.57,3.4,9,1,1,1,1
0,47,89.5,72,6.8,-0.19,2.93,9,2,2,0,1
0,28,76.6,68.3,8.1,0.45,1.6,8,0,0,0,0
0,17,70.7,64.2,6.5,-0.86,3.68,8,0,2,0,0
0,35,77.8,64.7,8.5,0.4,2.7,8,1,0,0,0
0,11,90.1,70.8,7.1,0.18,2.69,8,0,1,0,0
0,71,74.1,74.2,7.3,-0.44,2.41,8,0,0,0,1
0,79,64.8,67.3,8,-0.79,1.73,8,0,2,1,1
0,-3,106,69.4,6.5,-0.01,2.03,7,0,0,0,0
0,-31,67.4,83.4,8.4,-0.52,2.22,7,1,1,1,0
0,41,64.8,68.8,6.3,-0.4,3.06,6,0,1,0,0
0,14,99.9,68.6,7.3,-0.94,2.57,6,0,0,0,0
0,37,81.1,70.8,8.2,-0.62,1.95,6,0,2,0,0
0,38,83.6,76.4,7.8,-0.74,2.44,6,1,0,0,0
0,-8,102.7,71.3,7.8,0.42,1.79,6,1,2,0,0
0,-10,101.3,67.7,7.3,-0.27,1.91,5,0,2,0,0
0,0,81.7,55.4,6.6,-0.68,2.15,5,1,2,0,0
0,-10,100.6,69.4,7.5,0.77,2.47,5,2,1,0,0
0,-9,83.3,63.3,6.8,-0.42,2.9,5,0,2,0,1
0,30,91.8,71.6,7.1,-0.18,2.52,4,0,0,0,0
0,-26,84.2,63.2,7.8,0.58,1.16,4,0,1,0,0
0,-17,97.8,75.8,7.5,0.14,2.84,4,0,0,0,0
0,82,81.5,71.4,7.2,0.21,2.88,4,1,0,0,1
0,35,76.2,68.3,7.2,-0.39,2.78,4,1,2,0,1
0,48,92.1,75.3,6.8,0.37,2.21,4,1,1,0,1
0,6,90.8,70,8,0.46,1.87,3,0,0,0,0
0,26,103.3,72.9,7.6,0.35,2.07,3,1,0,0,1
0,5,92.2,65.9,8.2,-0.87,1.48,3,0,2,1,1
0,1,81.9,74.9,8.2,0.42,3.06,3,1,0,0,1
0,52,92.2,74,8,0.06,1.78,3,1,1,0,1
0,20,100.4,71.8,6.4,-0.09,2.71,2,0,0,1,0
0,24,87.3,70.8,7.8,0.2,2.06,2,1,0,0,0
0,15,99.2,72.8,7.1,0.21,1.79,2,3,2,0,0
0,-22,84.9,68.4,6.3,0.4,2.61,2,0,0,1,1
0,-4,88.7,68.9,7,-0.02,1.86,2,1,2,0,1
0,19,83.5,77,7.9,0.42,2.35,2,1,0,0,1
0,41,94.6,72.8,7.1,-0.59,2.42,2,0,1,1,1
0,57,83.3,68.6,6.6,-0.21,3.13,2,1,2,0,1
1,29,105.2,75.9,7.6,-0.35,2.75,2,2,1,0,1
0,48,80.6,61.3,8.2,0.53,1.84,1,0,2,0,0
0,6,86.1,70.7,7.6,1,1.73,1,1,1,0,0
0,-68,58.6,71.6,6.1,0.15,2.58,1,0,1,1,1
0,16,111.5,77,7.3,-0.03,1.98,1,3,2,0,1
0,24,104.8,78.8,7.7,-0.03,2.48,9,0,0,0,0
0,28,105.9,86.7,8.3,0.09,1.72,9,1,1,1,0
0,70,86.9,74.1,7,-0.12,3.53,9,0,2,0,0
0,15,97.8,76.9,7.9,-0.23,1.96,9,0,2,0,0
0,73,85.8,72.1,8,0.06,2.59,9,2,0,0,0
0,36,93.8,58.7,5.8,-0.25,3.41,9,3,2,1,0
0,28,82.9,73.5,7.2,1.17,2.59,8,0,0,1,0
0,67,101.8,78.2,7.8,-0.07,3.27,8,2,1,0,1
0,6,101.2,72.4,7.7,-0.21,2.29,8,0,0,0,1
0,10,88.7,76.6,7.5,-0.49,2.42,8,1,1,0,1
0,5,93.4,71.2,7.8,-0.2,2.59,7,1,1,1,0
0,3,106.1,74,7.6,-0.95,3.39,7,3,2,1,0
0,46,91.3,68.7,7,0.39,2.39,7,0,0,1,1
0,-22,98.2,69.1,6.9,0.14,1.76,6,2,2,0,0
0,2,81,74.4,6.8,-0.7,2.49,6,0,2,0,0
0,-1,78.9,63.3,5.5,0.71,3.01,6,2,2,1,0
0,-27,84.3,68,6.6,-0.85,2.07,6,2,2,0,0
0,23,95.1,78.7,7.6,0.81,2.02,5,3,2,0,0
0,41,100.4,72.7,7.9,-0.75,2.18,5,1,0,0,0
0,11,105.5,84.8,7.1,0.1,2.24,5,3,2,1,0
0,-26,102.1,77.7,7.7,0.42,1.88,5,1,2,0,0
1,24,104.7,76.5,8,-0.18,2.61,5,0,0,0,0
0,27,87.1,62.8,7,-0.11,1.79,4,0,0,0,0
0,66,81.8,79.2,7.4,-0.53,3.1,4,0,2,0,1
0,17,95.9,73.2,6.6,-0.17,2.45,4,1,0,0,1
0,57,103.9,79.7,7.6,-0.35,2.54,4,2,1,0,1
0,-9,103.5,70.7,7.3,-0.63,2.53,4,3,2,1,1
0,-19,59.7,49.8,7.6,0.72,1.7,4,2,2,0,0
0,6,95.4,62.6,6.4,0.43,2.29,4,0,1,0,0
0,-9,108.5,74.3,7.8,-0.09,1.82,4,1,0,0,0
0,8,70.2,67.5,7.5,0.81,2.38,4,0,1,0,0
0,-51,73,69.4,6.4,0.16,2.29,4,0,1,1,0
0,29,98.3,77.4,6.6,0.19,3.31,3,2,2,0,1
0,2,97.6,76,7.8,-0.09,2.3,3,1,0,0,1
0,18,101.1,69.8,6.8,0.21,2.07,3,2,2,1,0
0,33,97.3,75.7,7.9,0.29,2.4,3,1,1,0,0
0,29,104,70.1,6.7,0.36,2.71,2,1,1,1,0
1,25,107.9,75.7,8,0.15,2.33,2,3,2,0,0
0,-28,93.9,81,7.8,-0.48,2.33,2,0,0,0,0
0,29,98.9,78.3,7.3,0.19,2.34,2,2,1,0,0
0,47,94.6,75.7,7.6,-0.15,2.22,1,2,1,1,1
0,4,96.7,73,7,-0.3,2.82,1,0,0,0,1
0,21,92.6,71.3,7.6,-0.26,2.98,1,3,1,0,1
0,-27,83.3,69.8,6.7,-0.92,1.72,1,1,1,1,0
0,52,103.7,75.4,7.7,-0.18,2.8,1,0,2,0,0
0,8,86.2,75.9,7.1,-0.08,2.34,9,0,0,0,1
0,22,66.9,75.6,6.9,0.82,2.29,9,0,2,1,0
0,15,83.1,70.3,6.2,-0.12,3.51,9,2,2,1,0
0,55,82.9,76.1,8,0.23,2.04,8,2,2,0,0
0,-2,98.3,71.7,6.7,0.18,3.79,8,0,2,1,0
0,-3,96.2,65.7,6.6,-0.24,2.28,8,1,0,0,0
0,66,94.7,75.6,6.7,0.35,3.02,7,1,2,0,0
0,-47,43.2,30.3,7.3,0.19,0.93,7,1,0,1,0
0,18,46.9,63.8,5.6,-1.33,3.27,7,0,1,0,0
0,-12,96.7,66.3,7.4,0.72,2.33,7,2,2,0,0
0,11,101.2,71.2,7.7,0.1,1.36,7,1,2,1,0
0,6,97.7,77.8,8.3,-0.3,2.15,7,2,1,1,0
0,32,97.3,67.4,7.7,0.44,2.81,6,0,2,0,0
1,20,106.5,77.2,8.2,0.88,2.67,6,2,1,0,0
0,4,107.5,81.6,7,0.29,2.45,6,3,1,0,1
0,1,56.7,70,6.1,0.62,2.34,6,0,1,1,1
0,-3,103.9,72.8,7,-0.32,2.79,6,1,1,1,1
1,28,101.9,68.4,6.8,-0.21,3,6,0,1,0,1
0,9,103.2,72.6,7.9,0.06,1.78,6,2,2,0,1
0,-11,88.8,74.3,7.4,0.89,1.86,5,1,1,0,1
0,14,108.3,78.1,7.2,0.53,2.46,5,1,0,0,1
0,-1,107.8,70.6,6.6,0.32,2.43,5,2,1,0,0
0,29,102.1,68.1,7.3,0.46,2.54,5,1,2,0,0
0,36,91.9,73.7,7.1,-0.38,2.7,5,0,0,0,0
0,24,78.8,74.2,7.7,0.03,1.78,4,1,0,1,0
0,-2,92.7,71.5,7.4,0.48,1.78,4,1,2,0,0
0,54,80.2,76.2,6.3,-0.28,3.22,4,3,2,0,0
0,6,81.3,70.6,6.3,-0.1,3,3,0,1,1,0
0,37,96.9,71.8,7.4,0.09,1.95,3,0,1,0,0
0,-6,85.1,85.6,8.2,0.26,1.98,3,2,1,0,1
0,67,70.2,67.8,7.7,0.94,2.43,3,0,0,0,1
0,-7,106.2,75.6,6.8,-0.99,3.09,2,0,1,1,0
0,7,100.1,70.3,6.2,0.21,1.77,2,1,0,1,0
0,11,98.6,67.9,7.1,1,2.02,2,0,2,0,0
0,13,80.2,77.9,6.7,-0.38,2.55,2,1,2,0,1
1,25,103.9,75.8,7.6,-0.65,2.45,2,0,0,0,1
0,61,93.5,80.3,7.1,-0.54,3.03,2,3,2,0,1
0,-17,99.9,78.7,7.4,0.03,2.45,1,0,1,0,0
0,-20,87.7,69.6,6.5,-0.08,2.71,1,1,0,1,0
0,17,89.3,66.6,6.7,-0.42,2.73,1,1,2,0,0
0,1,109.9,79.1,7.9,-0.06,2.03,1,2,0,0,0
0,29,72.2,75.3,8.4,-0.95,1.99,1,2,1,1,0
1,22,105.2,72.3,6.5,0.51,2.45,1,0,0,0,0
0,9,108.2,73.2,6.7,-0.33,2.1,1,1,1,1,0
0,58,43.7,55.5,6.5,-0.39,2.47,1,0,1,0,1
0,56,80.9,72.5,6.6,-0.13,3.55,1,2,1,0,1
0,46,90.5,71.9,6.9,-0.45,2.88,9,1,0,1,0
0,-41,82,70.4,8,0.78,2.64,9,1,0,0,0
0,-11,73,69.2,6.4,0.44,2.87,9,1,0,1,0
1,35,106.9,71,7.3,0.17,2.7,8,2,2,1,0
0,19,47.6,60,5.6,-1.37,2.65,8,2,2,0,0
0,21,100.9,68.4,6.8,-0.03,2.15,8,2,1,0,0
0,22,68.5,71.4,6.8,-1.22,2.17,8,1,2,0,0
0,-49,46.2,41.3,5.2,-0.47,2.04,8,1,2,0,0
0,17,102.9,70.8,7.5,-0.86,2.16,8,1,2,1,0
0,15,54.2,66.3,6.9,0.2,0.38,8,1,2,0,0
0,51,93.6,75.1,7.3,-0.77,2.2,7,1,0,1,0
0,28,68.6,62.5,8.7,0.71,1.53,7,2,2,0,0
0,65,99.2,72.3,7.1,0.13,2.16,7,1,0,1,0
0,73,94.1,78.6,7.8,0.58,3.19,7,3,1,1,1
0,58,96.6,71,8,0.18,2.22,7,1,0,1,1
0,47,94.9,73.4,7,0.06,2.23,6,1,1,0,0
0,-45,54.2,65.9,8.7,-0.94,2.29,6,2,1,1,1
0,14,94.3,63.9,6.6,-0.07,2.52,6,2,2,0,1
0,45,83.4,70.4,7.1,0.09,2.73,6,2,1,0,1
0,6,89.8,69.1,6.7,-1.31,2.3,6,3,2,1,0
0,55,57.9,66.7,6.8,-0.2,2.79,6,1,2,0,0
0,6,102.8,72.2,7.2,-0.35,1.4,6,2,2,1,0
0,44,100.3,72.9,6.9,0.56,3.17,6,0,0,0,0
0,1,93.8,60.4,7.6,-0.8,1.03,5,1,2,1,0
0,34,71.8,70.7,7.8,0.55,1.83,5,1,1,0,0
0,2,107.3,76.7,8,-0.04,2.43,5,0,0,1,0
1,26,104.3,70.4,6.8,0.11,2.92,5,0,1,1,0
0,3,106.3,72.9,7.1,-0.11,2.61,5,2,2,1,0
0,-20,69.2,63.9,6.2,0.84,1.9,5,0,0,0,0
0,57,93.4,80.8,8.5,-0.8,2.43,4,3,1,1,0
0,18,79.9,72.8,7.1,-0.02,3,4,1,1,0,0
0,-48,74.6,60.6,6.8,-0.99,1.2,4,0,2,1,0
0,-5,106.2,69.8,7.1,-0.25,1.96,4,3,1,0,0
0,42,93.4,70.8,6.8,0,2.61,4,0,0,1,0
0,3,99.5,75.4,8.1,-0.48,1.23,4,0,2,0,0
0,18,104.5,72.3,7.3,-0.14,2.19,3,2,2,0,0
0,-8,69.5,70.2,7.5,0.4,1.99,3,2,0,0,0
0,24,102,71.7,6.1,0.17,3.11,3,0,0,0,0
1,29,108,74.3,7.6,-0.31,2.32,3,0,0,1,0
0,51,84.3,67.2,6,-0.02,2.4,3,0,2,0,0
0,47,77.8,83.5,7,0.32,3.29,3,0,1,1,0
0,7,85.2,69.5,7.7,-0.23,2.2,3,0,1,0,0
0,3,88.5,77,8,-0.73,2.48,2,1,1,1,0
0,-26,56.5,67.8,7.7,-0.3,1.64,2,1,2,1,0
0,23,103,74.4,7.1,0.32,1.87,2,2,2,1,0
1,28,109.1,79.9,8.3,-0.49,2.63,2,0,0,0,0
0,-45,67.8,74,7.2,-0.81,1.9,2,2,1,1,0
0,2,103.5,70.9,6.9,0.81,2.75,2,3,2,0,0
0,52,95.9,74.3,7,0.05,2.38,1,0,0,1,0
0,2,93.1,63.7,6.4,-0.27,2.83,1,0,1,0,0
1,28,108.2,80.2,7.8,0.62,2.52,1,1,1,1,0
0,-2,91.1,63.4,5.7,-0.46,2.07,1,2,2,0,0
0,38,75.8,72.5,7.2,-0.51,2.15,9,2,2,0,0
0,20,106.3,70.8,7.6,0.19,3.8,9,0,2,0,0
0,4,89.3,78.2,7.5,-0.17,2.09,9,0,2,0,0
0,32,91.7,66.9,6.6,-0.4,3.19,9,2,2,1,0
0,21,96.9,67.5,7.2,0.1,2.35,9,2,2,1,0
0,-21,67.3,68.9,8,-0.21,1.11,9,2,1,1,0
0,82,82.9,74.4,7.3,-0.75,2.21,8,2,0,0,0
0,-16,87.3,68.8,8,-0.07,1.73,8,1,1,0,1
0,81,79.4,69.1,7.8,-0.09,2.39,8,2,2,1,1
0,-45,66.5,67.2,7.7,0.61,2.25,8,0,0,0,1
0,-66,55.7,68.9,8.1,0.2,1.18,7,0,1,0,0
0,11,97,71.9,7.8,0.68,2.57,7,1,2,0,0
1,29,101.7,73,8,-0.11,2.43,7,1,2,1,0
0,11,95.2,62.4,7,0.56,2.27,7,0,0,0,0
0,40,91.5,68.8,7.6,-0.53,2.83,7,3,2,1,0
0,-5,104.2,78.5,7.7,-0.13,2.06,7,2,1,1,0
0,-21,84.4,76.7,7.3,0.69,1.97,6,2,2,0,0
0,15,97.6,74.7,7.4,0.72,1.83,6,1,1,1,0
0,61,94.7,72.1,7.5,0.74,2.85,6,1,1,0,0
0,21,87.5,72.6,8.1,-0.28,2,6,0,1,1,0
0,41,75,68.6,8.4,-0.51,1.56,6,0,2,0,0
0,3,102.2,74.9,7.2,0.42,1.83,5,2,0,0,0
0,52,90.4,71.4,7.7,-0.48,2.48,5,3,1,1,0
0,53,51.3,61.9,6.7,0.29,3.47,5,3,1,1,0
0,43,102.8,75,7.3,-0.13,3.45,5,0,0,1,0
0,-26,31.1,11.5,1.4,0.42,1.55,5,0,0,1,0
0,11,102.2,76.5,7.2,-1.16,2.14,4,1,0,0,1
0,17,92.7,72,6.5,-0.3,2.53,4,3,2,0,1
0,-56,73.5,70.4,8.2,0.32,1.99,4,1,1,0,1
0,-6,103.1,71.4,7.2,-0.28,1.76,4,1,2,1,0
0,4,99.7,74.4,7.9,-0.08,1.51,4,2,1,0,0
1,28,109.3,75.1,7.5,-0.02,2.4,4,3,1,1,0
0,21,82.7,77.6,7.6,0.31,1.69,4,3,2,1,0
0,7,87.9,76.7,8.1,-0.06,1.6,3,1,0,0,1
0,-18,93.3,63.1,6.9,-0.56,2.03,3,1,2,1,1
0,43,98.6,70.7,7.4,-0.19,2.48,3,0,0,1,0
0,22,99.9,75.8,6.9,-0.08,2.3,3,1,2,1,0
1,37,105.3,73.3,7.7,-0.87,2.12,3,1,2,0,0
0,44,73.5,71.6,6.7,0.38,2.71,3,1,2,1,0
0,11,95.8,73,7.1,-0.01,1.72,3,2,1,0,0
0,71,84.7,67,7.5,0.86,2.59,2,2,0,0,1
0,46,94.9,74.1,6.5,-0.31,2.75,2,2,2,0,1
0,23,79.2,70.8,6.5,-0.56,2.68,2,1,0,0,1
0,13,96.3,74.9,7.4,-0.01,2.36,2,0,0,0,1
0,40,82.6,74.6,7.7,0.16,1.78,2,1,0,0,1
0,8,88.2,77.4,7.5,0.57,2.38,2,2,0,1,0
0,3,95.1,69.3,6.3,-0.58,2.43,2,0,1,1,0
0,-1,97.7,67.7,7.1,0.19,1.82,2,1,1,1,0
0,-4,101.3,63.9,5.9,-0.27,2.24,2,0,1,1,0
0,-4,92.8,69.7,6.9,-0.78,2.5,2,2,2,0,0
0,48,78.8,77.1,7.8,-0.2,1.85,1,3,2,0,1
0,62,73.6,73.3,7.9,-0.24,2.17,1,0,0,1,1
0,20,90.4,63.5,6.3,-0.12,2.12,1,0,2,0,1
0,20,100.6,70.5,6.9,-0.1,2.21,1,0,0,1,0
0,8,73.9,73.2,8.3,-0.32,2.31,1,1,1,0,0
1,27,100.7,72.6,8.1,0.69,1.29,1,1,2,1,0
0,50,85.6,69.5,6.9,-0.39,3.25,1,0,2,1,0
0,38,89.4,74,7.5,-0.22,2.07,9,0,1,0,0
0,-5,62.1,70.2,6.2,-0.77,2.76,8,0,0,0,0
0,20,106.2,80.3,7.6,-0.06,2.79,8,2,2,1,0
0,-10,88.7,79.3,7.8,0.85,2.66,8,3,2,0,0
0,-19,106.9,74.9,7.5,-0.84,2.42,8,3,2,1,0
1,19,117.7,81.4,8.1,-0.15,2.39,8,1,1,0,0
0,32,103.2,70.1,6.7,0.12,2.59,7,0,1,1,0
0,-18,85.5,70.3,6.4,0.54,2.98,7,0,0,1,1
1,26,107,75.8,7.8,-0.25,2.88,7,0,0,0,1
0,31,87.9,79.4,7,-0.58,2.62,6,0,1,0,0
0,31,86.9,72.9,6.9,-0.02,2.02,6,0,0,0,1
0,22,84.6,79.6,8.2,0.14,1.88,6,0,2,0,1
0,1,50.8,58.5,6,-1.33,2.62,6,0,0,0,0
0,9,112.1,78.9,8.5,0.11,1.96,6,0,0,1,0
0,22,103.7,72.1,6.5,0.21,3.44,6,3,2,0,0
0,50,87.4,70.9,8.4,-0.29,2.6,6,0,0,1,0
0,36,105.2,77.9,7.4,0.04,2.31,5,3,2,0,0
0,-3,102.2,71.6,6.3,-0.81,2.62,5,1,0,1,0
0,8,96.9,66.4,6.4,-0.6,2.25,5,0,0,1,0
0,-7,87.7,72.8,6.7,-0.08,2.43,5,0,0,1,0
0,8,100,71.8,8.1,-0.28,2.31,5,0,0,1,0
0,59,88.9,73.8,7.3,-0.42,2.18,4,2,2,0,0
0,-4,104,68.2,6.4,-0.86,3.2,4,3,2,1,0
0,50,95.7,75.2,7.6,-0.32,2.87,4,0,0,1,0
0,34,79.8,74.5,6.7,-0.08,2.84,4,2,2,0,0
0,18,105.8,77.7,7.8,-0.86,2.45,3,0,0,1,0
0,7,103.9,75.2,7,0.7,2.62,3,0,0,0,0
0,-82,51.5,70.1,7.6,0.26,1.15,3,0,2,1,0
0,9,89.8,67.4,7.3,-0.72,2.4,3,3,1,1,0
0,-3,84.8,71.3,6.9,0.57,2.57,3,0,0,1,0
0,10,101,70.6,7.8,-0.54,2.9,3,0,0,1,0
0,14,105.8,79.7,7.5,-0.27,2,2,0,0,1,0
0,-2,100.3,66.5,7.7,-0.69,2.14,2,1,2,0,0
0,79,81.1,71,9.1,0.23,1.4,2,2,2,1,0
0,18,94.3,66.3,6.3,-0.49,2.74,1,1,2,1,0
0,15,106.4,70.5,8.6,-0.39,2.55,1,1,0,1,0
0,13,87.4,64.5,8.6,1.06,2,1,2,2,0,0
0,35,104.8,71.8,7.3,-0.46,3.23,1,2,2,1,0
0,65,79.1,74.8,6.8,0,3.49,9,3,2,1,0
0,-14,97.7,64.1,8.1,0.66,2.35,8,1,0,0,1
0,9,100.9,75.7,6.6,-0.06,3.05,8,0,1,0,0
0,-18,83.2,68.6,6.8,-0.78,2.45,8,2,2,0,0
0,28,88.7,72.5,5.9,0.9,2.99,8,0,2,1,1
0,-21,69.2,72.9,7.1,0.79,3.05,8,1,0,0,1
0,6,92.3,70.5,7.2,1,2.54,8,1,0,0,1
0,-7,86.6,61.9,6.2,-0.08,1.75,7,1,2,1,1
0,9,101.9,68.5,6.3,-0.21,2.48,7,0,0,1,1
0,13,63.8,68.4,8.8,-0.24,2.56,7,2,1,0,0
0,57,81.1,81.4,7.8,-0.97,3.4,7,1,0,0,0
0,74,78.6,70.5,7.4,0.5,1.94,6,2,2,0,0
0,1,82,65.3,7.7,-0.73,2.52,6,0,0,1,0
0,11,108.7,80.2,8,0.45,1.82,6,0,0,0,0
0,8,101.3,81.3,6.6,0.3,3.3,6,2,2,0,0
0,9,110.4,79.7,7.6,0.19,2.77,6,2,0,0,0
0,49,76.6,63.6,6,0.36,3.49,6,1,2,1,0
0,38,74.5,65.8,6.9,0.11,1.06,5,0,1,1,0
0,3,68,73.9,7.6,0.71,1.97,5,2,1,0,0
0,20,90.3,72.9,7.3,0.53,2.71,5,0,2,0,0
0,-5,108.4,86.2,8.1,0.52,2.67,5,1,0,0,0
0,-25,63.2,69.7,7.8,0.86,1.67,4,1,1,0,0
0,12,60.2,57.5,5.5,0.14,2.52,4,2,1,1,0
0,58,87.9,78.4,7.6,-0.37,2.19,4,1,1,1,0
0,-25,89.1,60.8,6.8,0.41,1.55,4,3,2,0,0
0,55,82.8,66.6,6.3,-0.4,3.13,4,0,0,0,0
0,53,86.7,67.6,6.4,-0.55,2.63,3,2,1,1,0
0,53,91.9,75.1,6.7,0.22,2.8,3,1,1,0,0
0,72,67.5,64.6,6,-0.16,3.66,3,2,1,0,0
0,31,93.3,78.5,7,0.28,2.48,3,0,0,0,0
0,17,107.9,77.1,7.3,-0.08,2.04,3,1,0,0,0
0,68,74.5,70.3,6.8,-0.57,2.93,2,0,1,1,0
0,22,87.8,79.2,7.2,0.19,3.28,2,0,0,0,0
0,42,65.9,70.9,6.9,-0.87,2.72,2,3,2,0,0
1,27,104.9,72.8,7.3,0.26,1.93,2,1,2,0,0
0,-25,87.7,77.6,7.6,0.16,3.18,2,2,2,0,0
0,-8,95.7,68.3,6.4,0.41,3.39,1,0,1,1,0
1,21,106.6,75.9,7.3,0.1,1.94,1,3,2,0,0
0,9,75,62.2,7.4,-1.22,2.12,1,0,0,1,0
0,6,92.7,77.7,7.2,-0.68,1.9,1,1,2,0,0
0,13,93.3,65.4,5.6,-0.17,2.22,1,3,1,1,0
0,38,103.6,75,7.2,0.57,2.59,1,2,2,0,0
0,77,89.6,74,8,-0.08,2.58,1,2,2,1,0
0,-12,85.8,66.4,7.2,-0.6,1.63,1,2,2,1,0
0,-6,92.8,67.1,6.4,-0.42,1.95,1,0,0,0,0
0,52,93.7,74.3,7.8,-0.28,2.32,10,0,1,0,1
0,-16,89.5,77.7,7.8,-0.55,2.27,10,1,0,0,0
1,33,101.7,76.7,7.8,-0.34,2.97,10,0,0,0,0
0,1,93.8,66.7,6.3,0.6,3.78,10,1,2,0,0
0,-27,67.8,79.1,8.5,-0.1,1.78,10,0,0,0,0
0,-15,79.8,70.7,7.3,0.62,2.09,9,2,1,0,0
1,27,114.9,80.4,7.8,0.16,2.76,9,3,2,1,0
0,-6,93.7,64.5,7.7,-0.98,1.76,9,2,2,1,0
0,-12,89.7,63.8,8.6,-0.08,1.27,9,1,2,0,0
0,-15,96.2,79.6,7.4,-0.34,3.44,9,0,1,0,0
0,2,100.9,75.1,6.7,0.03,2.59,9,0,2,1,0
0,10,87.6,66.3,7.5,-0.04,1.86,8,2,2,0,0
0,22,100.9,71,6.9,0.17,3.42,8,3,2,0,0
0,61,88.3,74.4,8.1,-0.17,2.23,8,3,2,0,0
0,28,97,69.1,7.2,0.25,2.21,8,1,2,0,0
0,-3,68.7,64.9,7.9,-1.5,2.46,7,2,2,1,0
0,45,90,72.6,7.4,-0.11,2.5,7,1,1,0,0
0,-11,81.5,67.6,7.1,0.93,2.37,7,2,2,1,0
0,9,105.9,72.9,6.8,0.12,2.28,7,1,1,0,0
0,18,99.9,67.9,7,0.45,2.32,7,0,1,0,0
0,29,81.3,70.8,7.2,0.58,2.05,6,3,2,0,0
0,33,91.4,77.1,8.1,-0.44,1.78,6,0,0,1,0
0,33,87.6,66.1,7,-0.82,2.88,6,1,1,0,0
0,-50,53.7,69.2,8.4,-0.9,2.37,6,1,0,1,0
0,24,102.8,74.9,6.8,-0.58,3.14,6,1,1,0,1
0,-1,103.7,69.5,6.7,-0.32,1.76,6,0,1,0,1
0,85,71.9,62.2,8.2,0.53,2.58,6,3,2,0,1
0,-11,79.3,74.6,7.4,0.44,2.87,6,0,0,0,1
0,-57,58.8,47.9,4.5,-1.18,2.64,5,1,1,0,0
0,11,72,69.4,8.2,-0.15,2.15,5,0,2,1,0
0,20,99.5,69.7,7.7,-0.27,1.82,5,2,2,0,0
0,73,73,68.4,8.5,-0.24,2.06,5,0,0,0,1
0,-5,74.2,76.6,7.4,0.3,2.43,4,2,0,0,0
0,1,111,78.7,7,0.13,2.56,4,0,0,1,0
0,65,87.5,71.7,7.1,0.11,3.72,4,1,2,0,1
0,-2,78,71.9,8.1,0.02,1.78,4,2,0,0,1
0,52,106.9,84.8,8.8,-0.23,2.37,4,1,1,0,1
0,40,69.7,63.5,8.2,1.02,1.79,4,0,2,0,1
0,-19,95.8,65.3,6.7,0,2.8,3,1,1,0,0
0,21,101.9,76,7.1,0.11,2.59,3,3,2,0,0
0,22,100.7,68.5,6.5,0.55,2.74,3,0,0,0,0
0,-12,93,69.7,7.6,0.63,2.39,2,3,2,0,0
0,12,87.4,76.7,8,0.42,2.43,2,1,2,0,1
0,40,95.7,72.8,7.7,0.01,2.55,2,2,2,0,1
0,-18,74.9,78.6,7.5,0.51,1.87,1,0,0,0,1
0,0,100.2,70.6,7.6,0.03,2.02,1,1,2,0,1
0,26,96,69.6,6.4,0.29,2.41,1,2,0,0,1
0,60,93,77.4,7.5,0,2.71,1,3,1,0,1
0,81,79.7,72.8,6.7,0.35,3.41,1,3,1,0,1
0,3,58.2,61.1,7.4,1.28,1.99,9,0,2,0,0
0,7,112.3,75.8,7.4,-0.34,1.33,8,0,0,0,0
0,20,88.8,70.7,7.5,0.06,2.35,8,0,0,1,0
0,-33,53.4,33.6,5,0.45,3.16,8,0,0,1,0
0,-5,101,66.7,6.2,-0.38,2.83,8,1,2,1,0
0,30,82.5,72.4,8.3,0.77,1.92,8,0,1,0,0
0,63,77.4,75.2,7.1,-0.29,3.37,8,0,2,0,0
0,-7,89.6,66.7,7.1,-0.6,3.24,8,1,0,1,0
0,39,89,63,6.3,-0.2,3.07,7,0,1,1,1
0,5,75.4,74.3,8.4,0.84,2.67,7,0,1,0,0
0,29,88.3,63,7.4,-0.23,1.83,6,1,2,1,0
0,63,84.6,74.8,6.9,-0.14,2.01,6,3,2,1,0
0,13,79.8,67,7.2,-0.77,2.58,6,0,1,1,1
0,11,98.6,70.2,6.5,0.04,3.38,6,0,1,0,1
0,-31,82.1,57.6,7.1,0.48,1.38,6,1,2,0,1
0,11,104.8,77.5,7.4,0.07,2.78,6,2,1,0,1
0,81,81,73.2,7.6,0.09,2.16,5,2,2,1,0
0,-34,68.1,68.4,8.4,0.93,1.34,5,1,2,0,0
0,-30,89,78.8,7.2,-0.02,2.15,5,2,0,0,1
0,5,91,67.6,6.6,0.74,3.03,5,3,1,1,1
0,23,98.4,69.1,8.2,-0.16,1.84,5,1,2,0,1
0,33,80.8,73.2,8.1,-0.91,2.34,4,3,1,1,0
0,21,101.9,67.6,6.9,-0.33,2.77,4,0,0,1,0
0,38,89.7,71.5,7.4,-0.49,1.87,4,1,0,1,0
0,-2,98.1,74.6,7.1,0.6,2.28,4,0,0,1,1
0,22,94.2,73.4,7.4,0.9,2.28,4,0,1,0,1
0,22,96.2,67.6,6.8,0.34,1.9,3,2,2,1,0
0,-14,95.2,73.6,7,-0.69,2.2,3,2,0,1,0
0,-20,56.8,63.9,6.3,-1.17,2.75,3,3,2,0,1
0,30,62.8,68,9.5,0.08,1.23,3,3,2,0,1
0,42,98.3,74.9,6.9,0.11,2.22,3,2,1,0,1
0,46,91.5,79.4,7.6,-0.21,3.16,2,1,1,0,0
0,2,102.2,70,7.5,-0.25,2.14,2,0,0,1,0
0,-7,81.5,68.7,6.5,-0.77,3.34,2,0,1,1,1
0,38,91.2,71.7,8.3,-0.71,2.62,2,0,1,0,1
1,27,95.1,79.4,7.3,-0.06,2.25,1,3,1,1,0
0,-16,97.2,73.6,6.7,-0.33,2.03,1,0,2,1,0
0,16,89.9,68.3,6.8,0.15,2,1,3,2,1,0
0,52,83.1,70.2,6.5,-0.51,3.3,1,0,0,0,1
0,46,87.5,76.8,7.5,0.03,1.8,1,1,1,0,1
0,14,91.8,72.1,6.6,-0.51,3.01,1,2,2,0,1
0,9,85.6,70.9,6.7,-0.13,2.52,9,0,2,0,0
0,-37,76.6,69.9,6.7,0.79,2.98,9,1,0,0,0
0,48,93.9,72.4,7.3,0.92,2.72,9,1,1,0,0
0,10,96.7,68,6.4,0.69,2.32,8,1,2,1,1
0,45,106.9,80.3,7.1,0.34,2.86,8,0,1,0,1
0,-34,90.9,68.7,7.3,0.38,1.09,8,2,1,0,1
0,79,80.4,69,6.9,-0.62,3.47,8,3,2,0,0
0,12,101.6,79.2,7.9,-0.12,3.1,8,0,0,0,0
0,20,101.8,69.7,7.6,0.02,2.48,7,0,0,0,0
1,24,104.4,70.5,7.7,-0.35,1.9,7,1,1,1,0
0,23,85.1,73.2,7.9,0.36,2.04,7,0,0,0,0
0,-12,94.4,74.9,8,-0.18,2.24,7,1,0,1,0
0,-10,100.5,75.9,6.3,0.06,2.04,7,0,0,1,0
0,-20,91.4,63.3,5.9,-0.2,3.43,7,1,0,0,0
0,26,99.5,70.5,7.4,0.24,2.63,6,2,2,0,0
0,38,91.7,69.8,7.2,-0.43,2.38,6,2,0,1,0
0,45,96,77.9,7,-0.18,2.44,6,1,1,0,0
0,-46,43.7,72.1,7.6,-0.55,0.75,6,2,2,1,0
0,2,99.3,73.5,8.2,-0.24,2.28,6,1,1,0,0
0,15,99.9,73.7,7.8,0.3,3.32,6,2,1,0,0
0,31,102.1,72.1,6.8,-0.41,2.14,6,1,1,0,0
0,40,63.3,74.1,6.7,-0.76,2.98,6,3,2,0,0
0,-57,72.2,57.8,7.1,-0.11,1.89,5,0,1,1,0
0,6,92,78.6,7.3,0.33,2.84,5,3,2,1,0
0,49,100.7,76,7.8,0.32,2.2,5,3,2,1,0
0,-44,87.4,66.2,6.3,0.38,2.55,5,2,2,0,0
0,51,69.8,67.4,7.1,0.02,1.85,5,0,2,0,0
0,67,66.6,74.3,7.3,-0.25,3.01,4,1,1,1,0
0,1,106.1,73.2,7.8,0.19,2.33,4,0,1,0,0
0,38,84.5,70.5,6.6,0.34,2.91,4,1,2,1,0
0,9,104.1,75.9,6.6,0.16,2.17,4,2,1,0,0
0,-28,85.9,69.7,7.1,-0.32,2.27,3,0,1,0,0
0,9,74.5,64.6,6.3,-1.19,2.42,3,0,0,1,0
0,14,89,66.4,5.6,0.15,3.05,3,2,2,0,0
0,36,86.1,68.3,7.2,-0.09,1.65,3,1,1,1,0
0,37,87.4,77.9,6.4,-0.12,4.41,2,0,2,1,0
0,8,77.8,74.9,7.1,-0.3,2.73,2,0,0,1,0
0,57,87.4,77.7,8.7,-0.16,1.93,2,1,1,0,0
0,19,100.9,71,6.6,-0.6,2.47,2,1,0,0,0
0,32,96.3,65.9,7.6,-0.76,2.12,2,1,1,0,0
0,-1,86.6,75.3,6.6,-0.59,2.92,1,0,0,0,0
0,10,105.7,73.5,7.1,-0.46,2.74,1,2,2,1,0
0,5,102,76.8,6.7,0.43,1.9,1,1,1,1,0
0,59,88.2,65.5,7.1,0.29,2.73,1,1,0,0,0
0,10,111.7,76,8.4,-0.11,2.25,9,0,2,1,0
0,-31,94.3,67.5,7.3,0.43,1.88,9,1,2,0,0
0,11,88.2,65.5,6.9,0.23,1.98,9,1,1,1,0
0,-16,81.1,72.9,7.7,-0.78,2.27,8,1,0,1,0
0,21,81,59.4,7,-0.69,1.71,8,2,2,1,0
0,20,104.1,77.5,7.4,0.43,2.16,8,1,2,1,0
0,41,96.8,77.2,7.5,-0.01,2.83,8,2,2,1,1
0,38,106.3,80.4,7.9,0.16,2.7,8,1,0,1,1
0,46,90.1,66.9,5.8,-0.01,2.87,7,1,2,1,0
0,-33,93.7,71.1,6.8,-0.16,2.68,7,0,1,0,0
0,-51,59.8,74.8,7.6,-0.59,1.39,7,2,2,1,0
0,8,87.4,73.9,6.9,0.07,2.83,7,1,2,0,0
0,17,70.9,69.5,6.3,-1.02,3.01,6,2,1,0,0
0,13,94.2,69.8,7.7,-0.66,2.36,6,0,0,1,0
0,26,76.2,66.7,8.9,-0.21,0.75,6,0,2,1,0
0,-26,70.5,76,7.4,0.84,1.96,6,2,2,0,0
0,59,96.5,77.9,8.5,-0.25,2.51,6,1,0,1,0
0,14,84.9,70.8,6.4,-0.57,2.6,6,0,1,0,0
0,-14,92.7,63.7,7,-0.82,1.54,6,0,1,1,0
0,12,106.2,73.4,7.6,-0.48,1.86,6,0,2,1,0
0,8,100,67.3,5.8,-0.08,1.86,5,2,1,1,0
0,-65,46.4,73.3,8.9,-0.19,1.68,5,1,1,1,0
0,62,84.4,75.8,7.7,-0.6,2.81,5,3,1,1,0
0,6,101.8,71.6,7.6,-0.59,1.92,5,1,0,0,0
0,36,89.5,72.7,7.2,-0.43,1.91,4,2,1,1,0
1,24,100.5,79.4,8.2,-0.3,2.14,4,3,2,1,0
0,7,106,73.4,6.8,-0.2,2.1,4,3,2,0,0
0,35,84.5,72.5,7.6,0.85,1.89,4,1,2,0,0
0,-10,103.1,73.6,8,0.41,1.91,4,1,1,0,0
0,-11,81.3,64.2,7.1,-0.75,2.53,4,1,0,1,0
0,38,103.4,74,7.1,0.17,2.71,3,2,2,0,0
0,32,93.1,60.2,5.6,-0.02,2.93,3,0,2,0,0
0,32,79.7,72.2,7.1,0.92,2.15,3,1,0,1,0
0,-61,52.7,67.3,6.6,0.52,1.86,3,0,2,0,0
0,-4,85.2,70.8,7.1,-0.26,1.3,3,1,2,1,0
0,3,110.1,74.3,7.9,0.32,2.03,2,2,1,1,0
0,9,74.4,70.8,7,0.74,1.81,2,0,0,1,0
0,63,86.2,78.3,8.1,-0.38,1.86,2,2,2,1,0
0,16,69.9,68.3,8.3,0.3,1.51,2,2,2,0,0
0,1,101.7,75.2,7,-0.45,2.35,1,1,2,0,0
0,71,91.8,82.2,8.6,0.12,1.88,1,3,2,1,0
0,9,78.4,63.6,6.3,-0.22,2.5,1,3,1,1,0
0,5,98.5,71.8,7.9,-0.75,2.27,1,2,1,1,0
0,17,66.1,63.8,8.6,-1.07,2.17,1,0,2,1,0
1,23,104.9,69.7,7.5,-0.58,3.74,1,0,0,1,0
1,31,99.4,76.8,8.9,-0.12,1.74,11,0,0,0,0
0,9,97.5,79.2,7.6,-0.32,1.89,11,1,0,1,0
1,38,99.9,73.4,7.2,-0.42,2.06,11,0,0,0,0
0,50,91.5,70.7,7.1,0.24,3.24,11,2,2,0,0
0,10,77.5,86.4,8.5,-0.29,1.93,10,2,1,1,0
0,69,88.7,75.8,7.8,-0.18,2.52,10,3,2,0,0
0,63,71.3,79.3,6,0.79,3.2,10,1,2,1,0
0,-9,96.7,73.7,7,-0.57,2.62,10,3,2,0,0
0,5,101.6,76,8.4,0.03,1.89,10,0,0,0,0
0,76,72.9,68,6.4,-0.82,3.39,9,2,2,0,1
0,25,74.2,74.6,7.4,-0.96,2,9,1,2,1,0
0,-12,103.8,74.4,6.1,0.18,2.49,9,2,2,0,0
0,60,84.7,65.6,7.1,-0.1,2.85,9,3,2,0,0
0,8,110.4,77.2,7.7,-0.1,1.84,8,2,1,1,0
1,28,105.9,75.2,7.8,0.21,2.74,8,2,1,1,0
0,-63,46.2,68.3,7.9,0.31,1.92,8,0,0,0,0
0,36,69,62.7,6.4,0.15,2.55,8,0,0,1,0
0,41,99.5,81.1,7.2,0,1.96,8,1,0,1,0
0,41,93.4,71.8,6.8,-0.17,2.73,7,3,2,1,1
0,14,84.3,66.9,7.7,0.14,1.66,7,1,1,1,1
0,-17,88.2,71.5,7,-0.39,2.44,7,1,0,0,0
0,-48,80.1,70.2,7.6,0.35,2.2,7,3,2,1,1
1,23,106,86.6,8.9,0.18,1.77,6,1,0,0,0
0,10,98.8,71.4,7.2,-0.15,2.15,6,0,0,0,1
0,16,90.8,72.2,6.6,-0.13,2.47,6,0,1,1,1
0,51,82,74.9,7.5,-0.54,2.07,5,2,1,1,1
0,36,68.8,70.8,6.6,0.15,3.18,5,2,2,1,0
0,2,99.4,64.7,6.2,-0.19,3.13,5,0,1,0,0
0,15,74.3,70.4,8,-0.75,1.6,5,0,2,1,0
0,-20,78.6,62.7,5.7,-0.72,3.48,5,3,2,0,0
0,49,77.2,76.1,8.1,-0.21,1.55,5,1,1,1,0
0,21,60.1,63,7.9,-1.3,2,5,2,2,1,0
0,16,78,72.4,8.3,0.17,2.08,5,0,2,0,0
0,14,90.9,73.4,7,0.19,2.1,5,0,0,1,0
0,24,79.1,76.1,8.1,-0.28,1.6,4,2,2,0,0
0,-56,57.7,66.9,7.3,-0.46,2.93,4,1,1,1,0
1,33,99.8,71.3,7.2,0.23,2.54,4,2,2,0,0
0,63,93.9,74.1,7.5,0.52,2.43,4,2,0,1,0
1,37,103.3,73.3,7.2,0.42,2.95,4,2,1,0,0
0,2,101.5,73,7.4,-0.11,2.17,3,0,0,1,0
0,-27,80.8,73.1,8.1,-1.01,2.3,3,0,0,1,0
0,-39,70.9,75.5,7.5,0.13,2.23,3,3,2,1,0
0,-34,92.3,70.9,6.9,-0.39,2.3,3,0,1,0,0
0,-4,70.9,61.3,7.6,-1.42,1.84,2,1,1,1,0
0,62,90.6,77.7,7.9,-0.47,2.04,2,3,1,0,0
0,53,88.8,73.8,7.1,-0.43,3.36,2,0,0,1,0
0,-23,64.8,67.3,7.8,-1.12,2.05,2,1,2,1,0
0,14,89.1,73,7.5,0.42,2.78,2,2,2,0,0
0,-4,90.8,67.8,7.4,-0.07,2.28,2,1,0,0,1
0,49,97.3,75.5,7,0.45,2.65,2,1,1,1,1
0,-27,99.5,75.1,7.1,-0.26,2.42,2,0,0,0,1
0,51,84.3,72.9,7.5,-1.05,2.46,1,2,1,0,0
0,-3,104.3,78.3,7.1,-0.65,2.01,1,3,1,1,0
0,8,103.2,77.4,7.2,0.17,2.09,1,1,1,1,0
0,30,82.1,77.6,7.2,0.14,2.97,1,3,2,1,1
0,21,87.2,71.8,6.4,-0.06,2.48,9,2,2,0,0
0,72,82.5,64.2,7.1,-0.56,2.89,9,2,0,0,0
0,13,101.7,70.9,7.6,-0.1,2.68,9,1,1,0,0
0,-41,63.5,67.7,8.1,-2.27,5.27,9,0,2,1,0
0,0,94.9,74.3,7.5,-0.41,2.69,9,0,1,0,0
1,26,104.1,77.2,7.2,0.38,2.42,9,0,0,1,0
1,27,100.1,72.8,7.8,-0.02,2.56,9,0,1,0,0
0,59,85.8,77.2,7.3,-0.67,3.97,9,1,0,1,0
0,28,84.8,71.7,8.5,0.57,2.1,8,0,0,0,0
0,33,96.1,72.3,6.5,-0.1,3.26,8,3,2,1,0
0,17,76.3,66.3,7.5,0.57,1.58,8,0,2,0,0
0,-26,98.8,65.5,6.3,-0.19,2.18,8,2,2,1,0
0,4,79.7,75.3,8.1,0.27,1.89,8,1,0,0,0
0,29,73.2,79.2,7.4,0.7,2.56,8,0,0,0,0
0,7,71.3,67.6,7,0.42,1.35,8,0,1,0,0
1,28,108.5,81.5,7.7,-0.14,2.37,8,0,1,1,0
0,72,86.2,74.7,8.1,-0.47,2.91,7,2,2,1,1
0,20,90.7,64.7,7.4,0.66,2.67,7,1,0,0,1
0,19,109.5,73.9,7.6,-0.46,1.81,7,2,2,1,1
0,4,84.4,74.1,7.5,0.44,3,7,0,0,0,0
0,30,72,75.4,8.1,0.13,2.52,7,2,0,1,0
0,3,87.9,71.5,8.4,0.66,2.39,7,0,0,0,0
0,-24,96.5,70.1,7.5,0.39,1.26,7,2,2,1,0
0,21,75,76.4,7.8,0.59,1.57,7,0,0,0,0
0,6,76,74.1,8.3,0.75,1.97,6,0,0,0,1
0,12,100.1,71.6,7.1,-0.27,2.98,6,1,1,0,1
0,26,99.2,77.3,7.5,0.39,3.01,6,0,2,1,1
0,49,85.5,74.6,7.1,-0.15,3.3,6,2,0,1,1
0,45,96.2,70,7.6,-0.38,1.85,5,1,1,0,1
0,1,84,74.6,8.4,-0.76,2.62,5,3,2,1,1
0,28,86.7,72.9,8,-0.28,2.08,5,0,0,0,0
0,16,96,68.3,6.7,-0.85,2.36,5,3,2,1,0
0,2,102.3,69.7,6.2,0.85,3.2,5,1,1,0,0
0,37,99.1,74.8,6.7,0.03,3.87,5,1,1,1,0
0,13,77.4,63.5,6.2,-0.33,3.53,5,3,2,0,0
0,14,103.7,75,7,-0.33,2.48,4,1,2,1,1
0,36,88,70.7,8.1,0.14,1.77,4,2,1,0,1
0,23,88.1,70.8,7.3,-0.46,2.96,4,1,0,0,1
0,9,99.4,68.7,7.7,0.8,2.12,4,0,1,0,0
0,-16,91.4,83.7,6.9,-0.6,3.64,4,3,2,1,0
0,1,58.9,58.6,7,-1.37,2.33,3,0,1,1,1
0,16,98,65.4,8.2,0,1.43,3,1,2,0,1
0,-20,71,67.9,7.1,1.02,2.32,3,2,0,0,1
0,18,107.9,75.8,8,-0.03,2.77,3,1,0,1,1
0,11,102,75.6,8,0.44,2.64,3,1,1,0,1
1,22,104.2,72.6,6.7,-0.6,1.93,3,0,0,0,0
0,14,110.6,78.1,7.9,-0.73,2.86,3,2,2,1,0
0,22,99,67.3,7,0.1,2.16,3,1,0,0,0
0,17,106.1,74.6,7.9,-0.52,1.82,2,1,2,1,1
0,59,96.7,71,7.5,0.16,2.69,2,1,0,0,1
0,25,98.8,70,7.2,0.15,2.99,2,1,2,0,1
0,2,101.9,70.1,7.4,0.04,2.26,2,1,1,0,0
0,15,106.3,72.6,6.7,0.37,2.21,2,3,1,1,0
0,66,92,72.3,7.6,-0.61,2.57,1,0,1,0,1
0,-39,64.8,75.1,7.4,-0.05,2.22,1,3,1,0,1
0,-3,81.7,63.1,5.3,0.14,2.11,1,3,1,0,0
0,22,76.2,68.1,7.5,0.58,2.03,9,0,1,0,0
0,11,94.4,69.6,7.2,-0.26,2.06,9,0,1,0,0
0,-20,98.6,78,7.6,-0.55,1.41,9,0,1,1,0
0,-3,93.3,72.8,7.4,0.4,1.67,9,1,2,0,0
0,-8,88.9,77.5,7.8,0.39,2.53,9,2,1,0,0
0,48,97.8,86.8,7.9,0.11,2.59,9,1,0,0,0
0,8,97,66.6,6.1,-0.22,2.46,9,1,1,1,0
0,-22,84.1,52.3,5.5,-0.23,3.95,9,0,2,0,0
0,-27,79.6,72.8,7.1,0.13,2.71,8,2,2,0,0
0,-10,78.7,58.4,6.5,-0.09,2.02,8,1,1,1,0
0,37,98.8,71.6,6,-0.1,3.06,8,0,0,0,0
0,38,87.4,75.7,6.6,-0.35,2.53,8,2,2,0,0
0,30,87.4,67.3,6.6,-0.07,3.35,7,0,0,0,0
0,-11,73.8,73,7.2,-1.02,2.35,7,1,0,1,0
0,52,86,68.8,6.1,-0.08,3.24,7,1,1,1,0
0,14,93.8,66.1,6.7,-0.63,2.76,7,1,2,0,0
0,21,77.5,71.3,6.8,1.17,2.79,7,2,0,0,0
1,33,104.5,73.3,7,-0.54,3.16,7,1,0,0,0
0,8,63.6,57,5,-0.74,3.16,6,0,2,0,0
0,25,96.2,62.7,6.1,0.58,2.82,6,1,1,1,0
0,29,97.3,74.3,6.7,0.15,2.52,6,1,1,0,1
0,8,108.5,73.4,6.9,0.4,2.96,6,0,1,0,0
0,13,97.3,77,7.3,-0.49,1.92,6,0,0,1,0
0,2,91.7,75.7,6.6,-0.32,2.98,5,0,1,0,0
0,-47,72.5,74.3,7.3,-0.08,1.73,5,2,0,1,0
0,31,90.8,74.1,6.5,0.13,2.51,5,0,0,1,0
0,-31,69.6,76.3,7.9,-0.48,1.93,5,0,0,1,0
0,-10,78,55.5,5.6,-0.56,3.77,5,1,2,0,0
0,-17,71.9,70.5,7,-1.27,3.22,4,1,0,1,0
0,6,106.5,75.8,6.8,0.19,3.37,4,3,2,0,0
0,-16,91.2,71.9,7.8,0.32,2.57,4,1,0,0,0
0,77,93.1,76.4,8.4,-0.84,3.1,4,0,2,1,0
0,-16,92.7,79,7.6,0.05,1.97,4,2,2,1,0
0,42,79.6,68.1,7.1,-0.07,3.09,4,0,1,0,0
1,32,108.1,77.1,7.7,-0.04,2.44,3,2,1,1,0
0,-15,95.9,66.9,6.4,0.25,2.7,3,2,1,1,0
0,26,92.2,68.6,7.5,0.39,1.34,3,2,2,0,0
0,36,108,77.5,7.3,0.04,2.37,3,0,0,1,0
0,1,96.6,66.7,6.5,0.52,2.63,3,1,0,1,0
0,61,78.3,69.8,6.6,-0.72,2.94,3,0,0,0,0
0,-7,77.1,72.7,8.3,-0.54,1.3,2,0,1,1,0
0,1,84.9,75.6,7.9,0.19,2.33,2,1,1,0,0
0,-9,93.4,80.1,7,-0.16,3.07,2,1,0,0,0
0,-40,62.9,76.2,9.1,-0.3,1.94,2,2,2,1,0
1,31,109,80.9,6.8,0.2,2.66,2,2,1,1,0
0,49,80.3,69.3,6.6,-0.55,3.59,2,0,0,0,0
0,8,106.6,78.6,7.2,-0.01,1.79,1,1,1,1,0
0,44,97.2,77.3,7.2,-1.03,2.85,1,1,2,0,0
0,39,88.7,72.1,7.6,-0.26,3.1,1,2,2,1,0
0,11,104.9,74.8,6.8,-0.08,3.03,1,2,2,1,0
0,37,77.9,72.2,7.5,-0.78,1.71,1,2,2,0,0
0,35,91.9,76.8,6.7,0.04,3,1,1,2,1,0
0,45,86.5,64.6,7.7,-0.94,2.59,9,1,2,1,1
0,-3,108.1,80.3,8.4,-0.68,1.59,9,0,1,0,0
0,14,99.4,64.7,5.9,0.13,3.17,9,0,1,0,0
0,23,96.6,67.9,6.9,0.12,1.94,9,0,1,0,0
0,68,71.3,64,7,0.22,2.93,9,0,0,1,0
0,2,80.9,72.9,7.4,-0.52,2.09,9,1,1,1,0
1,28,108.8,79.9,7.6,-1.09,3.01,9,2,2,0,0
0,19,87.5,75.4,7.7,-0.38,2.16,9,0,0,1,0
0,-22,79.5,67.6,5.9,0.58,1.66,9,0,0,0,0
0,26,74,60.7,5.6,-0.24,3.08,8,0,1,0,0
1,32,113.6,81.3,8.5,0.37,1.7,8,0,0,1,0
0,44,89.1,75.1,7.9,-0.64,2.31,8,1,1,1,0
0,42,69.2,68.9,8,1.13,1.89,8,2,2,0,0
0,22,101,66.1,6.9,0.14,2.18,8,0,0,0,0
0,40,88.8,71,7,-0.33,2.88,8,0,2,1,0
0,20,89.9,64.7,7.1,0.85,2.37,7,1,2,0,1
0,-67,38.1,66.9,5.6,1.4,3.18,7,0,1,1,1
1,34,97.3,70.1,7.3,-0.28,2.71,7,0,1,0,1
0,-9,110,79.1,8.6,0.5,2.44,7,2,1,0,0
0,53,66.7,72.4,6.4,0.38,2.82,7,3,2,1,1
0,4,61.7,55.8,5.6,-1.16,3.47,7,0,2,1,1
1,27,105.5,73.3,7.4,0.21,2.88,7,1,1,0,1
0,22,102,76,7.6,-0.05,2.5,6,2,1,0,0
0,45,57.6,51.6,6.6,0.76,2.17,6,0,0,0,0
0,18,85.4,76.3,8.4,-0.68,2.12,6,0,0,1,0
0,-53,58.7,46.2,5.7,-0.78,3.74,5,2,1,0,0
0,8,66.5,65.2,7.4,-0.3,0.97,5,1,2,1,0
0,10,63.3,70.1,7.6,-0.39,2.14,5,1,1,1,0
0,62,64.2,71.7,6.8,0.03,3.4,5,2,2,1,0
0,2,93.6,73.9,7.3,0.44,2.16,5,1,2,1,0
0,1,98.1,63.7,7.4,0.65,1.75,4,1,2,0,0
1,19,113.9,80.3,7.7,0.41,2.56,4,1,0,1,0
0,4,98.6,69.4,7.4,0.09,3.25,4,2,2,0,0
0,-37,87.8,63.3,7.1,-0.66,1.96,4,1,2,1,0
0,6,74.1,64.1,7.8,0.97,0.97,4,2,2,0,0
0,54,71.5,74,6.9,0.1,2.64,4,0,0,1,0
1,24,103,74.7,7.7,0.21,2.84,3,1,2,0,0
0,-11,96.5,61.3,5.7,0.13,3.3,3,0,0,1,0
0,-42,64.3,55.9,5.6,-0.72,2.81,3,0,2,1,0
0,-4,67.3,70.4,7.5,0.1,2.19,3,0,0,1,0
0,-5,102.7,67.9,5.7,0.16,2.3,3,0,0,0,0
1,25,108.8,74.5,7.6,-0.03,2.29,3,1,2,1,0
0,12,105.6,74.4,7.4,-0.32,2.18,3,0,0,1,0
0,14,94.7,65.3,6.3,0.61,2.44,3,0,2,1,0
0,-73,48.3,64,5.1,0.5,2.07,2,1,2,1,0
0,33,88.6,69.1,6.2,0.15,3.08,2,1,0,1,0
0,38,94,67.6,7,0.75,2.1,2,0,0,0,0
0,-26,89.3,78.5,7.3,-0.03,2.89,1,0,1,0,0
0,67,90.3,76.5,7.8,-0.33,3.01,1,0,1,0,0
0,45,80.8,67.5,6.8,0.03,2.23,1,0,0,1,0
0,15,105.4,74.7,7.5,-0.14,1.81,9,1,2,1,1
0,8,85.4,64.9,5.4,0.1,3.07,8,1,2,1,1
0,39,96.8,67.6,7.3,0.37,3.47,8,3,2,0,0
0,22,104,77.7,8.5,0.28,1.71,8,2,2,0,0
1,35,99.4,71.9,7.7,0.32,2.89,8,0,1,0,0
0,-17,90,80.4,7.9,0.44,1.71,8,2,1,0,1
0,25,101.4,70,7.7,0.57,1.93,8,1,1,0,1
0,13,67.8,59.1,5.2,-0.48,2.84,8,2,2,0,1
0,40,94.4,73,6.4,-0.76,2.79,7,2,1,0,0
0,74,86.1,73.3,7.4,0.21,2.21,7,0,1,1,0
0,52,93.2,72.3,7.6,-0.17,2.2,7,0,1,1,0
0,-77,31.3,28,2.5,0.92,2.35,7,0,0,0,1
0,-22,67,73.4,7.4,0.48,1.27,7,0,1,0,1
0,59,78.5,75.9,7.6,-0.43,1.99,7,2,2,0,1
0,13,93.7,65.6,5.8,0.08,3.51,7,1,2,0,1
0,-17,88.5,73.2,8.5,0.29,2.04,6,0,0,0,1
0,-11,102.5,77.5,7.1,0.41,2.19,6,0,0,0,0
0,-18,68.8,76.7,8.2,0.71,2.26,6,2,2,0,0
0,-7,82.9,79.3,8.5,0.53,1.6,5,1,0,0,1
0,-35,56,71.3,7.9,0.56,1.21,5,0,2,0,1
0,31,101.5,74.1,6.5,-0.08,2.28,5,2,1,0,1
0,-10,96.2,72.2,7.9,-0.05,1.88,5,1,0,0,1
0,35,98.9,70.2,6.7,-0.2,2.71,5,1,2,0,0
0,53,79,68.7,7.2,-0.42,2.7,5,0,2,0,0
0,19,110.3,77.5,7.2,0.57,2.83,5,0,2,1,0
0,40,98.9,74.7,7.8,-0.09,2.15,4,1,1,0,1
0,-5,102.1,76.2,7.9,-0.09,1.93,4,2,2,0,1
0,-33,80,70.3,8.1,0.17,1.91,4,0,0,0,1
0,22,71.3,67.5,8.7,0.2,2,4,0,0,0,1
0,19,106.9,74.8,7.7,-0.04,2.22,3,1,2,0,1
0,-24,83.8,72.6,7.4,0.34,1.97,3,2,0,0,1
0,8,104.3,74,7.3,0.38,1.74,3,2,2,0,1
0,41,94.9,78.9,7.7,-0.42,2.94,3,1,1,0,0
0,-16,98.4,72.9,7.3,0.48,2.83,3,3,2,0,0
0,-14,84.9,68.2,7.2,0.12,2.45,3,1,2,0,0
0,-11,77.4,73.5,6.6,-0.56,2.62,2,2,2,0,1
0,65,76.7,76.5,7.9,0.55,2.68,2,1,0,0,1
0,49,85.5,69.5,6.7,-0.38,3.01,2,0,1,0,1
0,28,101.3,79.1,7.1,0.07,2.2,2,1,0,1,0
0,52,79.5,67.3,6.6,0.82,2.19,2,0,2,1,0
0,-25,95.3,75.2,6.9,-0.63,3.34,2,1,1,1,0
0,-19,105.6,75.3,8.2,1.18,2.07,1,2,2,0,1
1,25,106.1,74.3,7.3,-0.03,2.25,1,0,0,0,1
0,15,105.5,74,6.2,0.26,2.59,1,1,1,0,1
0,15,83.6,75.4,6.9,-0.22,2.48,1,0,0,0,1
0,19,72.2,74,8.2,0.85,1.85,1,1,2,0,0
0,10,99.3,78.9,8.1,0.73,2.34,1,3,2,0,0
1,26,109.2,75.8,7,-0.59,2.72,9,2,2,0,0
0,26,103.1,72,7.8,0.25,1.31,9,1,0,1,0
0,75,88.6,74,7.3,-0.17,2.89,9,1,1,0,0
0,51,83.4,68.4,7.1,-0.63,2.37,9,0,0,0,0
0,47,76.9,72.5,6.8,-0.15,3.36,8,1,1,1,0
0,45,68.2,62.9,6.6,1.14,1.47,8,1,1,1,0
0,-16,96.5,76.6,8.1,0.71,2.91,8,2,0,0,1
0,24,97.3,73.6,7.4,0.03,2.84,8,1,1,0,1
0,19,87.7,70,6.3,0.38,2.24,8,2,1,1,1
0,45,94.3,75.4,7.1,0.08,2,7,1,0,1,0
0,4,102.1,69.4,6.9,-0.72,2.8,7,0,1,0,0
1,21,103.6,73.6,7.8,-0.09,2.15,7,0,0,0,0
0,17,106,76.4,7.6,0.08,3.03,7,0,0,0,0
0,-12,65.8,55.6,6.8,0.06,1.2,7,1,1,0,0
0,68,92.7,83.9,6.6,0.32,3.66,7,2,2,0,0
0,28,98.5,69,7,-0.35,2.93,6,0,0,1,0
0,-17,106.1,77.6,7.8,-0.03,2.26,6,2,0,0,0
0,12,93.9,64,5.9,-0.31,1.72,6,2,2,1,0
0,-5,90.5,72.8,7.1,-0.55,2.31,6,1,0,0,0
0,3,84,56,6.7,-0.35,2.04,6,2,2,1,0
0,13,94.1,75.1,7.3,0.28,2.07,6,3,1,1,0
0,-10,93.8,63.5,6.7,0.12,1.51,5,3,2,0,0
0,3,29.9,4.8,0.8,-1.04,2.73,5,1,1,0,0
0,16,105,74.6,7.1,0.32,1.77,5,0,1,1,0
0,-21,93.2,72.1,7.2,-0.11,1.83,5,2,2,1,0
0,-38,61.4,71.7,7.4,-0.39,2.39,4,2,1,1,0
0,15,110.4,76.5,7.4,0.28,2.41,4,2,1,0,0
0,-1,95.3,68.5,7.2,0.54,2.94,4,3,1,0,0
0,7,67.4,75.4,8.5,0.66,1.99,4,1,1,0,0
0,25,101.6,71.4,7.2,-0.52,2.72,4,1,1,1,0
0,16,88.1,58.3,5.5,0.2,3.16,4,1,2,1,0
0,29,88.3,55,5.1,-0.37,3.08,3,1,2,1,0
0,-71,37.3,68.7,7.6,-0.65,2.33,3,2,1,1,0
0,64,90.7,80.3,7.7,0.59,2.86,3,1,2,0,0
0,-42,88.8,71.7,7.1,-0.31,1.8,2,3,1,1,0
0,-4,95.7,67.4,7.6,0.7,2.04,2,0,1,0,0
0,-20,80.8,77.9,7,-0.56,1.66,2,1,1,1,0
0,-11,91.4,67.7,6.6,0.27,2.39,2,1,1,1,0
0,31,103,74.5,7.8,0.11,2.21,1,2,1,1,0
0,-4,111.8,75,7.5,-0.4,1.82,1,2,2,0,0
0,-45,63.4,71.5,6.1,-0.48,1.52,1,1,0,1,0
0,-3,93.8,72.6,8.1,0.24,1.34,1,1,2,0,0
0,55,95,71.5,6.9,-0.26,3.26,1,3,2,1,0
1,40,103.8,70.8,6.9,-0.3,2.65,1,1,0,0,0
1,26,98.7,67.7,8,0.77,2.65,9,0,1,0,0
0,5,81.8,69.9,7.9,0.86,2.51,9,2,0,0,0
0,41,96.9,78.7,8.4,0.27,1.42,9,2,0,0,0
0,-11,101.2,68.2,7.5,0.24,1.83,8,1,0,0,0
0,-55,93.5,72,6.6,-0.06,1.92,8,1,2,0,0
0,-10,84.2,72.7,6.5,0.28,2.24,8,0,1,1,0
0,-31,75.5,76.1,7.7,0.24,1.55,8,2,2,0,1
0,20,110.5,76.7,7.8,0.68,2.25,8,1,0,0,1
0,-9,68.5,71,6.6,-0.26,2.6,7,0,1,0,1
0,14,81.8,76.3,6.9,-0.71,2.62,7,0,0,0,1
0,-15,91.9,70.1,6.7,-0.58,2.62,7,1,0,0,1
0,38,85.9,76.2,8.1,1.05,1.89,7,1,2,0,1
0,29,81.7,70.7,7.2,-0.44,2.5,6,1,2,0,1
0,8,94.1,70,7.9,-0.54,1.62,6,0,1,0,1
1,36,102.4,70.8,7.2,-0.6,2.84,6,0,2,0,1
0,-37,72.3,72,7.1,0.24,2.04,6,1,2,0,1
0,-6,111.6,77.6,7,-0.74,1.8,6,2,1,0,1
0,1,92.5,61.3,6.3,-0.09,1.59,6,0,1,0,1
0,39,101.5,70.4,7.8,0.37,3,5,1,1,0,1
0,-9,100,76.4,7.2,0.77,3.15,5,2,1,0,1
0,5,89.9,69.9,7.2,0.61,1.66,5,1,1,0,1
0,-6,109.9,73.5,6.9,-0.13,2.41,5,0,0,1,1
0,61,85.7,78.1,7.8,-0.78,2.48,4,0,0,0,1
0,0,89.8,75.3,8.5,0.16,1.88,4,0,0,0,1
0,7,102.2,74.6,7.5,-0.2,2.21,4,0,1,0,1
0,30,105.8,80.2,7.5,-0.38,1.8,4,2,0,0,1
0,-41,59.9,67.3,6.8,-0.2,1.75,4,0,1,0,1
0,12,63.5,61.5,6.8,-0.21,3.13,3,3,2,0,1
0,30,79.2,69.1,7.3,-0.49,1.75,3,1,1,0,1
0,52,76.1,73.3,6.8,-0.36,2.75,3,1,1,0,1
0,-25,104.1,75.6,6.8,0.27,2.18,3,0,1,1,1
0,-12,88.9,82.8,7.8,0.64,2.22,3,2,0,0,1
0,-2,96.4,66.3,6.7,-0.54,2.51,3,0,0,0,1
0,-34,65.2,72.4,8.5,0.7,1.86,2,1,1,0,1
0,83,82.9,79.3,7.7,-0.32,2.58,1,0,0,0,1
0,11,94.5,68.2,7.8,-0.15,2.97,1,0,0,0,1
0,-15,65.6,59.6,7.2,-0.08,1.78,1,0,2,0,1
0,38,66.1,71,7.4,-0.83,2.48,1,0,1,0,1
0,-21,104.2,81.3,7.2,0.38,1.83,1,0,0,0,1
0,-10,97.9,71.7,6.9,0.79,2.42,1,0,1,0,1
0,-11,75.7,63.3,5.3,-0.72,2.84,9,1,2,0,0
1,24,109.7,72.9,7.5,0.49,2.01,9,3,1,1,0
0,36,97.8,75.3,6.8,-0.55,3.21,9,1,1,1,0
0,-28,88.2,75.9,7.4,0.14,2.25,9,1,2,1,0
0,-29,94.2,67.1,5.5,0.31,1.88,8,0,0,1,1
0,29,95.8,69.9,7.5,1,2.82,8,2,1,0,1
0,11,98.8,66.2,6.5,0.42,2.52,8,1,2,0,1
1,22,101.2,71,8.1,0.56,1.61,8,1,2,1,1
0,32,84.9,74.5,7.6,0.89,2.3,8,1,1,0,1
0,16,102.6,70.5,7.8,0.6,2.11,8,1,2,1,1
0,-9,62.7,62.9,6.2,0.89,2.52,8,0,0,1,0
0,7,103.8,72.6,7,-0.11,1.89,8,0,2,0,0
0,16,99.6,69,8.1,-0.38,1.92,8,2,1,0,0
0,-5,99,65.8,5.5,-0.7,2.5,8,0,1,0,0
0,29,77.5,73,7.7,0.04,1.53,7,1,2,1,0
0,3,95.1,63.4,5.9,-0.46,2.37,7,3,2,1,0
0,62,77.3,66.2,8.1,0.83,2.76,7,1,1,0,0
0,22,98.7,63.9,6.9,0.66,2.76,7,0,0,0,0
0,51,93.2,72.4,7,0.32,2.76,7,1,2,1,1
0,45,101.7,72.7,8,0.22,2.31,7,0,0,0,1
0,64,88.4,78.1,8.1,-0.16,1.84,7,2,1,0,1
1,29,107.2,74.6,6.9,-0.07,2.3,7,2,0,1,1
0,26,82.9,68.2,7.1,-0.23,2.57,6,1,1,1,0
0,35,89.9,72.8,6.4,-0.64,3.47,6,2,0,0,0
0,3,96.7,78.7,7.6,-0.09,2.86,6,1,2,0,1
0,49,67.4,67.2,7.3,0.68,1.92,5,0,1,0,0
0,73,74.4,71.3,6.8,0.91,3.1,5,0,0,1,0
0,4,87.5,65.5,5.1,0,2.64,5,2,2,1,0
1,24,101.5,67.3,8.5,0.31,2.03,5,1,2,0,0
0,-39,70.4,64.7,7.8,-0.58,1.97,5,1,1,1,1
0,33,85.8,65.9,6.8,-0.53,3,5,0,1,0,1
0,-18,105.5,71.2,5.7,0.02,2.25,4,3,2,0,0
0,27,100.2,74,7.9,0.3,2.01,4,3,2,1,0
0,16,87.7,68.1,6,0.18,3.12,4,1,2,0,1
0,47,103.3,76.3,7.8,0.13,2.89,4,0,1,0,1
0,-1,74.7,73,7.5,-0.34,2.3,3,0,0,1,0
0,53,83.1,65.8,7.1,-0.02,1.77,3,2,2,0,0
0,9,90.7,65.7,7.6,-0.57,1.85,3,0,1,1,0
0,23,95.9,71,7,0.53,1.97,3,2,1,0,1
0,65,85.6,71.2,7.4,0.03,2.99,3,0,2,1,1
0,-4,94.2,76.4,7.3,-0.01,1.67,2,0,0,0,0
0,0,102.8,70.2,7.2,-0.25,2.58,2,1,2,1,0
1,26,96.8,72.5,7.3,-0.94,1.79,2,0,1,0,0
0,29,100.1,71.5,7.4,-0.3,1.53,2,1,2,1,0
0,9,70.3,57.8,7.6,0.53,2.83,2,0,0,0,0
0,34,93.4,70,7.2,-0.25,2.67,2,0,0,0,1
0,79,78.1,77.4,8.2,-0.4,2.11,2,1,1,0,1
0,-49,62,75.2,7,0.34,1.93,2,2,2,0,1
0,-26,78.9,66.3,6.8,-0.27,2.93,1,3,2,1,0
0,-3,76.9,77.7,7.5,0.6,1.77,1,1,2,0,0
0,-2,78.6,72.8,8.7,0.58,1.14,1,1,2,0,0
0,-3,73.2,69.2,8,0.64,2.12,1,0,2,0,1
0,5,75.1,72.7,8.1,0.49,2.45,1,1,2,0,1
0,-3,103.1,70.8,6.8,-0.25,2.71,1,0,0,1,1
0,17,77.1,66.8,6.6,-0.53,2.7,1,1,2,0,1
0,5,110.5,72.4,7,-0.12,2.34,1,0,1,1,1
0,21,81.9,69.3,6.8,0.1,1.83,11,0,0,1,1
0,4,105.4,72.7,6.5,0.62,2.82,11,0,1,0,1
0,-12,76.4,73.1,6.8,0.24,3.48,11,1,1,1,0
0,72,92.5,74.1,8.3,0.22,2.48,11,0,1,1,0
0,-5,98.1,66,7.2,0.8,2.79,11,1,1,0,0
0,-29,65,73.3,8.2,-1.35,1.97,10,2,2,1,0
0,50,72.1,70.2,8.6,-0.59,1.27,10,0,2,1,0
0,43,88.7,72.7,7.6,0.79,2.82,10,2,1,1,0
0,-6,100.7,86,7.3,0.49,2.68,9,0,0,0,0
0,-50,57.7,74.7,7.8,-0.7,2.84,9,0,0,1,0
0,3,92.2,69.8,7.9,-0.15,2.68,9,3,2,0,0
0,-40,66.2,49.1,6.1,0.63,3.27,9,0,1,0,0
0,-45,62.2,74.9,8.2,-0.37,1.38,9,1,2,1,0
0,30,93.4,61.3,7.2,0.15,3.09,8,2,2,1,0
0,16,88.2,68.8,7,-0.71,2.72,8,3,2,1,0
0,56,68.6,65.9,7.6,-0.91,2.53,7,1,2,1,0
0,0,99.6,69,8.2,0.65,1.24,7,1,2,1,0
0,53,100.2,73.8,7.8,-0.2,2.69,7,1,0,0,0
0,56,96.1,71.4,8.1,-0.26,2.45,6,2,0,1,0
0,17,94.5,78.2,6.3,-0.22,3.64,6,2,2,0,0
0,35,68.1,61,7.2,0.73,2.5,6,0,0,1,0
0,33,104.3,74.5,7.7,-0.16,2.56,6,0,0,0,0
0,22,98.2,73.2,6.4,0.04,3.3,5,2,2,0,0
0,-19,98.1,80.5,6.5,-0.32,3.22,5,1,1,1,0
0,31,101.7,67.4,7,-0.38,2.15,4,3,2,0,1
0,1,97,66,7.8,-0.05,1.69,4,3,2,0,1
0,9,96.6,67.6,7.1,-0.03,2.72,4,0,0,0,1
0,21,105.6,77.9,7.6,0.06,2.09,4,1,1,0,1
0,7,87.1,76.4,8,0.63,1.94,4,1,0,0,1
0,10,100.9,72,7.7,-0.42,2.65,4,0,0,0,0
0,-42,70,68,6.7,0.03,2.69,3,3,2,0,1
0,56,86.6,73.5,7.6,0.1,3.15,3,1,1,1,0
0,-9,64.1,77.4,6.8,0.42,3.11,3,1,0,1,0
0,-38,77.7,76.5,7.4,-0.62,1.99,3,0,0,0,0
0,3,101,67.2,6.9,-0.69,2.42,2,3,1,0,1
0,2,94.4,74.1,7.8,0.54,1.77,2,1,2,0,1
0,4,98.5,75,6.9,-0.41,2.02,2,1,0,0,1
0,34,95.3,74.6,6.4,0.17,2.76,2,2,2,0,1
0,31,91.3,76.4,7.6,0.21,2.79,2,3,2,1,0
0,22,92.9,75.8,8,0.58,2.17,1,0,2,0,1
0,-20,93.8,74,7.8,-0.25,1.94,1,0,0,0,1
0,-48,54.6,71.4,7,-0.24,1.83,1,0,0,1,1
0,51,77,75.1,8,0.36,3.17,1,1,2,0,0
0,24,102.4,79.6,7.5,-0.58,2.56,1,1,0,1,0
0,25,100.2,75.9,7.9,-0.25,2.81,1,0,0,0,0
0,28,87.6,75.3,7.7,0.11,2.64,1,3,2,1,0
0,-20,88.1,68.4,8,0.91,1.98,9,1,2,0,0
0,-36,93.5,80.1,7.6,-0.07,2.25,8,0,2,0,0
0,-1,108.5,77.7,7.4,-1.21,2.27,8,1,1,0,0
0,0,93.8,65.9,6.6,0.17,2.88,8,0,2,0,0
0,15,89.8,61.3,6,0.8,2.49,8,3,2,1,0
0,4,84.4,74.3,8,-0.33,1.38,7,3,2,1,1
0,15,87.3,62.4,5.6,-0.09,2.44,7,1,2,1,1
0,-49,64.5,75.2,8.1,1.27,2.32,7,1,2,0,1
0,42,55.7,68.8,6.2,1.04,2.63,7,0,1,1,1
0,30,68.3,52.2,7.1,0.06,1.55,6,3,2,1,0
0,59,63.1,65.3,7.9,-0.73,2.64,6,0,1,0,1
0,10,85.5,70.1,6.4,0.62,2.71,6,0,0,1,1
0,45,94.2,72.1,7.6,0.1,3.33,6,0,1,0,1
0,-7,82.1,67.8,7.2,-0.24,1.42,5,0,1,1,0
0,-4,76,59.2,5.4,0.51,3.49,5,2,1,1,0
0,-13,88.6,77.7,7.4,0.62,2.69,5,1,1,0,1
0,21,98.1,75.1,7.5,0.27,2.38,5,0,1,0,1
0,13,95,62.4,6.1,-0.43,3.06,5,1,1,1,1
0,-15,93.5,63.2,5.7,-0.4,3.24,4,0,0,1,0
0,22,97.2,72.9,7.5,0.74,2.59,4,0,0,0,0
0,-4,106,74.2,7.1,-0.56,1.72,4,3,2,1,0
0,-59,60.3,71.5,6.8,-0.78,2.33,4,2,2,1,0
0,-17,91.5,70.6,6.7,-0.46,2.34,4,0,1,0,0
0,20,106.5,78,8.8,0.23,1.88,4,0,0,1,0
0,-16,78.7,68.4,7.3,-1.14,2.2,4,1,2,1,0
0,45,83.7,68.6,7.1,1.09,2.62,4,1,2,0,0
0,0,66.3,63.7,7.3,-0.43,1.37,3,2,2,1,0
0,33,96.4,70.6,6.9,1.06,1.81,3,2,0,1,0
0,-14,78.7,70.6,7.8,-0.85,1.66,3,2,2,1,0
0,64,91.9,75.4,7.5,0.09,3.17,3,1,0,1,0
0,42,87.3,68.5,7.4,-0.16,1.74,3,2,2,1,0
0,23,86.7,67,6.3,-0.6,2.84,3,1,1,0,0
0,20,89.7,75,7.7,0.26,2.26,2,1,0,1,0
0,11,102.7,70.5,6.9,-0.18,2.8,2,1,2,1,0
0,-18,58.3,68.3,8.6,-0.77,1.96,2,1,0,1,0
0,23,95.8,71.9,6.5,-0.03,2.75,2,1,1,0,0
0,35,96.3,71.8,6.9,-0.32,2.76,2,2,1,1,0
0,-7,101.5,72.4,6.8,-0.39,1.88,1,2,2,1,0
0,88,79.3,74.2,7.9,0.17,1.99,1,2,2,1,0
0,17,91.8,62.5,5.8,-0.16,2.32,1,1,1,1,0
0,21,93.8,64.6,6.9,0.54,2.25,1,0,0,0,0
0,16,112.5,77.3,7.5,-0.29,2.5,1,2,2,1,0
0,82,87.6,79,8.2,-0.37,2.6,1,0,1,0,0
0,-6,88.5,70.8,7.1,-0.1,2.94,1,1,1,1,0
0,-5,103.2,68,5.5,0.08,2.92,9,3,2,1,1
0,1,27.5,9,1.2,-0.06,3.32,9,1,0,0,0
0,8,101.6,72.2,7.3,-0.11,1.86,9,0,1,0,0
0,5,74.7,73.1,7.4,0.06,2.13,9,3,2,0,0
0,-6,92.2,65.6,8.2,-1.24,2.1,9,0,2,1,0
0,18,81.2,68.5,7.4,-1.22,1.9,9,1,1,1,0
0,13,93.6,65.2,6.8,-0.96,2.12,9,1,0,1,0
0,-16,88,75.9,7.9,-0.57,2.17,9,1,1,1,0
0,45,94.3,70,7.9,-0.15,2.29,8,0,0,1,0
0,-4,110.4,73,7,-0.21,2.76,8,3,2,1,0
0,-7,107.9,73.5,7.2,0.42,1.28,8,3,1,1,0
0,22,99.7,67.4,6.8,-0.34,2.86,8,2,2,1,0
0,16,84.8,69.5,6.4,-0.53,2.74,7,2,1,0,1
0,19,107.8,75.8,7.3,0.04,2.22,7,1,0,1,0
0,-21,74.3,69.5,7.9,-0.17,1.69,7,0,0,1,0
0,-7,67.4,78.9,7.2,-0.73,2.65,6,0,1,0,0
0,18,100.6,72.6,7.3,-0.49,2.32,6,1,1,1,0
0,-7,99.4,72.5,8,-0.6,2.07,6,3,2,1,0
0,-35,56.2,64.7,9.2,-0.15,1.83,6,0,0,1,0
0,3,112.1,79.8,8.2,0.08,1.94,6,2,0,1,0
0,28,86.8,70,7,-0.11,2.61,5,0,1,0,0
0,-3,106.1,72.8,7.7,-0.63,3.07,5,0,1,1,0
1,26,111.6,74.8,7.3,0.01,3.14,5,2,0,0,0
0,55,99.3,77.3,7.7,-0.27,2.9,5,2,1,1,0
0,25,100.6,77.8,6.9,-0.29,3.32,5,2,1,0,0
0,-30,55.9,57.2,5.9,-0.85,2.66,5,1,2,0,0
0,34,96.5,74,7.1,-0.33,1.92,5,2,2,1,0
0,-5,104.2,68.8,8.2,-0.8,2.57,5,1,2,1,0
0,39,76.7,66.9,6.5,0.61,2.77,4,1,2,0,0
0,22,100.4,72.1,7.6,-0.37,2.16,4,3,2,1,0
0,7,98.2,64.6,6.5,-0.95,3.33,4,1,2,1,0
0,-34,95.2,69.4,6.6,0.09,2.48,4,0,0,1,0
1,29,108.7,77.6,7.4,-0.43,2.96,4,2,0,1,0
0,-76,65.2,62.1,6,0.03,2.72,4,2,1,1,0
0,43,86.5,71,7.5,0.72,1.96,3,0,0,1,0
0,-1,84.9,72.1,7.2,-0.28,2.47,3,0,1,0,0
0,15,85.8,70.4,7.2,0.22,2.72,3,0,0,1,0
0,6,109.1,78.2,7.6,0.05,2.19,3,1,1,0,0
0,-8,108.2,77.6,7.7,-0.18,1.78,3,0,2,1,0
0,22,94.4,61.3,6,0.45,2.6,3,0,0,0,0
0,-12,81.7,75.5,7.2,-0.25,1.93,3,1,1,1,0
0,-19,100.7,70.1,6,0.02,2.21,2,0,1,0,0
0,20,97.7,66.8,6.9,-0.08,2.43,2,1,1,1,0
0,19,99.2,72.9,7.8,0.09,3.2,2,0,0,0,0
0,27,91.5,69.9,7.6,-0.44,3.59,2,1,1,1,0
0,-8,93.9,72.6,8.1,-0.33,2.09,2,0,1,1,0
0,52,98.2,74,7.8,0.93,2.35,1,0,0,1,0
0,30,97.9,73.3,7.7,-0.73,2.22,1,1,2,1,0
0,48,99.1,76,7.5,-0.39,2.44,1,2,1,0,0
0,18,109,86.6,7.9,0.1,2.89,1,3,1,1,0
0,29,80,64.2,8.1,0.45,1.54,9,3,2,0,0
0,41,74.5,67.5,6.2,-0.5,2.04,9,1,2,1,1
0,28,93.7,82.5,8.2,0.15,2.6,9,2,0,0,1
0,-14,69.8,71.6,5.5,-0.5,2.19,9,2,1,0,1
0,52,88.7,69.9,8,-0.27,1.92,8,0,1,1,1
0,11,102.2,72.7,7.4,-0.34,1.62,8,0,0,0,0
0,10,105.3,75.2,7.2,0.14,2.15,8,0,2,0,0
0,-1,96.4,75.2,7,-0.11,2.77,8,1,0,0,0
0,3,68,79.7,6.7,0.24,2.77,8,3,2,1,0
0,9,87.5,76,8.4,0.81,1.81,8,2,2,0,0
0,74,62.4,72.6,8.8,0.61,1.98,8,2,2,0,0
0,27,99.6,75.5,7.2,-0.09,2.35,7,0,1,0,0
0,20,100.7,72.7,6.8,-0.45,1.99,7,1,0,1,1
1,40,101.5,75.2,7.4,-0.16,3.19,7,0,1,0,1
0,19,96,71.2,7.4,-0.65,2.56,7,1,1,1,1
0,-4,95.2,73.5,7.6,-0.48,1.94,6,1,2,1,0
0,30,94.8,70.6,7.3,0.06,2.05,6,3,2,1,0
0,8,103.7,75.8,7.7,0.13,1.52,6,0,1,0,1
0,-15,88.1,69.1,8.2,0.29,1.86,6,0,2,0,1
0,36,72.9,77.4,8,-0.23,1.67,6,1,1,0,1
0,22,77,59.3,7.1,-0.53,3.03,6,2,1,1,1
0,-17,97.4,77.1,7.3,0.09,2.16,5,2,2,1,1
0,59,89.4,69.7,8.2,-0.67,2.22,5,0,0,0,1
0,-44,91.8,72.9,6.4,-0.15,2.25,5,1,0,1,1
0,-18,68.5,67.9,7.2,-0.84,2.06,5,1,1,1,1
0,-19,85.9,69.1,6.9,0.86,2,5,2,1,0,1
0,27,99,76.1,7.3,-0.04,2.16,4,0,0,0,1
0,-16,98.7,76.2,8.5,-0.24,2.05,4,0,0,0,1
0,-28,60.1,61.1,5.6,-0.51,3.08,4,3,2,0,1
0,16,98.9,66.5,8.6,-0.16,1.27,4,1,2,0,1
0,36,87.6,75.9,8.3,0.8,2.33,4,0,1,0,1
0,11,76.7,82.3,8.6,-0.21,1.39,4,3,1,0,1
0,-46,60.9,75.7,6.6,0.13,1.74,4,1,1,0,1
0,33,97.6,82,7.7,-0.57,1.8,4,1,1,0,1
0,55,96.9,77.1,7.2,-0.6,2.73,3,0,0,1,1
0,7,96,78.3,8,-0.35,1.96,3,1,0,0,1
0,45,94.3,77.8,8,-0.19,1.88,3,0,0,0,1
0,16,102.4,74.3,7.5,0.35,2.14,3,0,0,0,1
0,13,75.8,69.2,5.7,0.19,3.19,3,0,0,1,1
0,6,83,73,6.2,-0.54,2.47,3,1,2,0,1
0,4,99.8,71,7.9,0.13,3.38,2,0,2,0,1
0,22,101.7,72.7,7.2,-0.02,2.6,2,0,1,0,1
0,16,108.1,78.1,7.8,0.63,2.37,2,1,0,0,1
0,7,105.7,76.2,7.6,0.15,2.75,2,0,0,0,1
0,19,110.7,78.2,7.7,-0.26,1.95,2,0,1,0,1
0,-8,68.8,76,6.8,0.42,2.27,1,2,2,1,1
0,22,99.5,68.4,7.6,-0.23,2.42,1,0,0,0,1
0,16,70,63.5,7.6,-0.67,2.43,1,1,2,1,1
0,18,101.1,68.6,6.7,0.1,2.98,9,0,1,0,1
0,40,90.1,76.5,7.3,0.07,2.96,9,1,1,0,1
0,26,92.3,67.9,6.9,0.51,2.81,8,3,2,0,1
0,19,100.7,75.2,7.5,0.44,1.8,8,2,0,0,1
0,-3,102.6,72.5,6.9,-0.16,2.75,8,0,0,1,1
0,70,71.5,66.6,7.8,-0.69,2.35,8,0,1,1,0
0,-12,62.7,70.6,7.5,-0.65,2.78,7,2,2,1,1
0,66,86.8,72.6,7.1,-0.61,3.18,7,3,1,1,1
0,-12,95.1,62.5,6.1,0.02,3.11,7,0,1,1,0
1,30,103.6,76.9,6.9,-0.03,3.63,7,0,0,0,0
0,12,97.1,70.6,6.4,0.16,2.93,7,2,0,1,0
0,-1,98.4,70,8,-0.82,2.64,7,2,2,1,0
0,-28,77.3,72.9,7.8,-0.12,1.5,6,0,1,0,1
0,10,100.8,77.3,7,0.42,2.4,6,0,2,0,1
0,15,99.3,70.5,7.8,0.27,2.06,6,1,2,0,1
0,6,94.1,75.6,7.4,-0.33,1.81,6,1,2,0,1
0,-8,103.9,74.8,6.6,0.19,2.38,6,1,1,0,1
0,-17,93.7,75.4,6.2,-0.19,2.37,6,2,0,1,0
0,21,95.4,73.9,6.9,0.82,2.95,6,1,1,1,0
1,20,106.7,76.4,7.3,0.24,2.53,5,3,2,0,1
0,22,104.3,80.2,7.4,0.92,2.85,5,2,1,1,1
0,6,103.3,75.7,7.1,0.03,2.58,5,1,0,0,0
0,-1,94.6,74.8,7.8,-0.27,2.31,5,1,1,0,0
1,32,107.8,71.3,7.1,-0.63,3.11,5,3,1,0,0
0,16,94.9,76.4,7.7,-0.65,2.11,5,2,1,0,0
0,-27,93.2,63.7,6,-0.21,2.82,5,0,2,1,0
0,-35,79.5,72.4,7.2,-0.73,1.79,5,1,2,1,0
0,44,93.3,61.6,7.1,0.09,2.09,4,2,2,0,0
0,51,90.9,69.9,8,0.59,1.98,4,0,0,1,0
0,47,97.4,77.3,7.6,0.32,3.21,4,1,0,1,0
0,17,96.1,76.3,7.7,-0.17,2.49,4,3,1,1,0
0,60,86.2,68.2,7.2,-0.05,3.33,4,1,1,0,0
0,7,79.6,66.5,5.7,1.03,3.59,4,0,0,1,0
0,34,91.9,77.3,7.3,0.16,2.27,3,1,2,1,0
0,12,78.2,72.9,8.2,0.81,1.75,3,2,1,0,0
0,31,74.1,69.9,8.6,-0.34,1.28,3,0,0,0,0
0,9,103,71.7,7.2,-0.76,2.12,3,2,2,0,0
0,-9,99.4,69.8,6.1,0.39,2.78,3,3,2,1,0
0,59,87.8,71.5,7,1,2.86,3,2,2,1,0
0,16,107.6,75.1,7.7,0.01,1.85,3,3,2,1,0
0,-22,66.5,72.2,6.4,0.18,3.01,3,0,1,0,0
0,26,100.3,70.3,7.6,0.14,1.66,2,0,1,0,0
0,18,60,77.7,6.5,-0.92,2.97,2,1,2,0,0
0,39,101,67.1,8,0,1.99,2,3,2,1,0
0,69,74.8,71.7,7.5,0.19,2.06,2,0,1,1,0
0,76,83.7,79.9,7.2,-0.39,3.21,1,3,2,0,0
0,4,101.4,71,8,0.25,1.2,1,3,2,1,0
0,-9,101.1,70.7,7.5,0.89,2.23,1,1,2,0,0
0,16,92.8,71.1,6.7,-0.37,1.41,1,2,2,1,0
0,22,96.2,65.7,6.4,-0.09,2.37,1,1,0,1,0
0,53,83.7,70.9,7.5,-0.6,2.57,9,0,1,0,0
0,5,97.6,67.9,7.2,-0.73,2.54,9,2,1,1,0
0,37,100.1,79.3,7.3,0.31,2.41,9,0,2,0,0
0,63,91.1,71.7,7.8,0.06,2.34,9,0,1,0,0
1,37,102.7,77.2,7.8,0.1,2.35,9,0,0,1,0
0,33,78.9,66,7.3,1.06,2.46,8,2,0,0,1
0,13,95.1,71.7,6.4,0.78,2.99,8,0,1,1,1
0,40,101.2,77.1,7,-0.21,2.77,8,2,2,1,1
0,0,101.2,76.4,6.9,0.16,2.17,8,3,2,0,1
0,0,110.7,77.8,8.2,0.34,1.54,7,1,0,0,1
0,-17,95.9,71.7,7.3,0.14,1.88,7,2,2,1,1
0,33,92.2,71.5,6.7,-0.11,2.36,7,0,1,0,1
0,-35,76.9,68.7,7,0.36,2.58,7,1,2,1,1
0,-51,48.7,78.3,8.2,0.56,1.67,7,2,0,0,1
0,-11,79.7,76.1,8.3,0.64,2.3,7,1,0,0,1
0,8,102.9,72.3,7.9,0.18,2.35,7,0,1,1,1
0,35,101.3,73.9,7.6,0.21,2.19,6,0,0,1,1
0,2,98.8,74.5,8.2,0.09,1.65,6,1,2,0,1
0,12,98.2,76,8.6,0.19,1.79,6,3,1,0,1
0,36,103.3,73.5,7.3,-0.28,2.08,6,1,2,0,1
0,-4,88.3,64.3,6.1,-0.74,3.61,6,0,0,0,0
1,32,99.7,72.5,7.6,-0.24,2.8,6,1,0,1,0
0,15,98.4,69.2,7,0.84,1.78,5,0,0,1,1
0,28,79.6,70.6,8.3,-0.74,1.71,5,0,1,0,0
0,57,96.3,74.1,7.1,0.24,2.5,4,1,1,0,1
0,7,106.3,76.5,6.8,-0.31,2.39,4,1,1,0,1
0,49,84.5,70.4,7.6,-0.82,1.86,4,2,2,1,1
0,25,71.3,67.8,6.7,-0.41,3.59,4,1,2,0,1
0,15,101.3,71.8,7.4,0.05,2.15,4,1,1,1,1
0,35,97.9,75.3,7.6,0.04,2.5,4,1,1,0,1
0,-8,85.1,66.7,6.3,0.59,1.73,4,2,1,1,1
0,-3,97,74.9,7.6,0.1,2.4,4,0,1,0,0
0,49,84.5,70.1,6.9,0.07,3.35,4,3,2,1,0
0,42,89.7,74.5,7.9,0.19,2.16,3,1,2,0,1
0,-13,86.9,68.3,5.4,1.03,2.64,3,0,2,1,1
0,9,98.9,72.6,6.9,0.67,2.88,3,3,2,0,1
0,5,87.8,60.8,5.8,-0.69,2.47,3,1,2,0,0
0,19,57,63.5,8.7,1.85,0.91,3,0,2,0,0
1,30,100.7,75.6,8.2,0.14,1.9,3,1,0,1,0
0,17,76.1,60.1,7.5,-0.35,0.95,3,0,1,1,0
0,71,89,74,7.8,0.41,2.28,3,1,1,0,0
0,3,92.6,80.7,7.7,-0.05,1.1,3,3,1,1,0
0,4,100.5,75.9,6.9,0.09,2.52,3,0,0,1,0
0,14,102.4,66.1,5.7,-0.18,3.9,3,1,2,0,0
0,3,79.4,74.6,7.8,0.5,2.96,3,0,0,1,0
0,2,86.9,65.8,6.4,-0.35,2.36,3,1,2,0,0
0,-57,55.3,74.1,8.2,1.02,2.36,2,0,1,0,0
0,-18,92.4,72.3,7.8,0.2,2.14,2,0,0,1,0
0,-33,73.7,69.5,7.7,1.03,2.04,2,0,2,0,0
0,22,42.3,53.1,5.7,0.9,3.22,2,0,2,1,0
0,27,103.2,74.4,7.8,-0.14,1.63,2,1,2,1,0
0,24,93.9,70.8,6.9,-0.73,2.45,1,3,2,0,0
0,17,78.7,76.9,7.8,-0.33,1.01,1,1,2,1,0
0,-17,65.6,61.9,7.2,-0.77,1.73,1,2,1,1,0
1,23,108.9,78.7,7.6,-0.75,1.81,1,0,0,0,0
0,11,107,77.8,8.4,-0.07,1.92,1,1,1,1,0
0,20,90.7,69,6.8,-0.44,2.29,1,0,0,0,0
0,-15,107,72,7.8,-0.26,2.26,1,1,2,1,0
0,36,91.4,74.4,6.5,-0.3,2.36,9,3,1,0,0
0,15,105.8,78.5,6.8,0.54,2.74,9,0,0,1,0
0,-19,93.3,68.2,6.6,-0.43,2.76,9,0,1,1,0
0,-4,73.2,75.6,7.3,-0.29,1.88,9,0,0,1,0
0,-9,72.1,70.2,6.4,-1.23,2.52,9,0,0,0,0
0,6,94.9,75,7.4,-0.42,2.67,9,1,1,0,0
0,-14,103.1,78.8,8,0.54,2.58,9,0,1,0,0
0,-24,92.8,70.2,7.6,0.27,2.88,8,2,1,0,0
0,61,86.7,73.3,8.1,-0.13,1.49,8,1,2,0,0
0,40,104.1,74.2,7.3,-0.35,2.79,8,0,2,0,0
0,59,57.9,60.1,6.1,-0.94,3.33,8,2,2,0,0
0,-2,68.9,73.4,8,0.23,1.86,8,3,2,1,0
0,34,100.2,77.6,7.7,-0.11,2.5,8,1,1,0,0
0,1,101.4,77.8,6.9,-0.73,1.97,7,0,0,0,0
0,-47,76.3,70,6.9,0.49,2.01,7,1,2,1,1
0,-39,77.2,63.2,6.5,0.63,2.53,7,2,2,0,1
0,-21,84.5,71.2,6.9,-0.44,2.15,7,1,2,0,0
0,5,88.1,67.1,6.7,-0.58,1.47,7,3,1,1,0
0,-9,82.9,75.6,7.5,-0.1,1.41,6,1,1,0,0
0,33,78.3,64.3,6.6,-0.7,3.2,6,0,0,0,0
0,26,91.3,72,8.2,0.75,1.65,6,1,0,0,1
0,17,81.6,65.6,5.9,-0.05,2.91,6,1,1,0,1
0,21,100.4,78.1,7.6,-0.38,2.33,6,0,1,0,1
0,-8,90.8,69.9,7.6,0.22,2.03,6,1,2,0,1
0,-4,105.2,78.7,7.4,0.04,2.47,5,0,0,1,0
0,41,64.8,64.8,6.3,-1.12,2.82,5,3,1,0,0
0,-18,81.3,73.2,6.9,0.45,1.64,5,1,2,0,1
0,2,103.7,77.5,7.9,0.75,2.1,5,1,1,0,1
0,13,106.2,72.1,8,-0.01,2.94,5,1,2,0,1
0,21,106.9,79.3,8.2,0.35,2.37,5,2,1,0,1
0,51,80.5,76.1,7,-0.22,3.57,4,1,1,1,0
0,-9,111.2,76.5,7,-0.81,1.67,4,2,2,0,0
0,14,100.4,69.9,7.5,0.24,3,4,0,0,1,0
0,-6,102.3,69.9,7.3,-0.13,2.3,4,0,0,0,1
0,-11,90.5,72.1,6.6,-0.59,2.49,3,0,0,0,0
0,21,90,63.3,7.5,-0.11,1.44,3,1,2,1,0
0,43,80,59.1,7.9,0.14,1.94,3,0,1,0,1
0,-17,68.4,47.2,5.6,0.34,3.74,3,1,1,0,1
0,-22,96.3,73.4,7,-0.08,1.94,3,0,2,0,1
0,-22,86.5,65.2,7.3,0.71,2.55,2,1,1,0,0
0,60,88.3,70,6.9,0.55,3.08,2,0,1,1,0
0,17,95.1,75.7,7.8,-0.56,2.31,2,1,0,0,0
0,50,81.2,78.1,7.2,-0.47,2.82,2,2,0,0,1
1,21,105.5,73.9,7.4,-0.52,1.66,2,1,1,0,1
0,6,95.9,77.4,7.5,0.55,2.12,1,2,2,0,0
0,6,106.8,69.7,7,-0.5,2.06,1,1,1,1,0
0,-28,86.2,72.8,6.7,0.39,1.84,1,0,0,0,1
0,22,96.5,70.2,6.3,0.58,2.84,1,2,1,0,1
0,4,76.6,69.5,7.4,0.6,2.59,9,1,1,0,0
0,13,84.7,74.5,7.8,-0.17,1.72,9,0,2,1,0
0,-1,63.1,72.4,8.3,0.45,2.19,9,0,0,0,0
0,4,111.2,76.7,7.2,-0.04,1.83,9,0,0,1,0
0,11,90,69.9,7.4,0.55,2.08,8,1,0,0,0
0,-3,103.4,69,6.9,0.56,2.56,8,2,0,1,0
0,7,90.2,68.9,7.3,0.61,2.46,8,0,1,0,0
0,34,94.8,66.4,6.4,-0.3,2.94,8,1,0,0,0
0,-26,91.2,61,6.3,-0.14,2.23,7,1,2,1,0
0,7,103.6,76.2,7.1,-0.48,2.11,7,0,0,0,0
0,14,90.2,69.2,6.5,-1.14,2.98,7,0,1,0,0
0,76,66.4,60.1,8.3,0.63,1.45,7,0,2,0,0
0,49,87.2,73.4,7.3,0.45,2.16,7,1,1,0,1
0,-1,89,71.7,7.7,0.03,1.75,7,1,1,0,0
1,29,106.7,71.8,6.9,0.23,2.33,6,1,0,0,0
0,-13,45.1,62.5,5.8,-1.37,3.11,6,1,1,0,0
0,-62,52.4,76.1,8.6,0.08,1.54,6,2,1,1,0
0,-39,64.7,71,7.3,0.75,3.12,6,2,1,0,0
0,15,105.4,77.2,7.3,-0.05,2.8,5,3,2,0,0
0,23,102.7,70.2,7.4,-0.21,2.48,5,0,0,0,0
0,-11,75.2,61.3,8.5,0.79,2.26,5,1,1,0,0
0,-4,91.1,68.7,6.9,0.03,2.27,5,3,2,0,0
0,-10,91,67.6,6.9,-1.11,1.77,5,0,2,1,0
0,32,91.7,74.9,7.6,0.84,1.84,4,0,1,0,0
0,35,96.7,75.3,7.1,-0.78,3.01,4,1,1,1,0
0,-12,85.5,69,5.9,-0.23,2.92,4,2,2,0,0
0,49,103.7,76.3,7.8,-0.16,3.26,4,2,0,1,0
0,24,87.5,72.4,6.9,0.37,3.16,4,0,0,1,0
0,40,96.9,78.6,7.2,-0.04,2.04,3,3,1,0,0
0,-19,92.3,59.8,6.4,0.05,1.71,3,2,1,1,0
0,-56,82.9,65.4,6.5,0.02,1.84,3,1,0,0,0
0,-17,87.8,66.4,6.9,0.54,2.12,3,0,1,0,0
0,38,64.8,64.2,7.4,-0.89,2.81,2,0,0,1,0
0,6,79.1,72.8,7.7,-0.7,1.89,2,3,2,1,0
0,23,93.8,73.2,8.1,-0.65,2.36,2,2,1,1,0
0,5,106.5,78.5,7.6,0.18,2.66,2,0,0,0,0
0,22,100.1,67.7,6.1,-0.41,3.11,1,2,0,1,0
0,59,100.8,80.9,7.6,0.12,2.45,1,0,0,1,0
0,73,86.9,79.1,7.7,-0.56,2.94,1,1,2,0,0
0,63,75.7,68,8,0.51,2.32,1,2,1,0,0
0,33,88.3,65.6,7.9,0.09,0.98,9,1,1,0,0
0,11,92.7,59.9,7.1,-0.5,2.57,9,2,1,0,0
0,-15,83.5,74.1,7.5,-0.32,2.37,9,0,1,1,0
0,23,87.2,64.8,6.8,-0.39,2.13,9,0,0,0,0
0,54,94.1,69.1,7.2,0.3,3.23,9,2,2,0,0
0,-3,92.6,69.7,6.9,0,3.11,9,1,0,1,0
0,34,85.1,70.2,6.8,-0.77,2.88,8,1,1,0,0
0,-27,74.6,77.4,6.8,-0.49,1.87,8,2,2,0,0
0,39,93.3,74.2,6.2,-0.06,3.06,8,0,0,0,1
0,28,90.5,68.4,8.2,0.76,1.96,8,2,2,0,1
0,-23,108.4,71.5,6.6,0.11,2.41,8,1,1,1,1
0,69,74.5,60.9,7,-0.04,2.17,8,1,0,0,1
0,53,87,74.4,6.9,0.47,2.85,7,2,1,0,0
0,-1,105.3,78.3,7.5,0.39,2.9,7,0,0,0,0
0,20,87.1,70.6,8.1,0.01,1.79,7,0,0,0,0
0,11,91.1,74.1,6.9,-0.35,3.01,7,2,0,0,0
0,27,73.4,68,7.1,-0.38,1.87,7,3,2,1,1
0,62,83.1,69.3,7.8,-0.56,2.61,7,1,0,1,1
0,-8,85.1,66,6.9,-0.88,1.77,7,2,2,0,1
0,-40,64.9,67.3,7.5,-1.09,1.04,6,1,2,1,0
0,13,103.3,76.5,8.1,0.34,1.74,6,0,0,0,0
0,15,103.9,74.4,6.7,-0.16,2.5,6,0,2,1,1
0,58,90.2,75.6,7.2,-0.25,2.35,6,0,2,0,1
0,17,84.1,73.6,6.8,-0.3,3.28,6,0,1,0,1
0,85,79.5,68,7.5,-0.48,2.86,5,1,2,0,0
0,4,102.7,76.5,8.1,0.23,2.09,5,0,0,0,0
0,21,57.2,59.1,7.8,0.99,1.42,5,0,1,0,0
0,22,91.2,72.9,7.9,-0.41,1.93,5,2,2,0,0
0,76,76.9,80.9,7.1,0.15,2.38,5,2,2,1,1
0,25,88.1,70,6.5,-0.12,2.36,5,2,0,0,1
0,22,97.5,68.4,6.5,0.31,2.79,5,1,2,1,1
0,-38,37.2,70,7.9,-0.22,2.62,4,1,0,0,0
0,3,102.3,72.2,6.1,0.02,2.53,4,1,2,1,0
0,29,95.1,66.4,7.9,0.79,1.88,4,1,0,0,0
0,22,94.6,65.4,6.2,-0.26,3.47,4,0,0,1,0
0,47,79.9,70.1,7.4,0.27,2.79,4,2,0,0,0
0,9,91.4,64.1,6.9,0.09,2.89,3,1,1,0,0
0,-47,56.2,56.9,7,1.07,0.54,3,1,2,0,0
0,-19,93.7,78.1,7.4,0.36,3.15,3,0,1,0,0
0,-6,75.5,71.4,8.6,-0.02,1.19,3,0,1,1,0
0,15,107.2,74,6.1,-0.13,3.08,3,0,0,0,0
0,18,87.9,70,7.1,-0.4,3.13,3,1,2,0,0
0,13,92.3,68.4,6.3,-0.54,3.02,3,1,0,1,0
0,78,87,74.7,7.3,-0.07,3.75,3,1,1,0,0
0,-16,64.4,70.5,7.4,0.74,2.94,2,0,0,0,0
0,39,99.3,73.4,7.2,0.18,2.81,2,1,0,1,0
0,-41,80.8,63.1,8,1.04,2.17,2,1,1,0,0
0,2,92.3,69.5,7.5,-1.03,2.61,2,1,1,1,0
0,19,106,77.8,6.4,-0.29,2.46,2,1,2,0,0
0,29,65.3,66.2,6.8,-0.56,2.59,2,3,2,0,0
0,11,102.9,70.1,7.2,0.23,2.9,2,2,1,1,0
0,-19,77.5,74.1,7.4,-0.79,1.37,2,0,2,1,0
0,40,82.8,68.6,6,0.02,2.77,2,1,1,1,0
1,21,105.7,75,7.8,-0.27,1.82,2,1,1,1,0
0,-13,97.9,74.6,7.7,0.91,1.91,1,2,2,0,0
0,28,86.3,73.4,6.4,0.13,3.09,1,2,1,0,0
0,27,86.1,76,7.3,0.03,2.34,1,1,2,0,0
0,0,101.4,74.6,7.1,-0.03,2.78,1,0,0,1,0
0,-45,63.7,63.1,8.2,1.58,1.54,1,2,2,0,0
0,40,103.6,75.1,7.5,0.28,3.17,9,2,2,0,0
1,37,95.8,72,7.5,0.06,2.53,9,2,2,0,0
0,-4,91.6,73.1,7.5,-0.53,1.82,9,0,0,1,0
0,21,93.3,66.1,6.2,0.5,2.54,8,1,1,0,1
0,-20,98.7,71.8,7.5,-0.1,2.51,8,2,2,1,1
0,40,102.4,73.5,7.2,0.33,3.36,8,1,0,0,1
0,2,84.3,83,7.2,0.43,2.86,8,2,1,1,1
0,-9,92.2,63.9,6.7,0,3.33,8,1,2,0,0
0,18,100.5,77.2,7.7,0.09,2.58,7,1,2,0,0
0,61,73.7,53.8,4.9,0.91,3.55,7,0,2,1,0
0,49,103.7,76.9,7.3,-0.28,3.3,7,2,1,0,0
0,-1,100.4,72.1,6.8,0.22,2.98,7,1,0,0,0
0,14,97.1,64.2,7,-0.45,1.87,7,3,2,1,1
0,0,88.8,68.5,6.4,-0.05,2.73,7,0,0,0,0
0,55,82.6,68.2,6.4,0.06,2.63,6,0,0,1,1
0,13,48.8,65,5.6,0.98,3.14,6,2,2,1,1
0,-9,73.4,73.5,7.4,0.08,1.42,6,2,1,0,0
0,37,87.8,64.8,7,-1.19,2.4,6,0,2,1,0
0,-24,79.8,74.7,7.8,-0.46,1.75,5,0,1,1,1
0,3,110.1,78.2,7,0.02,2.9,5,0,2,0,1
0,-30,77.7,61.6,5.9,-0.04,1.31,5,0,1,1,1
1,22,111,76.3,7.7,0.32,1.97,5,0,1,0,1
0,21,102.8,69.5,6.8,0.78,1.98,5,0,2,0,0
0,-64,43.5,63.7,6.6,0.91,1.59,4,1,2,0,1
0,31,69.4,65.3,8.5,1.1,1.92,4,3,2,0,0
0,-30,51.6,69.6,6.9,-1.05,2.99,4,0,0,0,0
0,5,106.6,75.1,7.4,0.15,2.01,4,1,0,0,0
0,7,81.4,63,5.6,0.39,3.14,3,1,2,1,1
0,-2,94.1,75.5,7.9,0.1,2.65,3,0,0,1,1
0,15,94.8,76.8,7.8,0.27,1.93,3,3,2,0,1
0,15,71.2,58.2,5.2,0.56,2.67,3,2,1,1,1
0,36,79.3,75,6.9,0.39,3.09,3,3,2,0,1
0,-16,93.2,76.9,7.7,0.24,1.93,3,1,0,0,1
0,9,78.7,74.4,7.5,-0.83,2.61,3,0,0,1,0
1,23,110.3,76.7,7.2,0.18,2.56,3,3,1,0,0
0,22,94.3,69.7,6.9,-0.16,1.93,3,0,2,0,0
0,63,72.3,75.4,7.1,0.64,2.52,2,0,2,0,1
0,4,93,74,8,-0.68,2.48,2,0,1,1,1
0,4,106.9,74.4,7.9,0.36,2.37,2,0,0,0,0
0,-15,88.2,71.4,7.4,0,1.43,2,2,2,0,0
0,16,99.8,69.4,7.7,-1.12,2.3,1,1,0,1,1
0,71,79.5,66.9,5.9,0.81,2.69,1,1,1,1,1
0,29,102.2,71.8,7,-0.71,2.65,1,1,0,1,0
0,19,100.1,70.4,6.8,-0.1,3.28,9,2,2,1,0
0,-11,97.5,77,7.5,-0.06,2.61,9,0,2,1,0
0,40,84.3,75.5,8.2,0.74,2.24,9,1,1,0,0
0,17,83.8,71.2,7,-0.74,2.64,9,0,0,1,0
0,5,70.5,69.6,8.5,0.41,1.77,9,1,2,1,0
0,33,90.7,75.7,7.8,0.53,2.26,9,1,0,1,0
1,28,106.6,77.4,7.3,-0.07,2.34,9,1,1,0,0
0,17,86.1,74.4,7.9,0.24,2.1,9,2,2,1,0
0,52,92,73.9,7.4,0.3,3.21,8,0,0,1,0
0,10,97.4,64,6.7,-0.2,1.41,8,0,2,0,0
1,26,106,75.5,7.8,1.18,3.19,8,2,2,0,1
0,8,101.8,69.3,8.1,-0.13,2.06,8,2,0,1,0
0,18,100,75.1,7.9,-0.17,1.55,8,1,2,0,0
0,0,78.9,66.7,6.1,-0.78,3.26,7,1,2,0,0
0,32,68.4,72.7,7.3,0.19,2.33,7,1,1,0,0
0,0,72.4,77.9,7.6,-0.88,1.63,7,1,2,1,0
0,18,100.3,66.1,6.5,0.42,1.98,7,2,2,0,0
0,55,64.7,70.6,7.7,-0.37,1.95,7,0,1,1,0
0,18,92.9,71.6,7.3,-1.07,2.63,7,0,2,1,0
0,-19,81,52.7,5.5,-0.2,3.6,7,0,1,0,0
0,18,83.9,73.8,7.6,0.8,2.77,7,1,2,0,0
0,53,94.8,81.1,8.2,0.14,2.15,6,3,1,1,0
0,-70,66.4,66.9,6.1,-0.53,2.46,6,0,1,0,0
0,-21,101.1,69.1,6.2,-0.63,2.4,6,1,1,1,0
0,-7,104.1,74.2,7.1,-0.46,2.74,6,2,0,1,0
0,20,94.2,73.4,7.1,-0.19,1.92,5,1,0,0,0
0,-30,66,69.6,8.2,0.87,1.62,5,0,1,0,0
0,0,86.2,72.7,7.7,0.16,1.28,5,0,0,1,0
1,28,105.7,76.4,7.5,-0.13,2.32,5,1,2,1,0
0,22,96.3,75.6,7,0.25,2.42,5,0,2,0,0
0,12,98.7,73.1,8.2,-0.97,2.59,5,1,0,1,0
0,11,100,70.3,7.5,-0.38,2.45,5,0,0,0,0
0,10,103.2,67.7,6.8,0.43,2.48,5,1,2,1,0
0,14,112.3,78.3,8.2,0.22,2.39,5,0,0,0,0
1,28,106.1,72.9,7.9,-0.72,2.63,5,1,2,1,0
0,80,74.4,67,7.8,-0.43,2.68,4,3,2,1,0
0,54,74.2,69.6,8.6,-0.6,1.99,4,2,2,1,0
0,28,92.9,69.9,7.6,0.54,1.67,4,0,1,0,0
0,43,77,76.1,7.6,-0.37,2.02,4,0,0,0,0
0,22,92.1,79.6,7.6,0.12,2.67,3,0,0,1,0
1,21,103.6,74.9,6.9,0.21,2.95,3,0,0,1,0
0,-28,68,68.3,6.5,0.13,2.27,3,3,2,1,0
0,-9,94.7,72.8,7,-0.51,2.4,3,0,0,0,0
0,14,106.5,74.4,7.8,-0.26,1.73,3,0,0,1,0
0,15,81.9,69.6,8.6,0.68,2.2,3,1,2,0,0
1,28,105.6,70.7,8,-0.9,2.68,3,1,1,1,0
0,43,85.8,74.2,7.2,0.25,2.6,2,0,1,0,0
0,0,91.9,70.4,7.8,0.31,1.95,2,1,0,1,0
0,79,86.4,79.8,7.6,0.7,2.57,2,1,2,1,0
0,-2,87.2,65.6,5.9,-0.19,3.19,2,0,2,0,0
0,65,58.5,82.5,7.5,0.3,2.32,1,1,2,1,0
1,23,110.4,76.9,7.4,0.19,2.64,1,1,2,0,0
0,27,100.8,74.4,7.1,0.04,3.25,1,1,1,0,0
0,33,94.7,71.9,7.7,0.01,2.68,9,0,0,0,0
0,-18,91.8,62.8,6.6,0.22,2.74,9,0,1,0,0
0,62,91.8,72.8,7.1,0.04,2.84,9,2,1,0,0
0,-4,95.5,64.6,7.2,-0.43,2.35,8,0,1,1,1
0,17,110.8,78,7.4,-0.68,1.45,8,3,2,0,1
0,3,96.6,70.5,7.7,0.85,1.63,8,2,0,0,0
0,35,71.6,66.7,8.2,-1.27,2.13,8,0,1,1,0
0,60,77.8,75.5,6.6,-0.6,2.73,7,1,0,0,0
0,14,106.3,73.6,7.8,0.08,1.83,7,1,1,1,0
0,5,84.4,77.5,9,-0.65,1.33,7,1,0,0,1
0,-29,82.8,72.3,7.4,0.45,1.44,7,0,0,1,1
0,4,93.3,67.9,6.7,0.26,1.84,7,1,2,1,0
0,44,87.2,63.9,7.2,-0.82,3.51,6,2,2,1,0
0,-2,88.1,73.6,6.3,-0.89,2.6,6,0,0,0,0
0,-29,84.8,78.2,7.7,0.08,1.89,6,2,2,0,0
0,-3,76.1,73.9,8,-0.71,1.48,6,1,0,1,0
0,51,89,70.7,6.4,0.36,3.03,6,0,1,1,0
0,18,106.7,75.4,8.1,-0.03,1.45,6,0,1,0,0
0,-9,104.7,73.1,6.7,0.13,1.68,6,0,1,0,0
0,62,99.6,74.3,7.4,0.21,3.14,6,0,0,0,0
0,5,101.2,71.2,6.4,-0.07,2.59,5,2,2,0,0
0,54,64.6,71.2,7.3,-0.14,1.79,5,3,1,0,0
0,34,79.3,71.2,7.2,0.2,2.17,5,0,1,1,0
0,9,101.9,66.9,7.5,-0.98,2.86,5,1,2,1,0
1,29,108.8,78.3,7.7,-0.16,1.77,5,1,1,1,0
0,-13,91.6,62.9,6.6,1.14,2.63,4,1,2,0,0
0,25,72.1,70.6,8.5,-0.22,1.58,4,0,1,1,0
0,-12,82.2,70.7,5.7,-0.75,2.22,4,3,2,0,0
0,26,103.2,80.3,7.4,0.43,2.64,4,0,0,0,0
0,-9,98.1,65.8,6.6,-0.29,1.94,4,0,1,1,0
0,-19,95.8,65.1,5.8,0.19,3.6,4,0,1,1,0
0,22,96.8,72.5,7.3,0.6,2.5,4,1,0,0,0
0,-14,98.2,73.2,7.4,0.19,1.04,4,1,2,0,0
0,33,99,70.1,7.2,0.21,2.77,4,1,1,0,0
0,-5,96.4,68.6,7.5,-0.32,3.02,3,2,2,1,0
0,42,58.6,75.1,6.5,-0.71,2.83,3,1,0,0,0
0,12,90.3,68.3,7.3,-0.13,2.94,3,1,1,1,0
0,-28,88.7,75.5,7.7,-0.49,2.31,3,1,0,1,0
1,26,103,73.8,6.9,-0.28,2.72,3,2,1,1,0
0,50,80.2,61.8,6.2,0,3.07,2,0,1,0,0
0,19,88.1,61.9,6.3,-0.59,1.83,2,1,1,1,0
0,30,69.9,65.4,7.7,-1.22,2.11,2,1,0,1,0
0,-32,90.3,72.4,7.5,0.32,1.2,2,0,1,0,0
0,-30,101.8,76.6,6.8,-0.55,1.87,1,1,0,0,0
0,-10,84.3,63.4,8,0.82,1.28,1,0,1,0,0
0,16,108.7,73.8,7.4,-0.44,3.11,1,0,2,1,0
0,16,99.2,64.5,6,0.29,3.88,9,1,2,0,0
0,-2,70.6,56.1,6.5,0.06,2.72,9,2,2,1,0
0,32,91,58.5,6.6,0.02,2.82,8,0,1,1,1
0,-38,107.4,69.8,6.5,-0.02,1.41,8,3,2,0,1
0,36,85.2,74,7.4,0.38,2.63,8,0,0,0,0
1,25,107.3,78.9,7.6,0.23,2.48,8,2,1,1,1
0,24,101.5,70,6.9,-0.19,2.71,7,2,1,1,0
0,9,73.5,66.9,8,-0.97,1.61,7,0,2,1,0
0,29,60.8,58.9,7.6,1.17,2.18,7,1,1,0,0
0,4,97.9,67.2,6.7,-0.59,2.55,7,1,2,1,0
0,16,101,67.4,6.4,-0.21,3.09,6,1,1,1,0
0,20,100.4,67.8,6.4,0.17,2.36,6,3,2,1,0
0,50,94.1,69.5,7.9,0.15,2.19,6,2,1,1,0
0,35,91.8,72.9,7.5,-1.09,2.1,6,3,2,1,0
0,17,98.4,80.8,7.1,0.32,2.06,5,0,1,1,0
0,-4,106.8,71.3,6.9,0.19,2.48,5,1,1,0,0
0,-24,109.3,76,7.4,0.25,2.18,5,1,2,0,0
0,33,96.8,70.9,7.5,0.6,2.22,4,0,0,1,0
0,-1,90.1,72.4,7,0.63,2.22,4,1,0,1,0
0,5,76.3,58.4,5.7,0.37,1.98,3,2,2,1,0
0,-20,97.1,65.4,7.8,-1.16,1.79,3,0,1,1,0
0,64,86.4,71.3,8.3,0.37,1.62,3,0,2,1,0
0,51,93.8,67.5,7.1,0.27,2.87,3,3,2,1,0
0,41,92.6,74.8,8,0.65,2.62,2,3,2,0,0
0,19,105.3,75.5,7.7,0.13,1.93,2,2,0,1,0
1,35,112.5,80.8,7.7,0.04,2.79,2,1,1,1,0
0,-3,103.1,68.2,7.2,-0.28,3.29,1,1,0,1,0
0,34,73.2,69,6.6,0.32,2.77,1,0,0,1,0
0,29,93.3,72.4,7.1,-0.29,2.12,1,0,1,1,0
0,-1,99.2,69.2,7.1,-0.55,2.33,1,0,1,0,0
0,13,100.1,68.9,7.1,-0.14,2.91,1,2,2,1,0
0,20,89.1,64.5,7.4,1.29,2.04,9,1,2,0,1
0,29,93.8,72.8,7.7,0.73,2.51,9,0,0,0,1
0,12,99,72.4,7.6,0.01,2.01,9,2,0,0,1
0,16,102.2,70.2,6.9,0.44,3.45,9,2,1,0,1
0,28,85.7,67.6,7.8,0.06,3.02,9,1,1,0,0
0,1,95.3,71.6,8,0.56,2.65,9,2,1,0,0
0,-11,86.3,74.6,8,-0.23,1.75,8,1,1,1,0
0,-13,29.1,12.5,1.4,0.28,2.2,8,0,0,0,1
0,18,73.6,61.9,5.9,1.25,2.95,8,1,2,1,1
1,36,97.9,69.4,8.3,-0.27,2.11,8,2,2,0,1
0,-1,69.9,66.7,6.3,-0.34,2.21,7,3,2,1,0
0,61,80.9,77.3,8.1,0.33,1.86,7,0,1,0,0
0,-2,70.5,79.5,8.1,0.09,1.37,7,1,0,1,0
0,25,102.3,72.1,7.1,0.09,2.6,7,2,1,1,0
0,21,100.7,67.3,7.4,0.2,2.56,7,2,2,0,0
0,-7,90.5,71.8,7.5,-0.44,2.9,7,2,1,0,0
0,-12,89.4,74,6,0.14,2.9,6,0,1,1,0
0,-7,88.1,59.2,5.7,-0.78,2.49,6,0,0,0,0
0,61,69.9,73.1,7.5,-0.68,2.04,6,0,0,1,0
0,20,100.7,75.8,7.6,-0.41,1.82,6,2,0,0,0
0,55,80.7,71,7.3,-0.31,2.18,6,3,2,1,0
0,77,61,68,6.4,-0.86,3.12,6,2,2,0,0
0,-21,62.3,70.1,8.2,1.21,1.69,5,1,2,0,0
0,7,66.4,58.2,6.2,0.76,2.36,5,3,2,1,0
1,25,107.4,75.9,7.4,-0.2,2.83,5,1,0,0,0
0,-15,96.3,73.4,6.8,-0.3,2.48,5,1,1,1,0
0,-2,103.5,72.8,8.1,0.33,1.76,5,3,2,0,0
0,79,75.6,63.8,9.1,-0.03,1.42,5,1,0,0,0
0,16,97.6,74.8,8.3,0.26,2.24,4,2,1,0,0
0,30,86.2,72.3,7.4,-0.57,2.1,4,0,0,1,0
0,3,82.9,77.4,8,-0.79,2.32,4,2,1,1,0
0,23,104.6,70.5,7.5,0.33,2.14,4,1,1,0,0
0,36,85.8,70.9,7,-0.05,3.15,4,0,0,1,0
0,29,89.6,73.6,7.4,0.14,3.01,3,2,0,0,0
0,36,85.2,73.5,6.6,0.28,3.1,3,2,1,1,0
0,30,63.3,62.9,7.9,-0.41,1.52,3,1,2,1,0
0,27,74.1,69.8,7.1,-0.53,2.61,3,2,1,0,0
0,69,88.8,74.4,7.2,-0.08,3.01,3,0,0,1,0
0,-53,65,64.4,8.4,1.04,1.23,2,2,2,0,0
0,-4,81.4,63.6,6.4,-0.56,2.6,2,1,2,1,0
0,-2,93.4,71.7,6.9,-0.24,2.24,2,1,0,0,0
0,27,106.3,76,7,-0.11,2.22,2,3,2,1,0
0,19,106.6,79.2,7.4,-0.03,2.04,2,0,2,0,0
0,20,83.7,74.1,7.1,-0.07,1.78,2,3,2,0,0
0,28,95.4,68.6,7.8,-0.67,2.21,2,2,1,1,0
1,27,101.3,69.4,7.7,-0.03,2.45,2,0,0,0,0
0,5,96.4,68.7,8.5,-0.23,1.62,2,1,1,0,0
0,54,96.8,65.6,7.3,-0.57,3.35,1,2,0,1,0
0,55,81.5,72.1,7.5,-0.43,2.18,1,1,1,1,0
0,-1,106,72.8,7.1,0,1.57,1,1,2,1,0
0,-31,72.2,70.2,7.5,1.4,2.16,9,2,2,0,0
0,-13,37.9,73.8,8.1,-0.23,2.27,9,0,0,1,0
0,-19,69.9,72.3,8,0.7,1.74,9,1,2,0,0
0,-13,75.2,58.4,6.4,-1.08,2.49,8,1,1,0,0
0,16,72.6,69.5,7.9,0.43,2.98,8,0,2,0,0
0,60,72.6,69.5,7.9,-0.13,2.22,8,0,1,1,0
1,26,101.4,75.8,7.8,0.14,2.1,8,1,2,1,0
0,16,90.9,67,7.5,-0.19,2.44,8,0,0,0,0
0,22,91.5,76.4,8,0.14,1.39,8,1,1,0,0
0,27,82.3,70.8,6.4,0.52,2.63,8,0,0,1,0
1,28,103.4,74.2,7.9,-0.3,2.38,8,3,1,1,0
0,47,91.7,73.9,8.1,0.35,2.33,8,1,0,1,0
0,-4,98.6,68.6,7.2,0.33,1.93,7,1,2,0,0
0,-1,94.9,69.7,6.7,-0.24,3.03,7,2,2,0,0
0,29,80.1,61.8,6.6,1.5,2.48,7,2,2,0,0
0,20,91,71.8,7,-0.6,2.31,7,0,1,0,0
0,22,80.1,65.6,7.1,-0.34,2.71,7,0,0,0,0
0,-16,62.8,62.4,5.5,-0.51,2.75,7,3,2,0,0
0,45,72.4,72.1,7.3,-0.71,1.93,6,2,2,0,1
1,31,101.4,73.5,7.6,-0.62,2.44,6,0,0,0,1
0,-16,96.9,76.6,7.6,-0.29,2.15,6,3,2,1,0
1,37,105.3,75,7.2,0.44,3,6,0,1,1,0
0,32,89.1,67.3,6.9,-0.12,2.91,6,0,2,0,0
0,75,66.4,69.6,8.2,0.69,2,5,1,2,0,1
0,10,90.2,70,7.3,0.48,1.76,5,1,1,0,1
0,-22,83.3,63.4,6.7,0.68,1.9,5,0,1,0,0
0,-24,71.1,44.4,6.4,-0.26,1.96,5,3,0,0,0
0,44,102.5,77.4,7.8,-0.87,2.24,4,0,0,0,1
0,6,110.5,79.1,7.9,0.4,2.41,4,1,0,0,1
0,25,72.2,68.3,6.7,0.64,1.78,4,2,2,1,1
0,-4,97.7,71.6,8.2,0.93,2.37,4,0,1,0,1
0,-7,97.1,69.3,6.3,0.36,3.02,4,2,2,1,0
0,-45,70.7,57.1,5.3,-0.74,2.43,4,2,2,0,0
0,-1,106.2,76,7.4,0.69,1.97,3,2,2,1,1
0,11,85.5,77.3,7.8,-0.37,1.67,3,2,2,0,1
0,75,85.1,66.2,7.6,-0.36,3.14,3,0,1,0,1
0,-17,97.9,75.3,7.4,0.14,2.34,3,0,0,1,0
0,44,89.1,76.7,7.5,0.23,2.45,3,1,2,0,0
0,-12,93.9,69.1,6.5,-0.31,2.4,3,1,1,0,0
0,22,96,69.4,6.7,0.28,3.11,2,1,2,0,1
0,31,99.3,72.8,7.7,0.44,2.05,2,2,2,0,1
0,64,97.4,77.2,8,0.53,2.87,2,0,0,0,1
0,75,79.4,66.3,7.1,-0.17,3.19,2,2,1,0,0
0,51,92.4,72.2,7,-0.17,2.53,2,1,2,1,0
0,-2,74,75,8.4,0.75,1.21,9,2,2,0,0
0,-51,73.1,80.3,7.7,-0.18,1.81,9,1,0,1,0
0,17,90.6,63.4,6.4,-0.49,3.45,9,0,2,1,0
0,29,99.8,74.4,6.9,0,3.69,9,1,0,1,0
0,-23,65.7,73.2,7.9,0.58,1.78,9,1,2,0,0
0,46,90.1,70.9,7.8,0.67,2.53,8,1,0,0,1
0,-9,84.2,63.6,6.3,0,1.59,8,1,2,1,1
0,38,88.3,70.4,8.2,0.58,1.57,8,2,2,0,1
0,-1,105.1,71.9,6.7,0.21,2.39,8,1,0,0,1
0,17,111.4,75.1,7.9,0.46,2.32,8,2,2,0,1
0,16,111.2,75.5,7.8,0.65,2.57,8,0,1,1,0
0,-1,109.7,79.9,7.7,-0.13,1.91,8,0,0,0,0
0,42,98.3,75,7.6,-0.02,2.31,7,0,2,0,0
0,56,82.3,72,6,0.23,3.04,7,3,1,1,0
0,22,97.3,80.8,8.2,-0.17,2.78,7,0,2,1,1
0,4,104.6,73,7.4,0.1,2.31,7,1,0,0,1
0,28,77.3,60.7,7.5,0.24,2.21,7,0,2,0,1
0,42,92.9,59.4,6.4,-0.69,2.69,6,1,0,0,0
0,19,100.4,74.9,6.5,-0.47,3.06,6,2,2,0,0
0,23,102.6,72.5,7.4,0.35,2.09,6,1,0,0,0
0,24,75.1,75.6,8.1,0.6,1.77,5,1,0,0,1
0,45,90,68.2,7.6,0.2,3.64,5,1,1,0,1
0,-70,67.3,71.8,6,-0.1,2.05,5,0,1,0,1
0,-1,105.9,73.4,7.8,0.49,2.25,5,2,2,0,1
0,75,68.8,69.2,6.7,-0.6,2.28,5,0,0,1,0
0,-11,100.8,66.3,5.9,0.24,2.09,5,0,0,0,0
0,-19,104.8,73.6,6.9,-0.44,2.62,5,1,0,1,0
0,-13,55.4,72.2,7.9,1.01,2.12,5,0,1,0,0
0,21,89.2,70.2,6.1,0.12,3.24,4,2,2,0,1
0,-13,74.6,62.6,6.3,-0.58,2.95,4,2,2,0,1
0,-49,76.9,74.9,7.1,-0.01,2.31,4,0,0,0,1
0,11,104.4,80.2,7.4,0.2,2.68,4,2,2,0,1
0,21,96.5,71.1,7.2,0.33,1.19,4,1,2,1,0
0,11,93.2,74.9,7.2,0.78,2.19,4,1,1,0,0
0,39,81,69.1,6.9,1.11,3.37,4,2,2,1,0
0,47,82.2,73.2,6.9,0.02,3.05,3,1,0,0,1
0,-9,94.9,70.5,7.2,0.32,2.04,3,1,2,0,1
0,24,104.7,72.8,6.5,0.21,2.62,3,2,0,0,1
0,-1,101.3,71.8,7,0.71,2.2,3,0,0,0,1
0,20,94.5,66.9,5.9,0.06,2.49,3,2,1,0,0
0,-8,107.9,73.3,6.6,-0.09,2.47,3,0,0,1,0
0,-40,85.6,67.5,5.1,-0.35,2.54,2,3,2,0,1
0,17,91.4,57.4,6.9,-0.95,1.84,2,0,1,1,0
0,31,79.9,71.5,6,0.89,2.97,2,1,2,1,0
0,-23,88.7,75.8,7.3,0.24,2.52,2,3,2,0,0
0,22,89.1,76.5,6.9,-0.31,2.79,1,1,1,0,1
0,27,72,68,7.1,1.21,2.56,1,0,0,0,1
0,29,90.1,68.8,5.7,-0.34,2.61,1,2,1,0,1
0,24,93.4,69.6,6.5,0.84,3.18,1,2,2,1,0
0,70,85.9,79.4,7.6,-0.25,2.31,1,1,1,0,0
0,37,94,64.5,5.7,0.13,3.06,1,1,2,1,0
0,45,60.4,65.5,7.3,-0.98,1.7,9,1,1,0,1
0,26,87.4,71.8,6.9,0.35,2.62,9,0,0,0,1
0,7,104.6,77.2,7.5,0.26,2.42,8,0,1,1,1
0,42,77,63,5.9,-0.55,3.65,8,2,2,0,1
0,31,96.8,69.1,6.9,-0.61,1.75,8,1,2,0,1
0,18,109.2,76.5,7,0.34,3.04,8,1,0,1,1
0,10,102,70.1,7.4,0.22,2.58,7,1,0,1,0
0,-31,91.6,68.3,7.3,1.09,1.72,7,1,2,0,0
0,-41,58.5,71.8,6.5,-0.57,2.6,7,0,2,0,0
0,-1,92.9,77.2,7.2,-0.14,2.02,7,2,0,1,0
1,30,101.4,81.2,8.8,-0.13,2.12,6,1,0,0,0
0,1,101,74.2,7,0.67,1.99,6,2,0,1,0
0,53,98.5,75.5,7.8,0.16,2.29,6,2,2,0,0
0,11,95.1,72.8,7.6,-0.81,2.04,6,1,0,1,0
0,41,69.1,64.1,6.4,-0.58,3.45,6,1,1,0,0
0,10,77.8,73.3,7.1,-0.84,2.45,6,2,1,0,0
0,7,60,69.5,6.6,-0.67,2.16,6,1,2,0,0
0,32,87.6,67,6.5,-1.06,2.73,5,2,0,0,0
0,10,99.3,69.6,7.5,0.44,1.83,5,1,0,1,0
0,6,68.9,66.2,7.4,-0.04,1.72,5,2,2,0,0
0,-5,87.7,66.4,7.9,-0.16,1.54,5,0,1,0,0
0,-17,82.7,73.3,6.8,0,2.83,5,0,2,0,0
0,33,91,72.7,6.2,-0.45,2.53,5,2,2,1,0
0,26,93.2,64.6,6.6,-0.6,2.87,4,3,2,0,0
0,-21,99.6,73.2,7.1,0.03,3.24,4,1,2,0,0
0,14,96.1,64.5,8,-0.43,1.67,4,1,2,1,0
0,-5,102.1,75.1,6.9,0.14,1.95,4,1,0,0,0
0,50,86.6,75.7,7.7,-0.01,2.2,3,1,0,1,0
0,9,88.2,71.2,7.9,0.23,2.34,3,1,2,0,0
0,-26,103.1,74.3,6.8,0.15,3.04,3,1,2,1,0
0,62,90.3,77,7,-0.51,2.22,3,2,2,1,0
0,21,90.6,70.9,6.5,0.18,2.61,3,1,1,1,0
0,58,83.9,68.7,6.3,-0.16,2.45,3,2,1,1,0
0,-8,87.6,74.3,7.2,-0.19,2.64,2,0,0,0,0
0,53,99.2,72.8,8.3,-0.28,1.55,2,3,0,0,0
0,69,82.4,71.1,6.8,-0.66,3.14,2,3,1,0,0
0,45,92.4,80.2,8.2,0.05,2.41,2,1,0,1,0
0,24,85.6,76.6,8,-0.09,2.23,2,1,0,0,0
0,66,91.7,74,7.4,-0.58,2.48,1,1,0,0,0
0,1,101.1,72.2,7,-0.42,3.13,1,1,0,0,0
0,-27,108.3,72.3,7.3,0.24,2.68,1,0,1,0,0
0,75,83,72,6.9,-0.29,3.01,9,2,2,0,1
0,16,103.3,71.8,7.2,-0.96,2.29,9,1,2,0,1
0,-8,80.4,72.7,6.9,-0.43,2.9,9,0,0,1,1
0,68,87.1,72.6,6.8,0.19,3.19,9,0,0,0,1
0,28,93.5,73.9,7.6,-0.2,1.78,9,2,2,1,0
0,35,76.4,64.2,7.8,0.86,1.23,9,2,2,0,0
0,4,106.9,75.2,7.5,-0.15,1.74,9,0,1,1,0
0,88,61.4,70.5,6.7,-0.79,3.28,8,1,2,0,0
0,2,105,75.4,7.8,-0.43,2.52,8,1,1,0,1
0,37,59.5,72.6,7.4,-0.64,2.37,7,0,0,0,1
0,9,105.7,75.4,7.2,-0.6,2.13,7,0,1,0,0
0,38,78.8,69.1,7.2,-0.16,2.52,7,2,2,1,0
0,-42,64.6,68.1,6.4,-0.05,2.56,7,0,0,1,0
0,-1,61.9,65.3,6,-0.69,3.32,7,0,2,0,0
0,36,97.1,70.2,6.7,-0.16,3.11,6,1,1,1,0
0,27,88,72.5,6.8,0.03,2.77,6,1,0,0,0
0,-32,75.9,70.1,7.6,-0.9,1.88,6,0,0,1,0
1,29,110.4,75.1,7.8,0.37,2.33,6,0,0,1,0
0,8,108.6,79.4,7.9,0.41,2.46,6,3,2,1,0
0,0,68.7,57.6,8,1.26,1.46,6,1,2,0,0
0,0,84.4,70.2,7.2,-0.19,3.37,5,1,1,1,0
0,14,97.1,64.8,6,-0.08,3.32,5,1,1,0,0
0,21,95.4,66.7,6.1,-0.38,2.86,5,0,1,1,0
0,47,80,70.2,7.5,-0.47,1.62,5,2,1,1,0
0,60,91.3,72.8,7.8,-0.81,3,4,2,2,1,0
0,-3,85.8,62.7,8.2,0.73,1.76,4,1,0,0,0
0,33,90.5,72.1,8.2,0.07,1.29,4,2,1,0,0
0,5,85.4,74.7,7.7,0.54,2.55,4,0,0,0,0
1,32,107.9,75.8,7.1,0.58,2.46,4,1,2,1,0
0,-7,95.8,72.5,7.5,-0.15,1.98,4,3,2,0,0
0,35,90,72.7,7.7,0.61,1.7,4,1,2,1,0
0,-7,68.7,72,8,-0.79,3.2,3,0,0,1,0
0,-2,58.9,59.1,8.1,0.95,1.24,3,0,2,0,0
0,-4,29.5,7.3,0.9,0.29,3.12,3,0,1,1,0
0,3,96.9,68.4,6.2,-0.49,2.92,3,2,1,1,0
0,25,91.8,79.5,8.4,-0.28,1.64,3,1,0,1,0
0,24,105.8,72.9,7.5,-0.25,2.14,3,3,2,0,0
0,24,87.9,71.6,7.1,0.04,2.56,2,1,1,1,0
0,29,86.7,73.1,6.9,-0.21,3.29,2,3,2,0,0
0,-16,81,78.5,8.2,0.62,2.12,2,1,1,0,0
0,6,90.6,69.5,7.4,-0.46,2.64,2,2,1,1,0
0,24,85.1,71.9,7.3,-0.46,1.92,2,3,2,1,0
0,18,91.9,68.5,7,1.13,2.97,2,2,2,0,0
0,16,107.4,77,7.2,-0.36,2.94,2,2,2,1,0
0,1,95.5,74.4,7.1,-0.51,2.21,1,1,0,0,0
0,-9,86.9,71.3,7,0.87,2.77,1,1,2,0,0
0,16,89.4,75.8,8,0.15,2.67,1,0,1,1,0
0,11,82.5,71.3,7.2,0.39,1.69,9,3,2,1,0
0,12,75.2,70.5,7.1,-0.37,1.74,9,1,2,0,0
0,-6,98.4,66.8,7.1,-0.17,2.01,9,1,1,1,0
0,-26,78.7,65.1,6.6,0.73,2.69,9,2,2,0,0
0,-7,72.4,80.4,8.8,0.39,1.92,8,0,0,0,0
0,6,96.2,67,7,-0.37,3.59,8,0,2,1,0
0,-1,71.8,58.1,7.4,0.93,2.33,8,1,1,0,0
0,84,62.3,70,7.8,-0.64,2.12,8,2,2,1,0
0,5,96.4,69,8.5,0.03,1.81,8,2,2,0,0
0,57,78.2,65.6,7.9,0.3,1.74,8,1,2,1,0
0,22,82.6,71.7,6.8,0.57,3.13,8,0,0,1,0
0,10,97.2,66.8,7,-0.17,2.54,7,0,0,1,0
0,-13,90.2,60.2,6.9,-0.44,1.8,7,0,2,1,0
0,-15,97.3,73.3,6.9,-0.04,2.11,7,0,0,0,0
0,-9,107.4,76.7,7.5,-0.19,2.25,7,1,1,0,0
0,-14,108,75.3,8.6,-0.03,1.24,7,2,2,0,1
0,-54,64,44.9,5.9,0.36,2.57,7,0,0,0,1
0,36,94.4,71.3,7.3,0.18,2.21,6,0,0,0,1
0,-66,56.5,52.5,6.5,-1.36,2.15,6,2,2,1,1
0,13,51.2,58.5,5,-0.71,3.27,6,2,2,0,1
0,-9,100.1,74,7.4,-0.57,2.08,6,0,0,0,1
0,36,96.9,82.1,8.8,-0.14,2.01,5,0,1,0,1
0,29,74.4,67,8.3,-0.62,1.89,5,0,0,1,1
0,54,76.5,61.9,6.8,-0.49,3.14,5,0,1,0,0
0,7,82.1,62.9,5.7,-0.09,2.38,5,0,2,1,0
0,24,101.1,78.5,7.8,-0.44,2.24,5,1,0,0,0
0,6,96.2,64.8,5.8,-0.48,3.07,5,1,1,1,0
0,-21,62.7,62.6,5.6,-0.8,2.75,5,0,0,0,0
0,10,106.8,73.2,7.7,0.16,2.02,5,1,0,0,0
0,21,86,72.8,7.5,0.58,1.74,4,0,0,0,0
0,18,97.6,71,6.2,0.54,3.37,4,0,1,1,0
0,24,94.3,68.9,7.2,0.76,2.16,4,0,0,0,0
0,16,81.3,70.6,8,0.25,2.36,4,2,2,1,0
0,18,102.3,67.2,6.8,0.13,3.19,4,2,2,1,0
0,-61,81.3,64.7,7.1,-0.53,1.87,4,0,2,1,0
1,25,107.9,76,7.2,0.12,2.76,4,1,1,0,0
1,32,99.3,76.2,7.2,0.13,2.41,4,1,1,1,0
0,-27,95.7,76.6,7.9,-0.13,2.7,4,0,2,0,0
0,80,84.7,69.8,7.2,-0.21,3.15,3,1,2,0,0
0,33,88.7,72.6,6,0.46,3.32,3,3,2,1,0
0,18,94.4,64.8,6,0.08,2.63,3,1,2,1,0
0,75,79.2,69.2,6.7,0.55,3.31,3,3,2,1,0
0,-26,88.9,65.1,5.7,-0.3,2.8,3,3,2,0,0
0,15,102.7,77.7,7.3,0.4,2.57,3,0,1,1,0
0,36,88.3,73.2,6.9,-0.26,2.65,2,1,1,1,0
0,-17,97.8,71.5,6.9,0.04,2.29,2,0,0,1,0
0,-6,83.7,72.6,7.2,-0.58,1.98,2,0,2,1,0
0,-18,66.5,69.7,6.7,-1.22,2.37,2,0,1,0,0
0,10,105.7,70.9,7.4,-0.44,2.07,1,0,0,1,0
0,-16,109.3,76.9,7.8,0.52,2.11,1,1,1,0,0
0,14,97.4,65.1,5.6,0.08,3.47,1,1,2,1,0
0,-23,73.8,73.9,6.7,0.74,2.51,1,2,2,1,0
0,-47,80.3,74.1,7.6,-0.07,2.56,1,1,1,0,0
0,-14,95.4,65,6,-0.12,2.48,1,2,2,1,0
0,44,99.1,75.1,6.8,0.34,3.11,9,1,1,0,0
0,40,82.9,65.1,5.3,-0.2,2.97,9,3,1,1,0
0,-32,106.4,70.6,6.9,0.33,2.11,8,1,1,0,0
0,4,74.6,65,7.9,0.62,1.49,8,0,0,0,0
0,-2,100.3,72,7.2,-0.27,2.19,8,2,1,1,0
0,12,77.6,74.5,8,-0.03,2.91,8,2,0,0,0
0,-73,47.8,68.1,8.1,1.23,1.47,8,1,2,0,0
0,-10,102.1,66.5,6.3,-0.14,2.67,7,2,2,0,1
0,9,97.9,72,6.8,0.29,3.03,7,0,2,0,1
0,44,95.6,69.9,6.6,0.2,3.45,7,2,1,0,1
0,2,76.6,64.9,8.2,-0.24,1.21,7,2,2,1,0
0,-67,56,70.4,8.1,-0.78,0.98,7,0,2,1,0
0,27,83.6,73.3,7.5,-0.45,2.64,6,2,2,0,1
0,8,103.4,76.2,6.5,-0.18,2.78,6,2,1,0,1
0,-13,90.2,75.9,7.7,0.24,2.87,6,2,1,0,0
0,23,81,79.5,7.6,0.82,1.72,6,2,0,0,0
0,46,77.6,72.1,7.9,0.82,3.26,6,1,1,0,0
0,37,89.4,60.4,6.8,0.3,2.44,5,1,1,0,0
0,-8,84.2,65.9,5.8,-0.34,2.93,5,1,1,0,0
0,27,84.5,62.8,7.6,-0.27,2.98,5,1,2,1,0
0,-68,59.4,77.6,7.9,0.54,2.06,5,0,0,0,0
0,36,82,72.5,7.9,0.24,2.18,5,1,1,0,0
0,10,80,71.7,7.5,0.7,2.64,5,1,1,1,0
0,-14,87.3,68.8,6.5,-0.37,2.74,4,0,0,0,1
0,35,91.5,78.5,8,0.55,2.46,4,1,0,0,1
0,3,109.1,77.6,7.5,-0.31,2.11,4,3,2,0,0
0,79,85.2,73.6,7,0.02,2.96,4,2,0,0,0
0,0,66.2,63.7,5.5,-0.78,2.84,3,0,0,0,0
0,45,72.2,75.8,7.4,-0.14,1.7,3,1,0,1,0
0,10,78.5,72.2,8.4,0.44,2.28,3,0,0,0,0
0,21,98.9,66.7,8.5,0.61,1.67,3,2,1,0,0
0,-13,70.9,73,8.2,0.51,1.91,3,0,0,0,0
0,76,74.2,70.3,7.8,0.77,2.58,3,2,0,0,0
0,-20,73,68,7.8,1.13,2.15,2,2,2,0,0
0,51,83.6,71.3,7.2,0.32,3.07,2,0,0,1,0
0,6,94,65.7,8.1,0.85,2.46,1,0,2,0,0
0,12,71.6,62.1,8.2,1.04,1.65,1,2,2,0,0
0,13,92.1,74.4,7,-0.24,3.4,1,3,2,0,0
0,-4,81.4,68.7,6.4,0.96,3.03,9,1,0,1,1
0,-3,117.9,79.7,7.1,0.03,2.49,9,2,2,1,1
0,26,95.6,68,6.7,-0.83,3.55,9,0,0,1,0
0,20,98,73.9,6.4,-0.54,3.24,9,3,2,1,0
0,9,85.9,67.8,6.4,-1.19,2.69,9,1,2,1,0
0,26,53.3,53.4,5.2,-0.92,2.91,8,3,2,0,0
0,6,96.4,64.6,6.2,0.21,2.34,8,0,0,1,0
0,-18,95.2,84.8,7.5,-0.87,2.44,8,0,2,0,0
0,-3,96.6,73.5,8.3,0.41,2.3,8,0,0,0,0
0,0,101.5,69.7,7.5,0.41,1.95,8,3,2,0,0
1,34,98.2,70.7,8.3,-0.16,3.43,8,0,0,0,0
0,-16,86.9,63.8,7.4,0.67,1.49,7,2,2,0,1
0,23,95.4,73,7.2,0.19,2.26,7,3,2,1,1
0,26,97.5,75.6,7.1,-0.04,2.7,7,1,0,0,1
0,17,99.6,68.3,6.3,-0.4,2.5,7,0,1,1,1
0,31,77.1,82.5,7.8,-0.18,3.28,7,3,1,0,1
0,0,98.1,69.8,7.1,0.2,3.45,7,0,2,0,1
0,14,100.8,76.9,8.6,-0.45,1.77,7,0,2,0,1
0,43,98.2,80.4,7.8,0.2,2.52,6,2,0,1,1
0,6,21.1,13.1,1.7,0.58,1.88,6,0,0,0,0
0,19,85.4,73.1,7.5,-0.02,1.94,6,1,1,1,0
0,35,98.2,79.4,7.2,-0.34,2.46,6,0,1,1,1
0,60,81.9,79.4,7.6,0.88,2.46,5,0,1,0,0
0,9,84.2,76.5,7.7,-0.16,1.87,5,1,1,1,0
0,23,84.9,70.6,7,-0.29,3.03,5,0,1,0,1
1,25,100.6,76.5,7.7,0.04,2.07,4,2,1,1,0
0,-23,61.9,80.2,8.1,-0.41,2.05,4,0,1,1,0
0,21,70.4,76.8,7.6,-1.01,2.53,4,1,0,0,1
0,19,83.6,73.1,7.8,0.5,2.94,4,0,0,0,1
0,-26,101.2,69.5,6.3,-0.34,2.91,4,1,2,1,1
0,38,96.5,77,8.4,-0.23,1.36,3,1,2,1,0
0,-20,83.1,63.8,5.7,-0.28,2.83,3,1,0,1,0
0,0,75.2,73.9,8,0.34,2.64,2,0,0,0,0
0,60,85.6,75.7,7.6,0.47,2.7,2,1,0,1,0
0,71,76.8,76.3,8,0.55,3.42,2,1,2,1,0
0,-12,92,79.6,7.5,-0.15,3.07,2,0,0,0,1
0,75,61.1,63.8,8.4,0.9,1.73,2,2,2,0,1
0,22,94.4,75.5,7.6,0.01,2.2,2,1,2,0,1
1,30,105.5,80.2,8.3,0.13,2.02,2,1,0,0,1
0,-1,110.6,77.6,7.2,-0.47,2.46,1,2,2,1,0
0,14,109.5,80.5,8.1,-0.05,1.95,1,1,1,1,0
0,-3,101.9,77.4,8.8,-0.06,1.4,1,1,2,0,1
0,29,80.4,75.8,8.2,0.55,1.83,1,0,0,0,1
1,24,108.1,79.2,6.8,0.58,2.77,1,3,1,1,1
1,30,108,82.8,7.8,-0.61,2.22,9,0,0,0,0
0,25,81.2,60,6.2,-0.3,3.25,9,0,0,0,0
0,5,88.7,78.4,7.8,0.13,2.49,9,0,1,0,0
0,-6,64.4,70.9,8,-0.13,1.3,8,0,1,1,0
0,36,97.1,71.8,6.7,-0.07,2.13,8,0,1,0,0
0,-32,84.2,73.7,7.6,-0.59,2.01,8,2,1,1,0
0,53,84.6,66.5,6.1,0.05,3.14,8,0,1,0,0
0,-3,95.3,72.2,7.3,0.31,2.42,7,0,0,0,0
0,22,97.3,65.8,5.6,0.2,3.24,7,3,2,0,0
0,-11,91.5,69.8,6.8,0.63,3.13,7,1,2,1,0
0,32,101.4,83.2,7.3,0.36,1.54,7,3,1,1,0
0,13,97.4,78.4,7.3,0.05,2.88,7,0,2,0,0
0,49,102,72.1,7.7,0.05,2.87,6,1,1,0,0
0,49,94.8,71.8,7,0.14,2.71,6,1,1,0,0
0,-1,69.2,75.2,7.4,0.77,2.85,6,1,1,0,0
1,39,104.7,85.9,7.7,0.71,2.11,6,1,0,1,0
0,-63,34.5,65.9,3.7,0.68,2.16,6,0,1,0,0
0,2,92.6,77.9,7.5,-0.03,2.02,6,1,2,1,0
0,-11,74.6,78.7,9,0.35,1.91,5,3,2,0,0
0,19,104.2,75.9,7.8,-0.07,1.94,5,1,0,0,1
0,15,92.5,77.1,7.3,0.27,2.43,5,1,2,0,1
0,22,90.2,69.7,7.1,0,1.88,5,2,1,0,1
0,8,107,84.3,7.5,-0.49,1.66,5,3,2,1,1
0,-26,98.6,73.6,6.7,-0.27,2.08,5,2,1,0,1
0,47,83.2,66.1,6.2,0.29,2.53,4,2,2,0,0
0,27,83.4,60.2,6,0.02,2.76,4,0,0,0,1
0,66,86.2,73.9,6.9,0.17,3.51,4,2,1,0,1
0,-28,80.7,70.4,7.6,0.28,1.6,3,0,1,0,0
0,9,99.4,65.8,5.8,0.01,2.68,3,2,2,0,0
0,18,109,76.6,7.1,0.25,2.6,3,1,2,1,0
0,45,77.8,72.4,6.5,-0.47,2.35,3,3,2,0,0
0,66,77.4,81.1,7.6,-0.13,3.05,3,1,0,0,1
0,-6,65.7,70.2,7.1,1.2,1.82,3,2,2,0,1
0,-4,80.6,69,6.6,-0.8,2.11,2,0,1,0,0
0,35,88.4,69.6,6.3,0.36,3.05,2,2,2,0,0
0,56,91,74.8,8,-0.2,1.3,2,3,2,1,1
0,46,85.8,73.6,6.8,0.19,2.3,2,3,2,0,1
0,14,77.5,78.4,6.9,-1.04,2.51,1,0,0,0,0
0,19,100.5,70.6,6.5,0.09,2.29,1,0,1,0,0
0,20,87.9,74.2,7.5,0.38,2.34,1,1,2,0,0
0,34,50.4,64,6,0.77,3.04,1,1,0,1,0
0,-4,22.2,7.6,1,-0.78,2.66,1,0,1,0,0
0,46,100.2,72.7,7.9,-0.71,2.4,1,1,2,0,1
0,30,82.9,71.3,6.9,-0.56,3.08,1,1,1,0,1
0,-76,50.2,70.1,8.1,-0.01,1.99,9,0,1,0,0
0,5,107.2,80.5,7.4,0.25,2.77,9,1,1,0,0
0,5,103.9,71.7,7.5,0.31,1.56,9,2,2,1,0
0,37,95.7,75.2,7.3,0.01,2.11,9,1,0,0,0
0,13,89.8,68.2,6.9,0.14,4.27,9,0,0,0,0
0,14,96.7,70.1,6.9,0.04,1.24,9,1,1,1,0
0,-14,83.2,78.4,8,0.98,2.96,9,2,1,0,0
0,7,103.5,75.9,7.4,0.2,2.96,9,0,2,1,0
0,-8,94.8,68.2,6.6,-0.3,2.09,8,1,1,1,0
0,64,84.8,75,7.8,0.01,2.48,8,0,0,1,0
0,-31,88.2,73,6.8,-0.48,1.9,8,2,1,0,0
0,8,102.8,68.7,7,-0.5,1.88,8,1,2,0,0
0,1,99.4,68.4,7.1,-0.3,1.96,8,2,2,1,0
0,26,96.4,68.6,7.1,-0.13,1.51,7,0,2,0,1
0,52,91.7,74.1,6.9,-0.45,3.09,7,1,1,0,1
0,32,90.2,73.1,6.5,-0.75,2.12,7,2,1,0,0
0,8,104.8,68.9,6.1,0.47,2.45,7,1,0,1,0
0,26,78.7,62,7.3,-0.85,1.64,7,1,2,1,0
0,21,105.4,74.7,7.4,0.28,2.34,7,1,0,0,0
1,21,107.2,79.5,7.5,0.16,2.87,7,3,1,1,0
0,28,74.8,80.6,7.9,-0.58,1.86,6,2,0,0,1
0,1,96.3,73.4,6.9,-0.24,2.08,6,2,1,1,1
0,51,90.2,79.1,8,-0.27,2.67,6,0,0,0,0
0,5,105.7,72.6,7.2,-0.2,2.49,6,0,1,0,0
0,14,105.1,71.8,6.4,-0.37,2.17,6,1,1,1,0
0,-54,18.6,8.2,1.8,0.58,1.93,6,0,0,0,0
0,23,69.5,66.6,7.5,0.89,1.74,6,0,0,0,0
0,26,93.7,64.9,7.2,-0.23,2.07,5,2,2,1,0
1,32,111.7,80.2,7.6,-0.13,2.57,5,1,1,0,0
0,8,117,84,7.9,0.06,3.05,5,3,0,0,0
0,-19,93.8,71.5,7.9,0.63,1.64,5,0,2,0,0
0,79,89.3,79.9,7.6,0,2.86,4,3,1,0,1
0,-22,90.6,76.3,8.1,-0.29,2.87,4,2,1,1,1
0,-3,103.2,77.1,7.4,0.32,1.38,4,0,0,0,1
0,28,62.9,58.3,5.2,-0.63,3.49,4,0,2,0,0
0,35,92.1,70.2,7.2,-0.49,2.62,4,0,0,0,0
0,10,98.6,68.4,7.2,0.06,1.46,4,1,0,1,0
0,12,106.1,71.8,6.9,-0.34,3.65,4,0,2,0,0
0,70,93.5,75.1,7.7,-0.45,2.43,4,1,0,0,0
0,-13,98.2,68.7,6.5,-0.42,2.46,3,2,1,1,1
1,30,104.3,74.9,7.7,-0.1,2.15,3,2,1,0,0
0,-10,87.6,76.9,7.1,0.24,2.96,3,3,2,1,0
0,70,77.2,84.5,7.8,-0.08,3.35,3,1,1,0,0
0,33,75.3,70,6.9,-0.6,1.55,2,0,2,1,0
0,64,71.6,70.2,8.3,-0.88,1.95,2,2,1,1,0
0,3,76.8,73.4,7.6,0.94,2.25,2,0,1,0,0
0,72,91.9,78.2,7.2,0.44,2.3,2,1,0,1,0
0,10,101.9,70.6,6.7,0.19,1.98,2,2,2,0,0
0,19,61.2,65.7,6.5,-0.51,2.04,2,0,1,0,0
0,1,90.2,63.1,5.8,-0.39,2.93,2,1,0,1,0
0,46,70,74.3,8.4,-0.92,1.6,1,3,2,1,0
0,76,72.2,73.1,7,-0.28,2.34,1,1,2,0,0
0,67,91.9,76.3,8.9,0,1.67,1,0,1,0,0
0,28,98.5,73.8,7.5,-0.11,1.57,1,0,0,1,0
0,-40,64.4,75.7,7.5,-0.36,1.52,1,0,1,1,0
0,-16,89.6,71,7.1,-0.42,2.05,1,3,2,0,0
0,-9,109.6,75.5,7.1,-0.43,1.99,1,2,1,0,0
0,16,101.2,70.8,7.3,0.23,2.48,9,1,1,1,1
0,6,88.3,56.8,6.9,0.58,3.52,9,1,2,0,1
0,32,88,64.5,6.8,0.13,3.68,9,0,0,1,1
0,49,80.3,68.5,6.9,-0.47,2.96,8,0,1,0,0
0,21,99.7,71.1,6.8,-1.13,2.33,8,0,1,0,0
0,-24,88.4,57.4,6.2,0.3,1.78,8,0,1,0,0
0,76,85.9,75.8,8,0.7,2.68,8,2,0,0,1
0,25,85.7,70,8.2,-0.8,2.1,8,0,1,0,1
0,-36,89.2,65.4,7.1,0.09,1.78,8,0,2,1,1
0,-15,67,66.5,6.6,-1.18,2.37,7,0,0,0,0
0,32,82.3,75.3,7.9,-0.38,2.17,7,0,0,1,0
0,40,92.9,75.2,7,-0.43,1.99,7,2,0,0,0
0,-6,99.8,75.8,8.2,-0.25,2.27,7,0,1,0,0
0,5,87.3,67.9,7.3,-0.87,2.89,6,0,0,0,0
0,-1,78.9,68.7,6.2,-1.03,2.94,6,1,1,0,0
0,-1,96.6,70.5,7.5,0.61,2.5,6,2,0,1,0
0,-74,27.2,61.3,8.7,-0.27,1.6,5,0,0,1,1
0,43,73.6,64.7,6.8,-0.12,1.41,5,0,0,0,1
0,15,89.9,71.2,7.3,-0.35,2.45,5,0,0,0,1
1,35,104.4,76.2,8,0.61,2.13,5,0,0,1,1
0,19,104.2,71.5,7.4,-0.37,2.47,5,2,2,0,0
0,20,80.5,68.1,7.6,0.41,2.71,5,1,2,1,0
0,18,89.5,75.7,7.8,-0.04,1.79,5,1,1,0,0
0,0,107.9,78.4,7.3,0.19,2.49,5,3,2,0,0
0,12,108.3,74.2,8,0.18,1.98,5,3,1,1,0
0,52,80.2,67.9,8.1,0.88,1.93,4,3,2,0,1
0,-2,99,72.1,7.4,0.62,2.48,4,0,1,1,1
0,40,67.4,80.6,8.3,-0.19,1.97,4,1,0,0,1
0,53,95.6,78,7.8,0,1.96,4,0,0,0,1
0,13,87.6,66.2,6.2,0.42,3.14,4,0,0,1,1
0,-17,93,68.4,6.4,0.1,2.49,4,3,2,0,1
0,-16,84.7,68.4,6.4,-0.6,2.64,4,1,2,0,0
0,27,92.5,67.3,7.4,0.44,2.44,4,0,2,1,0
0,-7,106.9,74.9,6.5,-0.55,3.23,4,2,1,1,0
0,37,83.9,75.2,7.4,0.51,2.37,3,3,1,1,1
0,83,86.2,71.8,7.5,0.03,3.54,3,3,2,0,1
0,15,54.4,66.2,7.7,0.25,2.23,3,1,2,1,0
0,10,104.8,71.6,6.9,0.06,2.27,3,1,1,1,0
0,15,103.1,72.1,6.3,-0.2,2.92,3,2,1,0,0
0,8,102.7,71.4,7.2,0.35,3.68,3,0,0,1,0
0,-25,57.4,74.8,6.3,1,2.54,2,1,1,1,1
0,-3,93.4,71,6.7,-0.39,3.39,2,1,0,0,1
0,33,72.4,64.9,6.2,-0.48,3.08,2,2,2,0,1
0,21,100.9,71.5,7,0.75,3.66,2,2,1,0,0
0,10,82.5,69.7,7.3,0.31,2.76,2,2,2,1,0
0,7,108.2,73.5,7.2,-0.11,2.53,2,0,1,0,0
0,8,67.4,67,7.2,0.31,2.74,2,3,1,1,0
0,14,80.1,72.3,8,-1.02,1.91,2,0,2,1,0
0,-5,102.4,76.5,7.7,0.08,1.81,2,2,0,0,0
0,23,87.6,73.9,7,-0.5,3.44,2,0,0,0,0
0,-11,52.9,73.9,8.3,-0.26,1.68,1,0,0,1,1
0,-23,94.5,68.6,6.1,0.73,3.34,1,2,2,0,1
0,24,84.2,67.2,6.4,0.32,1.87,1,0,1,0,1
0,51,91.9,69.3,7.7,-0.42,2.66,1,3,1,1,0
0,16,108.2,75.4,7.5,0.64,1.93,1,0,1,1,0
0,7,94.6,59.9,5.6,0.25,2.52,10,1,0,1,0
0,-42,84.1,60.7,7,0.79,3.23,10,1,2,0,0
0,2,81.9,76.7,7.3,0.02,2.15,10,0,1,0,0
0,20,80.9,62.6,6.7,-1.55,3.22,10,1,2,1,0
0,-65,62.5,65.2,6.6,-0.95,2.3,10,0,1,0,0
0,-36,90.4,77.4,7.2,0.62,2.26,10,1,0,0,0
0,40,99.5,72.7,7.4,0.02,2.62,9,1,1,1,1
0,15,81.7,75.6,7.8,-0.43,2.47,9,3,2,1,1
0,41,73.9,71.5,7.3,-0.77,2.13,8,1,1,0,0
0,58,99.2,76.3,7.4,1.05,2.12,8,0,0,1,0
0,-8,103.2,70.4,6.3,0.17,2.3,8,1,1,0,0
0,27,78.2,73.4,7.8,-0.09,2.43,8,1,1,1,0
0,19,105.2,75.4,7.7,-0.09,2.83,8,0,0,0,0
0,51,80.6,69.8,6.8,0.68,1.98,7,3,1,1,0
0,-8,99.4,72.9,7.3,-0.17,2.26,7,3,2,0,0
0,25,103.3,73,6.9,-0.04,2.87,7,0,0,1,0
0,-64,65.9,74,7.3,-0.79,2.26,7,0,1,1,0
0,65,77,69.3,7.2,0.21,1.52,7,0,2,1,0
0,-7,88.1,75.1,6.7,-1.01,2.33,7,1,1,0,0
0,-12,51.5,68.6,5.8,-1.22,2.52,6,3,2,0,0
0,-6,65.4,69.7,7.9,1.06,2.58,6,1,0,0,0
0,11,101.6,75.7,7.2,0.24,2.97,6,1,1,0,1
0,8,87.9,72.5,6.7,-0.89,2.43,6,0,0,0,1
0,10,100.7,70.9,6.6,0,2.17,6,1,0,0,1
0,52,67.8,73.5,7.5,-0.41,1.79,6,1,1,0,0
0,41,91.1,71.7,7.4,0.17,1.77,5,1,2,0,0
0,-11,100.5,75.3,6.9,0.47,2.49,5,2,0,1,0
0,19,93.9,73.3,8.6,0.9,1.75,5,1,1,0,0
0,-6,95,74.5,6.6,-0.16,2.06,5,1,2,0,0
0,8,108.1,73.3,7.4,0.21,2.62,5,3,1,1,0
0,30,86.5,74.1,7.8,0.29,1.94,5,2,2,0,0
0,23,83.2,65.4,8,-0.09,1.23,5,2,1,1,0
0,15,94,74.1,7.6,-0.46,2.38,5,0,0,1,0
0,31,100.5,74.7,7.5,0.55,1.36,4,1,0,1,0
0,18,103.8,85.7,8.2,0.15,1.87,4,2,1,0,0
1,30,100.9,71.7,7.5,-0.34,2.53,4,1,0,1,0
0,48,89.8,70.8,7.9,0.73,1.54,4,0,0,0,0
0,-14,92.5,74.4,6.7,0.43,2.79,4,2,0,1,0
0,39,97.3,71.8,6.9,0.26,2.52,4,0,0,1,0
0,23,96.9,70.1,7.1,0.68,2.23,4,1,1,0,0
1,29,105.4,77,6.9,-0.35,1.94,4,0,0,0,0
0,26,104.4,77.5,7.4,0.43,2.2,4,0,0,0,0
0,-5,102.7,72.4,6.2,-0.15,2.12,3,1,1,0,0
0,-9,74.6,73.9,7.8,-0.56,1.75,3,0,1,1,0
0,-17,106.4,71,7.5,-0.17,1.72,3,0,1,0,0
0,-2,79.2,73.7,7.9,-0.22,1.21,3,2,2,1,0
0,46,84.8,71.5,6.8,0.4,2.65,3,1,1,1,0
0,63,86.6,73.8,7.7,0.41,2.51,2,0,1,1,0
0,-12,54.9,72.5,6.3,-0.92,2.68,2,3,1,0,0
0,57,73.8,67.1,6,0.49,2.81,2,0,1,1,0
0,59,68.7,72.2,7.3,0.21,1.91,2,1,2,0,0
0,30,99.7,82.5,7.7,-0.22,2.16,1,2,0,1,0
0,-15,84.8,76,8.7,0.39,1.67,1,0,0,0,0
0,70,76.1,70.8,7.8,-0.5,1.85,1,1,1,1,0
0,23,83.2,77,7,-0.5,1.79,1,2,1,0,0
0,8,100.3,68.4,7.4,-0.5,1.93,1,1,1,1,0
0,36,81.3,73.5,7.8,-0.51,2.32,1,2,1,0,0
0,14,100.1,71.5,6.8,0.4,2.56,1,2,2,1,0
0,-9,99.7,70.1,5.9,0.04,2.57,9,1,1,1,0
0,42,81.6,68.9,8,0.5,2.18,8,0,1,0,0
1,29,106.6,80.4,7.9,0.5,2.63,8,1,0,1,0
0,9,105.8,74.2,7.7,0.14,2.45,8,0,1,0,0
0,-3,73.9,60,5.8,-0.64,1.51,8,0,1,1,0
0,-38,62,66.9,6.8,-0.29,1.48,8,0,1,1,0
0,8,102.9,75.4,6.8,-0.2,1.56,8,0,2,0,0
0,34,95.4,66.8,6.2,-0.06,2.85,7,1,0,0,1
0,20,96.7,68.2,7,0.76,2.59,7,1,2,0,1
0,1,90.4,76.3,7.8,0.75,1.88,7,0,0,1,1
0,46,100.9,77.1,7.3,0.33,2.8,7,0,0,0,1
0,18,116.2,79.9,7.6,-0.36,2.32,7,0,0,0,1
0,19,92.3,75.4,7.2,0.65,2.32,7,0,1,1,1
0,-18,101.8,72.9,7.6,-0.75,2.23,7,0,0,1,0
0,16,89.3,77.2,7.6,-0.16,2.7,7,0,0,1,0
0,43,99.8,81.8,8.6,-0.43,1.78,7,2,1,0,0
0,45,95,73.5,7,-0.3,2.94,6,2,1,0,0
0,21,74.3,60.8,7.1,0.84,2.5,6,0,1,0,0
0,39,100.4,72.5,7.6,0.1,2.26,6,0,2,0,0
0,18,103.7,68.2,7.1,-0.24,2.15,6,0,0,0,0
0,-1,67.6,61.4,4.8,-0.04,3.29,6,2,2,1,0
0,7,65.1,64.7,6.4,-1.05,2.18,5,1,1,0,1
0,4,102.2,75.7,6.7,-0.07,2.58,5,2,1,1,0
0,6,101.2,75.2,6.8,-0.08,3.43,4,1,1,0,0
0,25,101.5,65.4,6.6,0.33,3.83,4,0,1,0,0
0,51,80,55.3,6.7,0.82,2.74,4,0,2,0,0
0,36,79,76.8,7.1,-1.36,2.72,4,0,1,0,0
0,6,80.6,71.2,7.7,-0.53,1.42,4,0,2,1,0
0,67,69.6,78.6,8.9,0.63,2.44,4,2,1,0,0
0,10,87,69.8,7.3,0.38,2.81,3,0,1,0,0
0,41,91.3,66.8,6.7,0.84,2.95,3,0,0,0,0
0,18,72.9,70.3,8.3,-0.43,1.22,3,1,2,1,0
0,22,89,72.2,7.9,0.52,2.76,3,0,1,0,0
0,-48,67,53.1,4.5,-0.54,3.62,3,0,1,1,0
0,-7,97.7,80.2,7.8,-0.09,2.19,3,3,2,0,0
0,46,80.5,74.3,7.9,-0.11,2.83,2,2,1,0,0
0,8,76.9,70.7,7.9,0.27,2.4,2,3,2,0,0
0,37,90.3,80.4,6.8,-0.34,1.78,2,0,0,0,0
0,-8,103,79.1,7.2,-0.16,3.17,2,0,1,1,0
0,41,60,67.6,7,0.87,2.08,2,0,1,1,0
0,11,109.4,76.8,7.7,-0.39,2.28,1,1,1,1,0
1,21,108.7,80,7.7,-0.35,1.99,1,0,0,0,0
0,22,102.6,71.7,7.9,-0.22,2.03,1,2,1,1,0
0,12,103.3,74.5,7.7,-0.12,3.07,1,0,0,0,0
0,19,98.8,76.3,7.1,-0.34,2.59,1,1,1,0,0
0,12,106.3,75.5,7.6,0.47,1.73,1,0,0,1,0
0,-7,69.6,75.7,7.2,-1.15,1.99,1,2,1,0,0
0,38,48.8,58.1,6.2,0.04,0.69,1,1,2,1,0
0,-20,101.7,76.8,7.7,-0.11,1.7,1,0,0,0,0
0,18,100.2,70.8,6.5,-0.02,2.77,9,2,1,1,0
0,35,77.7,70,6.9,0.57,2.87,9,1,2,0,0
0,-26,73.5,72.4,7.8,0.83,2.16,9,0,0,0,0
0,29,86.7,63.2,7,-0.21,2.55,9,0,0,0,1
0,5,102.5,71.5,7.5,0.58,1.85,9,1,0,0,1
0,-5,97.1,78.7,8.4,0.09,1.82,9,1,0,0,1
0,2,92.4,68.5,7.1,-0.43,2.01,9,0,1,1,1
1,28,101.8,68.8,7,0.42,2.03,9,0,0,0,1
0,-14,85.9,66.9,8.4,-0.44,2.15,9,1,2,1,1
0,39,80.3,52.1,6.5,0,3.29,8,1,0,1,1
0,-7,67.4,69.2,6.7,-0.64,2.97,8,0,0,0,1
0,-6,87.6,66.8,6.2,-0.16,2.14,8,0,2,0,1
0,-32,65.2,59.8,6.6,0.15,2.35,8,0,0,0,1
0,2,90.1,62.7,6.4,0.06,2.88,8,0,1,0,1
0,60,97,75,8.1,0.12,1.77,8,0,1,0,1
0,6,106.3,76.1,7.2,0.21,1.86,7,2,2,1,0
0,16,98.7,69.3,7.8,0.6,1.95,7,2,1,1,0
0,3,92.2,70.6,6.2,0.08,2.27,7,1,0,1,0
0,42,89.9,68.1,6.9,-0.08,2.86,7,0,1,0,0
0,-12,81.9,76,6.9,0.42,2.34,7,0,1,1,1
0,47,82.7,71.9,7.2,-0.04,2.27,7,2,1,0,1
0,-69,60.7,61.5,5.9,0.9,2.59,7,1,1,0,1
0,-61,58.1,68.7,8.2,0.56,2.04,6,3,2,0,0
0,1,100.7,71,6.8,-0.07,2.75,6,1,1,1,1
0,15,111,77.9,7.8,0.41,2.68,6,1,1,1,1
0,17,103.9,73.6,7.2,0.1,2.25,6,1,0,1,0
0,-7,100,77.6,7.9,-0.09,2.01,6,1,0,1,0
0,61,78.7,71.1,6.5,-0.46,2.73,5,2,1,0,0
0,5,70.4,78.1,7.3,-0.48,2.89,5,0,0,0,0
0,-3,100,67.7,6.7,0.07,3.42,5,3,2,0,0
0,36,97.5,70.4,7.5,-0.52,2,5,2,1,1,0
0,23,82.4,72,7.2,-0.07,2.3,5,0,0,0,0
0,3,102.1,72.8,8,-0.68,2.21,5,1,1,1,0
0,-6,91.9,70.6,7.7,-0.41,2.48,4,1,1,1,0
0,-19,71.9,70,7.9,-0.47,1.52,4,1,1,1,0
0,6,86.4,63.6,5.5,0.16,3.01,4,1,2,1,0
0,34,97.3,76.5,7,-0.49,2.66,4,1,0,1,0
0,-9,65.6,66.2,7.2,-0.66,2.74,4,0,1,0,0
0,61,75.5,63.1,6,0.87,3.53,3,0,0,1,0
0,-21,87.2,69.4,6.6,-0.16,2.71,3,1,2,1,0
0,13,97.1,64.7,6.8,-1.14,2.15,3,1,2,1,0
0,-34,94.9,79,7.4,-0.58,2.36,3,0,0,1,0
0,52,87.5,71.7,7.5,0.19,2.18,3,3,2,1,0
0,54,77.2,66.9,6.2,0.32,2.76,3,0,0,1,0
0,1,99.3,76.2,7,0.29,2.99,3,1,0,1,0
0,51,90.5,68.9,7.2,0.6,2.44,2,0,1,0,0
0,-15,89.3,74,7.1,0.17,2.07,2,3,1,1,0
0,77,84.6,65.5,8.3,-0.09,1.76,2,2,2,1,0
0,4,107.5,77.1,8,0.03,2.87,2,0,0,0,0
0,16,70.5,71.4,6.6,0.5,3.13,1,2,1,1,0
0,2,58.8,58.4,6.8,0.42,1.47,1,1,2,1,0
0,77,77,69.5,6.4,0.51,3.37,1,3,2,1,0
0,37,72.7,71.4,6.4,0.55,2.74,1,2,1,1,0
0,21,97,62.7,6.6,-0.52,2.65,1,1,2,1,0
0,14,94.6,73.2,6.6,-0.45,1.96,1,2,2,0,0
0,-15,72.7,76.5,8.7,-0.26,1.29,1,2,1,1,0
0,-19,79.6,72,7.3,0.5,2.61,9,0,0,0,0
0,-12,108.6,72.3,7.6,0.32,1.74,9,2,1,0,0
0,60,98.7,86.4,7.9,0.04,2.36,9,0,0,1,0
0,5,61.2,67.8,6,-0.94,3.28,9,0,2,0,0
0,9,102.8,69.8,6.2,0.23,2.19,8,0,2,1,0
0,-14,90.3,71.6,7.1,-0.26,2.75,8,0,0,0,0
0,21,99.3,73.9,7.9,-0.36,1.85,8,2,1,1,0
0,10,96,75.6,7.1,0.47,2.49,8,0,1,1,0
0,-21,88.7,60.5,6.8,-0.87,1.6,8,0,2,1,0
0,47,58.8,61,6.9,0.98,2.82,8,0,0,1,0
0,8,103.1,75.6,8.2,0.43,1.62,8,1,0,0,1
0,-45,49.1,68.6,8,0.07,2.46,7,0,0,0,0
0,16,99.5,66.4,6.3,0.34,2.25,7,0,1,1,1
0,33,98.4,68.1,7.6,0.55,2.78,7,0,0,0,1
0,-30,92.3,70.1,7.3,0.53,1.22,7,1,2,1,1
1,24,104.8,73.1,7.2,0.52,1.92,7,3,2,1,1
0,-33,84.9,68.1,7,0.2,1.88,6,3,2,1,1
0,-7,75.8,65.5,5.9,-0.85,2.56,6,3,2,1,1
0,12,83.2,69.3,6.9,0.49,2.94,6,1,0,0,0
0,62,49.8,61.4,6.6,0.99,2.63,6,2,1,1,0
0,5,97,67.3,7.3,-0.56,3.09,5,0,0,1,0
0,44,98.9,70.7,7.9,0.06,1.82,5,1,1,1,0
0,12,95.1,69.5,7.8,-0.15,2.05,5,3,2,0,0
0,-14,103.7,71.9,6.9,-0.37,2.37,5,2,0,1,0
0,29,89,66.9,7,0.11,1.88,5,1,1,0,0
0,20,101.6,68.1,6.9,-0.22,2.58,5,0,2,1,1
0,66,76.8,63.4,6.9,-0.26,2.27,5,0,1,1,1
1,36,107.2,75.4,7.1,0.08,1.94,4,3,2,1,0
0,24,94.2,71.6,7.3,-0.65,1.92,4,1,0,0,1
0,-13,86.7,60.1,7,-0.47,1.4,4,2,2,0,1
0,-22,49.1,56,5.2,1.13,3.24,4,1,2,1,1
0,-2,88.8,62.5,7.5,-0.17,1.91,3,3,2,1,0
0,20,74,71.7,7.7,-0.28,1.75,3,0,1,0,0
0,-7,96.7,64.9,6.4,-0.92,2.93,3,3,2,1,0
0,37,99.5,69.2,7.7,-0.21,2.33,3,1,0,0,0
1,30,106.6,76.4,7.6,-0.31,3.1,3,3,2,1,0
0,46,79.5,74.2,6.5,0.57,2.4,3,3,2,1,0
0,32,95.2,68.2,7.5,-0.32,1.76,2,2,2,1,0
0,31,94.9,69.1,7.2,0.33,2.37,2,0,0,0,0
1,20,111.1,77.1,7.8,0.27,2.18,2,3,1,1,0
1,31,100.4,73.6,6.9,0.13,3.69,1,1,2,1,0
0,-42,47.2,70.1,8.1,0.56,1.31,1,0,2,0,0
1,25,105.9,83.6,6.4,0.31,3.02,1,3,1,1,0
0,16,104.1,74.2,7.6,0.2,2.58,1,0,0,0,0
1,25,105.8,75,7.6,0.35,1.79,1,2,2,1,0
0,-3,73.5,75.4,7.5,0.99,2.02,11,2,2,0,0
0,46,91.4,68.9,7.6,-0.5,2.21,11,1,1,0,0
0,-15,71.4,72.9,8.6,0.99,1.87,11,2,0,0,0
0,6,89.8,63.3,7.7,-0.96,1.26,11,2,2,1,0
0,31,81.8,77.4,7.5,-0.55,2.02,10,0,0,0,0
0,19,89.6,63.6,7,-0.15,2.17,10,0,1,1,0
0,-28,99.6,72.6,6.7,-0.56,1.97,10,0,0,0,0
0,42,99.6,77,7.8,-0.2,2.26,10,1,1,1,1
0,-27,75.9,69.5,6.2,-0.49,2.11,10,1,1,0,1
0,-28,74.3,74.6,7.9,0.84,1.26,9,0,0,0,0
0,-15,105.8,74.9,7.3,-0.11,2.11,9,1,1,0,0
0,-24,84.4,61.6,8.4,-0.83,1.92,9,0,2,1,0
0,-21,73.5,74.4,7.7,0.46,2.6,9,1,0,0,0
0,58,83.4,70.8,8.4,0.51,2.23,8,1,1,0,0
0,-71,69.9,62.4,7.7,0.93,2.14,8,0,2,0,0
0,-4,76.1,71.1,7.1,0.5,1.32,8,3,2,0,0
0,-4,95.8,75.6,6.9,0.84,2.02,8,2,2,0,0
0,-3,83.4,77.8,7.8,-0.16,1.98,8,1,1,0,0
0,30,93.6,62.9,7.6,-0.19,2.2,8,2,2,1,0
0,35,102.5,72.3,7,0.2,3.07,8,1,1,0,0
0,42,29.6,5.6,1.1,0.03,2.82,7,1,1,0,0
0,18,109.6,77.4,7.6,-0.18,2.18,7,1,1,0,0
0,-1,69.5,70.2,7.4,-0.55,1.1,7,3,2,1,0
0,9,106,72.2,7.1,-0.24,2.33,7,1,2,0,0
0,49,90.1,70,7.9,0.08,1.94,6,1,1,1,0
0,18,75.7,71.3,8.7,-0.06,0.85,6,2,2,0,0
0,50,93,73.8,6.7,-0.48,2.53,6,2,1,0,0
0,9,111,80.2,7.3,0.06,2.16,6,3,1,0,0
0,8,81.3,77.1,7.8,-0.49,1.7,6,1,2,0,0
0,-13,90.3,75.9,7.3,0.76,2.31,6,1,0,0,1
0,52,92.9,74.6,7.8,-0.94,3.1,5,1,1,1,0
0,-9,103.2,72.2,8.4,-0.14,1.54,5,0,0,0,0
0,-22,67.6,79.8,8.1,0.5,1.97,5,0,0,0,1
0,-22,75.2,61.7,6.3,0.85,2.65,5,0,2,0,1
0,25,95.4,78.9,7.8,-0.49,2.5,4,1,0,0,0
0,4,90.4,74.1,6.6,-0.54,2.1,4,2,2,0,0
0,-39,94,70.2,6.7,0.08,2.15,4,1,1,1,1
0,5,103.8,73.5,6.9,-0.22,2.4,3,1,0,0,0
0,18,104.3,71.3,6.4,-0.17,2.31,3,0,0,1,0
0,-1,116.2,81.1,7.7,-0.48,2.64,3,2,0,1,0
0,30,94.7,67.7,7.3,0.92,2.09,3,0,0,0,1
1,31,108.4,78,7.5,0.35,2.31,3,3,1,1,1
0,6,106.9,73.3,6.5,0.25,2.39,3,1,1,0,1
0,39,94.4,74.7,7.9,0.12,1.85,3,3,2,0,1
0,4,97.1,68.7,6.4,0.66,2.71,2,0,1,0,0
0,5,110.6,75.8,6.9,0.29,2.68,2,2,0,0,0
0,6,97.1,66.8,5.6,0.94,2.56,2,0,1,1,1
0,1,97.1,74.4,7.9,0.03,2.14,2,0,1,0,1
0,13,105.3,75.3,8.4,0.16,2.3,2,0,0,0,1
0,31,88.4,61.3,5.8,0.65,3.85,2,0,2,0,1
0,39,100.7,71.9,7.2,-0.37,2.83,1,0,0,0,0
0,36,102.7,73.1,7,0.39,2.92,1,1,0,0,1
0,60,104.4,77.3,7.9,-0.62,2.36,1,0,1,0,1
0,-55,70.2,61,5.2,0.29,2.41,1,0,1,1,1
0,21,102.6,74.3,7.8,0.06,1.83,9,1,1,1,0
0,40,94.4,69.3,7.1,-0.2,2.85,9,0,0,1,0
0,14,97.9,70.9,6.8,-0.4,1.51,9,3,2,1,0
0,-7,80.5,73.2,7.4,0.67,2.74,9,1,2,0,0
0,-31,77.6,67.8,6.9,0.2,3.11,9,3,2,0,1
0,40,73.9,64.2,7.6,-0.76,2.88,9,0,2,1,1
0,50,95.9,75.2,7.9,0.17,2.6,8,3,2,0,0
0,37,100.7,71.7,7,0.49,2.96,8,0,2,0,0
0,13,99,69.7,7.4,0.1,1.87,8,0,0,0,1
0,14,79,71.1,7.5,-0.62,2.14,8,0,0,1,1
0,30,99.9,73.2,6.9,0.06,2.52,8,0,0,1,1
0,36,69.2,65.4,8.4,0.44,2.93,8,0,0,0,1
0,25,76.6,69.6,6.3,0.32,3.36,8,2,2,1,1
1,23,110.6,76.7,7,0.41,2.71,8,1,0,1,1
0,9,105.5,75.3,7.1,-0.32,2.79,8,0,1,0,0
0,-4,80.7,73.3,8.2,-0.46,1.61,8,1,1,1,0
0,2,96.6,67.5,7.9,0.34,0.82,7,2,2,0,1
0,-16,94.2,73.8,7.6,0.71,2.64,7,0,0,0,1
0,79,74.7,72.3,8.4,-0.16,1.86,7,1,1,1,0
0,20,83.9,65.1,6.6,0.23,3.68,7,1,2,0,0
0,40,99,76.2,7.4,-0.57,3.21,7,1,0,1,0
0,-27,95.3,73,7.1,-0.24,2.06,7,0,0,0,0
0,39,81.5,67.1,6.5,0.52,2.28,6,0,1,1,1
0,42,90.6,73.9,7.7,0.12,1.89,6,1,0,0,1
0,50,87,78,7,-0.07,2.84,6,3,2,1,0
0,14,107.1,74.4,6.8,-0.65,2.59,6,0,0,1,0
0,-15,75.5,75.1,7.7,0.17,2.35,6,0,2,0,0
0,-23,71.3,69.3,7.1,1.31,2.25,5,0,2,0,1
0,-51,71.6,83,8.2,0.25,1.57,5,0,0,0,1
0,-29,79.8,70.1,7.1,-0.31,2.39,5,3,2,0,0
0,26,94.9,72.7,7.8,-0.26,2.71,5,1,0,1,0
0,66,88.5,78.6,7.8,0.16,2.12,5,1,1,0,0
0,-32,81.5,72,8.1,0.75,2.31,4,1,2,0,1
0,45,101,77.9,8.1,-0.7,1.54,4,1,2,0,1
0,-46,74.1,70.4,6.4,-0.3,2.39,4,1,1,1,0
0,70,68.8,72.4,7.3,0.73,3.76,4,1,2,0,0
0,40,67.1,66.8,5.9,0.52,3.15,4,0,2,1,0
0,23,103,75.1,7,-0.42,2.78,4,1,0,1,0
0,-12,101.4,68.7,6.8,0.12,2.68,4,1,0,0,0
0,-7,90.8,61.4,7.1,-0.57,2.28,4,1,2,1,0
0,30,93.5,65,5.9,-0.24,2.75,3,1,1,1,1
0,-32,65.6,69.2,7.7,1.06,2.38,3,2,2,0,1
0,21,76.1,72.2,7.9,0.62,2.02,3,0,0,0,1
0,29,94.1,69.8,7.8,0.47,1.28,3,0,1,0,1
0,8,102.5,69.6,7.3,0.12,1.59,3,0,0,1,0
0,9,81.6,78.6,8.3,0.33,1.93,2,3,2,0,1
0,9,96.3,71.4,7.2,-0.27,2.55,2,1,1,1,1
0,24,72.5,72.1,7.2,-0.81,2.54,2,0,1,0,1
0,34,89.1,66.7,7.2,-0.9,2.67,2,2,1,1,0
0,34,81,60.1,7.7,0.74,2.21,2,1,2,0,0
0,41,99.9,75.6,8.1,-0.41,2.1,2,3,2,1,0
0,13,96.8,76.7,8.1,0.87,2.95,1,1,0,0,1
0,-45,74.6,51.2,5.2,0.07,2.94,1,1,1,1,1
0,45,88.8,76.5,7.5,0.51,2.46,1,1,1,1,0
0,19,105.5,69.3,6.9,-0.34,3.17,1,0,0,0,0
0,-27,78.1,73.4,7.7,-0.06,1.77,1,2,1,1,0
0,-6,101.4,73.3,7.7,-0.19,1.76,9,3,1,1,0
0,-22,54.1,65,8.3,-0.35,2.62,9,1,2,1,0
0,61,93.9,70.6,8.7,0.15,1.97,9,1,0,1,0
0,56,101.1,77.1,8.1,-0.42,2.33,9,2,2,1,0
0,3,101.1,71.1,7.7,0.29,1.85,8,0,1,0,0
1,26,107,82,7.4,-0.28,2.42,8,3,1,1,0
0,15,99.1,65.2,6.4,-0.78,3.17,8,0,1,0,0
0,-3,100.6,71.2,7,-0.41,2.12,8,0,0,0,0
0,14,82.7,68.2,8.1,0.09,1.39,8,1,0,0,0
0,64,65.8,67.9,6.2,-0.96,2.48,8,2,2,0,0
0,-7,79.6,66.6,8.1,0.98,2.7,8,0,2,0,0
0,-5,98.6,77.3,6.8,0.05,3.23,7,0,0,0,0
0,27,67.2,64,6.3,-0.69,3.54,7,1,1,0,0
0,34,102.2,74.9,7.5,-0.31,2.25,7,0,1,1,1
0,55,91.7,65.6,6.4,-0.7,3.25,7,1,2,1,1
0,7,86.5,72.3,7.8,-0.21,1.82,7,1,0,0,0
0,13,108.5,77.9,6.9,-0.29,2.28,6,0,2,1,1
0,24,54.4,71.6,6.6,-0.49,2.84,6,1,0,0,1
0,15,84.9,73.9,7.7,-0.57,1.84,6,0,1,1,1
0,40,96.8,74.9,7.7,0.19,2.2,6,1,2,0,0
0,7,105.3,72.2,8.2,0.38,1.28,5,3,1,0,0
0,16,100.9,68.7,7.4,-0.5,2.52,5,0,2,1,0
0,74,83.8,67.6,6.5,0.3,2.96,5,0,1,0,0
0,12,97.1,64.7,6.1,-0.66,3.34,5,1,2,1,0
0,6,103.4,76.1,7.7,-0.22,2.03,5,0,0,1,0
0,59,73,68,7.8,0.64,2.02,4,3,2,0,0
1,31,98.9,80.7,8,0.43,2,4,1,1,1,0
0,10,104.3,71.4,7.7,0.16,2.24,4,0,2,0,0
0,74,93.2,74.6,8.2,-0.16,2.25,4,1,0,1,0
0,0,108.9,79.4,7,0.68,2.34,4,2,2,0,0
0,45,85.8,72.1,7.8,0.02,2.34,4,1,1,0,0
1,28,106,72,7.1,-0.07,3.42,4,1,2,0,0
0,1,97.7,78.7,7.3,-0.05,2.29,3,0,1,1,0
0,41,78.5,64,7.8,0.47,1.53,3,1,1,1,0
0,17,98.6,69.7,6.5,-0.12,2.68,3,0,0,1,0
0,15,96.2,76.1,7.7,-0.12,2.52,3,0,0,0,0
0,-5,70.5,76.3,7.1,0.82,2.22,2,0,0,0,0
0,36,89.7,73.4,7.5,0.68,2.74,2,0,1,0,0
0,49,90.6,74.4,8.1,0.03,1.99,2,3,2,1,0
0,40,94.2,72.5,6.7,0.21,2.21,2,0,1,1,0
0,23,87.6,74.7,7.7,0.1,2.75,2,0,0,0,0
0,24,101,72.7,6.7,0.14,2.58,1,3,2,1,0
0,8,99.1,71.8,7.2,-0.74,2.27,1,0,0,0,0
0,44,48.1,65.2,6.5,-0.62,2.81,1,0,0,0,0
0,2,102.6,72.6,6.7,-0.11,1.76,1,0,1,0,0
0,20,78.6,67.4,6.7,0.7,1.52,1,1,0,1,0
0,3,99.4,74.2,6.7,-0.19,2.03,9,2,1,1,0
0,46,87.1,70.5,7.3,-0.41,2.32,9,3,2,1,0
0,-67,68,71.7,7.5,0.26,3.02,9,0,1,0,0
0,37,98,66.6,6.7,-0.33,2.64,9,1,1,0,0
0,49,65.6,75.5,7.6,0.73,2.6,9,2,1,1,0
0,-41,100.4,69.8,7.4,-0.1,2.86,9,0,2,1,0
0,-29,77.1,73.9,7.9,0.54,1.78,9,2,2,0,0
0,9,69.5,66.6,6.9,-0.12,2.91,8,2,2,1,1
0,-20,109.3,79.7,8.1,0.24,1.71,8,2,1,0,1
0,66,72,74.7,7.4,-1.19,3.1,8,1,0,0,0
0,-5,100.5,73.1,7.3,-0.72,2.58,8,0,0,0,0
0,-17,74.3,64.2,6.8,-0.61,2.59,7,0,0,1,0
0,-19,87.3,64.7,6.4,-0.79,1.92,7,3,2,1,0
0,25,86.7,68,6.2,-0.08,2.56,7,2,2,0,0
0,32,92.2,66.1,7.9,-0.02,2.87,7,1,0,0,0
0,-43,65.2,72.6,7.4,-0.28,1.71,6,1,2,1,0
0,-43,69.8,71.4,6.7,0.23,3.71,6,0,0,1,0
0,31,104,75.7,7.6,0.11,3.36,5,0,0,0,1
0,56,104.1,76.6,7.4,0.2,3.33,5,0,1,1,1
1,25,96.2,73.9,7.4,0.47,2.41,5,2,2,0,0
0,72,91,80,7.7,0.6,2.26,5,1,0,1,0
0,-38,76.8,66.6,7.1,0.97,1.94,5,2,2,0,0
0,-12,73.3,64.8,7.1,-0.63,1.51,4,0,1,1,0
0,24,90.6,69,6.4,0.51,3.2,4,0,2,1,0
0,10,102.6,71.4,7.1,-0.09,2.66,4,0,2,1,0
0,-7,96,64.2,6.8,-0.51,1.84,4,2,2,1,0
0,73,82.1,68.4,7.8,0.32,1.62,4,0,0,1,0
0,17,77.7,75.4,7,1.11,2.49,4,3,2,1,0
0,-1,83.7,67.6,6.7,-0.02,1.5,3,2,0,1,0
0,-18,97.9,71.8,7.1,0.71,2.04,3,1,1,0,0
1,20,108.4,79.2,7.9,-0.04,2.98,3,0,0,0,0
0,57,79.7,73.8,7.1,-0.45,3.01,3,1,1,0,0
0,35,81.8,74,6.6,0.18,2.1,3,2,2,1,0
0,38,89.8,61.5,6.5,-0.06,3.1,2,3,1,1,0
0,35,56.9,70.4,6.6,1.09,2.77,2,1,2,1,0
0,28,84.4,78.6,8.8,0.52,1.74,2,0,0,0,0
0,-61,62,73,7,0.86,2.87,2,1,1,0,0
0,18,102.5,73.2,8.2,-0.15,2.79,2,0,1,0,0
0,-8,106.7,71.4,6.9,0.12,2.09,2,3,2,1,0
0,12,87.7,69.5,7.1,0.94,2.11,1,0,0,1,0
0,-25,87,78.6,7.1,-0.19,2.87,1,1,2,1,0
0,-18,96.6,63.6,7.2,0.48,1.5,1,1,1,1,0
0,68,87.5,83.9,7.9,0.86,1.73,1,0,0,1,0
0,-8,88,70,7.6,0.23,2.1,1,0,2,0,0
0,32,77.4,80.8,8.3,-0.25,2.07,9,0,0,1,0
0,-1,92.8,67.4,5.7,0.48,2.33,9,2,2,1,0
0,-2,68.1,70.3,7.7,-0.27,1.86,9,0,0,1,0
0,-13,102.4,71.9,7.4,-0.89,1.42,9,2,2,0,1
0,39,88.2,68.4,7.4,0.04,1.76,9,1,1,1,1
0,-28,67.8,65.7,6.2,0.87,3.18,8,0,0,1,1
0,9,76.8,59.3,6.4,-0.69,2.13,8,1,2,1,1
1,25,105.1,74.5,7.1,-0.72,2.46,8,1,0,0,0
0,-14,74.8,71.6,7.3,0.31,1.9,8,0,0,0,0
0,-10,92.5,74,6.5,0.5,3,8,0,0,1,0
0,60,94.1,73,6.9,-0.24,3.25,8,0,2,1,0
0,54,91.9,68.3,6.5,-0.18,3.83,8,0,1,1,0
0,11,83.2,67.3,6.1,0.82,2.61,8,1,1,1,0
0,33,89.5,73.4,7.6,-0.19,1.89,7,1,2,1,0
0,-3,95,71.5,6.9,0.01,2.88,7,2,0,1,0
0,49,89.7,72.9,7.3,-0.16,2.83,7,1,0,0,0
0,36,90.7,81,6.5,0.02,3.16,7,1,0,1,0
0,-34,71.2,67.8,6.2,0.52,2.54,6,0,0,0,0
0,34,77.8,74.1,7.2,-0.16,3.12,6,3,1,1,0
0,32,101.2,75.6,6.7,-0.22,2.32,6,0,0,0,0
0,-2,70.8,70,7.5,-0.78,1.58,6,0,0,1,0
0,20,87.2,72.8,7.6,-0.77,2.47,6,1,1,1,0
0,-15,102.8,70.4,7.4,0.17,2.3,6,1,1,0,0
0,25,29.8,7.6,1.6,-0.19,2.8,5,1,1,0,0
0,-53,90.7,71.9,7.7,-0.47,1.5,5,3,2,1,0
0,-11,85.6,60.4,5.3,-0.12,2.54,5,0,1,1,0
0,9,74.4,75.7,8.1,-1.24,2.05,5,1,0,0,0
0,2,59.9,53.6,4.7,0.43,3.18,5,0,2,1,0
0,8,80.5,68.9,7.5,1,3.1,5,1,2,0,0
0,-5,85.1,74.6,7.7,-0.59,2.37,5,0,1,1,0
0,-27,92.6,68.8,5.9,0.1,3.22,4,0,2,1,0
0,65,84,77.8,7.7,0.37,2.19,4,2,1,1,0
0,12,97.9,70.7,7.6,-0.72,1.69,4,0,2,1,0
0,27,100.8,75.5,7.4,-0.53,2.45,3,1,0,1,0
0,7,107.7,84.6,7.6,-0.12,2.55,3,0,1,0,0
0,-8,105.4,80.5,7.5,0.16,2.33,3,3,1,0,0
0,67,85.6,73.5,7.7,0.37,1.56,3,2,1,1,0
0,-23,100.8,67.7,5.6,-0.01,2.41,2,0,0,1,0
0,-4,101.6,77.5,7.4,0.06,1.77,2,3,2,1,0
0,-15,98.4,68,6.4,-0.11,2.6,2,1,0,1,0
0,19,110.5,78.9,6.8,0.24,3.06,2,1,1,1,0
0,13,93,59.4,5.7,-0.26,1.93,2,3,2,1,0
0,-5,102.3,69,5.9,-0.03,2.15,2,0,0,0,0
0,16,51.6,61.7,7.1,0.93,1.83,2,1,0,1,0
0,14,96.6,71.8,7,0.46,2.43,1,0,0,1,0
0,11,112.4,80.2,7.7,-0.14,2.75,1,2,0,1,0
0,-12,93.4,63.2,5.4,-0.41,2.82,1,0,1,0,0
0,17,63.4,62.8,8,-1.01,1.17,1,1,2,1,0
0,-3,97.3,72,6.5,-0.88,2.61,1,1,0,1,0
0,11,107.4,74.3,8.2,-0.22,1.96,9,0,0,0,0
0,74,76.4,67.3,7.6,-0.79,2.16,9,1,0,0,0
0,35,99.1,73.3,6.7,0.14,2.77,9,1,2,1,0
0,5,78.6,67.2,6.8,0.31,1.68,9,1,2,0,0
0,1,94.7,72.3,6.6,-0.14,2.75,9,2,1,1,0
0,0,106.4,73.5,7.6,-0.46,2.5,9,3,2,0,0
0,58,89.9,76.1,7.5,-0.45,2.46,8,3,2,0,0
0,69,76.2,62.8,6.5,-0.38,3.12,8,1,2,0,1
0,13,101,71.7,7.9,0.17,2.42,8,1,2,0,1
0,1,73.4,73.9,6.8,-0.61,2.64,7,0,2,0,0
0,-63,88.9,64.1,6,0.29,2.15,7,1,2,0,0
0,32,88.1,70.1,6.9,0.07,1.54,7,0,1,0,1
0,69,70.9,67.7,6.1,0.28,3.02,7,3,1,1,1
0,23,80.6,67.1,6,0.23,3.5,6,0,1,1,0
0,13,102.9,69.1,7.5,-0.11,3.47,6,2,0,0,0
0,-34,80.4,57.1,7.3,-0.3,1.96,6,1,1,1,0
0,8,78.4,67,8.5,0.5,1.92,5,2,0,0,0
0,16,100.6,72.8,7.1,0.41,2.26,5,1,1,0,0
0,57,86.6,73.7,7.1,0.12,2.22,5,2,2,1,0
0,-11,94.3,65.4,7.5,0.13,1.85,5,0,2,0,0
0,-4,77.8,60.7,6.8,0.46,0.98,5,0,2,0,0
0,-2,84.5,62.8,6.1,-0.8,2.67,5,0,1,0,0
0,-2,90,74,7.3,-0.36,2.48,4,2,2,0,0
0,-30,85.7,75.8,8.2,0.16,1.12,4,1,2,0,0
0,36,100,72.5,7.2,-0.08,2.3,4,0,0,0,0
0,-13,100.2,73.7,6.6,-0.27,2.61,4,0,1,0,0
0,47,92,77.3,7.9,-0.22,2.7,4,2,1,1,1
0,9,103.8,69.6,6.9,-0.01,2.28,4,1,2,0,1
0,30,86.1,70.5,8.4,-0.25,1.32,4,3,1,0,1
0,39,101.2,76.2,7.6,0.22,2.56,3,0,0,0,0
1,22,103.1,73.2,7.1,0.65,2.35,3,0,0,1,0
0,25,102,77.1,7.6,-0.63,2.81,3,0,0,0,0
0,3,75.4,69.9,8.3,0.8,1.33,3,1,0,0,0
0,34,98.6,72.7,7.1,0.8,2.85,3,3,1,0,0
0,13,101.7,67.9,6.9,1.03,2.77,3,1,2,0,0
0,24,77.5,74.4,7.5,1.19,2.6,3,1,0,0,0
0,5,100.3,66.6,6.3,-0.09,2.46,3,2,2,1,0
0,60,68.6,63.6,6.9,-0.2,3.02,3,3,2,0,0
0,-3,61.7,77.5,6.9,-0.63,2.38,2,2,1,0,0
0,-6,57.8,58.6,5.4,-1.06,3.03,2,3,2,0,0
0,15,81.3,75.7,7.2,0.18,2.39,2,0,0,1,0
0,26,95,77.3,7.7,-0.47,3.24,2,0,1,1,0
0,0,82.7,67.3,7.6,1.21,2.82,1,3,2,0,0
0,11,82.4,73,7.6,1.07,2.77,1,1,0,0,0
0,16,78.9,55.2,7.1,0.25,3.84,1,0,2,0,0
0,36,94.2,71,7.4,0.79,2.49,1,1,1,0,0
0,10,85.7,63.6,7.3,-0.73,2.05,1,2,1,1,0
0,-2,100,70,6.8,-0.82,2.1,1,1,2,1,0
0,11,101.1,69.8,6.1,0.13,2.67,1,2,1,1,0
0,14,90.6,81.2,8,0.01,2.1,1,0,1,1,0
0,10,102.6,71.5,7.2,-0.1,2.93,1,0,1,0,0
0,5,86.4,68.3,8.2,-0.28,1.73,1,2,1,1,0
1,23,102,74.7,6.8,-0.39,2.31,1,1,1,1,0
0,-1,79.6,69.8,7.7,-0.22,1.7,9,0,1,1,0
0,24,87.1,65.7,8,0.55,2.28,9,0,2,0,0
0,38,89.8,64.1,6.6,0.73,3.73,9,2,2,0,0
0,49,68.5,70.9,7,-0.54,1.76,9,1,2,0,1
0,10,74.2,76.5,7.4,-0.89,2.29,9,2,2,1,1
0,25,96.1,65.3,6.3,-0.3,2.6,8,0,1,0,0
0,-10,97.8,78.9,7.6,0.06,2.51,8,2,2,0,1
0,17,95.8,72.5,7.5,0.56,2.65,8,0,0,0,1
0,17,87.8,69.2,7,0.09,3.11,8,0,0,0,0
0,5,81.2,78.3,7.9,0.54,2.3,7,2,0,0,0
0,36,65.3,69.5,6.3,-0.86,3.56,7,2,2,0,0
0,73,81.3,76.4,7.4,0.43,1.9,7,1,2,1,0
0,43,98.3,72.9,7.4,-0.14,2.1,7,0,0,0,0
1,24,109,78.5,7.5,-0.43,2.03,7,0,1,1,0
0,64,87.4,62.3,6.8,0.41,3.16,6,0,0,1,0
0,58,90.2,69.9,7.3,0.1,2.86,6,1,1,0,0
0,45,87.3,68.1,6.7,0.22,2.86,6,0,1,0,0
0,45,73,71.8,6.8,-0.06,2.52,6,0,2,0,0
0,67,64.4,60,5.3,0.52,3.13,6,3,2,1,0
0,-27,74.2,69.9,7.5,0.32,1.7,6,1,2,0,0
0,71,66,74.5,7.2,-0.58,2.4,5,3,2,0,0
0,-55,79.6,74.9,8,0.4,1.62,5,3,2,0,0
0,4,102.5,70.8,6.5,0.16,3.7,5,1,2,1,0
0,29,89.9,64.6,6.1,-0.66,2.34,5,1,2,0,0
0,28,62.5,79.2,8.2,0.47,1.39,5,0,1,1,0
0,40,103.4,76.2,7.8,-0.11,2.63,4,2,0,0,0
0,19,103.4,71,6.6,-0.48,3.09,4,3,2,1,0
0,28,89.3,64.2,6.4,-0.4,2.72,4,3,2,1,0
0,43,73.4,74.2,6.8,0.52,2.26,4,1,2,1,0
0,-27,101.3,75.2,7,-0.09,2.9,4,1,1,0,0
0,33,90.6,73.1,7.1,0.2,2.54,3,0,2,1,0
0,42,96.1,71.8,6.8,-0.61,2.18,3,0,2,0,0
0,35,78.3,69.4,6.7,-1.02,3.4,3,1,0,0,0
0,37,84,75.9,7,0.35,2.5,3,3,2,1,0
0,-44,86,59.5,5.2,-0.01,2.67,3,2,2,1,0
0,6,94.2,60.3,6,-0.41,2.92,3,2,1,0,0
0,-11,97.6,71.4,7.2,-0.08,2.68,2,0,0,1,0
0,21,75.9,69.6,7.2,-0.67,2.64,2,0,2,0,0
0,-49,70.1,70.9,7.6,-1.04,1.75,2,1,2,1,0
0,-6,93,67.9,5.8,-0.41,2.34,2,1,1,0,0
0,27,90.4,75.2,7.2,0.38,1.94,2,1,0,1,0
0,33,97.9,71.5,7.3,0.11,2.4,1,0,0,1,0
1,33,105.6,72.1,7.7,-0.48,2.88,1,3,1,0,0
0,37,96.5,70.1,7.4,-0.16,2.9,1,3,2,1,0
0,-19,79.5,74.6,7.5,-0.34,2.2,1,1,0,1,0
0,7,100.5,66.9,6.1,-0.03,2.61,1,2,0,1,0
0,-23,92.4,74.8,7.1,0.03,2.34,9,1,0,0,1
0,50,83.8,72.2,7.4,0.58,2.36,9,2,1,0,1
0,13,98.5,69.4,7.1,-0.26,2.93,9,2,1,0,0
0,9,106.8,78.7,7,-0.16,2.77,8,0,0,1,0
0,-8,95.9,74.2,7.9,-0.15,1.76,8,2,1,0,0
0,11,82.5,61.1,7.9,1.08,1.7,8,0,2,0,0
0,37,99.3,76.1,7.5,0.8,2.71,8,1,2,0,0
0,40,60.5,70.6,6.4,-0.89,2.58,8,2,1,0,0
0,36,88.3,72.5,6.3,0.24,2.78,8,0,0,0,0
0,3,109.4,75.7,8,0.07,2.03,8,0,0,1,0
0,24,100.7,72.1,8.3,0.49,1.91,8,0,0,0,0
1,34,105.8,78.8,8.3,0.2,2.96,8,1,2,0,1
0,-2,64,75.6,6.1,-0.77,2.81,7,1,0,0,1
0,11,93.4,69.3,6.6,-0.42,2.82,7,0,0,0,1
0,-57,75.2,68.6,6.1,0.17,2.51,7,0,0,0,1
0,2,108.6,79.4,7.3,0.51,2.59,7,0,1,1,1
0,19,44.1,70.3,5.7,0.95,2.8,7,2,1,1,1
1,24,101.1,71.3,7.9,-0.2,1.72,7,2,1,0,1
0,-12,91.4,73.5,7.3,0.35,2.04,7,0,2,0,1
0,-13,84.9,65.4,5.9,0.78,2.85,7,0,1,1,1
0,22,91.5,69.7,6.3,-0.29,3.31,6,0,1,0,1
0,21,98,68.1,6.6,-0.08,2.93,6,2,2,0,1
0,-35,69.2,72.2,7.5,0.19,1.36,6,1,2,0,1
0,-11,100.7,74.2,7.4,-0.24,2.01,6,0,1,0,0
0,9,107.6,71.2,7.5,0.09,3.52,6,3,2,0,0
0,-13,92.7,68.6,7.2,-0.18,2,6,2,2,1,0
0,57,96.7,78.2,7.1,0.36,2.34,6,3,2,1,0
0,27,98.7,70.8,7.2,0.62,3.08,5,2,2,0,1
0,-12,75.8,73.4,5.8,-0.64,2.45,5,0,0,0,1
0,0,97.9,75.1,6.8,0.46,2.6,5,1,2,0,1
0,-5,99.9,67.8,7.8,-0.33,2.56,5,1,0,1,1
0,5,111.6,75,7.5,0.71,2.58,5,3,1,1,1
0,17,100.6,73.4,8.3,-0.13,1.88,5,1,2,0,1
0,70,73.9,78.6,7.4,-0.23,2.48,4,3,2,0,1
0,2,101.9,71,6.7,0.2,2.98,4,1,2,1,1
0,-26,80.2,74.5,6.8,-0.82,2.74,4,1,1,0,1
0,22,86.7,76.4,7.2,-0.09,2.56,4,0,0,1,1
0,40,65.8,69.4,7.2,-0.03,3.05,3,0,0,0,1
0,11,99.4,77.8,6.8,-0.44,3.21,3,2,1,0,1
0,66,88.9,70.1,6.9,-0.41,2.99,3,1,0,0,1
0,22,96.7,71,7.3,0.19,3.46,3,0,2,1,1
0,13,75.3,71.3,8.3,-0.83,1.89,3,0,2,1,1
0,-20,104.3,74.4,8.1,-0.21,1.56,3,0,0,0,1
0,-35,49.7,63.7,6.2,-1.12,2.83,3,2,0,0,1
0,32,104.6,77.1,7.8,0.52,2.45,2,2,0,0,1
0,1,100.6,74.6,7.3,0.35,3.06,2,0,0,0,1
0,28,95.8,75,6.6,-0.35,3.01,2,0,0,0,1
0,14,100.8,72.5,7.1,-0.12,3.17,1,0,0,0,1
0,1,98.2,74.1,6.9,-0.78,2.54,1,0,1,0,1
0,17,82.1,71.9,7.5,0.43,2.77,1,2,2,1,1
0,15,105.4,71.6,6.2,-0.7,2.65,9,2,1,0,0
0,42,90,69.2,5.6,-0.55,2.63,9,0,2,0,0
0,3,100.5,70.8,6.5,-0.21,3.06,9,3,1,0,0
0,50,86.9,64,5.8,1.02,3.92,9,1,1,1,0
0,3,104,75.2,6.7,0.09,2.29,9,0,0,0,0
0,-5,63.2,74.6,7,-0.77,1.17,8,0,1,1,0
0,-39,73.5,71.6,7,0.17,2.26,8,2,1,0,0
0,-53,65.1,76.6,8.5,-0.85,3.8,8,2,1,1,0
0,5,96.8,73.2,6.8,-0.55,2.73,8,2,1,1,0
0,36,74.8,77.9,6.9,1.07,3.13,8,0,0,1,0
0,21,100.5,73.7,6.7,-0.41,2.72,7,2,0,1,0
0,0,102.9,70.7,7.1,0.58,2.55,7,1,2,1,0
0,31,86.7,65.6,7,0.63,1.79,7,0,1,0,0
0,19,43.1,38.7,4.6,1.65,2.63,7,1,1,1,0
0,0,104.8,71.7,6.8,-0.11,2.04,6,0,1,0,0
0,-2,106.7,76.9,6.9,0.2,2.15,6,0,0,0,0
0,16,92.7,77.7,7.1,-0.57,2.24,6,0,1,0,0
0,26,75.4,71.9,8,0.68,2.55,6,0,1,1,1
0,42,55.5,75.8,6.7,0.46,2.6,6,3,2,1,1
0,17,70.4,61.1,7.4,-0.81,1.51,6,2,2,1,1
0,-43,59.7,66.3,7.8,-0.6,1.81,6,1,0,1,1
0,-12,102.5,71.4,6.3,0.59,1.57,6,1,1,0,1
0,52,85.9,77.9,7.9,0.36,1.83,5,2,0,1,0
0,26,91.2,61.7,5.5,0.07,2.38,5,1,1,1,0
1,38,100.3,86.1,7.8,0.4,2.64,5,3,2,0,0
0,2,89.1,71.1,7.2,-0.3,1.16,5,0,2,0,0
0,-3,103.4,70.8,6.8,-0.72,2.67,5,1,2,1,0
1,26,96.4,76.5,7.8,0.3,2.23,5,0,2,0,0
0,73,89.9,78.1,8.2,0.1,2.43,4,1,0,1,0
0,45,100.7,73.6,6.6,-0.34,2.93,4,1,2,0,0
0,2,102.5,77.7,7.9,0.5,1.64,4,0,0,1,0
0,-25,93.8,66.6,6.9,-0.02,1.76,4,0,1,1,0
0,14,92,78.1,7.8,-0.07,3.01,4,0,0,0,0
0,10,102.1,70.4,6.4,-0.1,3,4,1,1,0,0
1,22,101.9,71.8,7.2,-1.16,3.67,4,0,2,1,0
0,-9,98.4,75.6,7.7,0.14,2.27,4,0,0,1,0
0,47,98.9,80.3,7.4,0.32,2.11,4,2,1,1,0
0,68,89.4,78.8,7.2,-0.04,2.91,4,1,0,0,0
0,-8,102.5,75.6,7.3,0.1,1.97,4,3,0,1,0
0,14,111.7,79.8,7.7,-0.28,2.34,4,1,2,0,0
0,22,83.5,59,6.9,-0.43,1.42,4,1,1,1,0
0,-38,64.8,66,6.7,0.02,1.85,3,1,0,0,0
0,-9,98.1,78.5,7.8,0.3,2.1,3,1,0,0,0
0,18,89.6,67.6,5.9,-1.04,2.45,3,1,2,0,0
0,-33,76.9,76.3,8,-0.55,2.89,3,0,2,1,0
0,30,100.3,73.9,8.1,0.04,1.51,3,1,1,1,0
1,30,109.1,78.8,7.8,0.48,1.95,3,1,0,1,0
0,-26,89.5,63.4,5.8,-0.24,3.01,2,1,1,0,0
0,-2,101.1,68.3,6.3,-0.53,1.94,2,2,2,1,0
0,-7,84,76.8,7,0.65,2.41,2,0,0,1,0
0,-1,100.7,74,7.1,0.2,2.77,2,1,2,1,0
0,37,100.6,77.7,7.7,-0.32,2.3,2,0,0,0,0
0,16,91.6,64.9,6.4,-0.32,1.65,2,0,1,1,0
0,-49,57,73.9,7.4,0.33,1.61,2,2,1,0,0
0,22,93.8,73.3,7.1,0.35,1.48,2,0,1,0,0
0,32,96.4,71.7,6.2,-0.39,3.1,1,0,0,0,0
0,45,82.1,80.5,7.5,0.45,2.87,1,1,0,0,0
0,-12,80.3,69.1,7,0.56,2.1,1,1,2,1,0
1,30,105.3,76.2,7.5,0.04,2.66,1,2,1,1,0
0,11,79.1,75.5,7.4,0.64,1.73,1,3,2,1,0
0,-6,53.3,62.9,6.5,-1.04,2.65,1,2,2,0,0
0,3,105.8,73.5,7.8,0.46,1.28,1,0,0,1,0
0,30,84.1,65,5.8,-0.39,2.25,1,0,0,1,0
0,39,87,68.4,7.1,-0.82,2.91,9,2,0,0,0
0,48,75.8,64.4,6.7,-0.71,2.79,9,1,0,1,0
0,52,91.6,73.3,7.2,-0.09,3.09,9,0,0,0,0
0,72,60.4,72.7,7.2,1.09,2.28,8,2,2,1,0
0,4,100.6,77.8,8.2,-0.05,2.36,8,2,1,1,0
0,17,108.5,74.8,7.7,-0.53,1.81,8,1,2,1,0
0,-11,110.2,74,6.3,0,1.69,8,2,2,1,0
0,22,91.7,77.9,7,1.17,2.92,8,1,1,1,0
0,-36,84.7,77.5,7,0.26,1.85,7,3,1,1,0
0,-8,77.3,78,6.8,0.64,2.57,7,0,0,1,0
0,-12,81.8,62.3,7.7,-0.83,1,7,0,2,1,0
0,30,83.8,71.7,6.4,-0.57,2.16,6,0,1,0,0
1,30,107.6,72.8,7.4,-0.38,2.4,6,0,0,0,0
0,39,66.8,71.5,7.1,-0.19,2.33,6,1,1,1,0
0,2,84.4,69.1,7.9,0.57,1.97,6,3,2,0,0
0,13,87.1,64.4,7,-0.29,1.44,6,1,1,1,0
0,-46,84.1,68,7.1,-0.1,3.14,5,0,2,1,0
0,36,87,77.5,7.6,0.07,2.79,5,1,0,1,0
0,-15,63.9,54.6,5.7,0.61,2.13,5,0,2,1,0
0,-15,69.9,74.5,7.2,0.85,2.23,5,0,0,0,0
0,-17,72.8,76.5,7.4,1.18,2.07,5,0,0,1,0
0,18,96.5,72.5,7,0.01,2.57,5,0,1,1,0
0,-21,97.3,70.5,6.3,-0.33,2.42,4,1,0,0,0
0,22,69.4,71.8,7.6,1.04,1.94,4,0,0,0,0
0,24,82.6,69.3,8.5,0.74,1.08,4,1,1,0,0
0,-26,80.5,73.2,7.2,-0.62,2.06,4,1,0,1,0
0,7,101.1,77.4,7.6,0,2.07,3,3,1,1,0
0,21,105.1,70.8,6.8,-0.36,2.43,3,0,0,1,0
0,33,92.2,71.5,7.1,-0.04,1.92,3,2,0,0,0
0,38,57.2,67.2,5.9,-0.6,2.62,3,0,0,0,0
0,-16,94.3,72.6,7.3,0.08,1.57,3,1,0,1,0
0,24,80.9,78,7.5,0.81,2.21,3,2,1,1,0
0,47,87.3,71.5,6.4,-0.48,2.38,2,3,1,1,0
0,33,72.9,72.9,7.4,1.02,2.62,2,0,2,0,0
0,-39,68.6,70.3,6.8,0.44,2.16,2,0,1,1,0
0,-8,89.6,67.2,6,-0.79,2.34,2,1,1,0,0
0,-70,68.5,63,6.3,0.35,2.67,2,2,2,0,0
0,-20,109,75.3,7.2,0,1.78,2,1,1,1,0
0,8,101.7,83.4,8.6,0.03,1.73,2,1,0,0,0
0,36,96.7,71.3,7.2,-0.2,3.04,1,0,0,0,0
0,5,106.6,69.8,6.7,-0.48,2.81,1,0,0,1,0
0,-19,89.5,61.7,5.7,-0.03,2.24,1,1,1,1,0
0,-14,93.1,74.7,7.3,-0.72,1.5,1,2,0,1,0
0,44,85.3,76.8,7.4,-0.24,1.82,1,0,0,1,0
0,-5,99.8,71.8,6.9,0.07,1.82,1,1,2,1,0
0,-13,98.8,70.5,6.6,0.37,2.27,1,1,2,0,0
0,4,109.5,80.1,8.5,0.41,1.87,1,1,0,1,0
0,-18,98.7,68.2,7.8,-0.57,1.88,9,2,2,1,0
0,65,94.4,72.7,8,0.36,2.2,8,2,1,1,0
0,20,103.7,69.1,6.1,-0.21,2.98,8,1,2,1,0
0,26,104.7,76.4,6.9,0.27,1.92,8,3,2,0,0
0,13,106.9,78.1,7.4,-0.53,1.76,7,0,0,0,0
0,60,80.4,66.9,7.9,1.33,2.73,7,3,2,0,0
0,33,94.1,80.5,8.1,0.47,1.61,7,0,0,1,0
0,70,65,66.5,7.4,0.2,1.26,7,3,2,0,0
0,25,89.1,73.9,7.9,0.45,1.75,7,2,1,1,0
0,-49,65.3,69,7.3,-0.59,2.2,6,1,1,1,0
0,5,92.7,71.5,6.8,0.91,2.23,6,2,2,0,0
0,-46,64.1,68.2,6.9,-0.36,2.03,6,1,1,1,0
0,66,96.7,79,8,0.06,2.78,6,1,0,0,0
0,26,104.8,72.6,7.1,-0.09,2.43,6,3,1,0,0
0,-3,100.7,72.3,6.6,0.77,2.5,5,2,1,0,0
0,52,79.1,80.3,7.7,1.04,2.53,5,0,2,1,0
0,71,67,73.1,7,0.19,2.15,5,2,1,1,0
0,-53,63.6,75.3,7,0.7,2.34,5,0,2,0,0
0,6,104,71.9,7.4,-0.35,1.71,4,0,0,1,0
0,2,108.5,74.6,7.1,-0.17,1.52,4,1,2,0,0
0,-13,69.7,71.6,7.8,-0.6,1.24,4,1,1,1,0
0,44,58.6,71.6,7.3,-0.69,2.56,4,2,1,0,0
0,29,83.8,68.8,6.3,0.37,2.76,3,0,1,1,0
1,27,102.9,75,7.6,0.77,2.33,3,0,0,1,0
0,59,80.2,67,6.5,0.5,3.2,3,0,0,1,0
0,-24,93.3,72.4,7.1,-0.07,1.25,2,1,2,0,0
0,-37,78.3,68.9,7.3,-0.16,1.02,2,1,2,0,0
0,-9,101.6,71.9,6.9,-0.59,1.88,2,0,1,1,0
0,9,110.7,74.7,7.9,-0.31,1.63,2,2,1,0,0
0,8,52.6,67.7,5.7,0.55,1.91,2,1,1,1,0
1,26,105.1,76.5,7.4,0.2,2.27,2,1,2,0,0
0,72,89.6,66.2,7.4,0.26,2.72,2,0,0,0,0
0,33,95.8,72.6,7.6,-0.4,2.38,1,2,0,1,0
0,37,100.6,71,7.5,0.27,2.58,1,2,1,1,0
0,29,89.4,65.6,6.5,0.47,2.54,9,2,2,0,1
0,43,99.7,73.3,7.9,0.11,1.6,9,2,2,0,1
0,-73,63.5,62.2,7.9,-0.53,2.08,9,1,2,1,1
1,19,108.1,72.9,6.6,0.42,2.36,9,1,2,0,1
0,34,89.4,70.1,6.4,0.18,2.09,8,3,2,0,0
0,-25,107.2,74.5,6.2,-0.24,2.06,8,0,2,0,0
0,43,94.4,82.4,7,1.12,3.02,8,2,2,0,0
0,-33,102.8,74.9,6.7,-0.81,2.2,8,0,0,0,0
0,-20,97.6,80.1,7.7,0.14,2.08,8,2,1,1,0
0,33,102,78.5,7.2,0.06,1.95,8,0,0,1,0
0,11,101.4,74.5,7.8,-0.4,1.82,7,2,1,0,0
0,11,86.2,67.8,6.9,-0.12,2.52,7,1,2,0,0
0,57,95.6,70.9,6.3,-0.06,3.96,7,3,2,1,0
0,23,92.4,68.5,6.3,0.24,3.25,6,3,2,0,0
0,13,103.8,77.3,7.8,-0.87,3,6,1,0,0,0
0,-7,95.7,72.2,6.7,-0.5,1.64,6,3,2,1,0
0,-47,81,63.7,6.8,0.16,1.79,6,1,2,1,0
0,-10,72.8,77.6,7.1,-0.76,3.07,5,2,1,0,0
0,-39,79.1,62.7,6.1,0.13,3.11,5,0,1,1,0
0,-18,97.9,69.1,7.1,0.42,2.24,5,0,1,0,0
0,20,77.8,57,5.2,0.17,3.08,5,3,2,1,0
0,-31,102.4,74.7,7.5,0.2,1.4,5,1,1,0,0
0,-11,75.4,70.3,7.2,-0.41,2.21,5,1,0,1,0
0,38,98.8,71.1,6.5,0.35,2.81,4,1,0,0,0
0,23,101.8,76.5,7.7,0.56,2.49,4,0,0,0,0
0,6,76.2,71.5,7.6,-0.07,2.22,4,0,1,0,0
1,27,107.9,80.7,8.1,0.58,2.8,4,0,0,0,0
0,40,82.1,68.9,7.9,-0.05,1.41,4,0,0,1,0
0,4,89.7,74.4,7.2,-0.74,2.15,4,0,1,0,0
0,-19,101.2,70.6,7.7,-0.94,1.91,4,3,2,1,0
0,-13,98.9,82.1,7.8,-0.28,1.86,4,1,1,0,0
0,4,103.9,71.1,7.1,-0.52,2.03,3,2,1,0,0
0,-18,71.2,68.5,7.7,-0.46,1.94,3,1,1,1,0
0,26,101.3,74,7.4,-0.56,2.35,3,2,0,1,0
0,74,90.7,81.3,7.2,0.61,2.46,3,1,0,1,0
0,-51,89.7,68.7,6.8,0.03,2,3,2,2,0,0
0,-32,61.8,68.4,7,-0.84,2.11,3,2,1,1,0
0,-21,104.6,72.1,7,-0.06,1.22,2,2,1,0,0
0,34,92.4,66.9,7.9,-0.35,2.54,2,0,2,1,0
0,-1,110.6,81,7.4,-0.1,2.2,2,2,2,0,0
0,-10,94.9,69.2,6.7,0.08,3.15,1,0,0,1,0
0,6,105.1,70.2,7,-0.22,1.96,1,0,1,1,0
0,21,96,69.3,6.7,0.19,2.06,1,1,2,0,0
0,-12,67.5,66,6.8,-0.87,1.65,1,1,2,1,0
0,-1,89.5,68.6,7.4,-0.2,2.92,9,0,2,0,0
0,26,104,71.8,7.2,0.23,2.29,9,2,1,1,0
0,16,108,73.1,7.1,0.2,2.14,8,0,1,0,1
0,-5,97.1,70,6.2,0.55,2.1,8,0,0,1,1
0,6,105.2,78.6,7.6,0.44,2.19,8,0,2,1,0
0,50,85.5,63.1,6.5,-0.25,2.78,8,1,1,0,0
0,-26,80.2,63,6.9,-1.13,3.03,8,2,2,1,0
0,22,100.3,72,7.6,-0.3,2.85,8,1,2,1,0
0,-60,72.3,68.1,6.8,0.24,2.45,7,0,0,1,1
1,39,103.5,75.9,6.9,-0.15,2.49,7,1,1,0,0
0,31,100.1,72.2,7.3,-0.37,2.95,7,1,1,1,0
0,39,68.8,73,8.2,-0.1,2.16,7,2,1,0,0
0,27,87.7,62.3,7.1,-0.09,2.63,7,2,1,0,0
0,-53,55.1,69.8,8,-1.1,1.7,7,1,1,1,0
0,46,96.8,69.9,8,-0.41,2.48,7,2,1,1,0
0,26,90.9,78.2,8.5,-0.39,2.11,6,0,1,1,1
0,82,82.1,78.4,8.2,-0.26,1.64,6,2,2,0,1
0,-1,99.4,71,7.6,0.44,3.38,6,3,2,0,0
1,22,104.1,73.8,8,0.32,2.88,6,1,2,0,0
0,52,88.7,65.3,6.9,-0.29,2.81,6,1,0,1,0
0,25,91.3,67.9,6.5,-0.48,3.28,6,1,2,1,0
0,17,96.3,76.4,7.5,-0.19,2.05,6,1,1,0,0
1,33,108.7,78,7.7,-0.62,3.04,6,2,1,0,0
0,22,92.2,63.7,6.4,-0.38,3.49,5,0,0,0,1
0,17,80.2,71.2,7.4,1.06,2.63,5,0,0,0,1
0,30,98.7,69.8,7.9,-0.37,2.65,5,1,2,1,1
0,19,90.7,78,6.9,0.31,2.48,5,0,1,0,1
0,39,75.8,71.6,8,-0.26,2.32,5,1,0,1,1
0,43,89.7,77,8,-0.61,2,5,3,2,0,1
0,74,76.9,78,8.1,0.06,2.37,5,0,0,0,1
0,9,100.3,74.1,7.2,0.06,2.34,5,1,1,0,1
0,44,91,70.3,6.4,0.4,2.59,4,3,1,0,1
0,-19,76.8,74,8.1,0.64,1.3,4,1,1,0,1
0,40,92.3,74,6.9,-0.13,2.53,4,2,2,1,1
0,11,81,68.4,6.3,0.2,3.33,4,2,2,1,1
1,36,106,80,8.3,0.41,2.6,4,0,0,0,1
0,-21,34,71.3,9,0.3,1.98,3,1,0,0,1
0,-3,108.9,74.9,7.3,-0.09,2.17,3,0,0,0,1
1,26,106.7,80.4,7.9,-0.18,2,3,1,0,0,1
0,-1,95.4,74.1,8,-0.14,1.75,3,2,2,0,1
0,2,84.9,67.8,8,-0.32,2.87,3,0,0,1,1
0,19,88.1,66.9,6.6,-0.98,2.7,3,3,2,0,1
0,24,98.4,72.9,7.4,0.42,2.62,3,3,1,0,1
1,36,93.8,61.1,7.1,1.11,2.85,2,1,2,0,1
0,44,95.7,75.3,8.7,-0.8,1.62,2,2,0,0,1
0,22,101.8,71,7.6,-0.81,2.7,2,2,2,1,1
0,0,86,72,7.2,-0.5,1.76,1,0,2,0,1
0,39,96.8,75.1,7.5,-0.07,2.41,1,2,1,1,1
0,28,96.7,67.7,5.8,-0.3,3.08,1,1,2,0,1
0,35,92.5,72.5,8.2,-0.14,1.58,1,1,1,0,1
0,-3,114.2,78,7.6,-0.12,1.93,9,0,0,1,0
0,36,71.6,70.1,7.5,0.84,2.4,9,0,1,0,0
0,20,97.6,77.1,7.9,-0.82,2.52,9,0,2,1,0
0,46,87.7,72.9,7.4,-0.99,1.39,8,0,2,0,1
0,14,89.4,62.4,6.6,0.18,2.78,8,2,2,0,0
0,-9,93.3,66.2,6.3,0.27,2.52,8,0,0,0,0
0,-4,110.1,75.9,7.8,-0.03,2.33,8,1,1,1,0
0,42,81.1,75.5,7.1,-0.59,2.16,8,2,1,0,0
0,31,92.6,73.6,7.6,-0.32,1.44,7,1,2,1,1
0,42,55.7,64,8.1,-0.42,1.46,7,1,2,0,0
0,13,98.6,66.3,6.5,-0.37,3.24,7,0,2,1,0
0,50,75.4,72.7,7.6,0.6,2.62,7,0,0,1,0
0,-34,62.1,67.5,6.9,-0.64,2.07,7,0,1,0,0
0,53,83.9,60.3,9.2,-0.17,0.97,6,3,2,1,0
0,15,104,82.2,8.6,0.22,1.48,6,0,0,0,0
0,-12,107.8,76.1,7.5,0.13,2.47,6,0,1,1,1
0,-5,82.7,70.4,7.1,0.98,1.97,6,0,1,0,1
0,20,78.1,68.9,7.6,0.84,1.76,6,2,2,0,0
0,1,88.2,74.6,7.7,-0.07,1.53,5,2,1,1,0
0,36,96.8,70.8,6.6,-0.03,2.79,5,1,2,0,0
0,42,94.9,79.3,7.8,-0.39,2.39,5,1,0,1,0
1,24,102.3,71.8,7.2,-0.08,2.54,5,2,1,0,0
0,-33,86.2,72.2,7.1,0.29,2.28,5,3,2,0,0
0,34,80.1,68.1,7.3,-0.14,1.5,5,1,2,1,0
0,54,87.8,69,6.6,0.58,2.64,4,1,1,1,0
0,41,79.2,69.2,8.2,-0.64,2.32,4,0,0,1,0
0,68,96.6,70.4,7.2,0.3,3.9,4,2,2,1,0
0,20,104,70.6,7.1,-0.63,2.84,4,0,0,0,0
0,-9,98.8,76.3,7.9,0.93,2.17,4,1,1,0,0
0,9,99.8,66.4,7.1,0.85,2.68,4,1,2,0,0
0,41,107.1,78,8,-0.21,2.63,4,2,0,1,0
0,2,101.1,77,7.7,0.04,1.77,3,1,1,1,0
0,2,99.6,71,7.6,-0.59,1.53,3,1,2,1,0
0,-4,105.5,69.2,6.3,-0.15,2.63,3,0,2,0,0
0,-12,106.2,86,8.2,0.16,1.92,3,1,0,0,0
0,21,102.2,71.7,8.2,-0.17,1.77,3,1,1,0,0
0,40,82.9,68.2,7.3,0.51,1.83,3,2,1,0,0
0,19,91.5,60.6,6.1,0.51,3.18,3,0,1,1,0
0,14,66.8,67.2,6.1,0.61,2.42,2,1,1,1,0
0,7,101.6,73.2,7.8,-0.39,1.89,2,0,2,1,0
1,36,104.6,80.6,8,-0.68,2.52,2,2,0,1,0
0,64,88.7,77.3,7.2,-0.57,3.52,2,1,0,1,0
0,21,95.9,68.7,6.7,0.57,2.52,2,1,0,0,0
0,16,72.5,69.3,6.7,-0.2,1.9,2,2,2,0,0
0,-32,59.6,67.2,7.8,0.8,1.78,2,0,0,0,0
0,38,78.9,78.2,8.5,-0.38,1.73,1,0,0,0,0
0,-7,100.3,72,6.5,-0.32,2.88,1,0,0,1,0
0,38,94,77.6,8.4,-0.51,2.53,1,0,0,1,0
0,47,75.3,71.4,6.8,-0.2,2.9,1,1,1,0,0
0,26,76.7,65.4,8,1.18,2.14,1,2,2,0,0
0,-8,77.9,75.1,7.3,-0.3,2.15,9,1,2,1,0
0,-2,86.4,75.1,7.7,0.61,2.18,9,0,0,0,0
0,40,70.3,75.4,7,-0.49,3.21,9,2,2,0,0
0,-17,103.2,81.2,8,-0.16,2.48,8,1,1,0,1
0,8,112.8,81.1,7.8,0.35,2.45,8,1,2,0,1
0,37,93.3,70.7,7,-0.28,2.46,8,1,0,0,0
0,14,104.2,71.3,8.8,0.61,2.25,8,0,1,0,0
0,-7,92.2,74.2,7,0.07,3.15,8,1,0,1,0
0,42,77.8,59.2,5.1,0.52,3.49,7,1,1,1,0
0,2,101.8,72.9,7.7,0.24,2.26,7,1,1,0,0
0,-3,102.9,71.2,7.4,0.02,2.25,7,2,1,0,1
0,27,93.2,71.5,5.8,0.37,3.01,6,3,1,1,1
0,-6,104.6,74.2,8.1,0.84,2.67,6,1,1,0,1
0,67,67.6,64.1,6.3,-0.97,2.79,6,1,1,0,0
0,84,82.5,68.9,6.6,0.24,3.14,6,0,1,1,0
0,22,84.6,62,8.9,0.59,1.45,6,2,2,0,0
0,-2,72.8,78.1,8,1.68,2.09,5,1,2,0,1
0,-2,95.1,65.1,6.5,-0.08,2.5,5,0,2,1,1
0,33,91.1,71.8,6.6,0.78,3.16,5,1,2,0,0
0,17,94.3,67.9,6.8,0.9,2.23,5,1,2,1,0
0,12,105.5,79.5,7.6,0.09,2.45,5,0,1,0,0
0,6,88.9,68,7.9,0.55,2.87,5,0,0,0,0
0,22,88.8,70.6,7.3,0.16,2.19,4,0,0,0,1
0,19,91.1,74.5,6.5,0.24,2.62,4,1,0,0,1
0,0,81.1,71.8,7.6,0.67,1.19,4,1,2,0,1
1,22,109.8,80.7,7.2,-0.19,2.49,4,0,1,1,1
0,-28,67.7,68.6,8.4,1.17,1.4,4,2,2,0,1
0,-3,79.6,57.6,6,0.57,2.61,4,1,2,0,0
0,-2,107.2,75.5,7.8,0.29,2.16,4,0,1,1,0
0,48,97.5,79.5,8.4,0.96,3.17,3,0,0,0,1
0,-15,69.4,63.3,6.8,-0.46,2.04,3,0,0,1,1
0,14,98.7,70.4,7.2,0.3,1.34,3,1,2,0,1
0,25,66.9,64.5,8.1,0.84,1.55,3,0,1,0,1
0,36,85.5,60.1,6.1,0.68,2.95,3,0,1,1,0
0,22,92.6,67.9,7.8,0.98,2.48,3,0,2,0,0
0,-13,90.1,70.4,7,-0.37,3.06,3,0,1,0,0
0,27,96,71.3,6.6,0.2,2.39,2,2,0,0,1
0,-51,84.1,68.4,6.3,-0.31,2.21,2,3,2,1,1
0,-12,101.9,69.5,7.1,-0.3,2.28,2,1,1,1,0
0,4,102,71.9,8.4,0.41,2.15,2,2,1,0,0
0,49,67.5,76.4,9.1,0.46,1.73,1,0,1,0,1
0,17,102,68.7,7.7,0.74,1.72,1,0,1,0,1
0,-5,104.7,75.6,6.6,-0.33,3.08,1,0,1,1,0
0,13,112.4,79.7,7.6,0.39,2.64,1,3,1,0,0
0,-73,59.8,76,8.8,0.31,1,1,2,2,0,0
0,4,101.4,71.4,7.7,0.17,0.99,9,1,2,1,0
1,27,106.7,72.2,7.4,-0.54,2.53,9,1,1,1,0
0,13,82,69,6.8,-0.77,3.15,8,2,2,1,1
0,-34,88.7,65,8,1.18,2.4,8,2,2,0,1
0,-18,91.2,62.1,7.6,0.65,2.1,8,2,2,0,1
0,-23,80.9,70.7,8,1.27,3,8,0,1,0,1
0,31,99.5,72.9,7.5,0,1.98,8,0,1,0,0
0,20,86.8,76.1,7,-0.17,1.68,7,1,1,0,1
0,80,74.3,73,8.1,0.4,2.98,7,0,0,1,1
0,-22,65.8,74.7,7.9,0.92,1.64,7,1,1,0,1
0,-25,82.1,65.5,7.3,0.71,2.84,7,0,1,0,0
0,34,94.5,69.5,7,0.24,2.87,7,2,1,0,0
0,62,84.5,69.9,7,0.28,2.97,6,1,1,1,0
0,16,101.4,81.2,7.9,0.02,2,6,1,2,1,0
0,69,89.4,70.6,6.9,-0.37,3.02,6,0,1,0,0
0,8,103.1,68.1,6.1,0.22,3.01,6,0,2,0,0
0,2,87.3,71.8,6.9,0.54,2.26,5,1,2,0,0
0,-16,93,85.9,8,0.02,1.64,5,0,2,1,0
0,-16,72.5,72,7.7,-0.12,1.36,5,1,1,1,0
0,-32,83.3,72,6.9,-0.41,1.89,5,1,1,1,0
0,30,97.7,71.5,7,-0.42,2.63,5,2,1,0,0
0,-5,100.7,67.4,7.1,-0.2,2.49,4,3,2,1,0
0,2,98.3,85.1,8.2,0.29,1.03,4,0,2,0,0
0,30,8.9,60.6,8.7,0.31,0.9,4,2,2,0,0
0,26,93.2,75.7,6.8,-0.26,2,4,2,2,1,0
0,-36,93.6,67.1,7.2,0.2,1.27,4,3,2,0,0
0,9,95.9,67.1,6.5,0.23,3.11,4,0,1,1,0
1,34,104.3,75.8,8.3,0.03,1.88,4,1,1,1,0
0,-15,104.5,75.8,7.7,0.79,1.61,3,0,1,0,0
0,3,61.9,64,8.7,-1.37,1.22,3,1,2,1,0
0,8,82.6,75.9,6.6,-0.44,2.6,3,1,2,0,0
0,4,77.1,68.8,7.9,1.2,1.39,3,2,2,0,0
0,22,86.2,58.6,6.6,-1.03,2.12,3,2,2,1,0
0,-21,90.4,68.3,6.6,-0.56,2.32,3,0,1,0,0
0,4,81.1,64,6.3,-0.8,2.56,3,0,2,0,0
0,17,106.5,71.7,7.1,-0.46,2.37,2,3,2,1,0
0,-13,74.3,57.5,6,0.06,3.46,2,1,2,0,0
1,23,103.1,71.9,8,-0.2,2.72,2,0,0,1,0
0,-15,60.3,57.8,7.5,1.11,1.95,2,1,2,0,0
1,32,107.8,77.5,7.3,-0.35,3.17,2,1,2,1,0
0,-26,104.2,72.9,6.7,-0.46,2.54,2,3,2,1,0
0,9,75.3,57.7,7,-0.69,2.59,1,2,2,1,0
0,-2,86.1,63.3,6.2,-0.47,2.75,1,2,1,0,0
0,23,97.7,65.5,7.1,-0.32,1.95,9,2,2,1,0
0,9,93.6,73.6,6.9,0.5,2.81,9,2,2,1,0
0,13,100.7,67.8,6.2,-0.59,2.3,9,1,2,1,0
0,29,84.2,64,6.7,0.88,2.44,9,1,0,1,0
0,-35,79.6,71.8,8.1,0.88,2.47,9,1,1,0,0
0,17,106.9,76.5,7.5,0.08,2.94,9,2,0,0,0
0,16,77.9,73.7,8.4,0.75,1.65,8,0,1,0,1
0,3,104.7,74.6,7.1,-0.07,3.06,8,1,2,0,0
0,26,67.5,58.4,5,-0.34,3.09,8,3,2,0,0
0,10,77.5,66.1,6.2,0.76,2.67,7,1,2,0,0
0,21,83.9,75.4,7,-0.59,2.9,7,0,1,0,0
0,34,98.3,69.5,7.7,0.65,2.4,6,3,2,0,0
0,33,100.7,74.6,8,0.06,1.57,6,0,2,0,0
0,13,106.8,72.3,7.3,-0.25,1.95,6,1,1,1,0
1,33,103.6,75,7.8,-0.27,3.39,6,1,1,0,0
0,59,69.7,69.2,6.8,-0.9,2.44,6,1,2,0,1
0,71,92.5,67.4,6.4,-0.35,3.65,6,2,2,0,1
0,46,72.1,68.7,8.1,0.2,1.58,5,1,0,1,0
0,37,91,76.3,8.1,-0.32,1.65,5,0,2,0,0
0,-26,77.3,69.4,5.9,-0.24,2.02,5,1,0,0,1
0,-4,95.6,65.7,6,0.69,2.95,5,0,0,0,1
0,68,67.3,67.8,7.2,-0.33,2.82,5,3,1,0,1
0,35,96.9,74.3,7.5,0.17,2.43,5,2,2,1,1
0,53,93.7,72.3,7.8,0.4,2.98,4,3,2,0,0
0,57,86.2,76,8,-0.6,2.4,4,0,1,0,1
0,-44,66.1,67.9,7.7,-0.67,2.13,4,1,0,1,1
0,2,98.2,80.7,7.5,-0.52,2.6,3,3,2,1,0
0,-6,104.6,70.9,7.2,0.44,1.6,3,3,2,0,0
1,34,101.6,75.8,7.6,0.48,2.3,3,0,0,0,0
0,-14,68,67.6,6.7,0.33,2.29,3,2,2,1,0
0,-14,66.5,58.7,5,-0.36,3.21,3,1,2,0,1
0,66,81.9,73.3,8.2,0.58,2.6,3,2,2,0,1
0,-22,104.9,71.6,6.8,-0.06,2.37,3,1,0,0,1
0,16,90,59.6,6.1,0.72,2.96,2,2,2,0,1
0,31,98.6,63.4,7.8,0.17,2.51,2,0,1,0,1
0,22,97.2,71.8,6.9,-0.07,2.68,2,0,1,1,1
0,-1,93.1,65.1,8.5,0.56,2.09,1,2,2,0,0
0,3,97.6,71,6.8,-0.28,2.5,1,0,0,1,0
0,7,117.6,80.9,8,-0.89,2.66,1,2,1,1,0
0,56,76.3,75.6,8.1,0.23,1.44,1,1,0,1,1
0,78,82.3,69.5,6.8,0.16,3.4,1,1,1,0,1
0,5,83.9,64.5,6.6,0.92,2.75,9,1,1,1,0
0,-12,84.3,72.1,7.1,0.04,3.34,9,0,0,0,0
0,34,100.6,75.4,7.5,0.03,2.08,9,0,2,0,0
0,51,90.3,72.3,8,-0.19,1.75,8,1,2,0,0
0,-1,102.4,79.1,8.1,0.72,1.64,8,1,2,1,0
0,17,82.2,67.6,8.1,0.64,2.31,8,2,2,0,0
0,21,102,76.5,7,-0.08,1.94,8,1,1,1,0
1,25,101.6,71.8,7.6,-0.04,1.98,7,1,2,1,0
0,2,54,70.1,6.5,1.06,2.59,7,2,2,1,0
0,22,77.9,64.8,6.3,-0.05,2.59,7,0,1,1,0
0,32,93.2,69.4,7.7,-0.1,2,7,2,2,0,0
0,22,92.5,71.3,7.5,0.76,1.84,7,0,1,1,0
0,12,77.3,61.5,7.2,1.15,2.98,7,0,1,0,0
0,-31,92,65.6,7.4,0.01,1.47,7,1,1,0,0
0,33,77.4,84,8,-1.18,1.92,6,0,0,0,1
0,68,88.5,72.6,8.1,-0.07,2.57,6,1,0,1,1
0,32,89.7,67.1,7.1,0.2,2.29,6,0,2,1,1
0,1,100.5,68.6,6.5,0.24,3.56,6,1,2,0,1
0,-36,71.1,60.1,5.9,0.32,3.21,5,1,1,1,0
0,4,83.3,74.7,7.3,-0.71,2.17,5,2,0,1,0
0,4,88.8,74.1,7.8,0.22,1,5,0,2,1,0
1,30,95.3,74.5,8.1,0,1.65,5,3,1,1,0
0,47,92.8,68.6,6.9,-0.46,2.37,5,0,0,1,0
0,27,94,69.9,6.5,0.26,2.98,5,1,1,1,0
1,26,105.6,71,7.9,-0.67,2.25,4,1,1,1,0
0,38,80.2,72.9,7.4,-0.25,2.28,4,0,1,1,0
0,20,85.6,70.5,6.5,0.46,2.52,4,0,1,1,0
0,-20,85.1,64.4,7,-0.79,2.32,4,1,2,1,0
0,7,94,67.8,7,0.31,1.77,4,0,2,0,0
0,25,83.4,64.5,6.2,-0.64,2.96,4,3,2,0,0
0,61,73.2,70.6,8.2,-0.7,1.56,3,0,1,1,0
0,-48,78.7,69.9,6.8,-0.54,2.25,3,1,1,1,0
0,0,93.8,80.7,7.6,0.15,2.24,3,1,2,0,0
0,35,93.8,70.9,7.9,0.45,2.22,3,3,1,1,0
0,4,105.1,74.2,7.6,-0.38,2.12,2,0,2,0,0
0,-13,86.5,71.7,7.9,-0.92,2.8,2,0,1,1,0
0,44,70.5,66.7,6.8,-0.39,1.67,1,3,1,1,0
0,-33,66.7,72.1,7.3,-0.36,1.61,1,1,2,1,0
0,-71,65.2,61.4,7.3,0.36,2.06,1,3,1,0,0
0,34,105.5,74,7.4,0.2,2.81,9,0,0,0,0
0,5,55.6,70.1,5.9,-1.1,2.93,9,1,1,0,0
0,74,90.3,72.4,7.1,0.52,3.59,8,3,2,1,0
0,-10,97.3,75.4,6.5,0.74,2.12,8,0,0,1,0
0,48,86.9,76.2,7.4,-0.08,2.17,8,1,0,1,0
0,9,102.1,73,7.1,0.06,2.19,8,1,1,1,0
0,-20,91.2,72,7,-0.4,2.26,8,2,2,1,0
0,26,93.9,72.5,7.5,-0.6,2.93,7,1,0,1,1
0,-36,86.4,75,7.9,0.07,2.84,7,0,0,0,1
0,41,105,78.6,8,-0.23,2.71,7,2,0,0,1
0,13,102,70.2,6.9,0.11,2.22,7,0,0,1,1
0,-10,67.8,70,8,-0.46,1.32,7,1,2,0,1
0,28,87.5,74.2,7.7,-0.1,2.69,6,2,0,0,1
0,39,81.9,69.3,7.4,0.28,2.3,6,0,0,0,1
0,-25,104.4,70.3,7.3,-0.1,1.95,6,0,0,0,1
0,26,69.7,68.8,6.3,-0.26,2.1,6,0,2,0,1
0,11,71.7,71.9,6.5,0.7,2.14,6,1,2,1,1
0,44,86.9,74.3,7.3,-0.27,1.74,5,0,0,0,1
0,34,96,71.8,7.6,-0.08,2.35,5,2,2,1,1
0,38,95.2,74.9,8.3,0.95,3.28,5,2,0,0,1
0,9,67.6,66.5,6.8,-0.81,2.58,5,1,2,0,1
0,5,73.4,71.4,8.7,0.67,1.99,4,2,2,0,1
0,32,93.3,76.3,7.8,0.27,2,4,0,0,0,1
0,16,101.8,73.6,7.3,0.18,2.08,4,1,1,0,1
0,45,82.3,72,7.2,-0.24,1.72,3,2,2,0,1
0,-34,87.4,70.4,7,-0.13,2.92,3,2,1,1,1
0,76,81.2,74.2,7.1,0.05,3.3,3,0,0,0,1
0,35,92.3,68.5,7.3,-0.17,2.51,3,2,2,1,1
0,48,78.6,75.1,7.7,-0.36,2.54,2,1,0,0,1
0,20,89.8,71.3,7.5,-0.1,2.47,2,0,0,0,1
0,-32,79,72.7,6.9,-0.61,2.36,2,0,1,1,1
0,32,103.1,71.8,7.3,-0.06,2.37,2,2,1,0,1
0,-37,77.3,68.6,5.8,-0.72,2.82,2,0,2,0,1
0,32,73.3,61.5,7.1,0.2,2.07,2,1,2,0,1
0,-3,90.6,73.4,6.3,0.07,2.98,1,3,2,1,1
0,54,68.2,70.9,6.8,-0.27,2.8,1,0,0,0,1
0,62,63,67.5,6.7,-0.47,3.13,1,1,2,0,1
0,58,75,69.4,6.7,0.04,2.76,9,2,2,1,0
0,-1,100.1,82.2,7.5,0.34,2.71,9,3,2,1,0
0,63,79,77,8.4,0.49,1.74,9,1,2,0,1
0,-15,88.2,67.9,6.3,0.56,2.58,9,0,1,1,1
0,-17,97.2,61.6,7.2,-0.02,1.96,8,0,0,0,0
0,2,101.1,69.4,7,-0.79,2.57,8,3,2,0,0
0,52,101.8,86.7,8.2,0.33,3.05,8,2,0,0,1
0,53,84.3,64.1,7.7,0.29,3.57,8,2,2,0,0
0,34,64.8,73.2,8,0.69,2.44,8,0,1,0,0
0,52,81.1,60.9,5.9,0.78,3.23,8,0,0,1,0
0,42,98.5,75.2,7,-0.07,3.16,7,1,0,1,0
0,16,92.8,65.2,6.6,-0.61,2.47,7,1,0,1,0
0,-17,90,83.2,7.9,0.47,2.57,7,1,2,0,0
0,18,96.1,74.1,7.6,-0.4,2.06,6,2,0,1,0
0,25,75.9,65,7.7,-0.87,1.1,6,1,1,1,0
0,9,77.1,71.1,7.2,-1.04,2.64,6,0,1,1,0
0,-6,96.2,71.7,7,-0.18,2.09,6,1,1,0,0
0,32,89.2,68.8,7.7,-0.29,2.36,6,1,2,1,0
0,36,89.6,84.6,8.3,-0.86,3.24,5,2,0,1,0
0,16,87.4,74.3,7,0.62,2.76,5,1,0,0,0
0,51,86.8,71.4,6,0.12,3.06,5,1,0,1,0
0,36,97.5,85.2,8.5,-0.02,2.05,5,2,1,0,0
0,13,98.9,71,7.9,-0.57,3.05,5,2,2,0,0
0,13,97.3,77.8,7.8,-0.18,1.85,4,0,1,1,0
0,-19,95.1,69.7,6.4,-0.3,1.84,4,0,0,1,0
0,33,92,54.3,6.2,-0.06,2.72,4,2,2,1,1
0,-11,106.4,73.9,6.7,0.14,2.05,4,3,2,1,1
0,33,98,73.4,6.6,-0.27,2.13,4,3,1,1,1
0,28,83.7,77.2,7.3,0.78,1.95,4,2,0,0,1
0,-19,103.4,85.6,7.5,-0.79,1.92,3,1,1,1,0
0,-15,100.4,83.4,7.3,-0.21,1.79,3,0,0,0,0
0,26,98,70.3,7.5,0.05,2.9,3,2,1,0,0
0,25,95.6,65.7,8.7,0.51,1.69,3,2,2,0,1
0,10,94.3,83.3,7.3,-0.45,2.31,3,2,2,0,1
0,7,103.4,74.3,8,-0.17,1.66,3,0,0,0,1
0,22,96.4,66.9,6,-0.16,2.84,3,0,1,1,1
0,8,86.2,78.6,9.1,-0.15,1.78,2,1,0,1,0
0,4,107.5,75.6,7.3,-0.1,1.82,2,1,0,1,0
0,38,95.9,70.1,5.7,-0.43,3.58,2,0,0,1,1
0,8,99.8,70.2,6.3,0.21,1.93,2,1,0,1,1
0,21,96.2,81.5,7.6,0.34,1.93,2,3,1,0,1
0,-13,81.1,67.8,6.9,-0.15,1.81,1,2,1,1,0
0,54,78.1,69.7,6.6,0.13,3.65,1,0,0,1,0
0,-8,98.8,78.9,7.9,0.11,2.06,1,1,1,1,0
0,17,101.9,80.5,7.4,0.52,2.36,1,2,2,1,0
0,-19,62.6,65.1,6.4,-0.58,2.71,1,2,2,0,1
0,6,93.9,75.4,8.1,-0.26,1.74,1,0,0,0,1
0,18,76.7,68.3,9.3,0.37,1.32,1,2,2,0,1
0,-28,85.5,78.9,6.4,-0.41,2.51,9,1,1,0,0
0,19,113.6,78.6,7.4,0.45,2.61,9,2,1,1,0
0,-47,89.4,81.3,8,0.17,1.8,9,3,1,0,0
0,32,96.4,74.1,7.5,-0.52,2.65,9,0,1,1,0
0,-10,106.7,74.1,7.3,0.41,2.32,9,2,1,0,0
0,72,83.1,72.3,7.9,-0.25,2.13,9,0,0,0,0
0,62,84.3,63.6,7.4,0.76,2.51,9,2,2,1,0
0,2,107.3,80.9,7.5,-0.36,2.87,8,0,0,0,0
0,23,80.2,64.7,7.2,-0.09,1.87,8,1,1,0,0
0,14,88.1,79.8,8.1,-0.78,1.63,8,2,2,1,0
0,15,73.8,52.6,5.5,-0.97,2.6,8,0,0,0,0
0,18,102.4,77,7.1,-0.07,2.63,8,0,1,1,0
0,43,74.2,69,6.7,0.63,3.19,8,2,1,1,0
1,29,98.6,78.9,7.3,0.25,2.83,8,1,2,1,0
0,36,91.7,67.8,6.5,0.35,3.44,8,1,1,1,1
0,15,84.6,72.1,8.2,-0.26,1.8,8,1,1,1,1
0,51,82.3,74.7,7.8,0.28,2.9,7,3,2,0,0
0,69,85.1,71.1,7,0.68,3.23,7,2,1,1,0
0,12,112.3,76.5,7.4,-0.02,2.46,7,1,0,0,0
0,8,106.9,84.8,7.1,0.13,2.19,7,0,0,0,1
1,22,111.9,79.7,8,0.02,1.69,7,0,0,0,1
0,-2,91.9,67.1,6.7,-0.48,2.27,7,0,2,1,1
0,24,94.5,68.3,7.4,-0.93,2.54,6,2,1,1,0
0,-1,84,65.6,6.5,0.13,1.95,6,1,0,0,0
0,18,113.6,82.5,7.8,-0.04,2.27,6,1,0,1,0
0,34,96,86.1,8.4,-0.77,2.7,6,0,0,0,1
0,-6,91.9,73.8,7.3,0.13,2.73,6,1,2,1,1
0,-13,70.1,70.2,8,-0.78,2.21,6,0,0,1,1
0,-20,100,68.9,7,0.43,2.36,6,2,1,1,0
0,25,76.5,67.7,7.7,-0.92,1.67,6,3,2,1,0
0,20,97.8,77.5,7.2,0.16,2.29,5,1,2,0,0
0,18,103.9,74.9,6.7,0.2,2.72,5,0,0,1,0
0,61,79.1,68.8,7.2,0.38,2.78,5,0,2,0,0
0,-23,91.2,75.6,6.8,0.19,3.47,5,0,0,0,0
0,45,95.2,74,7.2,-0.52,3.26,5,1,1,1,0
0,28,84.5,75.2,7.6,-0.52,2.79,5,0,1,0,0
0,4,111.5,74.9,6.9,-0.32,2.64,5,0,0,1,0
0,25,86.8,79.9,7.6,0.09,2.58,5,3,2,0,0
0,8,77.8,57.2,5.7,0.94,3.57,4,1,2,0,0
0,7,89.4,64.8,6.7,-0.52,3.37,4,1,2,1,0
0,-17,82.4,76.3,7.3,-0.2,2.39,4,0,0,1,0
0,-33,65.1,59.9,6.4,0.17,2.08,3,0,0,0,0
0,8,96.2,68.7,7.7,-0.3,1.7,3,2,1,1,0
1,29,100.4,75.4,8.6,-0.54,2.64,3,0,1,1,0
1,24,107,70.8,7.7,0.43,2.23,3,0,2,0,0
0,-5,90.1,65.9,5.6,-0.39,3.19,2,1,1,0,0
0,53,77.2,69.5,7.6,0.12,2.42,2,2,1,1,0
0,15,73.8,73.6,8.2,-0.18,2.15,2,2,1,1,0
0,37,77.3,58.9,8.2,0.9,1.9,2,3,2,0,0
0,-2,103.9,80.3,6.8,-0.39,2.63,1,1,0,0,0
0,-11,80.3,64.6,5.7,0.22,2.18,1,0,0,0,0
0,-22,89.8,70.5,6.6,-0.15,2.62,1,0,0,0,0
0,53,85.3,74.9,7.5,-0.79,2.09,1,0,2,1,0
0,18,114.7,79.6,8.2,0.19,3.1,1,0,0,0,0
0,-10,94.8,72.6,7.4,0.26,2.48,9,0,2,0,0
0,2,92.5,61.3,5.4,-0.11,2.75,9,1,1,0,0
0,35,81.2,75.4,8.2,0.45,2.02,9,1,1,1,0
0,5,109.6,78.5,7.5,-1.01,2.08,9,0,1,0,0
0,8,81.5,77.6,7.9,0.79,1.4,9,2,1,1,1
0,25,86.1,61.2,5.9,-0.45,2.28,9,0,1,1,0
0,-26,99.3,70.9,7.7,-0.91,2.77,9,3,1,1,0
0,-78,38.9,82.7,8.3,-0.09,1.81,8,0,0,0,1
0,20,82.7,68.2,7,0.58,2.4,8,0,0,0,1
0,6,103.5,74.7,7.4,0.19,1.79,8,0,0,0,1
0,6,107.4,70.7,7.3,-0.16,2.08,8,1,2,0,1
0,29,96.5,66.8,6.6,0.23,2.47,8,1,0,0,0
0,8,108,80.5,7.5,0.43,1.88,8,1,0,1,0
0,12,100.1,73.4,6.5,-0.27,3.25,8,1,1,0,0
0,11,100.4,68.1,6.7,0.22,2.71,8,2,2,1,0
1,27,104.8,70.6,7,0.22,4.02,8,2,2,0,0
0,-1,107.6,75.9,7.3,0.24,2.1,8,2,2,1,0
0,14,93.1,74.5,8.1,-0.53,2.09,8,1,0,1,0
0,-2,91.7,68.9,7.2,0.38,1.88,8,2,2,0,0
0,13,95.7,73.8,6.7,-0.18,2.22,8,3,2,0,0
0,48,98.7,75.1,7.3,0.12,3.16,7,3,2,0,1
0,28,93.3,73.8,8,-0.3,1.54,7,0,1,0,1
0,44,90.3,71.8,6,0.47,2.89,7,1,0,1,1
0,-13,97,63.1,5.2,-0.34,2.52,7,1,1,1,0
0,69,41.5,50.2,5.4,-1.18,3.3,6,3,2,0,0
0,36,95.8,76.9,7.2,-0.17,2.06,6,0,0,0,0
1,29,108.4,79.4,7.7,0.18,2.83,6,1,1,1,0
0,32,88.1,79.2,8.1,0.03,2.94,6,1,0,1,0
0,-27,68.4,73.9,7.7,-0.84,2.74,6,2,2,1,0
0,26,94.7,74.5,8.6,1,2.24,6,0,2,0,0
0,13,105.6,75.6,6.3,-0.02,2.34,5,2,2,1,0
0,19,98.8,66.5,6.6,0.55,3.05,5,3,2,0,0
0,10,99.7,76.3,8.3,-0.26,2.79,5,0,1,1,0
0,10,110.1,76.9,7.3,0.31,2.84,5,3,2,1,0
0,0,97.2,68.6,6.2,-0.43,3.03,5,0,0,1,0
0,44,78.6,68.9,6.2,0.53,3.31,5,2,2,1,0
0,18,81.7,62.6,8.4,0.91,2.13,5,3,1,0,0
0,-1,92.6,65.4,6.2,-0.34,2.54,4,0,1,0,0
0,58,88,78.8,7.4,0.4,2.76,4,0,0,1,0
1,32,100.6,72.2,7.4,0.76,2.68,4,1,1,1,0
0,32,93.4,68.2,6.1,-0.25,2.4,4,1,2,1,0
0,5,102.2,70.5,6.7,0.67,3.16,4,1,2,0,0
0,61,70.4,65.3,7.7,0.12,2.66,4,1,0,0,0
0,22,102,72.4,7.4,-0.12,2.98,3,1,2,1,0
0,-45,65,76.2,7.5,-0.3,2.33,3,1,1,0,0
0,12,64.4,58.7,8.4,0.7,1.97,3,1,1,0,0
0,-49,51.3,71.3,6.2,0.36,2.92,3,2,2,1,0
0,1,85.9,70.1,6.5,0.54,2.21,3,0,1,1,0
0,30,88.5,76.1,7.3,-1.07,2.56,3,2,1,1,0
0,12,85.9,68,7.7,0.32,2.2,3,2,1,0,0
0,20,107.2,77.2,7.9,-0.1,1.63,3,1,0,1,0
0,48,65.6,60.6,5.2,0.3,3.19,3,0,0,1,0
0,-18,87.3,63.8,7.8,0.96,1.62,3,0,1,0,0
0,36,97.7,73.2,7.1,0.26,2.32,2,3,2,1,0
0,-63,55,59.2,6.3,-0.12,2.19,2,0,1,0,0
0,10,101,73.8,7.7,0.45,1.58,2,0,1,1,0
0,-1,74.7,78.3,8.1,0.23,2.62,2,0,0,0,0
0,41,92.9,71.4,7,-0.41,3.38,2,1,2,0,0
0,42,79.6,63,8.9,-0.78,1.62,2,0,1,1,0
0,-10,104.9,77.3,7.2,-0.21,2.69,2,3,1,1,0
0,39,94.1,73.1,7.3,0.58,3.23,1,0,0,0,0
0,-23,71,66.5,8,0.59,1.68,1,0,2,0,0
0,4,106.6,75.6,6.5,0.21,2.37,1,2,0,0,0
0,30,42.8,66.6,6.6,0.87,3.05,1,1,1,1,0
0,13,98.3,76.2,8,0.46,2.26,1,1,0,0,0
0,5,97.1,69.6,5.9,-0.02,1.57,1,0,1,1,0
0,43,90.4,70.9,7.7,0.41,2.13,9,0,1,1,1
0,14,101.4,76.8,7.6,0.44,2.41,8,0,1,0,1
0,54,89.7,74.9,7.2,0.12,2.49,8,1,2,1,0
0,40,94.9,71.4,6.7,0.48,2.4,8,3,1,1,0
0,-11,97.6,72.7,7.2,-0.21,3.03,7,2,1,1,1
1,25,107.5,80.5,7.9,0.06,2.39,7,1,0,0,0
0,80,79.2,76.1,8.1,-0.02,2.65,7,0,1,0,0
0,-53,78.3,78,6.6,-0.21,1.98,6,1,1,0,0
0,41,91.9,74.3,7.2,0.17,1.92,6,1,1,1,0
0,10,107.4,70.9,7.1,0.26,2.36,6,0,1,0,0
0,20,97.6,71,6.9,-0.75,3.42,6,2,1,1,0
0,49,79.5,78.3,7.7,0.6,1.73,6,3,2,1,0
0,50,75.8,72.3,7.2,-0.85,2.09,5,2,1,0,0
0,0,104.3,76.9,7.7,-0.01,2.12,5,1,0,0,0
0,12,101.5,79.1,7.1,-0.46,2.49,5,2,0,0,0
0,47,93.4,79.6,7.3,-0.4,2.44,5,2,1,1,0
0,-22,102.6,68.2,5.5,-0.37,2.56,5,0,0,0,0
0,7,91,64.3,6.1,-0.4,2.98,5,2,2,0,0
0,40,88.6,77.8,6.7,-0.26,2.43,5,0,1,0,0
0,-17,101.7,65.3,5.4,-0.25,3.31,4,0,0,0,0
0,32,75.5,68.9,7.8,0.49,1.69,4,1,1,0,0
0,-14,84.3,72.2,8.3,0.05,1.38,4,2,1,1,0
0,51,69,74.1,7.8,-0.71,2.6,4,0,1,0,0
0,27,97.3,71.2,7.6,-0.03,1.98,4,0,0,1,0
0,-2,109.4,72.1,6.8,0.18,2.28,3,0,0,1,0
0,-59,54.2,78.9,7.6,0.23,2.04,3,2,1,0,0
0,-13,79.8,70.3,6.1,-0.74,2.7,2,2,1,0,0
0,-51,50.4,76.7,8,0.26,1.34,2,0,2,1,0
0,22,79.5,66.9,6.5,-0.31,2.8,2,0,0,0,0
0,0,78.1,72.9,7.5,-0.81,2.64,2,1,0,0,0
0,-42,75.2,59.5,5.4,-0.99,2.88,2,0,1,0,0
0,-10,76.6,67.1,7.3,0.53,2.28,2,0,1,0,0
0,79,74,79.1,7.3,0.18,2.85,2,0,0,0,0
0,-21,65,68.4,6.8,0.19,2.07,1,0,2,1,0
0,7,97.7,70.6,6.8,-0.13,1.51,1,1,1,0,0
0,19,74.8,60.2,6,0.39,2.86,1,0,1,1,0
0,26,103.4,75.1,7.5,0.24,2.8,1,0,0,0,0
0,33,89,66.8,8.3,-0.19,1.46,1,0,0,1,0
0,66,78,78.9,8,-0.14,2.43,9,1,1,0,1
0,51,79.3,65.3,6.8,0.12,1.83,9,1,1,0,1
0,-2,98.4,67.8,7.4,-0.34,2.25,8,0,1,0,1
0,53,85.3,71.8,7.2,0,2.21,8,3,2,0,1
0,12,91.9,71.1,7.5,1.02,2.14,8,0,2,0,1
0,9,100.5,69.6,7,-0.42,2.06,8,3,2,1,1
0,-1,85.3,69.7,7.3,0.63,1.87,8,2,2,0,0
0,-40,58.1,75.5,7.7,0.32,2.05,8,0,1,0,0
0,26,101.4,73.2,7.4,0.54,2.22,8,3,2,0,0
0,30,104.1,75.5,6.7,-0.08,2.39,7,1,1,1,0
0,-1,102.9,78.1,8,-0.3,1.62,7,0,2,0,0
0,12,84.2,82.8,8.2,-0.43,2.32,7,0,0,0,1
0,36,79.5,61.9,7.5,0.52,1.73,7,0,1,0,0
0,9,103.6,70.6,7.4,0.27,3.1,7,1,2,0,0
1,38,104.1,71,7,0.33,2.65,7,1,0,1,0
0,-26,54,66.5,8.2,0.44,2.39,6,3,2,0,0
0,33,96.3,74.8,8.2,0.29,1.76,6,0,0,0,0
0,-19,71.2,73.6,7.7,0.63,1.95,6,0,0,0,0
0,43,97,65.6,7.2,0.38,2.6,6,0,2,0,0
0,67,82.3,77.1,7.4,-0.51,2.19,5,1,0,0,0
0,20,93.5,75.4,6.6,-0.13,2.68,5,3,2,1,0
0,9,70.2,64.9,7.6,0.45,1.95,5,0,0,0,0
0,-20,88.2,72.5,7,-0.76,2.82,5,2,2,0,0
0,32,100.3,74.5,7.5,-0.5,2.1,4,1,1,0,0
0,-11,96.3,72.8,8.1,0.17,1.85,4,2,1,1,0
0,-3,88.3,63.5,6.8,0.01,2.58,4,0,1,1,0
0,5,69,69.5,7,0.97,2.21,4,2,1,0,0
0,-16,86.8,78.6,7.8,0.23,1.81,3,0,0,0,0
0,3,105,72.6,7.4,0.17,1.58,3,1,2,1,0
0,56,80.8,67.2,8.2,0.28,1.94,3,1,1,0,0
0,14,107.4,75.3,7.1,-0.65,1.89,3,2,1,0,0
0,-2,87.5,73.7,6.4,-1.01,2.68,3,1,1,0,0
0,6,72,77.3,7.7,-0.92,2.4,3,1,1,1,0
0,-29,27.5,9.1,1.2,-0.4,3.15,3,0,0,1,0
0,-40,83.7,62.9,6.4,-0.38,2.35,2,3,2,0,0
0,11,111.3,76.5,7.2,-0.18,1.68,2,2,0,0,0
1,33,106.2,77,7.7,-0.03,2.43,2,2,1,0,0
0,1,98.5,67.4,6.3,-0.39,2.44,2,0,1,0,0
0,29,103,69.3,7.8,0.37,2.44,2,1,2,0,0
0,43,82.3,69.1,6.7,-0.18,2.03,2,1,1,1,0
0,28,101.6,68.6,7,0.56,2.77,2,3,2,0,0
0,3,76.1,70.6,8.3,0.95,1.81,1,0,1,0,0
0,-36,80.2,76.7,7.9,-0.31,1.63,1,0,0,1,0
0,64,80.4,71.7,7.2,-0.07,3,1,0,1,0,0
0,-24,77.6,75.6,7.1,-0.89,1.65,1,2,1,1,0
0,5,102.7,75.8,7,0.38,1.96,1,3,2,0,0
0,53,90,72.2,7.4,-0.01,2.3,1,1,2,0,0
0,5,111.5,74.3,6.9,0.49,2.21,1,2,2,1,0
0,12,104.6,72.6,6.5,-0.23,2.78,12,1,0,0,1
0,53,10.8,3.8,0.3,1.22,3.13,12,1,2,1,1
0,56,84.3,71.5,7.3,-0.45,2.94,12,0,0,0,0
0,33,90.9,76.5,7.2,-0.42,2.24,12,0,1,1,1
0,55,75,72,7,-0.26,2.12,11,2,2,1,1
0,-5,102,71.1,7.2,-0.24,2.23,11,0,1,1,0
0,6,96.6,75.1,7.7,0.58,1.69,11,0,2,0,1
0,-3,103.4,69,7.5,0.23,2.29,11,0,0,1,1
0,-19,93.1,68.8,7.1,-1.01,2.3,11,1,2,1,1
0,23,76.5,70.1,8.6,0.4,1.99,10,1,2,0,0
0,74,73.5,76.2,7.7,0.74,2.33,10,1,1,1,0
0,33,99.3,71.8,7.1,-0.29,2.49,9,3,2,1,0
0,25,98.5,67.9,6.9,-0.42,2.63,9,0,1,1,0
0,-45,61.9,67.2,8.3,1.09,1.96,9,0,1,0,0
0,41,103.5,77.1,7.8,0.06,2.24,9,0,0,1,0
0,2,101.2,67.9,6.3,-0.58,2.32,9,3,2,0,0
0,67,84.1,76.3,7.4,0.2,2.56,9,0,1,0,0
0,-13,74.4,74.9,8.1,1.07,2.02,8,2,1,0,0
0,20,95,69.1,6.8,-0.4,2.55,8,0,0,0,1
0,7,108.2,72.4,7.4,0.31,2.17,8,2,1,1,0
0,57,95.7,78.1,7.7,0.05,2.82,8,2,2,1,0
0,18,73.6,60.2,7.5,0.96,1.61,8,0,2,0,0
0,29,76.3,69.8,6.7,-0.55,2.14,7,2,1,0,0
0,15,52.9,65.9,6.5,-1.06,2.71,7,1,0,0,0
0,1,82.6,67.7,8.3,-0.84,1.49,7,1,2,1,0
0,34,92.4,77.5,6.7,-0.39,2.54,7,1,0,1,0
0,-6,72.2,71.8,8.4,0.49,2.71,6,1,0,0,0
0,0,101.2,74.7,8.1,-0.29,1.44,6,2,2,1,0
0,23,107.1,80.4,7.3,0.12,1.96,6,1,0,0,0
0,22,106.4,74.3,7.2,-0.7,2.91,6,3,1,0,0
0,-8,78.1,64.1,7.8,0.55,1.59,5,1,0,0,0
0,20,95.7,73.6,7.8,-0.34,1.74,5,0,0,1,0
0,19,94.5,69.1,6.7,-0.15,2.23,5,0,2,0,0
0,-8,99.2,63.6,7,-0.63,2.14,5,1,2,1,0
0,26,96.1,61.3,7.5,0.48,1.96,5,0,0,0,0
0,-5,69.6,77.4,8.2,-0.26,2.77,5,1,0,1,0
0,-31,100.7,70.3,7.1,0.05,1.89,4,1,2,0,0
0,0,92.6,63.2,6,-0.82,2.57,4,0,1,1,0
0,-2,101.6,74.3,6.9,-0.26,2.42,4,0,0,0,0
0,-13,106.4,70.8,6.3,-0.71,2.21,4,3,2,1,0
0,10,79.7,73.4,6.4,-0.39,2.76,4,1,1,0,0
0,20,96.2,73.4,7.2,0.06,2.83,4,3,1,0,0
0,1,106.1,77.8,8,0.21,1.54,4,3,2,1,0
0,7,110,80.7,7.8,0.39,2.22,4,2,2,1,0
0,-23,100.3,69.4,6.3,-0.24,2.87,3,3,2,1,0
0,50,96.7,73,7.2,0,2.92,3,2,1,0,0
0,30,85.9,72.3,6.9,-0.12,2.7,3,1,2,0,0
0,17,96.3,69.3,7.5,-0.44,1.77,3,0,1,1,0
0,51,92.9,66.6,6.9,0.1,3.3,2,2,1,0,0
0,-17,69.4,72.6,8.1,-0.58,0.51,2,1,2,1,0
0,-35,73.9,67.3,7.5,0.33,1.23,2,0,2,0,0
0,50,71.7,76.6,8.1,0.35,2.24,2,1,1,0,0
0,74,83,75.5,6.6,-0.42,3.36,2,1,2,1,0
0,27,95.8,68.9,6.3,-1.15,2.68,2,0,1,0,0
0,24,95.8,71.5,7.7,0.48,1.56,1,2,2,0,0
0,-18,99.2,68.6,7.3,-0.74,3.21,1,1,1,1,0
0,-17,85.9,71.2,6.5,0.23,3.52,1,1,0,1,0
0,19,96.8,63.9,7.4,-0.1,2.24,9,2,2,0,1
0,5,81.7,69.9,6.9,-0.39,2.96,8,1,0,0,1
0,8,98.4,70.4,6,0.12,2.75,8,0,0,0,1
0,26,75.4,69.6,6.2,-0.47,2.51,8,1,1,0,1
0,35,83.9,77,8.2,0.17,1.97,8,1,1,0,1
0,6,84.6,74.5,7.5,0.76,1.9,8,0,0,0,0
0,20,106.1,80.5,7.6,0.36,2.15,8,0,0,1,0
0,11,61,55.4,6.2,-0.12,3.56,7,0,2,0,1
0,66,69.2,65.7,6.6,-0.26,3.03,7,0,1,0,1
0,-25,62.7,65.4,6.2,-0.46,3.86,7,1,2,0,1
0,29,86.6,70.9,8,-0.12,1.8,7,0,1,0,1
0,39,86.5,67.1,6.7,0,3.16,7,3,1,0,1
0,33,102,76.8,7.8,0.07,2.25,6,2,1,0,0
0,76,87,75.2,7.2,-0.43,3.02,6,1,0,0,0
0,-7,96.5,70.7,7.3,0.71,2.33,6,0,2,0,0
0,8,73.9,67.8,7.5,1.06,2.81,6,1,1,0,0
0,51,88.9,78.7,7.3,-0.15,2.66,6,3,2,1,0
0,77,87.4,75.8,8,0.06,2.16,5,2,2,0,0
0,-13,82.3,51.8,5.7,-0.23,3.22,5,1,1,0,0
0,5,94.7,67.5,7.3,0.34,1.84,5,0,1,0,0
0,-40,76.1,68.8,6.5,0.62,2.79,5,0,0,0,0
0,-30,83.1,72.6,7,0.2,2.77,5,0,0,0,0
0,19,95.4,75.4,7.4,0.51,2,5,1,2,0,0
0,60,85.8,65.8,7,0.19,2.46,5,1,0,0,0
0,24,68.9,58.9,7.7,0.21,2.04,5,0,2,0,0
0,3,67.4,74.2,6.6,-0.91,2.75,5,0,0,0,0
0,50,96.2,69.6,7.9,-0.1,2.04,4,1,0,0,0
0,6,95,78.2,7.3,-0.08,1.98,4,2,1,0,0
0,-22,54.3,64.9,6.6,-0.77,2.96,4,1,1,0,0
0,51,89.1,82.6,7.7,-0.2,2.66,3,3,2,0,0
0,19,70,67.2,7.6,-1.07,1.65,3,0,0,0,0
0,-22,68.1,56.3,8.4,1.04,1.47,3,0,1,0,0
0,14,97.9,75.2,7.4,-0.13,2.43,2,1,0,0,0
0,67,77.6,64.9,6.7,-0.5,3.09,2,1,1,0,0
0,1,86.8,70,7.5,-0.05,2.43,2,1,0,0,0
0,21,96.5,71.6,7.7,0.52,2,2,0,0,0,0
0,-3,103.5,67.8,7.1,0.64,2.44,2,3,2,0,0
0,-22,73.2,65.8,7.4,-0.52,2.63,2,2,0,1,0
0,14,102.8,69.4,8.1,0.08,1.76,1,2,1,0,0
0,54,74.1,72.7,7,0.26,2.65,1,0,1,0,0
0,13,76.3,74,7.5,-1.36,2.5,1,2,2,1,0
0,62,57.2,64.2,6,0.45,2.61,1,0,0,1,0
0,89,71.5,63.2,8.1,-0.54,2.31,9,3,2,0,1
0,22,85,75.8,7.1,-0.56,2.28,9,2,0,0,0
0,49,89.8,66.6,6.6,-1.03,2.47,9,0,1,0,0
0,5,99.3,72.9,6.9,-0.4,3.28,9,0,1,1,0
0,3,86.5,72.1,8,0.11,2.23,9,0,0,0,0
0,12,110.6,78.5,8.3,-0.66,2.44,9,3,1,0,0
0,-22,68,63.9,5.5,0.6,2.49,9,1,1,1,0
0,63,80,70.7,7.5,-0.05,1.66,8,2,2,0,1
0,10,78.5,77.9,7.3,-0.48,2,8,1,0,0,1
1,28,109.3,80,7.8,-0.39,1.71,8,1,2,0,1
1,22,113,78.4,7.6,-0.64,2.67,8,0,1,0,1
0,11,105.5,69.1,7,0.01,2.56,8,2,2,0,0
0,23,89.4,72,8.4,-0.51,2.77,8,3,2,1,0
0,21,93.1,75.5,7.1,0.51,2.15,8,2,1,1,0
0,-10,82.2,59.8,6.1,-1.54,2.32,7,1,2,1,0
0,-43,64.3,77.5,6.8,0.47,2.87,7,0,1,0,0
0,71,54,80.4,6.9,1.21,2.84,7,2,1,1,1
0,68,96.4,70,7.8,-0.59,2.58,7,1,1,0,0
0,-29,81.3,69.5,5.9,-0.76,2.29,6,2,1,0,0
0,-29,91.9,77.4,7.5,-0.05,2.06,6,1,0,1,1
0,9,92.3,66.8,7.8,0.34,1.79,6,0,1,0,1
0,15,74.7,75.6,7.3,0.67,2.59,6,3,1,0,0
0,21,101.3,72.8,6.6,0.54,3.03,5,0,1,1,1
1,26,105.9,70.6,7.8,-0.55,1.93,5,1,0,0,1
0,42,74.6,66.4,7.8,-0.1,2.74,5,0,0,1,1
0,1,99.2,69.8,7.1,-0.14,2.56,5,1,0,1,1
0,45,96.1,71.8,7.8,0.36,2.19,5,2,2,0,0
0,34,100.3,71.9,7.7,-0.62,1.96,4,2,2,1,0
0,-32,82.7,57.8,7.2,1.05,1.04,4,1,2,0,0
0,21,90.6,69.4,8.4,0.63,2.28,4,0,1,0,0
0,-73,47,58.6,7.9,0.99,1.51,4,0,1,0,0
0,74,98.3,76.5,7.3,-0.57,2.87,4,1,0,0,0
0,-2,104.4,81.2,8.5,-0.04,2.03,4,0,0,0,0
0,-20,87.4,71.7,6.3,0.41,2.47,3,0,0,1,0
0,56,75.6,71,7.4,0.25,2.34,3,0,0,1,0
0,47,81.1,73.2,7.5,0.36,2.99,3,0,2,1,0
0,31,89.9,71.5,6.8,0.86,2.92,3,2,1,0,1
0,-36,62.1,76.7,7.9,-1.2,2.1,3,1,2,1,1
0,12,107.4,75.7,8,0.01,2.15,3,1,0,0,1
0,12,101.3,78.2,8.3,-0.21,1.41,3,0,0,0,1
0,7,104.4,72.7,7,0.71,2.46,3,1,2,1,1
0,39,96.8,75.9,7.7,-0.31,1.74,2,1,0,1,0
0,20,102.7,70.9,7.2,-0.15,2.02,2,0,0,1,0
0,-9,87.8,77.1,7.4,-0.24,3,2,1,0,1,0
0,-30,66.3,73.6,7.9,0.28,1.9,2,2,0,0,0
0,22,107.5,71.1,6.7,0.32,3.44,2,0,1,1,1
0,38,85.8,81.1,8.1,-0.7,2.21,2,2,0,1,1
0,16,82.2,68.9,6,-0.69,2.5,2,3,2,0,1
1,32,109.5,76.4,8,-0.55,2.54,2,0,1,0,1
0,35,96.1,73,6.8,-0.05,2.08,1,0,1,0,0
1,31,108,74.2,7.5,0.68,2.74,1,0,1,0,0
0,26,100.1,78.3,7.5,-0.12,2.02,1,0,0,1,0
0,47,85.4,74.4,7.2,0.11,1.93,1,2,0,1,0
1,33,113.1,76.3,7.7,0.26,3.03,1,1,2,1,0
0,-25,89.5,69.7,6.8,-0.78,2.6,1,0,2,1,0
0,36,100.4,71.9,8,-0.48,2.28,1,3,2,0,1
0,34,101.1,72.8,7,0.43,2.65,1,0,0,1,1
0,4,103.3,73.3,7.3,0.56,2.11,1,1,0,0,1
0,23,107.9,72.1,7.9,-0.27,2.79,1,2,1,1,1
0,1,71.8,69,7.9,0.75,1.81,9,0,2,0,0
0,25,105.1,75.4,6.8,-0.59,3.22,9,2,0,0,0
0,9,109.5,85.8,7.6,0.71,2.65,9,1,1,1,0
0,-33,89,69.6,6.3,-0.32,2.67,9,2,1,1,0
0,34,99.3,70.8,7.4,-0.41,2.58,9,1,0,1,0
0,43,76.2,70.4,7.2,0.94,2.68,9,0,1,0,0
0,36,89.1,75.2,6.8,0.11,2.55,8,3,2,1,1
0,13,96.1,76.4,7,-0.29,3,8,3,2,0,0
0,6,39,63.2,6.5,1.36,2.79,8,0,1,1,0
0,5,107,79.5,6.9,-0.17,2.63,8,3,2,0,0
0,37,92.4,69.4,7.6,-0.14,2.27,7,1,1,0,0
0,1,78.7,72.4,7.2,0.51,2.11,7,1,0,0,0
0,13,99.7,68.1,8,-0.24,1.91,7,0,0,1,0
0,-23,94.1,82.7,7.7,-0.64,2.21,7,1,2,1,0
0,20,101.8,77.1,6.1,-0.02,3.01,7,2,2,1,0
0,16,97.5,67.3,7.2,-0.68,1.81,6,0,1,1,0
0,36,100.1,66.6,6.5,0.98,3.2,6,3,2,0,0
0,9,98.3,64.8,6.6,0.08,2.37,6,1,1,0,1
0,53,98.2,71.2,7.2,0.02,3.19,6,2,2,0,1
0,21,78.3,75.9,8,0.74,1.72,6,2,2,0,0
0,7,101.1,74.4,6.6,0.05,2.25,6,0,1,1,0
0,-29,97.2,74.6,7.5,0.62,2.54,5,1,2,0,0
0,23,103.8,72.8,7.2,0.02,1.84,5,0,1,1,0
0,-28,81.5,64.7,7.1,0.63,3.5,5,2,2,0,0
0,-2,80,75,7.5,-0.27,3.3,5,2,2,0,0
0,25,43.8,66.6,6.4,-1.58,3.04,5,1,2,0,0
0,-2,68,59.1,6,0.81,2.58,5,2,1,1,0
0,-19,68.6,65.2,7.6,0.25,1.06,4,0,2,0,0
0,47,79.9,72.1,8.1,0.24,1.96,4,0,0,1,0
0,7,92.1,74.8,7.1,-0.25,1.8,4,2,2,1,0
0,35,90,74,6.9,-0.5,2.89,4,0,0,0,0
0,22,104.4,72.9,6.7,-0.24,2.79,4,2,1,1,0
0,-18,79,66.4,6.8,-0.36,3.04,4,0,2,0,0
0,68,81.1,72.9,6.8,0.23,3.04,3,3,2,0,0
0,16,93.6,76.3,6.8,-0.18,2.9,3,1,1,0,0
0,3,85.3,73.3,6.8,0.7,2.63,3,0,0,1,0
0,47,89.7,77.8,7.6,-0.86,2.22,3,1,0,1,0
0,-8,99.8,74.2,8.1,-0.56,1.91,3,3,2,1,0
0,49,89.6,66,6.9,0.77,2.54,2,1,0,0,0
0,9,90.1,61.2,7.1,-1.2,2.25,2,0,2,1,0
0,62,65.6,70.3,7.2,-0.03,2.9,2,2,2,1,0
0,-10,99.9,72.1,6.8,-0.65,2.2,2,0,1,0,0
0,29,87.2,75.8,7.7,-0.4,2.25,1,2,2,1,0
0,-27,90.3,73.1,6.8,0.37,1.63,1,2,2,0,0
0,-13,77.3,85.7,8.1,0.46,3.09,1,1,2,0,0
1,37,103.9,83,7.9,0.2,1.89,1,1,0,1,0
0,55,91.6,76.2,7.7,0,2.57,1,1,1,1,0
0,-11,105.7,72.5,7.7,0.53,1.69,9,0,2,0,0
0,42,93.4,70.6,7.7,-0.63,2.84,9,2,2,1,0
0,11,104.9,72.9,6.7,-0.53,2.52,9,0,0,0,0
0,28,73.8,67.9,8.2,1.28,1.61,9,0,1,1,0
0,7,98.5,72.9,7.4,-0.08,2,8,3,1,1,0
0,15,103.8,73.8,7.5,-0.06,2.14,8,1,2,0,0
0,13,116.5,83.4,8,0.37,2.54,8,0,0,1,0
0,6,107.3,72.8,6.9,0.12,2.83,8,3,2,0,0
0,77,71.3,71.4,7.2,-0.2,1.9,7,3,2,0,1
0,-1,94.2,66.1,5.9,0.47,2.18,7,0,1,1,1
0,-5,71.5,53.2,5.5,-1.1,3.46,7,1,1,0,0
0,13,99,68.7,7.1,-0.56,2.07,6,1,1,0,1
0,3,107,72.2,6.7,0.19,2.92,6,2,2,0,0
0,-56,73,47.4,5.5,-0.14,2.3,6,3,2,1,0
0,-2,114.7,77.3,7.2,0.58,2.42,6,2,2,0,0
0,-12,103.7,70.5,6.7,0.15,2.32,6,1,0,1,0
0,53,96.6,68.8,6.8,0.23,2.68,6,0,0,1,0
0,25,92.8,59.7,5.4,0.37,3.63,6,1,2,1,0
0,11,98.6,70.9,7.3,-0.91,2.29,5,2,0,1,0
0,32,102.3,71.6,6.9,-0.52,2.59,5,1,0,0,0
0,12,58.5,72.9,8,-0.56,1.82,5,2,2,0,0
0,63,85.3,67.2,6.8,0.4,3.34,5,0,0,0,0
0,67,83.3,77.4,7.5,0,3.22,5,1,1,1,0
0,-13,73.3,73.6,8.5,-0.78,2.2,4,0,0,1,0
0,6,106.6,75.3,7.6,-0.71,2.06,4,3,2,0,0
0,22,69.1,76.4,8.5,-0.42,1.17,4,1,2,1,0
0,32,91.6,76.8,7.4,-0.45,2.26,4,0,0,0,0
0,-23,64.6,54.8,5.8,-1.18,3.01,4,2,2,0,0
0,37,83.1,64.1,5.3,0.45,3.16,4,1,2,1,0
0,8,111.1,77,7.5,-0.73,1.83,3,1,2,0,0
0,2,103.8,71.4,7.7,-0.26,2.37,3,0,0,1,0
0,-4,100.3,72.2,7.3,-0.38,2.01,3,3,1,1,0
0,7,101.6,69.6,6.9,-0.49,2.13,3,0,1,0,0
0,47,79.3,63.2,8.3,-0.26,1.65,3,1,2,1,0
0,-13,83.2,66.6,7.7,-0.76,1.24,3,0,1,1,0
1,26,100.6,65.5,6.1,0.47,2.9,3,1,2,1,0
0,15,91.9,64.1,6.8,0.58,2.25,3,1,1,0,0
0,15,113.4,77.9,7,-0.25,2.54,3,0,0,1,0
0,-2,99.9,73.7,7.3,0.05,2.96,3,1,1,0,0
0,37,90.8,72.3,8.6,-0.53,1.74,3,1,2,1,0
0,3,103.7,69.9,7.4,0.27,1.81,2,1,2,0,0
0,67,92.3,75.7,7.9,-0.39,2.52,2,2,2,1,0
0,-5,83.2,74.1,6.7,-0.66,2.64,2,3,1,0,0
0,11,91.9,71.2,7,-0.81,2.31,2,1,2,0,0
0,2,102.7,68.9,5.9,-0.09,2.65,2,3,2,1,0
0,43,100,70,7.5,0.21,2.57,2,1,0,1,0
0,43,98.2,77.2,8,0.29,2.4,1,0,0,0,0
0,1,96.1,72.5,6.7,0.4,1.62,1,2,1,1,0
0,66,92.6,75.6,7.8,0.23,1.83,1,2,1,1,0
0,45,84.3,67.1,6,0.56,3.06,1,0,2,1,0
0,-47,67.3,58.4,6.5,0.88,2.32,1,1,1,0,0
0,7,109.7,78.1,7.9,0.24,2.14,1,1,1,1,0
0,-13,92.6,74.1,7.6,-0.09,2.74,1,3,2,0,0
0,19,97,76.9,7.5,-0.15,2.46,9,2,1,1,0
0,-13,97.8,74.6,7.7,0.55,2.28,9,3,2,0,0
0,2,105.4,71.5,7.1,0,2.51,9,2,1,1,0
0,-5,102.3,73,6.4,0.45,2.43,9,3,1,1,0
0,16,104.8,72.9,7.8,-0.07,1.67,8,0,2,0,0
0,79,89.1,71,7.4,-0.73,2.69,8,0,0,0,0
0,33,76,70.9,7.4,0.24,1.32,8,0,1,0,1
0,16,105.5,69.7,7.2,0.47,2.1,8,3,1,0,1
0,20,76.6,75.2,7.7,0.74,2.55,8,1,0,1,0
0,31,98.1,73,7.9,0.83,2.87,8,1,2,0,0
0,-4,103.4,72.1,7.1,0.02,3,8,0,1,1,0
0,11,95.1,70.5,7,-0.2,2.8,8,0,1,0,0
0,-31,31,62.4,7.7,0.01,1.95,7,0,2,0,0
0,49,87.8,65.8,6.1,0.05,3.02,7,1,2,0,0
0,34,91.4,72.5,7.2,-0.39,2.39,7,0,1,1,0
0,17,64.8,66.4,7.3,0.63,2.8,7,3,2,0,0
0,41,73,67.7,8.2,-0.97,2,7,0,1,1,0
0,-11,56.9,69.7,6.2,1.22,2.83,6,0,1,1,0
0,6,94.3,77.2,7.4,0.04,3.31,6,1,2,0,0
0,1,93.4,67.7,6.5,-0.16,3.64,6,1,2,1,0
0,31,94.6,71.3,8,0.33,1.48,5,0,2,0,0
0,8,65,66.7,6.9,-1.22,2.43,5,1,0,0,0
0,73,87.9,73.2,8.4,0.27,2.26,5,2,2,0,0
0,33,87,65.3,7.1,0.17,1.74,5,0,2,1,0
0,39,105.2,74.1,6.6,0.45,2.78,5,1,1,1,0
0,3,95.7,68.1,7.3,0.43,2.14,4,1,2,0,0
0,16,102.9,77.1,7.6,-0.27,2.89,4,0,1,1,0
0,23,84.9,68.3,6.7,-0.32,2.42,4,1,1,0,0
0,15,103.4,72.5,6.8,-0.24,2.15,4,0,0,1,0
0,16,109.9,74.2,8,0.39,2.06,4,1,1,0,0
0,44,80.3,68.4,6.3,0.22,3.79,4,1,2,1,0
0,-64,82.6,63.5,5.9,-0.1,1.77,3,0,0,0,0
0,7,104.3,73.8,6.8,0.27,3.53,3,0,2,0,0
0,38,103.7,72.8,7.4,-0.21,2.59,3,1,2,0,0
0,0,109,74.6,7.5,-0.33,1.61,3,0,1,0,0
0,12,85.6,69.1,8.3,-0.23,1.3,3,1,1,1,0
0,26,96.1,76.6,7.9,0.72,2.43,3,1,1,0,0
0,49,86.5,68,8,0.03,2.07,3,0,0,1,0
0,-29,67.9,71,7,-0.16,2.02,3,1,1,0,0
0,12,105.1,77.4,7.3,-0.72,2.43,3,1,2,1,0
0,13,100.4,72.7,8.1,0.38,2.18,3,0,0,0,0
0,-45,33,69.3,7,-0.09,2.17,2,1,1,0,0
0,-41,62.4,67.4,5.6,-0.69,2.8,2,1,1,0,0
0,15,101.2,69.1,6.7,0.08,2.14,2,0,0,0,0
0,-1,96.3,74.2,7.8,-0.39,1.92,2,1,2,1,0
0,5,68.8,71.3,8.4,0.04,1.77,2,1,2,1,0
0,27,83.8,75.5,7.4,-0.47,2.62,1,0,2,0,0
0,-17,65.9,74,7.8,0.48,1.93,1,1,2,1,0
0,31,88.2,71.9,6.9,-0.32,2.8,1,1,2,1,0
0,22,97.8,63.8,6.3,0.24,3.23,9,1,2,1,0
0,17,93.9,69.3,6.1,-0.41,2.23,9,1,2,1,0
0,36,76.8,67.4,6.2,0.48,3.23,8,0,0,1,0
0,49,77.2,75.4,7.8,-0.56,3,8,1,1,0,0
0,28,87.5,62.9,6.5,-0.08,4.47,8,0,1,0,0
0,18,84.3,69.9,6.4,0.61,2.86,8,0,0,1,1
0,24,67.4,63.7,5.5,-0.16,3.27,8,0,2,0,1
0,20,78.4,69.1,6.4,-0.64,2.31,8,2,2,0,1
0,7,102.3,71.3,6.4,0.43,2.07,8,2,2,0,1
0,50,89.2,68.9,6.2,0.16,2.42,8,3,2,0,0
0,48,62.4,80,7.1,-0.62,2.89,7,3,1,0,1
0,20,93.7,68.9,7,-0.04,2.19,7,1,0,1,1
0,7,77.2,71.5,8.5,0.05,1.62,7,3,2,0,1
0,-12,95.5,68.8,7,0.21,2.73,7,0,0,0,1
0,48,98.4,74,7.7,-0.58,2.6,7,2,2,0,1
0,19,93.8,80.4,7.9,0.04,2.76,7,0,0,0,1
0,37,91.8,70.8,6.6,0.47,2.73,6,1,2,1,1
0,2,107,74,7.2,0.08,1.22,6,2,2,0,0
0,-9,93.3,66.6,7.9,0.41,1.87,6,1,2,0,0
0,-15,57.7,57.8,5.6,-0.93,2.98,6,3,2,0,0
0,3,94.6,71.3,7.3,0.04,1.33,6,2,2,1,0
0,34,101.3,78.1,7.8,0.41,2.93,6,2,0,0,0
0,36,96.1,68.1,7.2,0.44,3.69,6,2,2,0,1
0,-17,78.2,68.5,7.6,-0.82,1.99,5,0,1,1,0
0,23,105,74.9,7.5,0.41,2.59,5,3,2,0,0
0,18,106.2,76.1,7.9,0.03,1.78,5,0,1,1,0
0,12,83.6,80.3,7.5,0.28,1.57,5,2,1,0,0
0,-9,101.9,66.9,6.6,0.14,1.64,5,2,1,0,1
0,-30,67.4,75,7.9,0.43,1.02,5,0,2,0,1
0,16,47.8,70.5,6.8,0.87,2.26,5,1,1,1,1
0,16,94.2,63.1,6.1,0.22,3.2,5,1,2,0,1
0,-12,93.5,71.5,8,0.49,2.04,4,3,2,0,0
0,30,76.4,72.5,5.7,0.26,3.4,4,0,0,1,0
0,0,92.5,67.3,6.8,-1.33,2.33,4,2,2,1,0
0,0,94.5,85.2,8.1,-0.11,1.86,4,0,2,0,1
0,37,77,70,6.7,-0.58,2.07,4,0,1,0,1
0,37,70.9,69.1,8.2,1.05,2.29,4,2,1,0,1
0,-17,86.8,71.3,8.4,0.8,1.97,3,2,0,0,0
0,14,83.2,71.7,7.9,-0.22,1.4,3,1,1,0,0
0,-39,82.3,70.8,6.2,-0.62,2.83,3,2,2,1,0
0,13,102.4,69.1,6.5,0.48,3.11,3,2,2,0,0
0,33,89.6,71.5,7.6,0.51,3.19,3,3,2,0,0
0,-28,83.5,60,6.2,0.89,2.08,3,1,2,0,1
0,24,87.5,69.2,6.7,0.02,1.92,3,0,0,0,1
0,14,102.9,74.5,8.2,0.31,1.06,3,2,2,0,1
0,-5,101.9,74,6.7,0.1,1.86,2,1,0,1,0
0,-13,69.7,73.8,8.3,0.74,1.59,2,3,2,0,0
0,25,69,65.1,5.8,-0.19,3.02,2,2,2,1,0
0,0,84.9,72.5,6.8,0.24,1.87,2,1,2,1,1
0,-40,95.7,71.7,6.7,-0.08,2.99,1,3,2,0,0
0,21,103.6,75.3,7.4,0.18,2.68,1,0,1,0,0
0,15,85.7,79.1,8.6,1,2.1,1,0,0,1,0
0,24,100.7,71.8,6.5,-0.08,2.93,1,1,1,0,0
0,30,90.1,71.6,6.4,0.21,2.76,1,2,2,0,0
0,-5,94.1,64,5.9,-0.56,2.49,1,1,0,0,1
0,-4,102.1,70.2,6.7,0.09,2.76,1,0,0,0,1
0,-12,110.5,76.1,7,0.04,1.97,9,0,0,1,0
0,4,95.2,68,6.3,0.08,2.14,9,0,1,1,0
0,15,103.1,70.4,7.1,0.51,2.49,8,0,1,0,1
0,24,105.1,74.2,6.7,-0.41,2.83,8,1,2,0,1
0,-6,84.6,75.1,7.5,0.72,1.73,8,2,2,0,0
0,-28,43.8,48.8,8.1,0.93,1.95,7,0,0,0,0
0,-27,90.5,76.3,7.5,0.66,2.11,7,0,1,0,0
0,8,101.7,74.7,7.7,-0.07,1.8,7,0,1,0,0
0,56,99,76.5,7.7,0.71,2.61,7,0,0,1,0
1,26,104.4,74.1,6.9,0.82,3.23,6,1,1,1,0
0,36,86,76.4,7.5,-0.11,2.96,6,2,1,0,0
0,-3,78.7,71.2,7.7,-0.49,1.46,6,0,0,1,0
0,13,90.9,77.3,7.5,0.31,1.79,6,2,1,1,0
0,21,99.2,69.6,7,0.17,2.62,6,1,2,0,0
0,-21,71.9,68.1,6.8,0.57,2.05,5,0,1,0,0
0,1,106.5,79,6.9,-0.2,1.63,5,1,1,0,0
0,90,74.2,74.2,8.1,-0.47,1.64,5,3,2,0,0
0,10,104.5,78.5,7.9,0.4,2.34,5,0,0,0,0
0,-62,63.4,75.5,7.2,0.19,2.66,4,0,0,0,0
0,32,71.7,64.4,8.1,0.5,1.32,4,0,1,0,0
0,-19,91,70.5,6.1,0.17,3.11,4,2,2,1,0
0,7,84.8,69.1,6.8,1.05,2.3,4,0,1,0,0
0,40,72.7,63.5,7.1,1.16,2.42,4,0,2,0,0
0,74,81.4,81.2,8.1,0.58,3.08,3,1,2,0,0
0,-26,76.7,66.2,7.3,0.57,1.29,3,0,1,0,0
0,24,99.9,80.7,7.2,-0.94,2.22,3,0,0,0,0
0,38,96.7,74.8,7,-0.02,3.85,3,0,1,0,0
0,-5,100,76.1,7.2,-0.03,2.57,3,0,0,1,0
0,13,98.3,70.2,5.8,0.3,2.66,3,3,2,1,0
0,0,99,74.7,6.7,0.5,2.48,2,0,1,0,0
0,48,96.3,75.6,7.5,-0.14,3.2,2,1,2,0,0
0,9,77.1,69.2,8,0.35,2.19,2,1,0,1,0
0,-5,83.2,71.3,7.2,-0.52,2.68,2,0,0,0,0
0,9,109.3,74.2,6.9,0.79,2.29,2,1,1,0,0
0,68,86.8,76.1,7.1,0.56,2.98,2,0,0,1,0
0,-44,63.4,74.8,7.1,0.39,2,1,0,1,0,0
0,4,100.9,65.5,6.1,0.25,3.43,1,1,2,0,0
0,23,99.8,73.3,6.5,-0.34,3.15,1,2,0,1,0
0,68,85,78.3,7.7,-0.07,2.73,1,3,1,0,0
0,2,94.9,76.5,7.7,-0.08,2.52,1,3,1,1,0
0,27,96.4,72.9,6.6,0.07,2.62,1,3,2,1,0
0,42,71.3,73.2,7.9,-0.67,1.44,1,0,2,1,0
0,25,93.5,69.6,6.2,0.04,3.23,9,0,1,1,0
0,72,94.3,67.9,6.7,0.53,3,9,1,0,1,0
0,26,107.9,74.6,6.7,-0.14,2.86,9,3,2,0,0
0,64,84.2,69.4,8.5,-0.84,1.05,8,2,2,0,1
0,70,80.2,66.5,6.7,0.53,3.38,8,0,0,1,0
0,66,90,73.3,7.9,0.3,2.87,8,0,0,0,0
0,37,97.7,67.2,7.6,0.79,3.31,8,1,1,0,0
0,69,66.3,75.8,7.3,0.35,2.4,7,0,0,1,1
0,54,80.4,67.2,7.9,-0.35,1.88,7,1,1,0,1
0,41,99.2,73,7,0.68,3.28,7,3,1,0,1
1,27,103,72.5,8,-0.47,2.31,7,1,0,1,1
0,52,103.1,76.4,7.5,0.19,2.14,7,3,2,1,0
0,18,93.8,67.8,7.3,0.4,2.24,7,2,0,1,0
0,3,105.6,73.1,7.8,-0.09,1.52,6,2,2,0,1
0,10,109.6,74.4,7.4,-0.06,2.31,6,2,2,0,1
0,47,82.9,75,6.7,0.28,2.63,6,0,1,1,0
0,-7,86.7,73.1,7.3,-0.33,2.13,6,1,0,0,0
0,82,51,65.5,6.5,1.01,3.17,6,1,2,1,0
0,31,94.2,66,7.6,0.46,2.78,6,2,1,0,0
0,0,92.9,75.5,7.5,0.56,2.02,5,2,1,0,0
0,13,90.1,82.3,8.3,-0.36,1.23,5,0,1,1,0
0,2,94.3,74.3,7,0.46,2.21,5,0,1,1,0
0,21,104.2,75.3,8.2,-0.01,1.96,5,0,0,0,0
0,-29,63.7,75.8,8.2,0.92,2.11,5,1,0,0,0
0,-20,83.2,81.4,7.1,-0.43,2.24,5,2,0,0,0
0,18,98,67.4,6.5,-0.77,2.4,5,0,1,1,0
0,15,100.2,66.9,7.5,-0.03,1.86,5,1,0,1,0
0,21,56.5,69.3,7.4,0.56,1.93,4,2,2,1,0
0,21,107.2,73.7,7.3,0.06,2.28,4,0,0,0,0
0,-8,84.5,66,5.7,0.14,2.96,4,1,1,1,0
0,31,80.5,64.2,7.8,0.76,1.58,4,0,2,0,0
0,-18,93.2,70.8,7.5,-0.84,2.22,4,1,1,1,0
0,47,106.2,78.3,7.9,0.9,2.1,3,0,1,1,0
0,4,88.4,73.3,6.6,-0.51,2.38,3,0,1,0,0
0,45,68.3,69,8.6,0.72,2.34,3,1,1,0,0
0,-49,61.5,76.4,6.9,0.15,2.19,3,2,2,0,0
0,15,93.4,70.8,6.3,-0.05,2.28,3,2,1,1,0
0,4,94.9,64.9,6.6,0.46,2.83,3,1,2,1,0
0,-20,103,73,7.9,0.04,1.29,2,0,0,1,0
0,-16,98,73.3,7.6,0.46,1.58,2,2,2,1,0
0,32,81.1,70.4,7.9,0.41,2.08,2,2,0,1,0
0,2,111.7,77.2,7.5,0.04,1.89,2,1,2,0,0
0,13,64.5,61.7,5.6,0.33,3.02,2,0,2,1,0
0,71,92.4,73.5,7.1,0.23,2.76,2,3,1,1,0
0,52,89.9,74.8,6.8,0,3.14,1,0,0,1,0
0,32,83.1,67.4,6.3,-0.68,2.76,1,1,2,0,0
0,43,93,68.4,7.5,0.55,2.07,1,0,2,0,0
0,4,97.3,75.3,7.5,-0.37,1.48,1,1,1,0,0
0,-2,96.4,68.6,7,0.7,2.46,1,3,2,0,0
0,-7,86.6,73.7,6.9,-0.45,1.38,1,0,0,1,0
0,19,66.3,69.5,7.3,-0.03,1.98,10,0,1,1,1
0,7,96,63.9,6.3,0.58,2.09,10,0,0,0,1
0,38,100.8,85.3,8.3,0.36,3.18,10,3,2,0,1
0,-16,100.8,70.8,7.4,-0.09,2.27,10,0,1,0,0
0,-22,41.7,12.4,1.7,0.17,2.53,10,0,0,1,0
0,75,82.8,70.6,7.3,0.2,2.71,9,1,1,1,1
0,17,75,68.2,7.5,0.15,2.4,9,0,0,0,1
0,4,100.5,69.3,6.2,0.42,3.57,9,1,2,0,0
0,-24,80.8,67,7.8,-0.67,1.11,9,3,2,1,0
0,17,77.9,77.6,7,0.32,2.92,9,0,1,1,0
0,-9,99,69.3,6.6,-0.16,2.44,8,1,0,0,0
0,16,91.9,66.4,6,0.09,2.61,8,0,1,1,0
0,-33,85.7,68.8,6.3,-0.07,2.76,8,1,1,0,0
0,14,104,69.2,7.1,0.07,2.08,8,1,1,1,0
0,8,76.5,73.7,8.1,0.23,1.26,8,0,1,1,1
0,31,98.2,72.8,7.9,-0.46,2.53,8,1,1,0,0
1,29,104.2,70.4,7.2,0.74,2.42,8,1,2,1,0
0,17,83.4,68.3,7.3,-0.66,1.52,8,1,1,1,0
0,-14,102,69.9,7.4,-0.12,1.97,8,0,1,0,0
0,7,83.3,82.5,8,1.11,2.33,8,1,0,0,0
0,-9,101.2,74.8,7.4,0.1,1.66,8,1,2,1,0
0,33,88.9,73.5,7.2,0.1,3.46,7,1,2,0,1
1,22,103,71.2,7.7,0.45,2.13,7,1,1,0,1
0,16,26,6,0.9,-0.11,2.81,7,1,0,0,1
0,23,93.1,76.8,7.5,0.05,2.3,7,3,2,1,1
0,11,70.6,65,5.8,-0.87,2.85,7,2,2,0,1
0,55,91,75.4,7.7,0,2.81,7,2,2,0,1
0,33,82.8,66.1,8.2,-0.92,1.47,7,1,2,1,1
0,29,97.2,76.5,6.8,0.29,2.84,7,0,0,1,1
0,20,66.2,67.5,7.6,-0.96,1.48,6,1,2,1,1
0,23,97.3,75.9,8,-0.29,2.52,6,2,2,0,1
0,8,78.8,70.8,7.6,0.89,2.4,6,3,1,0,0
0,48,76.9,69.6,6.6,0.64,3.05,6,1,2,1,0
0,3,107.4,77.3,8.2,0.47,2.34,5,1,0,0,1
0,58,79.1,67.9,7.1,-0.15,3.02,5,0,0,0,1
0,37,78.8,69.8,6.2,-0.17,3.51,5,2,2,1,0
0,46,81.2,65.7,7.5,0.6,2.01,4,2,2,0,1
0,22,81.2,64.3,5.8,-0.32,3.13,4,0,1,0,1
0,-6,106.8,74.6,7.7,0,2.16,4,2,2,1,0
0,33,96.5,75.3,7.2,-0.28,2.25,4,2,2,1,0
0,75,89.4,72.6,7.6,-0.57,2.95,4,2,0,0,0
0,32,92.1,80.5,8.2,-0.13,2.51,3,3,2,0,1
0,26,73.4,61.2,7.5,-0.49,1.57,3,1,2,0,1
0,33,93.7,72,7.6,-0.21,1.81,3,2,1,1,0
0,7,104,73.4,6.8,0.45,2.05,3,3,2,1,0
0,0,94.1,67.9,6.8,0.13,2.28,3,2,2,0,0
0,14,73.2,68.8,6.1,-0.44,2.36,2,3,1,0,1
0,20,103.2,75.5,7,0.53,2.3,2,0,0,0,1
0,-4,71.5,74.9,7.8,0.86,2.01,2,2,2,0,0
0,39,88,73.7,8.2,-0.11,3.06,2,2,2,0,0
0,42,94.2,80.7,6.8,0.14,2.45,1,3,2,0,1
0,16,75.2,64.7,6.6,0.22,2.76,1,3,2,1,1
1,30,98,79.4,8.3,0.03,1.95,1,2,1,0,1
0,35,99.8,74.3,8,-0.1,3.11,1,0,1,0,1
0,1,103.3,70.7,8,-0.19,2.1,1,2,2,0,1
0,22,94.7,75.9,7.7,-0.67,2.43,1,0,0,1,0
0,40,99.7,75.7,7.9,-0.4,1.81,1,1,0,1,0
0,22,103.9,69.9,6.9,-0.2,3.15,1,0,0,0,0
0,22,94.2,76.5,7.8,0.66,3.11,1,3,1,1,0
0,45,105.2,77.2,8.2,0.15,2.29,9,3,2,1,0
0,43,94.1,71.5,6.3,-1.11,2.82,9,1,1,0,0
0,26,104.5,75.5,7.4,-0.24,2.59,9,1,2,0,0
0,27,93.5,71.6,6.9,0.5,1.76,9,1,1,1,0
0,52,95.3,73.2,7.6,1.09,2.32,8,0,0,1,0
0,49,73.9,65.8,7.7,0.13,1.59,8,1,1,0,0
0,8,92.3,64.7,6.4,-0.41,2.02,8,3,2,0,0
0,-51,69.1,75.3,8.6,0.83,1.43,8,1,0,1,0
0,52,88.5,74.4,6.4,-0.22,2.8,7,1,0,0,1
0,38,68.5,64.4,7.5,-0.87,3.25,7,0,0,0,0
0,-22,81.6,70.8,8,-0.53,1.71,7,1,0,1,0
0,-16,93.2,75.4,7.6,0.11,1.47,7,0,0,0,0
0,1,98.3,68,7.7,0.13,2.07,7,2,1,0,0
0,-32,64.2,66.5,6.4,0.28,1.76,6,1,1,1,0
0,-8,67.9,68.5,7.7,0.26,1.71,6,0,0,0,0
0,-20,83.6,72.5,6.9,0.01,3.08,6,2,1,0,0
0,-19,89.7,70.2,7.9,0.25,0.87,5,1,2,1,0
0,35,91.8,62.8,6.2,-0.26,3.98,5,0,1,0,0
0,21,100.5,72.9,8.3,0.61,1.22,5,1,2,1,0
0,12,91.6,66,6.2,-0.44,2.5,5,1,2,1,0
0,9,92.9,78.1,8,-0.06,1.79,5,0,0,1,0
0,-8,104.2,72.4,8.8,0.15,2.5,5,2,0,0,0
0,2,69.5,72.8,8.4,0.9,2.68,4,0,2,0,0
0,-4,94,71.7,8,0.11,2.05,4,1,0,0,0
0,28,101.5,68.3,6.1,-0.47,3.41,3,2,0,0,0
0,58,47,60.8,5.4,0.81,3.51,3,2,2,1,0
0,-1,91.9,67.7,7.3,0.12,2.11,3,0,1,1,1
0,20,100.2,76.4,7.5,-0.3,2.1,3,1,0,0,1
0,12,83,62.6,5.5,-0.16,3.27,3,1,1,0,1
0,10,84.7,71.8,7.4,1.16,2.97,3,0,0,1,1
0,-1,104,80.9,8.9,-0.25,1.29,3,1,2,0,1
0,49,96.8,72.5,7.2,-0.61,3.7,2,1,1,1,0
0,90,54.6,66.7,6.5,1.22,2.63,2,3,2,1,0
0,-10,79.8,71.7,8.1,-0.03,1.43,2,0,1,1,0
0,-18,107,74.6,7.4,-0.48,1.99,2,0,2,1,1
0,14,104,77.5,7.9,0.23,2.73,2,1,1,0,1
0,37,94.3,72,6.7,-0.18,2.62,2,0,1,0,1
0,6,106.4,75,6.9,-0.67,1.67,2,0,1,0,1
0,14,76.5,71.3,7.5,-0.24,2.07,2,0,1,1,1
0,10,104.2,74,8,0.36,1.77,2,1,1,0,1
0,34,103,71.9,7.5,0.1,3.48,2,2,1,0,1
0,50,88.3,76,6.7,-0.76,2.58,1,0,0,0,0
0,12,101.5,71,7.5,0.11,1.98,1,0,2,0,0
0,25,77.2,75.8,7.4,-0.26,2.6,1,0,1,0,1
0,21,94.4,70.6,6.2,0,2.56,1,3,1,0,1
0,-43,61.5,70.3,6.3,0.19,1.64,1,3,2,1,1
0,-14,77.4,71.6,7.3,0.69,2.07,1,0,0,0,1
0,15,100.2,78.6,7.4,-0.1,2.51,1,0,0,0,1
0,5,89.6,68.6,5.8,-0.09,3.49,11,2,2,1,1
0,66,27.7,10.2,2.1,-0.11,2.99,11,0,0,0,1
0,37,87.4,75.9,7.8,0.25,1.8,11,1,1,0,0
0,-35,25,6.1,0.9,-0.43,3.97,11,0,1,0,0
0,-3,91.6,71.8,7,-0.03,2.09,10,2,2,0,0
0,-18,88.3,68.4,5.6,-0.59,2.86,10,1,1,0,0
0,26,96.9,69.7,7.4,0.41,2.5,10,1,2,0,0
0,-35,74,66.8,7.5,-0.76,1.46,10,0,2,1,0
0,-8,82.1,65.2,5.2,0.05,3.03,9,2,2,1,0
0,8,75,72.4,6.8,0.68,2.94,9,1,2,1,0
0,-22,31.3,11.8,1.6,0.21,3.31,9,0,0,0,0
0,17,104.2,70.9,7.3,0.39,2.26,9,0,2,0,0
0,-1,101,69,7.2,-0.58,1.78,9,0,0,0,0
0,3,62.5,77.1,7.2,-0.27,1.63,9,1,0,1,0
1,23,107.6,79.9,8.1,0.25,2.16,9,0,2,0,0
0,18,102,67.4,7.3,0.17,2.74,9,0,0,0,0
0,-59,49.1,72.2,6.2,-0.68,2.37,8,1,0,0,0
0,3,81.6,70.9,6.9,-0.3,1.48,8,0,1,1,0
0,27,85.6,67.3,7.4,-0.28,2.3,8,0,0,0,0
0,20,100,73.8,7.7,-0.03,2.3,8,2,2,1,0
0,28,84.3,66.4,6.8,0.13,2.19,7,1,0,0,0
0,8,105.5,75,8,-0.66,2.55,7,2,2,1,0
0,8,72,66.5,5.7,-0.42,2.92,7,1,2,0,0
0,11,94.9,68.2,5.9,0.57,3.14,7,3,2,1,1
0,20,97.9,72.6,7.4,0.31,2.64,7,2,0,0,0
0,-14,94.7,72.6,7.4,-0.25,2.1,6,0,1,0,1
0,23,74.6,75.8,7.6,1.04,2.36,6,1,1,1,1
0,52,91.3,83.8,8.3,0.31,1.73,6,0,0,0,1
0,-19,91.9,68.6,6.6,0.41,2.52,6,0,1,0,0
0,15,90.5,68,7.9,-0.37,1.6,6,0,1,1,0
0,35,94.9,69.5,6.7,-0.15,2.44,6,2,2,0,0
0,-33,95,66.8,5.7,-0.18,2.68,5,2,2,1,1
0,69,64.9,72.5,6.8,-0.1,1.48,5,2,1,0,1
0,-3,104.4,77.6,7.9,0.81,2.41,5,0,1,1,1
0,22,20.5,9.8,1.9,-0.4,2.47,5,0,0,0,1
0,21,62.2,66.2,5.8,0.12,3.21,5,1,0,1,0
0,9,98.1,71.7,7.6,-0.24,2.1,5,1,2,0,0
0,-1,90.4,67.1,6.8,-0.92,2.92,5,0,0,0,0
0,16,96.7,69.1,6.8,-0.26,2.23,5,2,2,0,0
0,-12,86.2,70.7,7.4,0.38,2.77,4,0,0,1,0
0,-6,99,75.2,7,-0.28,2.31,4,1,0,1,0
0,20,97.9,67.4,6.3,0.18,2.17,4,1,2,0,0
0,-38,77.4,63.9,5.6,0.09,1.91,3,3,2,1,1
0,34,87,63.3,5.7,-0.38,2.62,3,1,2,0,1
0,28,89.9,80,8.4,0.11,2.53,3,2,0,0,0
0,-7,107.9,71.6,7.4,-0.48,1.79,3,0,0,0,0
0,5,62.1,73.4,6.9,0.83,2.92,2,0,1,1,1
0,24,96.8,73.5,6.8,0.31,2.88,2,2,2,0,1
0,4,103.7,69.9,7.4,0.12,2.76,2,0,0,0,0
0,-8,95.8,62.9,7.2,-0.33,2.41,2,0,2,1,0
0,37,97.8,69.5,7,0.31,2.57,1,1,0,0,1
0,21,91.5,61.2,7.4,-0.44,1.85,1,0,1,1,1
0,14,110.8,76.9,7,0.1,1.92,1,1,1,0,1
0,3,107.8,78.3,7.6,-0.56,1.77,1,3,2,0,1
0,36,102.8,67.9,6.9,-0.09,3.01,9,0,0,0,0
0,31,99,66.7,6.6,-0.16,2.44,9,2,1,1,0
0,8,102.7,67.8,6.7,0.2,2.57,9,0,0,0,0
0,20,96.7,76.8,7,-0.49,2.81,8,2,2,1,0
0,17,110.8,78.9,7.7,-0.33,1.81,8,0,2,0,0
1,29,102.6,76.4,7.9,0.28,2.53,8,3,2,1,0
0,31,98.6,68.7,7.3,0.09,2.72,7,1,1,0,0
0,35,73.9,72,7.4,0.82,2.89,7,0,0,0,0
0,10,105.5,70.5,6.5,-0.43,2.15,7,2,2,0,0
0,25,95.2,72.1,6.6,-0.1,2.82,7,1,2,1,0
0,-23,81.6,72.9,6.2,-0.73,2.46,6,1,1,0,0
0,33,88.7,66.2,6.5,0.13,3.31,6,1,2,0,0
0,1,96.6,69.5,7.1,0.13,2.34,6,1,0,0,1
0,-1,104.2,84.9,8.2,0.07,2.22,6,0,0,1,1
0,21,99.2,75.9,7.5,-0.26,2.85,6,2,1,1,1
0,14,104.9,78.4,7.5,0.63,2.41,6,0,0,0,1
0,26,71.5,69.3,8.2,0.65,2.19,6,0,1,0,0
0,8,102.6,75.9,7.2,0.57,1.43,6,0,1,1,0
0,-24,102.9,77.3,6.5,-0.35,1.8,5,0,0,1,0
0,8,87.5,71.4,7.7,0.25,1.79,5,0,2,0,0
0,9,76.7,71.6,8.4,0.57,1.49,5,1,2,0,0
0,13,104.7,78.5,7.6,-0.16,2.99,5,1,0,1,0
0,6,98,64.6,5.9,-0.17,2.63,5,0,1,0,0
0,2,107.9,73.2,6.7,-0.17,2.87,5,1,1,1,0
0,-3,83.3,62.7,5.8,-0.54,3.13,4,3,2,1,0
0,-28,74.5,70.2,6.3,-0.32,1.75,4,2,2,0,0
0,0,99.3,67.5,6.3,0.01,3.21,4,0,2,0,0
0,29,100.4,76.6,7.9,0.54,2.14,4,1,1,0,0
0,4,104.5,77,7.3,-0.13,2.06,4,1,0,1,0
0,35,103,69.9,7.9,0,2.16,4,1,1,0,0
0,-23,82.4,64.6,6.4,0.08,1.88,4,3,2,1,0
0,-5,93.9,72.6,6.8,-0.39,2.33,3,3,1,0,0
0,37,87.4,67.3,6.5,-0.28,3.13,3,0,1,0,0
0,-20,97.6,65.8,6.3,0.02,2.14,3,1,0,0,0
0,-30,68.8,76.7,7.9,0.03,1.6,3,0,0,0,0
0,8,107.7,72.4,6.9,-0.31,2.7,3,0,0,1,0
0,-22,99.3,68,6.4,-0.75,2.37,3,1,0,0,0
0,-15,86.9,76.6,7.5,-0.4,2.36,2,1,1,0,0
0,-21,81.1,81.7,7,0.22,2.33,2,0,0,0,0
0,6,99.3,72.5,6.5,0.7,3.03,2,0,1,1,0
0,-7,95.1,70.9,7.3,-0.2,2.13,2,0,0,0,0
1,35,110.1,79.7,8.2,-0.3,2.17,2,1,1,0,0
0,55,83.7,71.7,8,0.66,2.21,2,2,1,0,0
0,30,86,69.2,5.9,0.86,2.1,2,0,1,1,0
0,9,105.3,71.8,6.8,-0.22,2.34,2,1,1,0,0
0,-59,76.4,71.5,7.1,0.01,1.72,1,1,2,0,0
1,38,101.1,79.9,7.8,-0.05,1.76,1,0,1,0,0
0,13,101,67,6.7,-0.62,3.54,1,2,1,1,0
0,2,103.9,70.9,6.8,-0.26,2.68,1,0,0,1,0
0,25,74,70.2,8.1,0.21,1.38,1,0,1,0,0
0,-1,102.1,70,6.8,-0.7,2.19,1,0,0,0,0
0,25,94.7,64.3,6.5,-0.18,2.96,9,2,1,0,0
1,22,112.9,75.9,7.8,0.12,2.97,9,3,2,1,0
0,44,74.4,71.5,7,-0.97,3.05,9,1,0,0,0
0,17,105.2,70.2,6.9,0.25,2.69,9,2,2,1,0
0,0,103.3,72.1,7.1,-0.59,1.83,8,1,1,0,1
0,12,97,66.6,7.2,0.34,1.2,8,0,2,0,1
0,1,87.6,69.7,6.6,-0.38,2.64,8,1,0,0,1
0,-12,90.6,62.4,7.4,-0.61,1.29,8,1,2,1,1
0,-1,95.2,73.3,6.7,0.34,2.78,8,0,2,1,0
0,11,101.4,72.1,7.2,0.38,2.51,8,0,0,0,0
0,30,97.1,67.7,6.4,0.27,2.75,8,2,2,1,0
0,-3,103.2,70.6,7.6,0.13,2.84,8,1,1,0,0
0,10,99.1,74.6,7.5,0.11,1.1,8,2,2,0,0
0,-20,94.5,78.1,8,-0.25,1.51,7,1,2,0,1
0,40,88.1,75,6.9,0.45,2.27,7,2,0,1,1
0,15,107.5,72.9,7.6,0.33,2.39,7,1,0,0,1
0,-4,102.1,71.1,7.7,0.52,1.33,6,2,0,1,1
0,22,100.9,73,6.4,-0.51,2.05,6,3,2,0,1
0,17,106.9,75.7,8.1,-0.06,1.81,6,0,0,0,1
0,7,72.2,83.1,7.7,-0.03,2.52,6,3,1,1,0
0,22,98.7,71.6,6.8,0.19,2.1,6,1,2,0,0
0,10,99.5,67.1,6.5,0,3.59,6,0,0,1,0
0,44,92.3,74.5,7.5,0.35,1.87,6,2,1,0,0
0,-33,66.8,68.7,8.3,-1,1.38,5,0,1,1,0
0,-6,101.1,71.1,7.1,-0.63,2.15,5,1,0,1,0
1,19,108.6,74.7,7.5,0.77,2.08,5,1,1,1,0
0,9,103,76.4,7.3,0.68,2.52,5,1,1,1,0
0,-26,90.2,66.8,7.2,-0.3,1.73,4,1,1,1,0
1,23,105,71.3,6.6,0.18,2.21,4,2,0,0,0
0,0,100.7,73.7,7.5,-0.55,1.75,4,2,1,1,0
0,9,110.9,79.1,7.3,0.05,2.16,4,2,1,1,0
0,-24,98.8,70,7.5,-0.19,1.85,3,1,1,1,0
0,-29,91.7,74.7,8,-0.22,1.35,3,1,1,1,0
0,47,84.5,71.3,6.8,-0.4,2.39,3,0,1,1,0
0,40,96.8,83.6,8,-0.1,1.95,3,0,1,1,0
0,27,105.4,75.7,7.4,0.04,2.53,3,0,0,1,0
0,-2,83.5,67.3,6.5,0.04,2.39,2,2,2,0,0
0,12,104.8,73.1,7.4,0.09,1.61,2,2,1,0,0
0,45,86.8,65,8.1,0.71,2.06,2,1,2,0,0
0,34,83.1,69.7,6.4,0.52,2.22,2,1,1,1,0
0,25,101,75.9,6.8,-0.07,2.6,2,2,2,1,0
0,58,87.9,71.8,8.1,0,1.91,2,0,0,0,0
0,-21,84.9,71.6,6.4,-0.27,2.34,1,1,2,1,0
0,-8,44,63.1,7.6,0.79,1.75,1,3,2,1,0
0,-13,103.5,75,7.5,-0.38,1.68,1,0,0,1,0
0,-3,90.3,73.5,7.2,-0.13,2.09,1,3,2,1,0
0,8,100.4,67.4,5.9,0.16,3.27,1,1,1,0,0
0,17,105.2,71.9,6.9,0.24,2.32,1,1,1,0,0
0,24,94.2,76.8,8,-0.08,1.74,1,1,0,1,0
0,6,108.2,72.2,7.4,-0.58,2.5,9,0,1,1,0
0,39,85.8,66.3,7.2,-0.79,2.17,9,3,2,1,0
0,15,102.2,71.9,7.8,0.41,1.83,9,3,2,0,0
0,48,84.5,68.8,6,-0.25,3.35,8,3,2,0,0
0,45,84.2,68.5,6.8,-0.06,1.99,8,2,2,1,0
0,-33,64.2,65.5,7.9,-0.54,1.46,8,0,0,1,1
0,56,93.1,78,7.3,0.54,2.44,8,2,2,0,1
0,-18,106.2,72.6,6.2,-0.31,2.61,7,0,0,1,0
0,-23,72.8,75.9,6.8,-0.78,2.26,7,1,0,0,0
0,28,95.1,75.9,7.1,-0.38,1.48,7,0,2,0,1
0,-19,100.7,74.4,6.3,0.06,2.46,7,2,0,0,1
0,-8,84.6,64.4,7.9,-0.78,1.72,6,0,1,1,1
0,26,95.9,66,6.4,0.62,3.64,6,0,2,0,1
0,-4,109.5,73.2,7.1,-0.08,2.37,6,1,2,1,1
0,13,85.9,72.6,8.2,0.8,2.02,6,1,2,0,0
0,48,87.8,70.5,5.8,0.59,3.2,6,1,1,1,0
0,3,91.8,67.8,7.7,0.03,1.57,6,0,2,1,1
0,14,103.1,69.5,7.3,0.23,2.66,6,1,0,0,0
0,4,101.2,74.7,7.5,0.52,3.17,6,1,1,1,0
0,-42,62.3,70.8,6.7,0.59,2.67,5,0,1,0,1
1,27,100.8,76.1,7.7,-0.23,2.65,5,0,0,1,1
0,65,83.9,75.4,8.6,0.13,2.11,5,3,1,1,1
0,-27,91.5,72.6,7.8,-0.23,1.62,5,3,2,1,0
0,47,97.3,78.6,7.6,0.5,2.09,4,2,0,0,1
0,53,72.6,62.2,6.7,-0.46,3.44,4,1,2,1,0
0,25,79.3,69.7,8.1,0.18,1.87,4,0,2,0,0
0,31,89.7,72.2,7.6,0.09,2.12,4,0,0,0,0
0,1,82.6,64.7,7.4,0.76,1.67,4,2,1,0,0
0,5,95.3,66.7,7.3,-0.29,1.88,4,0,2,1,0
0,19,99.4,81.3,7.8,0.9,2.46,3,3,2,0,0
0,13,103,78.3,6.8,-0.03,2.8,3,2,1,1,0
0,31,39.4,65.8,6.1,-1,3.51,3,1,2,0,0
0,-39,75.5,73.2,7.3,-0.42,1.95,3,1,0,1,0
1,23,102,69.8,6.4,-0.51,3.01,3,1,0,1,0
0,-13,93.9,65.5,7.5,-0.42,2,2,3,2,1,0
0,12,75.1,69.5,7.9,0.66,1.9,2,1,2,0,0
0,-5,99,73.2,7.7,0.13,1.93,2,1,2,0,0
0,-37,83.8,71.8,6.9,0.57,1.9,1,2,2,0,0
0,-5,82.8,69.7,6.6,-0.56,2.16,1,3,2,1,0
0,-57,76.9,67.5,5.8,0.15,2.83,1,0,0,1,0
0,0,114.8,76.6,7.2,-0.27,2.25,1,3,2,1,0
1,25,100.1,68.4,6.1,-0.16,3.2,1,3,2,1,0
0,17,98.1,74.6,7.5,0.58,2.27,9,1,0,1,0
0,12,102.2,73.7,7.1,0.85,2.1,9,0,2,1,0
0,-5,94.1,71.3,7.7,-0.09,3.17,9,0,2,1,0
0,6,109.5,78.7,7.8,-0.76,2.42,9,0,0,0,0
0,78,87.8,73.5,7.5,0.38,2.36,9,2,2,1,0
0,30,95.9,76.3,7.3,-0.26,2.15,8,0,0,0,1
0,54,84.9,76.1,7.1,0.58,3.07,8,0,1,1,1
0,-13,82.3,66.5,6.3,-0.48,2.12,8,1,1,0,1
0,38,53.1,63.7,5.8,0.93,2.77,8,3,2,1,0
0,24,93.2,58.5,5.7,0.41,3.38,8,0,2,1,0
0,10,96.5,66.5,7.9,-0.59,1.75,8,0,2,1,0
0,42,88.4,63.5,6,-0.16,2.98,7,0,2,0,0
0,12,107.4,72.4,6.2,-0.16,3.28,7,1,1,1,0
0,-4,99.6,67.7,7.6,-0.39,1.39,7,2,2,0,0
0,15,88.5,74.8,7.2,0.11,2.12,7,1,2,1,0
0,19,83,67.5,6.6,-0.5,2.42,7,2,2,0,0
0,8,96.7,72.2,7,0.08,1.93,7,2,1,1,0
0,-13,103.9,68.5,7.1,0.01,2.55,7,0,0,1,0
0,51,99,73.7,8.1,0.85,2.18,7,1,1,1,0
0,70,87.6,72.7,8.4,-0.15,1.74,7,1,0,1,0
0,-56,90.8,77.6,7.8,-0.02,1.77,7,1,0,0,0
0,44,83.3,68.1,6.6,-0.36,2.6,6,3,2,0,0
0,17,95.2,77,8.4,-0.19,1.96,6,0,2,1,1
0,-3,97.4,69.4,7.1,0.59,3.08,6,0,1,1,1
0,-7,105.5,77,7.3,0.03,2.48,6,1,1,0,1
0,5,109.4,76.1,7.7,0.21,2.67,6,0,0,0,1
0,-24,60.5,71.1,7.8,-0.26,1.34,6,1,2,0,1
0,-48,38.7,11.5,2.4,-0.28,1.19,6,0,0,1,1
0,-1,90.7,66.2,6.5,-0.34,2.84,6,0,0,1,0
0,13,107.2,80.1,7.3,-0.47,2.45,6,0,1,0,0
0,15,101.2,68.8,8.1,-0.42,2.54,6,2,1,1,0
0,-11,91.5,73.1,7,0.48,2.08,6,0,0,1,0
0,19,88.5,67.3,6.2,-0.14,3.02,5,1,0,0,1
0,20,68.3,77.8,7.9,-0.24,2.74,5,0,1,0,1
0,35,93,74,6.9,-0.16,3.23,4,3,2,0,1
0,-5,97.2,80.4,7.5,-0.66,2.45,4,1,2,0,0
0,-43,79,69,7.7,-0.6,2.02,4,2,1,1,0
0,-19,103.9,77.9,7.1,0.03,2.56,3,1,1,0,1
0,32,97.4,73.8,6.7,0.3,2.92,3,1,0,1,1
0,4,99.6,64.9,6.5,-0.04,1.76,3,3,2,0,1
0,-5,107,73.3,7.5,-0.4,1.93,3,2,0,0,1
0,-12,92,73.5,7.9,-0.39,2.67,3,0,0,1,0
0,-19,32.7,6.5,2,-0.75,2.19,3,0,0,1,0
0,71,82.9,74.3,7.7,-0.38,2.57,2,0,0,1,1
0,12,97.8,70.1,6.4,0.25,2.9,2,2,1,0,1
0,58,63.5,72.9,7.4,1.31,3.15,2,3,1,0,1
0,-11,92.2,60.4,6.3,0.35,2.5,2,0,1,0,1
0,29,99.8,74,7.3,0.21,1.29,2,0,1,0,1
0,23,90.1,66.7,8,-0.99,1.71,2,0,2,1,0
0,18,89.7,79,7.6,0.12,2.23,2,0,0,1,0
0,-8,86.1,78,8.1,-0.85,1.88,2,1,2,1,0
0,45,67.5,59.8,6.8,0.86,3.43,1,1,0,1,1
0,-12,100.6,70.8,6.2,0.59,2.73,1,0,0,1,1
0,23,73.6,80.3,7.7,1.26,1.61,1,0,0,0,1
0,74,83.4,75.8,8,-0.32,2.11,1,1,2,1,1
0,34,70.2,60,5.2,0.35,2.82,1,0,1,1,0
0,14,77.4,64.7,6.5,-0.42,2.65,9,0,0,0,0
0,-3,67.7,75.6,7.3,-0.96,2.47,9,3,2,0,0
0,-25,92.4,74.9,7.1,0.04,2.75,9,2,1,1,0
0,51,91.2,77.5,8.2,-0.22,2.29,9,2,2,0,0
0,-1,108.2,80.7,7.5,-0.25,2.98,9,2,1,1,0
0,2,93.6,73.3,7.8,0.35,2.33,9,0,1,0,0
0,10,106.2,74.7,7.7,-0.03,2.32,8,0,0,0,0
0,74,72.6,78.2,8.8,-0.59,1.67,8,1,1,0,1
0,9,89.2,64.3,7.4,-0.58,3.32,7,0,0,0,0
0,-58,40.5,26.2,6,0.74,1.64,6,2,2,0,1
0,-30,92.9,81.6,8,0.84,2.32,6,3,2,0,1
0,-8,101.2,77.8,7.5,-0.07,2.81,6,1,2,1,0
0,24,94.3,79,7.1,0.09,1.85,6,2,1,1,0
0,-21,70.8,76,8.3,0.53,2.11,6,1,1,0,0
0,15,80.5,70.9,7.9,-0.3,1.34,6,1,1,1,0
0,15,77.4,68.9,8.2,1.3,2.64,6,1,2,0,0
0,0,108.4,75.2,7.8,-0.37,1.7,5,0,1,0,1
0,-12,97.1,63,6,-0.09,2.39,5,0,1,1,1
0,-16,74.4,73.2,7.5,0.21,1.78,5,2,0,0,1
0,20,95.3,68.4,6.9,0.65,4.21,5,1,2,0,0
0,32,96.6,73.3,7.1,-0.37,3,5,2,2,1,0
0,-16,98.8,66.6,6.4,-0.36,2.19,4,1,2,1,1
0,50,67.2,72.2,7.9,-0.06,1.43,4,0,1,0,1
0,23,95.1,63.9,6.3,0.61,4.04,4,2,2,0,0
0,-14,100.9,80.2,7.6,-0.56,2.23,4,1,1,1,0
0,10,107.4,76.5,7.1,-0.32,2.15,4,1,1,1,0
0,-8,100.9,69.7,7.1,-0.51,2.42,4,1,1,1,0
0,-32,22.1,4.3,2,-1.63,3.04,4,0,1,0,0
0,-14,93.7,75.2,7.7,0,1.29,4,1,2,0,0
0,5,105.4,78.1,7.3,-0.36,2.26,4,1,1,1,0
0,-21,91.5,86.1,9,0.53,2.29,3,1,0,0,1
0,-10,92.8,74.7,7.9,0.69,2.12,3,0,1,0,0
0,11,89.1,78.3,7.9,-0.39,1.43,3,3,1,1,0
0,2,82,78.3,7.4,-0.36,2.48,3,0,0,1,0
1,22,107.9,74.6,7.4,-0.54,2.57,3,2,1,0,0
0,26,87.1,63,7.7,0.36,1.34,3,3,2,1,0
0,-18,77.8,74.2,7.1,-0.05,2.28,2,3,1,0,1
0,-38,94.1,69.1,6.6,-0.01,2.36,2,0,0,1,1
0,16,68.4,66.9,6,-0.81,3.18,2,0,0,0,0
0,41,90.3,70.3,7,0.11,2.11,2,1,1,1,0
0,1,72.6,69,8.1,0.44,1.54,1,2,2,0,1
0,2,112.6,78.6,7.8,-0.29,2.09,1,1,0,0,1
0,3,110.9,80.8,8.8,0.54,1.69,1,2,0,0,1
0,50,96.9,78.8,8,0.06,2.45,1,0,0,0,1
0,1,89.1,77.5,7,-0.94,2.5,1,0,1,1,0
0,8,70.8,72.1,7.1,-0.16,1.91,1,3,2,0,0
0,-4,94.7,66.1,6,0,2.24,9,2,1,0,0
0,-13,94.4,67,6,-0.05,2.86,9,3,2,0,0
0,-2,72.8,65.6,6.4,0.21,2.56,9,1,1,1,0
0,-3,100.3,75.3,8.2,0.45,2.28,9,1,1,0,0
0,17,104.6,69.6,7.3,0.06,1.9,9,3,2,0,0
0,32,91.3,75.9,7.3,0.04,3.12,8,1,0,0,0
0,-77,53.1,66,5.7,-0.24,2.7,8,0,0,1,0
0,-42,78.4,66,5.7,-0.09,2.66,8,0,2,1,0
0,64,79.7,71.1,6.8,0.3,2.73,8,2,1,1,0
0,-28,92.7,73,6.4,-0.43,2.62,8,2,1,0,0
0,-9,94.6,68.5,7.8,0.68,1,7,1,2,0,0
0,-32,98.8,70.6,6.9,0.9,3,7,2,2,0,0
0,-27,85.9,64.7,7.6,-0.11,0.86,7,0,2,1,0
0,33,98.6,70.9,6.6,0.61,1.98,6,2,1,0,1
0,-25,89.4,59.9,7.1,0.98,1.72,6,1,2,0,1
0,15,103.3,69.6,7.1,1.05,2.85,6,2,0,0,1
0,-6,74.7,73.4,7.7,-0.27,2.41,6,0,0,0,0
0,20,87.2,66.2,6.3,0.8,2.5,6,1,2,1,0
0,12,79.7,61.7,5.5,-0.25,2.82,6,3,2,0,0
0,-3,73.7,76.4,8.1,0.08,2.23,5,0,0,1,1
0,-30,83.5,73.8,7.6,0.18,2.91,5,2,1,0,1
0,7,92.5,75.6,8.1,-0.53,2.31,5,2,2,0,0
0,-2,91.6,68.8,7,-0.31,2.15,4,0,0,0,1
0,49,96.1,73.3,7.5,-0.46,2.42,4,0,2,1,1
0,30,96.9,71.2,7.4,-0.31,2.53,4,0,0,0,1
0,-13,84.7,69.6,6.8,0.52,3.55,4,2,1,0,1
0,15,98.8,72.1,6.6,-0.43,2.23,4,0,2,0,0
0,4,104.4,71.3,7,0.05,2.56,4,2,1,1,0
0,16,86.3,58.8,7.4,0.17,1.65,4,1,2,0,0
0,-31,106.9,76.5,7.2,0.23,2.17,3,1,2,0,1
0,56,83.4,70.4,6.9,-0.33,3.26,3,3,2,0,1
0,46,62.3,54.3,7,0.83,2.5,3,0,0,1,0
0,33,70.9,67.3,7.7,-0.41,2.67,2,1,1,0,1
0,7,95,68.8,7.1,0.11,2.36,2,3,2,0,1
0,5,104.5,70.5,6.9,-0.15,1.84,2,0,0,0,0
0,33,97.2,66.9,6.1,-0.05,3.15,2,3,2,1,0
0,0,105.1,72.6,6.6,-0.02,2.51,1,2,1,0,1
0,39,93,72.8,8,0.51,1.96,1,1,0,1,1
0,43,100.5,78.7,7.6,0.09,2.46,1,3,2,0,1
0,-3,104.4,74.5,6.7,-0.71,3.07,1,3,0,0,0
0,21,80.4,64.6,5.7,-0.01,2.86,1,1,2,0,0
0,84,68,62.7,8.3,0.33,1.51,1,0,2,1,0
0,-16,79.9,73.4,7.8,-0.52,3.14,1,1,2,0,0
0,28,89.1,61.8,7,-1.16,2.73,10,2,2,1,0
0,81,65.4,63.1,7.9,-1.35,2.61,9,3,2,1,0
0,32,61,74,6.9,-0.21,2.54,9,0,1,0,0
0,27,82.9,70.3,8,-1.04,2.46,9,0,1,1,0
0,80,87.5,74.6,8.3,-0.58,2.34,9,0,0,0,0
0,29,93.9,72.7,6.9,-0.62,2.55,9,1,2,0,0
0,52,84.7,59.9,5.3,0.39,4.33,9,2,2,0,0
0,51,89.5,73.4,8.7,-0.68,2.54,9,1,0,1,0
0,-15,86.1,73.3,7.8,-0.1,1.38,8,2,1,1,0
0,4,87.6,76,8,-0.29,2.91,8,0,1,0,0
0,-18,94.3,68.7,7.9,-1.18,1.67,8,0,2,1,0
1,31,100.1,70.9,7.3,0.84,2.19,8,1,2,1,0
0,41,100.9,75.8,7.9,-0.21,3.15,8,1,1,1,0
0,17,96,78.4,6.9,0.01,2.88,8,0,0,0,0
0,19,100.4,83.2,7.1,-0.39,3.24,8,0,1,1,0
0,-11,76,64.7,6.1,-0.69,2.44,8,2,1,1,0
1,30,102.4,67.1,7.1,0.07,4.12,7,0,2,1,0
0,-20,78.5,74.7,6.9,0.47,3.19,7,1,1,0,0
0,31,103.7,71.7,7.7,0.68,2.49,7,2,2,0,1
0,-31,82,72.5,6.6,0.61,2.26,7,1,1,0,1
0,55,90.3,74.8,7.4,0.46,3,6,1,1,1,0
0,44,83.2,74.4,8,-0.61,2.2,6,1,1,1,1
0,10,97,82.1,7.8,-0.26,2.57,6,0,0,0,1
0,-61,49.7,70.1,8.2,0.51,2.01,5,0,1,0,0
0,24,90.4,64.5,6.2,0.59,1.68,5,1,2,1,1
0,19,77,71.9,8,0.86,1.74,5,0,0,0,1
0,19,104,72.4,7.2,0.6,2.44,5,0,0,0,1
0,-12,67.4,64.1,7.2,1.64,1.74,5,2,2,0,1
0,-2,92.4,73.4,8.5,-0.38,2.1,4,2,1,1,0
0,-24,93.3,77.5,7.9,0.08,2.32,4,1,1,0,0
0,37,94,81.5,8.3,-0.25,1.58,4,0,0,1,0
0,51,96,76.1,7.7,0.5,2.23,4,0,0,1,1
0,-8,108.9,73.1,6.4,0.3,2.6,4,0,0,0,1
1,28,107.5,77.8,7.3,0.21,2.11,4,0,0,1,1
0,62,95.9,79.5,7.7,0.18,3.43,4,2,1,0,1
0,-62,61.8,64.8,5.7,-0.42,2.27,4,2,2,1,1
0,32,97.7,74.6,7.6,0.33,2.24,3,0,0,1,0
0,15,95,72.1,7.3,1.09,1.98,3,0,0,1,0
0,50,60.7,71.8,6.4,-0.23,3.01,3,3,2,0,1
0,-17,88.5,70.4,6.8,-0.46,1.36,3,1,2,0,1
0,-9,95.7,69.2,7.8,0.41,2.25,2,0,1,1,0
0,2,77.9,72.4,6.8,-1.12,2.6,2,0,1,0,1
0,5,79.3,70.9,8,-0.06,0.97,1,1,2,1,0
0,33,62.7,72.6,6.5,0.67,2.76,1,1,2,1,0
0,-12,110.8,74.9,6.5,-0.16,2.39,1,2,1,0,1
0,-34,81.7,65,5.6,0.27,1.81,1,2,2,1,1
0,29,95.2,71.5,7.1,-0.29,2.56,9,1,0,1,1
0,-45,33.4,59.3,5.2,0.65,3.17,9,0,2,1,1
1,37,104.6,70.1,7.1,-0.76,3.6,9,0,0,0,1
0,-44,60.9,72.9,8.1,0.47,1.98,8,0,1,0,0
0,-59,50.2,64.4,8.2,-0.81,1.53,8,1,0,1,0
1,30,106.5,76.4,7.9,0.26,1.92,8,3,2,1,0
0,-19,102.9,71.4,7.6,-0.23,2.06,8,3,1,1,0
0,-9,71.7,59.6,6.1,0.73,2.82,8,0,2,1,0
0,30,83.6,66.8,6.6,-0.79,2.42,8,1,1,0,0
0,86,91.8,72.5,7.1,-0.09,3.24,7,0,0,0,1
0,12,99.5,73.1,7.5,0.74,2.02,7,1,0,0,1
0,-31,71.1,71.8,8.5,-0.45,1.73,7,2,2,1,1
0,8,84.8,80.8,7.2,-0.61,1.95,7,0,1,1,1
0,8,101.1,71.2,7.6,-0.25,2.42,7,1,0,0,0
0,10,35,20.5,1.7,-0.36,2.36,7,0,0,0,0
0,16,103.8,69.1,7,0.06,2.62,7,0,0,0,1
0,-14,74.9,75.4,6.5,-0.91,2.87,7,1,0,0,1
0,41,82.1,73.3,7.2,-0.76,2.35,7,1,2,1,1
0,-41,74.7,78.3,7.6,0.29,1.84,6,0,1,0,0
0,22,106,75.5,7.2,-0.56,2.33,6,3,2,1,1
0,-6,96.9,69.1,6.5,0.34,2.72,6,0,0,0,1
0,29,88.1,72.5,7.1,-0.37,2.4,6,2,2,0,1
0,39,83.8,70.9,6.4,-0.77,2.92,6,0,0,0,1
0,28,72,66.5,7.7,-0.41,2.55,6,2,1,0,1
0,20,101.5,75.2,8.1,0.18,1.86,5,3,2,1,0
0,18,81.6,76.5,7.9,-0.66,2.43,5,2,2,1,0
0,7,108.1,74.9,7.6,0.26,2,5,1,0,0,0
0,-11,108.1,75.3,6.2,0.15,2.39,5,0,2,0,0
0,1,75.5,67,7.3,-0.67,1.99,5,1,2,1,1
0,37,101.7,73.7,7.6,0.32,2.02,5,1,0,0,0
0,-1,97.3,68,7.6,-0.14,2.43,5,0,0,0,0
0,16,111.7,81.3,7.6,0.18,2.42,5,3,2,1,0
0,5,97.1,69.9,6.9,-0.78,1.92,5,0,0,1,0
0,24,84.8,69.1,6.4,0.08,3.25,4,2,2,0,0
1,33,106.9,77.5,7.4,-0.43,2.62,4,0,1,1,0
0,-8,69.2,71.5,5.8,-0.88,2.25,4,2,2,0,0
1,29,102.3,71.1,7.2,-0.58,2.23,4,2,2,0,0
0,4,79.8,69.1,6.3,0.54,2.44,4,2,2,1,0
0,41,73.9,70.2,7.7,0.63,1.77,4,1,2,0,0
0,14,104.7,75.1,6.9,0.09,2,4,2,1,1,0
0,29,90.5,74.2,7,0.42,2.79,4,0,1,0,0
1,30,105.9,69.6,7.4,-1,2.23,4,3,2,0,0
0,49,91,75.1,7,-0.46,2.9,3,3,1,1,0
0,-23,91.8,75.3,8,0.47,1.7,3,2,2,0,0
0,67,88.7,70.1,7.1,-0.02,2.89,3,3,2,0,0
0,3,104.7,76.9,7.1,0.32,2.51,3,2,2,0,0
0,-24,104.4,69.2,7.3,-0.16,2.18,3,1,0,0,0
0,-42,69.7,72.2,6.2,-0.51,2.06,3,0,0,0,0
0,28,90.2,71,7.1,-1.26,2.26,3,2,2,0,0
0,36,73.5,71.8,6.2,-0.24,3.36,2,2,2,0,0
0,84,71.4,67.5,8.1,-0.74,1.95,2,1,2,1,0
0,-26,83.7,75.1,7,-0.38,2.2,2,0,0,0,0
0,30,84.3,67.9,6.4,0.33,2.78,2,1,0,1,0
0,-15,77.2,71.3,7.2,-0.4,2.28,2,0,1,0,0
0,43,66,58.6,8.1,1.01,2.67,2,3,2,0,0
0,12,107.4,73.8,7,-0.39,1.83,2,3,2,1,0
0,-19,67.7,73.2,7.1,0.57,2.21,1,0,0,0,0
0,7,101.3,73.4,7.6,-0.62,2.84,1,0,0,1,0
0,3,107.6,75.2,6.9,0.07,1.45,1,1,1,1,0
0,-52,85.4,65.6,6,-0.29,2.09,1,0,0,1,0
0,32,100.4,67,6.8,-0.41,2.95,9,0,1,0,0
0,47,89.3,79.8,8.1,0.19,2.29,9,0,0,1,0
0,-10,92,72.5,7.6,0.31,1.74,9,0,0,0,0
0,-44,77.9,73.2,6.8,-0.16,2.56,9,1,0,1,0
0,2,78.6,72.2,7.7,0.34,2.06,9,1,2,0,0
1,31,109.8,77.5,7.7,-0.36,2.31,9,0,1,1,0
0,27,78.5,68.1,6.3,0.36,2.83,9,0,0,1,0
0,20,70.2,70.2,9,0.38,0.78,9,0,2,0,0
0,75,90.8,68.5,7.1,-0.37,2.56,9,0,0,0,0
0,-13,92,59.9,5,0.22,3.2,8,0,0,1,0
0,-8,81.2,58,7.3,1.22,1.5,8,1,2,0,0
0,24,99.2,74,8.2,0,1.52,8,0,1,1,0
0,25,101.6,66.7,7,-0.32,1.71,8,0,0,0,0
0,24,77.6,72.1,7.9,-0.12,1.91,8,1,2,1,0
0,10,101.7,67.7,7.3,0.09,2.58,8,0,1,0,0
0,76,86.4,73.4,8.5,0.69,2.22,7,1,0,1,0
0,-50,67.9,72.4,7.1,0.53,2.14,7,0,1,0,0
0,5,90,73.2,8.3,-0.13,1.1,7,1,2,0,0
0,16,98.3,65.1,7.6,-0.55,1.22,7,2,2,1,0
0,5,88.8,68.4,8.1,-0.01,1.36,7,0,1,1,0
0,-2,100.1,67.8,6.7,-0.48,3.38,7,2,1,0,0
0,-9,76.6,56.6,5.7,0.57,1.54,7,3,2,1,1
0,16,108.3,78.3,7.1,-0.09,2.54,6,0,2,1,0
0,-10,94,63.1,6.5,0.05,1.62,6,0,0,1,0
0,9,79.7,64.4,6.3,-0.01,3.02,6,0,2,0,1
0,16,76,71.2,6.5,0.2,2.37,6,0,1,1,1
0,16,107,72.5,8,-0.43,2.44,6,2,2,1,1
0,17,100.4,73.1,6.8,-0.28,2.54,5,0,0,0,0
0,29,101.1,74,6.5,-0.22,2.8,5,2,2,0,0
0,18,104.5,73.6,7.9,0.69,2.55,5,0,0,0,0
0,20,96.6,69.9,7.9,0.12,1.31,5,2,2,1,0
0,29,94.2,76.4,7.4,0.22,2,4,0,0,0,0
0,62,89.3,73.2,7.5,-0.06,3.14,4,2,2,0,0
0,56,72.2,68.7,7,0.59,2.19,4,1,0,1,0
0,29,97.4,70.7,6.4,0.43,2.28,3,2,0,1,0
0,-16,95.3,71.3,7.2,-0.65,3.14,3,1,2,1,0
0,67,81.3,66,7,-0.25,2.44,3,0,1,0,0
0,-15,89.2,74.3,6.8,0.41,2.72,3,1,1,1,0
0,-32,70.3,58.3,6.7,-0.01,3.3,2,1,1,0,0
0,3,109.2,74.2,6.7,0.02,2.78,2,1,2,0,0
0,-29,84,77.7,7.7,0.13,1.14,2,1,2,1,0
0,76,77.3,72.3,8.1,0.92,1.94,2,0,1,0,0
0,40,108.5,77.1,7.9,0.39,1.72,2,2,0,1,0
0,48,104.8,77.5,7.4,0.5,2.41,2,3,1,1,0
0,62,92.8,76.1,7.2,-0.45,2.16,1,3,1,0,0
0,8,86.3,61.2,6.5,-0.87,2.15,1,2,2,1,0
0,17,94.6,68.3,6.5,-0.31,2.92,1,3,1,1,0
0,-24,107.4,78.7,7,-0.58,1.29,9,1,1,0,0
0,53,84.1,69.5,7.3,0.06,2,9,0,1,1,0
0,-12,107,77.7,8.1,-0.12,2.08,8,1,2,0,0
0,-8,87.3,83.3,7.8,-0.93,2.75,8,1,0,0,1
0,-51,50.1,59.8,6.6,-0.54,2.56,8,1,2,1,1
0,12,71.7,65.3,8,0.59,1.94,8,0,0,0,0
0,7,115.2,80.4,7.8,-0.18,1.6,8,0,1,1,0
0,32,79.6,69.2,7.4,0.08,2.53,8,0,0,0,0
0,8,106.6,73.5,6.1,0.33,2.61,8,0,1,0,0
0,61,78.2,71.8,8.1,0.72,2.32,7,2,2,0,1
0,25,101.5,72.3,6.3,0.28,2.24,7,1,0,1,1
0,-17,81.8,62.9,5.9,0.85,2.23,7,1,1,1,1
0,13,100.4,70.1,6.7,-0.44,2.64,7,1,0,0,0
0,-11,88.5,58.7,6.1,0.05,1.99,7,0,0,1,0
0,-32,74.9,70.9,7.9,-0.59,1.55,7,0,1,1,0
0,-2,102.2,68.6,8.1,-0.29,2.15,6,0,0,1,0
0,-4,68.3,70.1,8.2,0.11,2.41,6,3,2,0,0
0,-26,83.4,68.5,7,-0.8,2.21,6,3,2,1,0
0,61,84.1,83.7,8.8,-0.59,2.86,6,0,0,1,0
0,40,92.8,72.8,7.7,0.3,1.42,5,1,1,1,0
0,-1,89.4,68.8,8.4,0.04,1.55,5,1,1,0,0
0,41,98.7,72.9,7.4,0.07,1.89,5,0,2,1,0
0,27,96.5,73.4,7.7,-0.11,1.57,5,2,2,1,0
0,39,97.2,71.5,6.7,0.29,3.14,4,1,2,0,0
0,-21,91.1,78.1,7.8,-0.83,2.66,4,1,0,0,0
0,16,88.8,71,8.1,-0.01,1.07,4,1,1,1,0
0,68,82.8,72.6,7.3,0.29,2.5,4,1,1,1,0
0,47,69.8,74.1,8.2,0.28,1.66,3,0,0,1,0
0,40,58.6,66.6,8.2,1.2,1.81,3,2,2,0,0
0,10,96.8,73.7,6.7,-0.84,3.17,3,1,1,1,0
0,71,65.1,70.4,7.3,-0.32,2.68,3,0,0,0,0
0,-34,100.8,69.5,6.8,-0.44,1.84,3,1,0,0,0
0,58,96.5,73.7,7.6,0.05,3.26,2,2,0,1,0
0,45,84.7,72.1,7.3,-0.49,3.05,2,0,0,0,0
0,50,56.4,64.6,6.5,0.64,2.76,2,0,0,1,0
0,12,95.9,69.2,6.7,0.1,2.53,2,1,0,0,0
0,34,95.6,73.9,6.6,-0.37,2.98,2,3,1,0,0
0,22,103.2,70.9,7.1,-0.29,2.14,1,0,1,1,0
0,-3,103.8,68.2,7.3,-0.23,2.4,1,0,1,0,0
0,11,106.3,72.4,6.5,-0.21,2.25,1,0,2,1,0
0,4,100.9,70.1,6.7,-0.17,2.72,1,0,1,0,0
0,-14,71.1,74.1,7,-0.46,2.25,1,0,1,1,0
0,29,91,68.3,8.1,0.03,1.45,9,1,2,0,1
0,21,103.7,69.6,8.4,0.25,3.48,9,0,0,0,1
0,61,71,72,7.2,-0.37,2.68,9,0,0,0,1
0,34,99.4,73.8,6.6,0.44,3.21,9,1,0,0,1
0,14,78.1,70.9,8.3,0.29,1.16,9,0,0,0,0
0,-24,36.6,24.8,4.9,-1.49,3.42,9,0,0,0,0
0,6,84.4,62.8,6.7,-0.44,2.03,9,2,2,0,0
0,-1,57.2,55.5,7.9,1.57,1.52,9,3,2,0,0
0,13,103.4,71,8.1,0.31,1.63,9,0,1,0,0
0,17,102.8,71.9,7.3,-0.48,2.59,8,1,1,0,0
0,54,85.7,70.2,7.7,0.43,2.62,8,0,0,0,0
0,-17,91.3,68.9,6.8,-0.09,2.84,8,0,1,0,0
0,75,88.8,70.4,7.5,0.35,3.22,8,0,1,0,0
0,6,64.4,69.1,7.6,0.25,1.58,8,2,2,0,0
0,-44,65.5,67.5,6.9,0.27,1.97,7,2,1,0,1
0,-6,92.2,66.9,6.2,0.73,2.22,7,1,0,0,1
0,37,94.3,77.4,6.5,-0.17,2.34,7,3,1,0,1
0,2,96.2,71.5,6.6,-0.24,2.62,7,0,0,0,0
0,21,100.4,69.6,7.9,-0.36,1.18,7,3,2,0,0
0,-23,91.2,71.8,7.9,0.38,2.52,6,2,0,0,1
0,11,77.5,66.6,7.7,-0.94,2.05,6,1,0,1,1
0,-19,86.6,69.2,6.7,-0.01,2.56,6,2,2,0,0
1,24,104.9,72.5,6.9,-0.31,3.12,6,0,0,0,0
0,28,104.2,71.9,7,0.19,2.64,6,1,2,0,0
0,-6,103,70.8,6.4,0.08,2.89,5,1,1,0,1
1,32,107.5,72.6,7.1,0.21,2.68,5,2,2,0,1
0,-6,89.3,66.6,7.6,1.24,2.27,5,0,1,0,0
0,65,87.8,73.6,8.4,0.35,1.38,5,3,1,0,0
0,-30,84.7,71.6,7.5,0.28,2.15,5,0,1,0,0
0,-25,76.5,69.1,5.9,-0.49,2.97,5,1,0,0,0
0,-4,98.6,72.9,8.4,-0.27,1.78,4,3,2,0,1
0,-60,53.1,67.3,7,0.05,2.22,4,0,2,1,1
0,45,83.3,71.9,7.5,0.65,2.39,4,0,0,0,0
0,-10,103.7,77.7,7.9,-0.08,2.49,4,1,0,0,0
0,13,104.3,69.6,7.4,0.21,3.22,4,3,2,0,0
0,16,88.7,72.5,6.9,-0.23,2.71,3,0,0,0,1
0,6,89.7,70.1,7.9,0.49,1.64,3,0,1,0,0
0,-32,86.8,69.8,6.7,0.33,2.22,3,1,1,0,0
0,40,99.4,71.2,7.5,0.33,2.6,3,2,1,0,0
0,-30,80.8,65.4,6.8,0.57,2.43,2,1,2,0,1
0,9,93.6,71.8,6.6,-0.39,2.45,2,2,1,0,1
0,-2,108.5,74.9,6.9,-0.22,1.77,2,2,0,0,1
0,10,97.9,72.9,9,-0.36,1.39,2,0,2,0,1
0,18,73.3,73.6,7.2,-0.64,2.88,2,0,2,0,0
0,4,85.1,74.5,6.9,-0.46,1.99,2,2,1,0,0
0,-2,94.7,73.9,7.3,0.89,2.09,2,2,1,0,0
0,-52,91.4,69.7,7.8,-0.47,2.07,1,3,2,1,1
0,-25,92.8,71.9,6.3,-0.02,1.62,1,1,0,0,1
0,0,78.1,73,7.2,-0.51,2.84,1,0,0,0,0
0,-3,81.8,68.6,8.2,0.72,1.5,1,1,2,0,0
0,7,90.5,65.3,7.1,1.17,1.98,9,0,2,0,0
0,62,78.1,70.8,6.3,0.71,2.73,9,1,2,1,0
0,-24,68.8,54.2,6.8,1.33,3.12,9,0,0,0,0
0,28,87,73.1,7,-0.64,2.5,9,3,2,1,1
0,21,102.3,75.5,7.5,-0.55,3.13,9,0,0,0,1
0,9,75.3,65.9,6.4,0.04,2.04,9,1,2,0,1
0,45,92.7,70.7,7.1,-0.33,2.83,8,2,2,1,0
0,4,81.4,63.9,5.9,-0.25,2.6,8,2,2,1,0
1,32,106.8,70.1,7.5,-0.25,2.36,8,0,0,1,0
0,-29,64.7,65.2,8.2,-0.97,2.01,8,3,2,1,1
0,-11,91.2,68.6,7.4,0.16,1.99,8,0,2,1,1
1,24,105.7,70.1,6.6,-0.28,2.95,8,0,1,1,1
0,-11,74.6,72.4,7.7,0.11,2.86,7,1,0,1,0
0,13,87.3,72.2,7.3,0.37,1.47,7,1,2,0,0
0,6,102,75.3,6.5,0.19,2.81,7,1,1,1,0
0,44,87.5,69.6,7.2,0.56,2.53,7,0,2,0,0
0,17,102,66.9,7,1.02,3.06,7,0,0,0,0
0,26,84.8,73.6,8.4,0.72,1.49,7,0,1,0,1
0,12,101.2,73.5,7.9,-0.49,1.55,7,3,2,1,0
0,6,103.6,76,6.8,-0.2,2.58,7,0,1,0,0
0,-63,72.4,67.2,7.4,-0.82,2.79,7,0,1,1,0
0,23,108,76.9,7,0.15,2.71,7,1,1,0,0
0,32,61,67.8,6.2,0.68,2.5,6,3,1,1,0
0,39,95.4,71.6,6.9,-0.55,2.48,6,3,2,1,0
0,4,100.9,76.8,8,0.11,2.13,6,0,1,1,0
0,-31,76.4,73.2,7.4,0.33,1.45,6,2,2,1,0
0,0,78.4,83.2,7.9,0.26,1.95,6,1,0,0,0
1,33,110.9,78.5,7.2,0.69,2.33,6,1,1,1,0
0,37,84.1,69.4,7.3,-0.41,2.1,6,1,2,1,0
0,36,84.2,68.6,7.6,0.43,2.32,5,1,0,1,0
0,14,103.7,70.4,6.3,0.34,2.63,5,0,1,0,0
0,-5,108.5,73.8,6.4,-0.43,2.59,5,3,1,1,0
0,-37,92.2,70.2,7,0.03,2.52,5,2,0,0,0
0,32,89.3,74.8,7.6,-0.39,2.33,5,0,0,0,0
0,-22,94.5,65.4,6.3,0.37,2.16,4,2,2,0,0
0,54,89.3,70.9,8.4,0.43,2.13,4,0,0,1,0
0,-4,96.3,72,6.8,-0.07,2.65,4,0,0,0,0
0,-20,89,72.8,7.9,0.23,1.59,4,1,1,1,0
0,-16,90.8,70.6,6.7,-0.33,2.96,3,0,0,1,0
0,27,78.1,76.8,6.9,-0.81,2.93,3,3,2,0,0
0,15,106.9,72.8,7.8,-0.33,2.04,3,2,1,1,0
0,-14,69.7,75.3,8.3,0.1,2.17,3,0,1,0,0
0,18,106,73.3,6.9,-0.51,2.23,2,2,1,1,0
0,-10,102.6,71.9,7.7,0.18,1.64,2,2,2,1,0
0,-20,93.5,74.4,7.3,0.29,1.79,2,1,1,0,0
0,12,103.8,73,7.2,-0.55,2.27,2,2,1,1,0
0,-3,95.3,70,7.8,-0.18,2.18,1,0,0,1,0
0,79,76.4,66.7,7.2,-0.09,2.63,1,1,0,1,0
0,4,90,79.8,7.7,0.12,1.7,1,0,0,0,0
0,15,110.2,77.9,6.9,0.07,1.92,1,2,2,1,0
0,38,73.4,64.5,7.2,1,2.26,10,1,2,1,0
0,-7,73.3,70.7,7.6,0.32,2.04,10,2,2,0,0
0,45,71.7,76.7,6.9,0.63,3.13,10,0,0,1,0
0,-4,94.3,68.8,7.7,0.11,2,10,0,1,0,0
0,20,99.1,70.4,7,0.35,3.33,10,3,1,0,0
0,32,103.8,77.4,7.6,-0.02,1.9,9,0,1,1,0
0,10,75.4,75.4,7.5,0.18,1.36,9,0,2,0,0
0,8,107.1,76.5,7.3,0.81,1.86,9,2,2,1,0
0,36,88.6,73.3,6.9,-0.18,2.67,9,0,0,0,0
0,-26,81.8,65.7,6.8,0.72,2,9,2,2,0,0
0,10,94.9,71.1,7.5,-0.15,2.45,8,2,2,0,0
0,56,90.9,76,7.4,0.25,2.57,8,1,0,1,0
0,26,100.6,69.8,6.9,0.33,2.3,8,1,0,1,0
0,-17,106.6,70.6,7.4,0.01,2.41,8,0,0,0,0
0,6,79.9,74.3,8,-0.84,2.34,8,1,2,1,0
0,14,107,79.1,7.5,0.5,2.24,7,2,2,1,0
0,-15,101.1,74.1,7,-0.13,2.45,7,0,0,0,0
0,6,96.1,67.1,6.1,-0.29,2.85,7,1,0,0,0
0,17,101,70.2,6.6,0.43,2.48,7,2,1,0,1
0,22,102.4,66.7,6.8,0.01,1.98,6,2,1,0,1
0,71,92.4,76.4,8,0.15,2.25,6,1,1,1,0
0,14,88.7,67.8,7.5,-0.68,1.61,6,1,2,1,0
0,40,101.6,73.2,7.9,-0.64,1.37,5,0,0,0,1
0,25,90.3,75.3,8.2,0.09,2.22,5,0,1,0,1
0,-4,82.7,70.2,7.4,0.05,3.1,5,3,2,0,1
0,12,99.4,77.4,7.4,0.75,2.65,5,2,1,1,1
0,-19,79.8,70.5,7.3,-0.37,2.23,5,1,0,0,0
0,51,95.1,72.6,7.2,-0.05,2.73,5,0,2,0,0
0,10,108.1,77.8,8.1,-0.27,1.33,4,1,2,0,0
0,37,100.4,72.8,7.8,-0.25,2.02,4,3,2,0,0
0,1,88.5,68.8,7.4,-0.26,2.48,4,0,1,1,0
0,18,81.5,69.3,7.2,-0.59,2.17,4,1,0,1,0
0,29,86.6,59.1,7.4,0.06,2.21,4,3,2,0,0
0,45,83.9,66.9,7.6,-0.59,2.92,4,1,1,1,0
0,0,106.8,77.5,8.2,0.74,2.46,4,2,1,0,0
0,9,103.1,72.7,7.8,-0.58,2.53,3,3,2,1,0
0,-7,88.5,74.2,7.3,-0.31,1.68,3,0,2,1,0
0,44,96.7,65.5,7.5,0.24,2.03,3,3,2,0,0
0,20,107,77.6,7.2,-0.01,1.54,3,2,1,1,0
0,18,85.3,66,6,0.32,2.55,3,0,0,1,0
0,22,93.5,64.4,6,-0.74,2.81,3,0,0,0,0
0,-6,95.2,74.6,7.3,-0.31,2.71,3,2,2,1,0
0,35,80.7,74.9,7.5,-0.93,1.99,3,0,1,1,0
0,34,91.7,69.5,7.6,0.87,3,2,2,2,0,0
0,-84,58.9,53.3,7.5,0.59,1.75,2,0,0,0,0
0,-27,86.5,69.3,8,-0.41,1.55,2,3,2,1,0
0,17,99.5,72.4,6.7,0,3.85,2,1,2,1,0
0,21,98.6,69.8,7.1,0.37,1.27,2,1,2,1,0
0,27,82.7,72.3,6.8,-0.39,2.8,2,1,1,0,0
0,4,101.3,79.4,7.2,-0.31,2.14,2,2,0,1,0
0,55,60.5,65.9,5.7,0.59,2.86,1,3,1,1,0
0,45,85.2,68.4,8.4,-0.21,1.48,1,1,2,1,0
0,-16,95.5,78.1,7.5,0.12,1.77,1,1,1,0,0
1,30,110.9,76.1,7.8,0,1.96,1,2,1,1,0
0,43,64.3,66.4,8.3,0.32,1.5,1,0,0,0,0
0,-48,69.5,69.2,5.8,-0.09,3.19,1,2,2,1,0
0,33,94.7,65,6,-0.4,3.37,1,3,2,0,0
0,-18,77.1,70.2,8.4,-0.73,1.56,1,0,1,1,0
0,-15,97.7,70.5,6.5,-0.27,2.78,9,2,2,1,0
0,1,106.5,72.2,8,0.22,1.56,9,1,1,1,0
0,15,106.1,74.2,7.6,0.22,2.33,9,0,0,0,0
0,42,97.3,75,7.9,0.23,2.78,8,2,1,0,1
0,40,99.3,75,8.2,-0.14,2.25,8,0,2,0,1
0,34,102.5,68.9,7.1,0.57,2.61,7,0,0,1,1
0,-30,33,4.9,1.4,0.48,3.93,7,0,0,0,0
0,9,68.8,64.7,7.7,-1,2.72,7,1,2,1,0
0,21,104,73.6,7.7,0.48,2.06,7,2,0,0,0
0,7,97.1,68.8,6.9,0.39,2.72,6,3,2,0,0
0,30,72.1,80.2,6.5,0.41,3.26,6,2,2,1,0
0,82,66.1,69.2,6.3,0.13,3.05,6,3,2,1,0
0,53,87.1,63.3,6.6,0.07,3.48,6,1,0,1,0
0,3,76,71.1,8.3,-0.3,2.14,6,0,1,1,0
0,-16,99.2,81.6,7.7,-0.12,2.6,6,0,0,0,0
0,20,93,75.3,7.7,0.59,2.4,6,0,0,0,0
0,-50,66.1,74.3,8,-0.88,2.55,6,0,2,1,0
0,-5,73.8,71.5,8.4,1.13,2.98,5,2,1,0,0
0,8,110.5,75.8,7.2,0.1,2.32,5,3,2,1,0
1,24,99.4,76.7,6.8,-0.87,3.13,5,1,0,0,0
0,1,85.7,75.1,8,-0.36,1.69,5,0,1,0,0
0,10,32.4,60.3,5.7,1.27,3.48,5,1,1,1,0
0,10,91,65.2,6.3,0.2,2.86,5,0,1,0,0
0,19,97.5,72.5,7.3,0.47,2.4,5,0,1,0,0
0,36,91.1,67.1,6.6,-0.07,3.06,5,0,0,1,0
0,-53,51.5,63.3,6.7,-0.82,1.55,4,0,1,1,0
0,13,103.7,69.3,6.9,-0.31,2.62,4,1,1,1,0
0,31,98.7,74.4,8,0.75,3.44,4,0,0,0,0
0,12,82.7,74.9,8.2,0.35,1.9,4,3,2,0,0
0,36,63,83.6,6.5,-0.87,2.46,3,2,2,0,0
0,27,102.6,77.1,7.6,-0.24,2.77,3,2,0,0,0
0,-24,95,71.3,7.3,-0.29,2.22,3,2,2,1,0
0,19,94.7,71.2,7.3,0.25,2.28,3,0,0,0,0
0,6,95.3,74.1,7.4,-0.6,3.09,3,1,1,1,0
0,-1,97.7,73.6,6.8,-0.35,2.81,3,2,2,0,0
0,-37,74.8,65.1,6.6,-0.72,2.2,2,1,1,1,0
0,38,65.4,66.3,6.2,-0.07,3.53,2,0,1,1,0
0,47,79.3,72.4,6.5,0.1,2.93,2,2,1,1,0
0,17,94.6,67.1,6.3,-0.5,2.94,2,0,1,0,0
0,0,101.7,75.9,7.5,-0.01,2.43,2,0,0,1,0
0,-54,46,60.4,8.2,0.18,1.1,2,2,2,1,0
0,-9,97.7,72.8,7.3,0.31,2.48,2,0,0,0,0
0,66,75.6,70.2,7.4,-0.29,2.28,2,2,2,1,0
0,7,76.3,74.1,7.7,-0.59,2.61,1,0,1,0,0
0,20,81.2,76.5,8.3,-0.56,2.23,1,1,0,1,0
0,-5,97.8,72.6,6.3,-0.93,2.33,1,1,2,0,0
0,16,80.7,72,7.3,0.97,2.42,1,0,1,0,0
0,-7,102.6,78.2,8.1,0.33,2.22,1,0,1,0,0
0,7,83.8,79.1,8,0.1,1.93,1,0,1,0,0
0,69,92.7,84.5,7.8,0.12,2.68,8,2,2,1,0
0,-69,73.2,60.4,6,-0.59,2.08,8,0,1,0,0
0,9,105.1,71.1,7.7,0.4,1.56,8,2,2,0,0
0,-5,95.8,64,6,0.21,3.92,8,1,2,0,0
0,28,70.5,70.4,6.5,0.59,2.59,8,2,2,1,0
0,26,82.4,69,6.6,0.29,1.97,8,1,0,1,0
0,1,99.8,67.7,6.3,0.36,2.01,8,1,2,1,0
0,54,87.7,72.5,7.6,-0.08,2.17,7,0,1,1,1
0,19,98.5,82.1,8.8,0.76,2.13,7,0,1,0,1
1,27,104.4,74.1,7.9,-0.05,2.47,7,1,0,0,1
0,72,84.1,72.7,7.5,0.4,2.42,7,0,0,1,0
0,17,91.1,70.6,6.5,0.64,2.7,7,3,2,1,0
0,-1,49.6,68.6,6.5,-1.02,2.25,7,2,1,0,0
0,6,89.5,65.1,6.6,0.76,2.53,6,1,0,1,0
0,51,77.8,84,7.8,-0.85,2.37,6,1,1,0,0
0,-49,65.8,69.7,7.2,-0.49,1.68,6,2,2,1,0
0,-60,73.5,73.4,6.7,0.29,2.37,6,0,2,0,0
0,6,98.9,75.7,8,-0.25,1.88,6,1,2,1,1
0,62,83.5,72.9,6.4,0.84,3.22,6,0,0,1,1
0,-6,78.5,81.7,8.1,0.38,2.07,5,0,1,0,0
0,17,109.7,75.3,6.7,0.51,3.41,5,3,0,1,0
0,12,106.1,83.3,8,0.25,3.1,5,0,0,0,0
0,7,89.9,61.4,6.7,1.13,2.25,5,3,2,0,0
0,13,102.8,68.5,7.3,-0.08,2.1,5,0,0,1,0
0,15,103.2,68,7.3,0.36,1.73,5,2,0,0,0
0,54,95.5,74.1,8,0.6,1.7,5,3,1,1,0
0,26,82.5,70.4,7.8,0.43,1.53,5,1,0,0,0
0,42,96.4,72.2,7.9,0.27,1.75,4,2,2,1,0
0,2,102.3,66.1,8.2,0.01,2.08,4,3,2,0,0
0,10,80.6,72.4,7.1,0.44,2.5,4,0,1,1,0
0,-6,90,76.1,8,-0.06,2.04,4,3,1,1,0
0,21,86.4,70.1,6.7,0.71,2.47,4,1,0,1,0
0,55,54.7,74.9,7.1,0.59,2.21,4,2,1,1,0
0,-53,84,71,6.9,0.36,3.2,3,0,0,0,0
0,11,99.8,71.9,7.8,0.29,1.61,3,3,2,0,0
0,41,87.7,66.3,6.3,0.06,4,3,0,2,0,0
0,51,75.3,73.4,7.2,0.28,2.55,3,2,0,1,0
1,37,103.7,85.6,8.3,-0.13,2.48,3,0,0,0,0
0,11,99.8,67.2,6.9,-0.61,2.32,3,1,1,1,0
0,58,79.7,65.4,8.4,-0.81,1.78,3,2,1,1,0
0,30,98.5,72.8,6.7,-0.46,2.8,3,0,0,0,0
0,70,56.3,69.4,6.7,1.22,3.22,3,1,1,1,0
0,6,92.3,75.4,8.5,0.57,2.45,2,3,1,0,0
0,2,93.7,77.8,7.5,0.62,2.45,2,2,2,1,0
0,-77,72.7,65.5,6.5,0.82,2.63,2,0,2,0,0
0,31,84.9,69.5,7.5,-1.05,2.1,2,0,1,1,0
0,-43,68.4,70.4,6.7,-0.48,3.04,1,2,0,0,0
0,-21,87.8,71.7,6.7,-0.01,1.96,1,1,1,1,0
0,69,82.5,81.7,7.8,0.86,2.15,1,2,2,1,0
0,63,81.8,72.4,7.4,-0.2,3,1,0,0,1,0
0,50,98.3,76.1,7.6,-0.44,1.95,9,2,1,0,0
0,0,103.8,69.9,7.7,0.25,2.42,9,1,2,0,0
0,-35,60,70,7,-0.21,1.7,9,2,2,1,0
0,-1,104.6,75.5,7.7,-0.2,3.17,9,0,0,1,0
0,13,80.4,78.1,8.3,0.35,1.68,9,1,1,0,0
0,31,88.2,61.7,7.9,-0.46,1.72,9,0,1,1,0
0,23,94.6,70.9,6.5,0.55,3.15,8,0,0,1,1
0,53,91.8,67.3,6.6,-0.11,3.27,8,0,2,1,1
0,16,71.7,73.6,8.2,0.71,2.31,8,0,1,0,0
0,15,102.6,71.9,6.5,0.04,2.51,8,1,2,0,0
0,-8,94.3,62,6.3,-0.91,3.18,8,1,2,1,0
0,-7,103.1,73.9,6.6,-0.13,2.69,7,0,1,1,0
0,7,81.2,66.7,6.5,-0.53,1.98,7,3,1,0,0
0,-24,96.3,76.9,7.4,-0.44,1.58,7,0,1,0,0
0,19,92.5,75.4,7.4,0.09,2.33,7,2,0,0,1
0,-28,104.5,70.9,6.4,0.28,2.2,7,0,1,1,1
0,44,75.2,73.2,7.2,-0.18,1.83,7,1,2,0,1
0,4,47.6,52.4,7.2,0.79,1.79,6,0,1,0,0
1,28,104.8,76.9,8.7,0.37,1.79,6,3,2,1,0
0,57,91,78.3,7.5,0,2.19,6,1,2,0,0
0,80,78.9,70.9,7.7,-0.42,2.25,5,0,1,1,0
0,-4,96.1,75,7.7,-0.77,2.19,5,1,2,0,0
0,-4,103.1,75.2,7.1,0.25,1.86,5,2,0,1,0
0,18,95.8,64.3,6.2,-0.12,2.77,5,1,2,1,0
0,16,105.3,73.8,7.2,0.35,2.05,5,2,2,0,0
0,20,77.8,70.5,7.3,-0.37,1.83,5,3,2,0,0
0,44,92,68.1,6.8,-0.32,3.18,5,2,2,1,0
0,8,108.8,71.8,7.8,0.18,1.81,4,0,1,1,0
0,1,93.8,59.8,5.5,0.53,2.38,4,1,2,0,0
0,-77,68.5,61.2,6.1,-0.75,2.3,4,1,0,0,0
0,15,77.7,71.9,6.9,0.27,2.21,4,1,0,1,0
0,61,87.8,68.1,7.7,0.64,2.68,4,1,2,0,0
1,23,110.6,76.7,7.3,0.08,2.74,4,0,0,1,0
0,59,93.2,72.1,7.6,-0.13,3.71,4,1,2,0,0
0,29,59.3,75.2,6.7,0.67,3.48,4,1,2,1,0
0,-13,101,73,7,0.41,1.82,3,3,1,1,0
0,-9,93.5,71.4,7.1,-1,2.4,3,0,1,0,0
0,49,97.3,81,7.3,-0.05,2.84,3,0,0,0,0
0,-9,66.4,67.2,8.1,0.95,1.89,3,2,1,0,0
0,-26,77.9,58.9,7.5,-1.02,1.44,3,0,2,1,0
0,13,91.7,71,6.5,0.53,2.52,3,1,1,1,0
0,7,91.4,56.8,5,-0.16,2.54,2,2,0,0,0
0,22,100.6,70.7,6.5,0.23,3.08,2,2,2,0,0
0,41,94.8,76.8,6.8,-0.39,3.36,2,0,0,1,0
0,0,93.3,68.9,6.7,-0.34,1.99,2,2,0,0,0
0,17,101.9,72.2,7.8,-0.27,1.69,2,3,2,1,0
0,16,95.7,70.4,6.9,0.35,3.03,2,2,2,0,0
0,9,89.6,67.2,7.4,0.76,2.44,1,1,2,0,0
0,14,104.5,70.3,7,-0.55,2.67,1,2,2,1,0
0,7,71.7,70.9,8.1,0.81,2.96,1,2,1,0,0
0,73,67.7,71.4,7,0.73,3.21,1,0,2,0,0
0,14,97.2,74,7.9,-0.44,2.32,1,1,1,1,0
0,-16,92.1,61.7,6.1,0.23,2.02,1,0,0,0,0
0,79,81.1,77.3,7.5,-0.38,3.24,1,3,2,1,0
0,1,89.5,74.5,6.8,-0.52,2.6,1,1,0,0,0
0,69,88.9,71.8,7.1,0.26,2.65,1,2,1,1,0
0,29,87.2,74.6,7.6,0.39,2.17,1,3,2,1,0
0,6,99.8,77.9,8.3,0,2.1,9,1,1,0,0
0,11,98.1,66.1,6.6,-0.65,2.84,9,0,0,1,0
0,8,89.6,69.7,6.8,-0.04,1.48,9,0,2,0,0
0,35,96.4,76,6.6,-0.07,2.61,9,2,0,0,1
0,-24,95.4,70,6.1,-0.45,2.41,9,0,0,0,1
0,-21,96,74.9,6.5,0.2,2.76,9,1,1,0,1
0,23,75.5,72.9,7.3,0.89,2.7,8,0,0,0,0
0,-5,90.8,67.6,7.3,-0.89,1.5,8,0,1,0,0
0,10,107,72.4,7.8,-0.47,2.52,8,1,2,1,0
0,76,60.4,63.2,6.7,-0.22,2.78,8,0,1,0,0
0,20,67.4,75.4,6.9,-0.72,2.89,8,0,0,0,0
0,60,72,73.8,7.7,0.45,2.61,7,1,1,0,0
0,16,96.8,69.7,7,-0.16,1.47,7,2,2,1,0
0,-17,99.9,72.4,6.8,-0.45,2.71,7,0,2,1,0
0,-58,24.5,10.5,1.9,0.14,1.68,7,0,1,1,0
0,0,100.7,65.9,6.7,-0.53,1.36,7,0,2,0,1
0,18,106.5,72.7,7.2,0,3.19,7,2,0,0,1
0,-5,95.5,70.4,7,-1.04,2.38,6,0,0,1,0
0,-29,98.5,65.7,6.8,0.11,2.21,6,0,0,0,0
1,37,103.2,69.9,7.6,0.33,2.45,6,0,1,1,0
0,-3,83.6,77.6,7.7,0.42,1.92,6,0,1,0,1
0,1,102.3,76.7,6.9,-0.23,1.83,6,0,1,0,1
0,-18,106.8,71.1,6.4,0.65,2.89,6,0,2,0,1
0,-5,93.6,77.9,8.1,0.19,1.68,6,1,2,0,1
0,-18,94,77.1,7.7,-0.08,2.33,5,2,0,0,0
0,6,89.1,80.8,6.8,-0.28,2.06,5,2,2,0,0
0,41,90.6,76.4,8.2,0.19,2.62,4,0,0,0,0
0,14,88.1,76.2,7.5,-0.12,2.35,4,0,0,1,0
0,8,96.6,71,7.5,0.43,2.43,4,0,2,0,0
0,62,82.2,74.5,6.6,-0.05,2.89,4,0,0,0,1
0,41,97.4,76.6,6.9,0.53,3.32,3,0,1,0,0
0,35,86,71.4,6.6,-0.21,2.44,3,3,2,0,1
0,25,101.5,70.8,6.9,-0.36,2.48,3,1,0,0,1
0,8,98.8,71,7.7,0.05,1.27,3,1,2,0,1
0,0,90.8,64.3,7,1.04,2.29,3,1,2,0,1
0,13,82.2,74.5,7.4,-0.07,1.8,2,0,1,1,1
0,26,77.7,59.7,7.8,0.9,1.02,2,0,2,0,1
0,23,96.7,74.4,6.9,0.43,3.03,2,1,2,0,1
0,16,100.8,74.2,6.7,0.21,2.19,1,0,0,1,0
0,0,91.3,75.1,8,-0.24,1.4,1,1,2,0,1
0,20,82.2,79,7.6,0.12,2.56,1,1,1,0,1
0,10,101.7,74.3,7.5,-0.07,3.22,1,2,1,0,1
0,-23,97,84.3,8.4,-0.06,2.51,9,1,1,1,0
0,15,87.5,79.1,8.2,0.37,1.78,9,2,1,1,0
0,2,106.9,71.2,7,-0.02,1.78,9,3,2,1,0
0,6,94.3,70.4,6.4,-0.02,2.79,9,2,2,1,0
1,32,94.2,79.7,8.1,-0.92,1.6,9,1,1,0,0
0,9,95.6,70.4,7.3,0.22,1.75,8,2,2,1,0
0,-72,54.8,79.6,8.8,1.71,2.2,8,2,2,0,0
0,-21,96.7,68.7,6.9,-0.78,2.29,8,0,1,1,0
1,33,106.2,83.6,7.6,0.61,1.79,8,1,2,1,0
0,-24,94.2,68.3,5.6,-0.08,2.82,8,1,1,1,0
0,7,99.9,76.7,7.4,-0.49,2.77,8,1,2,0,0
0,-8,94.1,63.5,6.3,-0.69,2.36,7,2,1,1,0
0,3,96.3,68.4,6.8,0.96,2.76,7,1,2,1,0
0,48,102.2,85.6,8.1,-0.24,2.73,7,1,1,1,0
0,34,91.7,70.1,7.9,-0.59,2.16,7,1,1,1,0
0,50,86.1,72.1,7,-0.44,2.71,7,0,2,1,0
0,-22,73.6,61,7.9,0.5,2.75,7,2,1,0,0
0,-11,76.2,61.2,5.8,0.03,2.97,7,3,1,1,0
0,11,104.3,72,6.7,-0.71,3.3,7,0,2,1,0
0,16,100.6,75,7.8,0.08,2.54,6,3,2,1,1
0,77,80.8,69.3,7.3,-0.29,3.06,6,0,1,0,0
1,30,106.2,75.7,7.6,0.38,2.6,6,1,0,0,0
0,-12,87.7,71.5,7.1,-0.53,2.39,6,1,2,0,0
1,21,106.2,71,7.4,0.22,2.54,6,0,2,1,0
0,15,103.9,74.4,7.5,-0.63,2.56,6,1,1,1,0
0,-9,90.2,58.5,6.1,-1.01,1.54,6,1,2,1,0
0,25,94.3,72.9,7.5,-0.79,2.45,6,2,1,0,0
0,-45,62.1,73.7,7.2,0.04,1.27,5,2,1,1,0
0,26,75.8,80.3,7.8,0.7,2.13,5,0,0,0,0
0,-7,75.5,78,8.1,-0.38,1.75,5,1,0,1,0
0,75,84.4,76.8,7.2,-0.38,2.69,5,3,1,0,0
0,34,99.8,73.5,6.9,-0.34,2.47,5,3,2,1,0
0,-1,91.9,75.9,7.8,-0.43,2.23,4,0,1,1,0
0,58,102.9,84.1,8,0.07,3.16,4,0,0,1,0
0,-29,71.9,77.6,6.9,-1.37,2.11,4,0,0,0,0
0,39,106.1,75.2,7.6,0.04,2.49,4,1,0,1,0
0,13,100.5,68.6,6.7,-0.9,2.18,4,3,2,1,0
0,-10,68.9,71.8,8.3,-1.05,2.09,4,0,0,1,0
0,-9,102.4,69.3,6.5,0.21,2.85,3,0,0,0,0
0,2,106.6,80.1,8.2,-0.47,1.74,3,1,1,0,0
0,-4,95.4,71,6.4,0.08,1.89,3,0,2,1,0
0,37,96.1,73.2,7.2,-0.08,1.83,3,2,0,1,0
0,33,98.2,72.2,6.1,0.18,3.01,2,0,2,1,0
0,42,93.2,77.4,7.5,-0.11,1.9,2,2,2,1,0
0,-6,98.2,76.9,6.9,-0.14,2.35,2,2,2,0,0
0,27,81.7,69.3,7.5,-1.08,1.8,2,2,2,1,0
0,49,102.2,82.7,8.3,0.19,2.39,1,1,2,1,0
0,12,106.4,72.9,6.5,0.52,3.64,1,1,0,1,0
0,19,103.4,71.5,7.2,-0.01,1.62,1,2,0,1,0
0,7,78.2,56.8,8.2,-0.31,0.94,1,1,2,1,0
0,-16,98.4,73.6,6.7,-0.34,2.41,9,2,1,0,0
0,0,95.1,78.5,7.5,-0.07,1.58,9,0,0,0,0
0,-26,93,78.7,7.1,-0.31,1.97,9,0,1,0,0
0,32,98.9,76.2,7.9,0.5,2.22,8,1,1,0,0
0,1,80.6,69.9,8.8,-0.2,1.2,8,0,1,1,0
0,27,99.9,75.1,7.8,0.32,2.67,8,0,2,0,0
0,-20,82.9,58.2,5.9,0.07,4.48,8,0,2,1,1
0,31,91.9,69.7,6.7,0.78,3.36,8,1,1,1,1
0,6,88.7,71.5,8.1,-0.32,1.23,7,0,2,0,1
1,24,107.9,78.4,8.2,0.18,1.95,7,3,2,1,1
0,9,85.2,76,8,0.26,2.41,7,3,1,0,1
0,33,78.9,71.1,8.6,0.8,1.75,7,1,1,0,1
0,15,93.4,69.2,7.9,-0.03,2.32,7,0,1,1,1
0,0,103.1,74.6,7.6,0.5,2.36,7,0,2,1,1
0,4,104.7,76.3,7.6,0.22,2.78,7,0,0,1,1
0,10,104.7,75.9,6.7,0.17,2.9,7,2,2,0,1
0,17,93.3,73.7,8.4,0.31,1.56,7,0,0,0,1
0,20,97.9,76.2,7.1,-0.41,2.25,7,3,1,0,0
0,12,84.7,68.7,6.7,-0.11,2.09,7,0,2,0,0
0,6,86.3,65.5,5.6,-0.63,2.1,7,0,0,0,1
0,72,67.2,71.1,6.3,-0.79,3.07,7,0,2,0,1
0,11,99,74.3,7.2,-0.21,2.71,7,1,1,1,1
0,-21,89.6,73.3,8,-0.77,3.32,6,3,2,1,0
0,-30,65,78.4,8.9,-0.73,2.04,6,3,1,0,0
0,33,95.2,76.3,8,-0.41,2.31,6,1,0,1,0
0,-26,89.8,70,6.2,-0.17,2.96,6,0,0,0,0
0,72,77.6,74.2,8.6,0.57,1.75,6,2,1,0,0
0,-11,85.2,68.2,8.3,-0.59,1.61,5,1,0,1,0
0,53,84.9,70.8,8.2,-1.08,2.08,5,2,2,1,0
0,20,98.7,71.8,7,0.32,2.66,5,2,0,1,0
0,27,84.2,78,7.4,-0.08,1.66,5,1,2,0,0
0,14,74.1,59.2,5.5,0.32,2.67,5,0,1,1,0
0,67,83.3,72,7.8,-0.58,2.31,4,2,1,1,0
0,28,92.5,74.1,6.7,-0.47,2.54,4,3,2,0,0
0,6,105.8,74.8,7.4,-0.27,2.76,4,0,0,1,0
1,30,102,77,7.9,-0.11,2.38,4,2,2,0,0
0,-54,65.7,68.8,7.9,-0.93,2.65,4,0,1,1,0
0,46,60.1,69.4,5.8,-0.79,2.77,4,0,1,0,0
0,46,90.5,73.5,8.6,-0.52,2.46,4,1,0,1,0
0,48,87.7,80.2,7.9,0.29,1.41,4,3,2,0,0
0,-9,100.4,68.6,6.6,-0.22,1.63,4,3,2,1,0
0,13,93.5,80.6,7.9,-0.91,2.35,4,2,1,0,0
0,50,87.3,70.5,7.1,-0.28,3.57,3,1,2,1,0
0,32,73.5,71.1,6.6,0.01,2.91,3,0,2,1,0
0,41,92.6,72,7,-0.08,2.5,3,1,2,1,0
0,-11,86.5,54.1,5.6,-1.2,2.71,3,1,2,1,0
0,4,87.1,75.6,7.7,0.18,1.24,3,0,0,0,0
0,-14,100.7,73.6,7.2,0.4,2.37,2,0,1,1,0
0,-10,87.5,73.7,6.4,-0.49,2.46,2,0,0,0,0
0,51,65,74.3,7.5,-0.16,3.46,2,2,2,1,0
0,52,88.2,72.8,8,-1.07,3.4,2,2,2,1,0
0,38,75.9,67.1,6.8,0.37,3.32,1,3,2,1,0
0,36,106,79.4,8.2,-0.41,2.46,1,3,0,0,0
0,29,99.3,71.9,6.3,-0.26,3.03,1,1,0,1,0
0,-27,66.4,71.9,7.9,0.37,1.43,1,1,1,0,0
0,5,105.2,77.7,7.8,0.13,2.86,1,3,1,1,0
0,10,108,77.5,7.7,0.59,2.19,1,3,2,0,0
0,18,104.4,69,6.2,-0.02,2.44,1,3,1,1,0
0,38,97.7,75.2,8.2,0.45,2.89,9,1,1,0,1
0,-13,96.6,75.3,7.6,-0.22,3.01,9,2,2,1,1
0,47,94.2,75.6,7.1,-0.37,2.88,9,3,2,1,0
0,11,101.8,70.3,6.6,-0.92,2.28,9,0,1,0,0
0,3,113.4,80.9,7.2,0.5,2.46,9,3,1,1,0
0,-15,96.8,75.6,7.2,-0.5,2.96,9,0,0,0,0
0,34,77.1,70.1,8.2,0.46,1.06,9,1,2,1,0
0,29,84.8,72.1,6.9,0.23,2.59,8,2,1,1,0
0,15,84.9,63.4,6.5,-0.71,2.57,8,1,1,1,0
0,-20,88.8,70.3,7,-0.3,2.53,8,1,2,1,0
0,0,106.2,75.4,7.3,0.05,2.73,8,0,0,0,0
0,21,107.1,80,8.1,0.44,2.52,8,2,0,0,0
1,31,100.4,71.9,7.2,-0.21,3.12,8,1,1,0,0
0,26,78,77.1,6.9,0.31,2.96,8,3,2,1,0
0,8,81.9,68.1,7.3,-0.44,3.12,8,1,1,1,0
0,18,74.6,68.8,8,0.75,2.63,8,1,0,0,0
0,-20,103.4,83.4,8.5,-0.73,1.63,7,0,0,0,0
0,5,91.9,74.4,8.5,-0.04,0.88,7,2,2,1,0
0,-10,95.5,66,6.7,-0.74,2.88,7,3,2,1,0
0,38,79.6,69.7,7.3,0.93,3.16,7,2,1,0,0
0,48,86.6,78.1,8.6,0.17,1.57,6,1,2,0,0
0,-56,73.7,60.3,5.8,-0.05,2.46,6,1,0,1,0
0,47,65.9,69.9,6.4,0.59,2.96,6,0,0,1,0
0,-33,98.9,76.3,7.9,-0.37,1.76,6,1,2,1,0
0,49,85.5,70,6.8,-0.04,2.35,5,1,0,1,0
0,10,84.3,75.3,8.1,-0.73,1.31,5,1,2,1,1
0,-37,86.2,84.3,7,-0.46,1.76,5,1,0,0,0
0,25,101.7,74.8,7.4,0.03,2.7,5,0,1,1,0
0,4,102,67.8,5.9,0.05,3.05,5,0,0,1,0
0,21,87.6,78.4,8.6,0.62,2.09,4,0,2,0,0
1,27,99.7,69.8,7.7,-0.26,2.63,4,1,0,0,0
0,22,94.6,78,7,0.7,2.65,4,2,0,1,0
0,-7,100.1,70.8,7.2,-0.73,2,4,0,2,0,0
0,-15,100.6,72.9,7,0.61,2.68,4,2,2,0,0
0,51,75.3,68.8,7.6,-0.56,2.18,3,0,1,1,0
0,19,95.4,77.4,7.6,0.53,2.86,3,3,2,0,0
0,6,98,72.1,7.7,0.47,2.24,3,1,2,0,0
0,-19,97.1,67.7,7.4,-0.19,1.71,3,1,2,1,0
0,-4,100.8,72.7,6.4,0.42,2.53,2,0,0,1,0
0,21,84.2,76.1,8.5,0.75,3.07,2,0,1,0,0
1,26,97.2,70.7,7.1,0.87,3.23,2,3,1,0,0
0,-2,84.9,72.5,7.3,0.17,2.42,2,0,1,0,0
0,35,76,75.8,8.2,0.35,2.42,2,1,2,0,0
1,33,103,75.7,6.9,-0.44,2.66,2,2,2,1,0
0,-5,106.9,74.8,7.8,0.66,3.11,1,0,0,0,0
0,4,92.3,64.7,7.7,-0.19,1.84,1,1,2,1,0
0,-5,91.3,67.4,5.8,-0.02,3.06,1,0,1,1,0
0,29,86,73.6,6.8,0.48,3.12,1,0,0,1,0
0,-38,65.5,73.2,8,0.6,2.02,1,1,0,0,0
0,6,93.3,64.1,6.1,-0.07,3.3,1,2,2,1,0
0,32,67.8,73.8,6.3,0.52,2.56,9,0,0,1,0
0,68,88.9,70.3,6.9,-0.49,2.7,9,1,0,0,0
0,23,83.5,71.1,7.4,-0.36,2.17,9,0,2,1,1
0,7,99,75.8,7.4,-0.18,2.09,9,1,0,0,1
0,47,94,69.4,8.4,0.37,2.13,9,0,2,0,1
0,28,89.9,77.5,7.1,-0.01,1.98,9,3,1,0,1
0,53,74.8,62.7,6,-0.69,3.23,8,2,1,0,0
0,-35,67.9,77.4,6.6,-0.16,2.33,8,3,2,1,1
0,-33,79,74.4,7,0.11,2.15,8,1,0,0,1
0,16,88.1,70.2,6.5,0.49,1.87,8,3,2,1,1
0,-9,77.4,69.5,7.7,0.95,2.02,7,1,1,0,0
0,16,94.5,65.9,7.4,-0.59,1.91,7,1,1,1,0
0,-32,77.8,59.7,7,1.02,2.23,7,1,2,0,1
0,12,80.6,62.6,6.8,-0.66,2.59,7,1,1,1,1
0,-50,71.8,71.5,8.1,0.83,2.29,7,1,1,0,1
0,-9,85.3,77.8,7.4,-0.89,2.47,7,1,0,0,1
0,14,100.7,76.9,6.7,-0.48,1.72,6,0,0,1,0
0,-4,106.5,72.1,6.1,-0.49,2.19,6,0,2,0,0
0,15,100.8,70.6,6.2,0.53,2.18,6,0,2,0,0
0,4,94.4,73.7,6.8,-0.42,2.26,6,2,2,1,1
0,9,107.7,75.2,7.3,-0.14,2.36,6,1,0,0,1
0,8,96.9,71,7.3,0.71,2.19,5,0,0,0,0
0,21,98.9,68,7.4,-0.65,1.99,5,0,1,1,0
0,-5,103.2,68.7,6.6,0.53,2.65,5,2,2,0,1
0,14,100.2,68.1,8.3,0.49,2.52,5,2,1,0,1
0,-1,109.2,77,7.5,-0.36,1.96,4,2,2,1,0
0,26,89.1,71.6,7.1,-0.56,2.12,4,0,0,0,0
0,9,108.8,75.6,6.7,0.08,2.74,4,0,0,0,0
0,8,98.3,69.6,6.9,-0.28,2.47,4,2,2,1,0
0,58,95,70.4,7,0.27,3.5,4,3,0,0,0
0,-6,105.2,74.4,7.2,-0.36,2,4,3,2,1,0
0,18,58.6,61.2,6.1,0.65,2.94,4,0,0,1,0
0,38,90.9,64,7.3,0.14,3.82,4,0,2,0,0
0,-2,90.5,62.7,6.3,0.12,3.04,4,2,1,0,0
0,21,109.8,75.4,7.4,-0.11,3.08,4,0,0,1,0
0,23,92.6,74.3,7.4,-0.11,2.64,4,0,1,1,0
0,-41,62.9,69.1,7.1,-0.97,2.15,3,1,2,1,0
0,26,78.5,60.2,8.1,1.07,1.4,3,2,2,0,0
0,-33,81.2,65.7,5.8,0.93,2.73,3,0,2,0,0
0,50,77.9,69.2,6,0.04,3,3,2,2,1,0
0,9,94.9,67.4,7,-0.23,2.25,3,0,0,1,0
0,48,83.8,70.7,8.2,-0.4,1.73,2,0,0,1,0
0,-9,71.8,60.4,6.3,-0.83,2.6,2,1,1,0,0
0,44,77.7,78.4,6.6,-0.2,2.96,2,1,0,1,0
0,6,93.2,69.7,7,0.23,2.84,2,0,1,1,0
0,-12,86.3,68.5,7.9,0.65,2.61,2,0,0,0,0
0,-75,79.9,73,5.9,-0.48,2,1,1,1,0,0
0,9,104.9,79.8,8.2,0.26,1.85,1,2,2,1,0
0,1,106.8,85.4,6.8,-0.57,2.95,1,1,2,1,0
0,-18,88.9,74.4,7.1,0.55,2.17,1,2,1,0,0
0,16,89.1,72.9,6.6,0.32,1.69,1,2,1,1,0
0,5,97.9,83.4,7.2,-0.55,2.13,10,1,0,1,0
0,8,89.4,74.1,6.8,0.19,2.64,10,2,2,0,0
0,4,101.1,71.1,7.2,0.05,1.82,10,0,1,0,0
0,-4,72.6,75.3,8.2,0.69,1.63,10,1,2,0,0
0,-35,83.6,70.8,6.9,0.19,2.3,9,1,1,0,1
0,21,102.5,71.3,7,-0.41,2.34,9,0,0,0,1
0,-26,77,66.4,8.2,-0.5,1.42,9,2,2,1,0
0,2,104.8,79.3,7.5,-0.6,2.29,8,2,0,0,1
0,-8,94.7,74.4,7.3,0.02,2.52,8,0,1,0,1
0,-12,101,86.8,7,0.12,2.39,8,0,0,1,1
0,4,97.6,76.7,7,0.06,2.13,8,2,2,1,0
0,-22,76,70.7,6.6,-0.49,2.81,7,1,2,0,0
0,17,110.5,78.8,8.2,0.53,1.89,7,3,2,1,0
0,-12,91.7,68.8,7.3,0.4,1.9,7,1,1,1,0
0,13,104.9,67.5,7,-0.16,2.99,6,1,1,0,0
0,27,102.8,68.8,7.5,0.52,1.93,6,1,2,0,0
0,-30,69.2,75.7,7.1,-1.17,1.53,6,2,2,1,0
0,16,99.7,71.7,6.5,-0.57,3.05,6,0,0,0,0
0,-7,88.2,67.8,8,0.17,1.71,6,0,1,0,0
0,22,103.8,70.3,7.3,0.34,2.16,6,2,2,0,1
1,28,101,72.1,7.6,0.01,1.52,6,1,1,1,1
0,10,74.4,64.1,7.6,1.48,2.15,6,2,2,0,1
1,33,109,75.7,8.4,0.38,2.56,6,0,0,1,1
0,14,105.5,71.9,7.6,-0.45,2.03,5,2,0,1,0
0,16,90.3,71.6,6.6,0.46,2.45,5,2,2,1,0
0,-26,34.5,11.9,2,0.36,1.84,4,0,0,1,0
0,42,100.3,75.8,7.2,-0.32,2.5,4,3,2,1,0
0,-28,79.9,80.7,7.4,-0.65,2.3,4,2,2,1,0
0,0,56.6,70.2,8.6,-0.01,1.29,4,0,1,0,0
0,42,74.9,67.5,5.7,0.17,3.42,4,1,2,1,0
0,32,91.7,66.2,6.3,0.77,2.88,3,1,1,1,0
0,37,86,69.7,6.8,1.05,2.09,3,3,2,1,0
0,0,99.8,70.8,7,-0.1,2.26,3,3,2,0,0
0,36,95.8,77.4,8.4,0.03,2.33,3,2,1,0,0
0,49,85.1,67.8,7,-0.43,3.2,3,1,1,1,0
0,31,94.3,69.9,7.1,0.7,3.06,2,0,0,0,0
0,36,92.8,78.6,7.1,-0.02,2.51,2,0,0,1,0
0,-15,78.5,75.6,6.8,-0.22,2.5,2,1,1,0,0
0,-7,93.8,62.8,6.4,-0.08,2.08,1,2,2,1,0
0,34,98.5,69.3,7.8,-0.43,1.37,1,2,2,0,0
0,-1,93.2,69.6,7.3,-0.85,2.56,1,1,1,1,0
0,9,94.2,71.6,6.8,0.21,2.59,1,0,0,0,0
0,13,107.8,72.3,7.6,-0.41,2.16,10,1,2,0,0
0,23,93,66.6,7.3,0.18,2.35,10,0,0,0,0
0,41,83.5,67,5.6,0.3,3.22,9,2,0,1,0
0,-12,96.9,79.5,7.5,-0.45,2.4,9,0,0,1,0
0,6,102.8,77,8.3,-0.01,1.62,9,2,2,1,0
0,20,96.5,63.8,6.8,0.51,1.99,9,1,1,0,0
0,-19,66,77.1,8,-0.34,1.72,9,1,1,1,0
0,41,102,75.3,7.1,0.45,2.35,8,1,2,0,0
0,1,100.5,74.9,7.1,-0.04,2.64,8,0,0,0,0
0,14,88.1,65.3,6.8,-0.34,2.82,8,1,2,0,0
0,-8,107.9,73.3,7.3,-0.83,2.19,8,3,2,1,0
0,-17,107.4,71.1,6.2,0.2,2.04,7,1,1,1,0
0,-30,62.2,73.5,7.8,0.71,2.51,7,0,0,0,0
0,1,99.8,68.1,7,0.52,2.8,7,0,1,0,0
0,-14,90.3,61.6,7.3,0.01,2.17,7,1,2,0,1
0,23,105.2,75.1,7.7,0.11,2.57,7,2,2,0,1
0,-18,65.4,72,7.4,0.74,1.47,6,1,2,0,0
0,-4,105.1,68.4,7.5,0.17,2.28,6,1,1,0,0
0,-35,61.6,74,8.3,0.59,1.57,6,0,0,0,1
0,70,74.2,74.5,7.4,-0.02,2.86,6,2,2,0,1
0,4,97.5,63.1,5.7,0.47,2.11,5,3,2,0,1
0,-12,91.5,65.2,5.9,-0.21,2.62,5,2,2,1,1
0,-23,89.8,73.8,7.2,0.04,2.51,4,2,2,0,1
0,2,82.5,77.3,8.3,-0.27,1.4,4,0,1,1,1
0,-2,94.1,69.4,7.6,-0.38,1.8,4,0,2,0,1
0,7,97.9,68.1,6.7,0.35,3.16,4,0,2,0,1
0,28,88.7,65.2,8,0.46,1.71,4,1,2,0,1
0,45,92.5,72.2,6.3,-0.4,2.55,3,0,1,1,1
0,47,85.5,64.8,6.8,0.55,2.23,3,0,0,0,1
0,-56,83.4,70.7,6,0.54,2.11,3,0,2,0,1
0,18,100.7,72.6,7.6,-0.73,2.24,2,2,1,0,1
0,36,69,63.5,9,0.5,2.02,2,2,2,0,1
0,26,95.6,65.3,6.9,-0.31,1.69,2,0,2,0,1
0,17,58.6,75.2,7.4,1.45,2.46,2,3,2,1,1
0,-14,99.7,73.8,7.3,0.28,2.96,2,1,0,0,1
0,31,84.7,67.4,6.7,-0.12,2.91,2,2,2,0,1
0,79,84.6,71.6,7.7,-0.55,2.6,2,0,0,0,1
0,-17,71.1,75,7.8,0.73,1.54,1,2,2,0,1
0,-4,80,66.8,6.6,-0.51,1.89,1,1,2,1,1
0,-9,95.9,64.3,6.3,-0.08,2.88,1,1,2,0,1
0,10,94.2,63.3,5.7,-0.3,3,1,1,1,1,1
0,32,99,74.8,7,0.63,3.19,9,1,0,0,1
0,-12,104.3,73.2,7.1,0.31,1.85,9,2,1,0,1
0,76,75.1,63.4,6.5,0.16,3.1,9,2,2,1,1
0,68,95.5,77.1,6.7,-0.57,2.62,9,1,1,0,1
0,77,71.2,74.5,7,-0.55,2.54,9,1,0,0,0
0,62,81.6,62.6,7.9,0.6,2.24,9,0,1,0,0
0,15,66.8,68.8,7.6,0.01,1.28,9,1,1,0,0
0,9,101.4,72.7,7.8,0.57,2.29,8,1,1,0,0
0,20,106.3,74.9,8.3,0.53,1.84,8,1,1,0,0
0,45,76.4,73.7,7,0.42,1.78,8,1,2,0,0
0,-39,66,64.6,7.6,0.8,1.8,8,0,1,0,0
0,-11,96.3,64.8,6.9,-0.38,2.12,8,0,0,1,1
0,13,102.2,77,7.3,-0.95,1.82,8,2,2,0,1
0,6,86,69.8,7.2,-0.47,1.37,7,1,0,1,0
0,67,71.3,62.8,7.8,0.9,2.52,7,3,2,0,0
0,32,97.6,69,6.7,-0.41,2.77,7,0,1,1,0
0,32,98,69.7,6.7,-0.14,3.4,7,3,2,0,1
0,40,95.2,66.5,6.7,-1.05,2.28,7,2,1,0,0
0,13,90.3,60.2,6.4,-0.38,2.45,7,1,1,1,0
0,38,80.9,69,8.3,0.6,1.8,6,0,0,0,0
0,9,103.3,73.8,7,-1.21,2.64,6,1,2,1,0
0,49,93.5,79.3,6.9,-0.05,2.35,6,3,2,0,0
1,21,106,70.9,7,0.39,2.15,6,0,0,1,0
0,-18,89.6,67,7.8,-0.71,2.02,6,1,1,1,0
0,31,104.5,77.7,7.3,0.05,2.5,6,0,0,1,0
0,-3,79.9,69.5,6.7,-1.34,2.73,6,0,0,0,0
0,-17,94.1,72,6.6,0.07,2.28,6,3,1,1,0
0,22,73.8,65.5,6.4,0.44,2.1,6,1,2,1,0
0,-31,57.5,78.2,7.6,0.59,2.54,5,1,0,0,0
0,-5,101.4,69.9,6.9,-0.29,2.35,5,0,1,1,0
0,82,84.9,74.2,7.9,-0.13,3.05,5,0,0,0,0
0,72,88.4,71.3,7.4,-0.57,2.17,5,0,1,0,0
0,-19,93.1,62.2,6.2,0.03,2.75,4,1,0,0,0
0,-11,95.4,60.9,5.2,-0.85,3.93,4,1,2,1,0
0,28,85.7,71.7,6.7,0.31,3.4,4,0,0,1,0
0,-16,98.1,68.5,6.6,-0.71,2.32,4,1,1,1,0
0,17,100.7,75.8,7.7,-0.29,1.86,4,0,0,1,0
0,18,83,61.1,5.8,-0.76,3.26,4,3,2,0,0
0,2,95.3,75.6,7.3,0.14,1.81,4,2,2,1,0
0,56,85,79.9,7.2,-0.66,1.88,3,1,0,0,0
0,21,102,76.8,7.5,-0.37,1.76,3,1,0,0,0
0,-3,27.4,7.2,1.6,0.2,2.93,3,0,0,1,0
0,21,100.5,73,7.5,0.01,2.14,3,2,1,0,0
0,-6,96.1,65,6.8,0.68,1.74,3,1,2,0,0
0,8,92.7,71,5.7,-0.63,3.02,3,1,1,0,0
0,-10,91.4,73.6,6.5,0.26,2.09,2,2,1,1,0
0,49,91.5,67.8,7.2,0.61,2.42,2,0,0,1,0
0,42,93.8,71.4,6.6,-0.01,3.52,2,0,2,0,0
0,15,103.9,74.2,7.1,-0.42,2.86,2,2,1,1,0
0,48,86.7,65.7,6.6,-0.69,3.11,2,0,0,0,0
0,9,104.7,77.1,7.2,-0.04,2.58,1,2,0,1,0
0,28,88.6,79.4,7.5,0.56,2.26,1,1,0,0,0
0,59,85,72,6.7,0.09,3.23,1,1,2,0,0
0,-11,86.4,74.5,8.1,-0.36,1.84,1,0,0,1,0
0,8,72,64.1,6.7,-0.98,2.84,1,3,2,0,0
0,-29,95.1,70.5,7,-0.15,1.73,1,2,1,0,0
0,52,88.6,70.8,6.9,-0.56,3.42,9,3,2,0,0
0,33,61.1,68,6.1,-0.41,3,9,2,1,0,0
0,-30,76.7,66.2,8.4,-0.52,2.05,8,3,2,1,0
0,19,65.8,69.3,7,-0.64,1.86,8,2,1,1,0
0,32,89.2,74.7,7.3,-0.63,2.26,8,1,1,1,0
0,-24,92.8,65.7,7.4,-0.63,2.66,8,2,2,1,0
0,-76,55.4,67.8,7.1,0.86,3.16,8,0,0,0,0
0,4,76.9,61.9,5.7,-0.12,2.3,7,3,2,1,0
0,20,83.9,70.9,7.5,-0.61,2.24,7,1,2,0,0
0,32,89.2,69.8,7.3,-0.35,2.39,7,3,1,1,0
0,13,105,73.6,7.4,0.37,2.66,7,0,1,0,0
0,34,101.4,74.1,7.6,-0.07,2.37,7,1,0,1,0
0,-13,104.5,75.4,6.9,0.04,1.99,7,3,1,1,0
0,16,102.1,70.6,7.4,0.31,2.36,7,0,2,0,0
0,53,82.5,66.6,5.8,0.88,3.73,7,2,2,1,0
0,42,94,81.6,7.7,-0.26,2.54,6,3,2,0,1
1,22,108.5,75.3,7.9,0.03,2.42,6,0,0,0,1
0,-2,91.7,79.5,7.9,0.06,1.89,6,0,0,0,0
0,61,85.9,75.5,7,0.67,2,6,2,2,1,0
0,-17,45.1,51.1,5.6,-1,3.18,5,0,1,0,1
0,76,69.4,68.2,8.7,0,1.55,5,1,2,0,1
0,-59,67.7,69.7,6.9,-0.35,2.03,5,2,2,1,1
0,18,100.8,70.8,7.4,0.01,3.08,5,1,0,0,1
0,-29,87.5,61.7,7.4,0.01,1.63,5,0,2,1,0
0,47,76.1,69,6.4,-1.09,3,4,0,2,0,1
0,-1,96.7,66.8,6.1,0.11,3.05,4,0,2,0,1
0,7,103.2,73.9,8.3,-0.24,1.61,4,0,2,0,1
0,-26,96.3,67.7,6.9,0.33,2.49,4,2,1,1,1
0,0,111.2,77.4,8.3,-0.05,1.78,4,0,2,0,1
0,37,60.1,65.1,6.5,0.65,3.14,4,0,0,1,0
0,44,76.4,83.4,7.6,0.81,2.34,4,3,1,1,0
0,10,58.9,61.2,5.7,-0.51,3.71,3,0,2,0,0
0,0,93.1,69,6.8,0.45,2.19,3,1,1,0,0
0,27,52.7,72.2,6.5,0.41,3.2,3,1,1,1,0
0,22,92.6,68.1,6.7,0.01,3.05,2,0,1,0,1
0,72,87.9,70.8,8,0.57,2.65,2,0,1,0,1
0,16,98.6,64.3,6.3,-0.88,2.43,2,1,1,0,0
0,28,96.5,68,6.5,0.43,2.64,2,2,2,1,0
0,-5,74.9,73.1,7.2,1.2,2.82,2,0,0,0,0
0,6,109.6,76.2,6.8,0.72,2.01,1,0,0,1,1
0,-54,54.5,83.9,8.4,0.55,2.07,1,1,0,0,1
0,6,100,72.2,6.5,0.7,2.28,1,2,2,1,0
0,-1,93.4,67.9,7.2,-0.97,1.89,1,1,1,1,0
0,-44,58.9,74.6,6.8,-0.05,1.91,9,0,0,1,0
0,25,101.2,70.1,7.1,-0.25,2.53,9,0,1,0,0
0,1,102.6,70.1,8.1,0.24,1.12,8,2,2,0,0
0,21,76,70.1,7.2,-0.56,2.3,8,0,2,0,0
0,-4,72.5,67.6,7.9,0.91,1.39,8,1,2,0,0
0,51,77.6,74.2,6.8,-0.21,2.6,7,1,2,0,1
0,-70,56.3,68.3,7.7,0.83,1.79,7,2,2,0,0
0,17,95.9,75.6,8,0.02,1.68,7,1,2,0,0
1,31,101.9,70.6,6.3,0.18,3.32,7,2,1,0,0
0,-7,93.8,72.5,6.8,0.37,3.19,7,3,2,0,0
0,12,105.6,74.5,7,-0.39,2.61,7,0,0,0,0
0,54,81.4,68.7,6.7,-0.04,2.48,6,1,2,0,1
0,73,88.6,72.4,8.2,0.01,2.98,6,1,2,0,1
0,-30,83.9,68.1,7.2,0.07,2.45,6,2,2,0,0
0,60,70,73.7,7.8,0.49,1.69,6,0,0,0,0
0,59,89.1,75.3,7.4,-0.06,2.29,5,2,0,1,1
0,17,55.6,70.1,6.3,-0.52,3.09,5,0,1,0,0
0,-14,101.5,74.3,7,-0.02,2.28,5,0,0,0,0
0,29,91.1,75.5,7.1,0.2,2.34,5,1,1,1,0
0,-22,95.2,77.3,7.3,-0.38,2.66,4,1,0,0,0
0,-8,21.8,7.2,0.9,0.21,2.82,4,0,0,1,0
0,32,97.6,69.9,7.5,0.23,2.3,4,0,0,0,0
0,65,88.1,73.6,7.6,0.82,3.39,4,1,2,0,0
0,24,94.8,69.3,6.7,0.11,3.43,4,2,2,0,0
0,67,79.4,70,8.5,-0.54,1.91,3,2,2,1,0
0,62,86.6,75.2,8.6,-0.07,2.38,3,1,2,0,0
0,-11,96.4,73.8,8,-0.24,1.39,3,0,1,1,0
0,-14,88.3,69.9,7.7,0.01,2.59,3,2,1,0,0
0,-54,25.4,6.6,0.9,0.48,3.58,3,0,0,0,0
0,22,72.9,71.1,6.1,-0.05,3.22,3,1,1,0,0
0,-16,109.8,75.8,7.8,0.07,1.67,2,2,0,0,0
0,-43,71,63.8,7.3,0.95,2.08,2,1,2,0,0
0,-15,96.3,68.2,7,0.36,1.58,2,1,2,0,0
0,38,103.2,72.2,6.9,0.27,3.08,2,0,0,0,0
1,28,106.2,75.7,8.1,-0.33,1.73,1,1,2,1,0
0,26,102.9,73,7.6,0.15,2.85,1,2,2,0,0
0,-6,74.3,74.7,7.8,-0.03,1.64,1,1,2,1,0
0,36,84.5,71.9,7.8,-0.61,1.44,1,3,2,0,0
0,43,99.6,70.6,7.1,-0.2,3.55,1,2,0,0,0
0,11,81,68.8,7.7,1.05,2.92,1,1,2,0,0
0,17,109.2,82.3,6.9,-0.09,2.36,9,0,0,0,0
0,-17,93.6,71.5,7.8,-0.27,1.23,9,0,0,1,0
0,-35,80.7,64.7,7.2,-0.92,1.96,9,1,2,1,0
0,-62,50.6,71.3,7.7,-0.44,1.88,8,1,1,1,0
0,19,95.3,71.4,6.8,0.57,3.14,8,3,2,0,0
0,37,96.2,75.5,6.7,0.26,2.46,8,1,1,0,1
0,21,79.7,63,7.8,-0.5,2.54,8,3,2,0,1
0,-41,74.8,70.6,6.6,0.79,2.27,8,1,2,0,1
0,24,68.9,60.6,6.8,-0.28,1.28,7,0,2,1,0
0,10,69.8,65.2,7,-1.2,3.7,7,1,1,0,0
0,44,62.9,71.9,6.7,-0.49,3.29,7,0,0,0,1
0,-3,104.1,73.1,7.5,-0.01,1.95,7,0,0,0,1
0,15,102.4,69,6.9,0.06,4.09,7,1,2,0,1
0,-17,102.4,68.5,7.2,-0.47,2.86,6,0,0,0,0
0,16,97.1,66,6.4,-0.22,3.12,6,0,0,1,0
0,-11,98.4,72.5,8,-0.61,1.92,6,0,1,0,0
0,-13,101.5,70.5,7.2,-0.39,1.63,6,2,1,1,0
0,49,92.8,75.1,7.5,0.52,2.84,6,2,2,0,0
0,-31,83.7,85.6,8.1,0.32,2.46,6,1,0,0,1
0,30,83.7,66.6,8.2,0.76,2.08,6,1,2,0,1
0,30,81.4,71.1,6.3,-1.1,2.72,6,0,2,0,1
0,-16,101.4,75.8,7.6,-1.05,1.72,5,2,2,0,0
0,-37,99.8,71.8,7.3,-0.11,1.51,5,0,1,0,1
0,-18,103,73.6,7.4,-0.46,1.91,4,0,0,1,0
0,-27,98.6,76.9,7.9,0.17,1.47,4,1,0,0,0
0,-43,57.3,70.2,6.5,-0.31,2.34,4,1,0,0,1
0,37,92.4,77,6.6,-0.46,2.79,4,0,0,0,1
0,21,94.3,64,6.1,0.45,2.28,3,2,2,1,0
0,-19,91.9,73,6.8,-0.12,1.57,3,0,1,1,0
0,16,102.7,69,7.4,0.02,2.83,3,1,2,0,1
0,39,84.8,73.6,7,-1.19,2.38,3,0,2,1,1
0,50,95.2,65.5,7.5,-0.85,2.21,2,3,2,0,0
0,-4,102.2,72.4,6.7,-0.35,2.31,2,2,1,0,1
0,-10,85.7,68.9,6.9,-0.38,2.86,2,2,2,0,1
0,3,68.3,66,5.6,-1.23,2.76,2,1,1,0,1
0,-23,101.6,71,6.7,-0.22,1.96,1,0,0,1,0
0,69,65.6,70.6,8.5,-0.11,2.66,1,2,2,0,0
0,-24,105.9,74.3,6.9,-0.09,2.15,1,2,1,1,0
0,0,106,73.9,6.9,-1.01,1.86,1,0,1,0,1
0,28,91.6,66.7,7.4,0.48,1.35,9,0,0,1,0
0,-12,84.4,77.9,7.7,-0.14,2.1,9,1,1,1,0
0,-32,55.8,69,6.6,0.59,2.98,8,0,1,1,1
0,11,101.4,68.4,6.6,-0.29,3.22,8,2,2,0,1
0,51,90.4,74.9,7.1,-0.25,3.36,8,2,1,0,1
0,-32,79,70.2,7.6,0.08,1.59,8,1,2,1,0
0,-32,72.7,46.1,5.2,-0.19,3.48,8,0,1,1,0
0,7,101.3,72,7.3,0.16,2.56,8,0,0,1,0
0,24,81.1,73.1,8.3,0.79,2.18,7,2,2,0,0
0,20,80.2,78.7,7.3,0.72,2.16,7,0,0,0,0
0,-5,105.4,71.6,6.6,0.31,2.35,7,1,2,0,0
1,25,101.5,78.3,8.6,0.7,2.75,7,0,1,0,0
0,-21,71.6,69.6,6.9,-0.46,2.16,7,2,1,0,1
0,-23,103.7,66.4,5.3,-0.27,3.72,7,1,2,0,0
0,84,77.6,67.8,6.8,0.05,4.02,6,2,2,0,1
0,48,95.2,77.4,7.9,0.16,2.99,6,3,1,0,1
0,-15,83.9,68.4,7.5,0.63,1.7,6,1,1,0,1
0,-16,68,75,8.6,0.25,1.47,5,1,1,0,1
0,29,66.5,76.6,7.6,-0.04,4.27,5,0,0,0,1
0,-13,99.3,70.3,7,-0.49,2.32,4,1,2,1,1
0,-8,88.2,71.7,7.6,0.17,2.22,4,2,2,0,1
0,11,112,78.4,8.1,0.03,2.69,4,3,1,0,0
0,-10,87.1,71.6,6.2,0.5,2.11,4,3,2,1,0
0,3,37.7,61.6,5.5,1,3.42,4,0,1,1,0
0,-34,84.3,72.8,7.8,0.48,1.76,3,2,2,0,1
0,-14,87.1,80.3,8.5,0.11,1.59,3,0,0,0,1
1,26,109,74.8,6.4,-0.31,3.63,3,1,1,0,1
0,29,105.3,75.3,8,0.03,1.85,3,1,1,0,1
0,8,88.1,64.6,5.7,-0.58,2.76,3,1,1,0,1
0,20,109.7,79.5,8.3,0.63,2.87,3,0,1,0,1
0,12,78.6,73.2,6.6,-0.14,2.51,3,2,2,0,1
0,13,95.5,70.9,6.6,0.18,2.57,3,2,2,1,1
0,66,87.3,72,7.6,0.36,2.29,3,0,0,0,1
0,-58,46.4,62.4,8.5,0.19,1.49,2,2,2,0,1
0,-8,99.5,77.5,7.9,0.48,2.65,2,2,1,0,1
0,8,108.6,73.8,6.7,0.09,2.33,2,2,0,1,0
0,34,96.9,71.9,6.9,-0.89,2.93,2,3,2,0,0
0,-12,100.3,74.5,7,-0.22,2.1,2,3,1,1,0
0,-16,89.1,74.1,7.2,-0.16,2.09,1,2,2,0,1
0,37,100.8,75.5,7.2,0.1,2.7,1,2,1,0,1
0,24,87.8,72.5,7.5,-0.03,1.81,11,2,1,1,1
0,31,89.3,68.8,8.1,0.33,2.26,11,0,0,0,1
0,12,113.6,83.9,7.8,-0.19,2.4,11,0,0,0,1
0,18,84.4,67.9,7,-0.25,1.68,11,2,2,0,0
0,2,104.4,77.8,7.7,0.25,1.57,11,1,0,0,0
0,13,88.5,66.2,7.6,0.49,2.16,11,0,0,1,0
0,11,96.3,73.2,7.8,0.22,1.36,11,0,1,1,0
0,15,108.3,74.2,7.7,-0.24,1.43,11,2,1,0,0
0,8,103.3,68.9,7.8,-0.16,2.08,10,3,2,0,1
0,30,95.2,67.9,7.2,-0.13,2.39,10,0,0,0,1
0,40,76.5,70,6.3,0.28,2.19,10,1,2,1,0
0,24,85.8,59.1,8.3,1.05,1.63,10,0,2,0,0
0,56,89.1,83.5,7.6,-0.11,2.94,10,1,1,1,0
0,2,107.6,76.4,7.3,-0.18,2.39,9,0,0,1,1
0,51,86.7,71.2,8.7,0.86,2.51,9,0,0,0,0
0,0,70.4,73.4,8.2,0.45,1.7,9,0,1,1,0
0,-26,89.2,63.1,6.2,-0.84,1.73,8,1,0,0,0
0,-37,66.4,63.8,7.4,-0.22,1.56,8,1,1,1,0
0,-1,86.9,73.5,6.7,-0.69,1.87,8,0,2,0,0
0,-15,97.3,75.8,6.5,-0.59,2.09,8,2,2,0,0
0,44,92.5,73.2,7.3,-0.08,2.12,8,2,1,1,0
0,48,40.1,58.2,5.4,-0.87,2.77,8,1,2,0,0
0,-7,92.1,70.3,7.4,0.13,1.99,7,1,0,1,0
0,18,100.6,75,7.7,0.51,2.35,7,0,0,0,0
0,1,99.7,74.6,7.3,-0.25,1.81,7,3,2,0,0
0,14,93.3,67,7.3,-0.45,2.49,7,3,2,1,0
0,56,100,70.8,8.2,0.3,2.94,7,1,2,0,0
0,33,98,74.3,7.8,-0.24,1.48,6,0,1,1,0
0,40,73,70.5,7.6,0.91,2.39,6,0,1,0,0
0,69,86.8,67.6,6.9,0.2,2.97,6,0,1,1,1
0,-6,95.5,64.1,6.6,-0.42,2.03,6,1,2,1,1
0,34,101.4,76,8,-0.28,2.35,6,0,1,0,1
0,14,105.9,70.3,6.4,0.49,3.12,5,1,2,0,0
0,21,73.7,72.1,6.9,1,2.92,5,1,0,1,0
0,-1,93.5,69.6,7,0.04,3.11,5,2,2,0,0
0,-62,47.7,44.8,6.7,0.66,2.51,5,0,0,0,0
0,8,92.2,70,7.7,0.57,2.7,5,3,1,0,0
0,42,88.1,71.8,7.2,-0.41,1.74,5,0,1,1,0
0,12,96.2,75.4,8.3,0.72,1.84,5,2,2,0,0
0,24,98.2,71.3,6.9,0.28,2.84,5,2,1,1,0
0,8,83.4,72.2,7.5,0.41,1.33,4,3,2,1,0
0,19,98.8,69.6,7.8,0.43,2.36,4,0,0,0,0
0,-50,57.6,65.7,7.5,-0.66,2.81,4,3,2,1,0
0,6,85.5,75.2,8.3,0.09,2.1,4,0,0,1,0
0,-19,99.8,72.3,6.8,0.86,2.68,4,2,2,0,0
0,38,88,71.8,7.2,-0.17,2.06,4,1,2,1,0
0,43,88.3,62.6,7.9,0.22,2,3,3,2,1,0
0,25,94.9,73.3,7.5,0.45,2.71,3,0,0,0,0
1,25,104.7,75.3,7.4,0.01,3.15,3,1,1,0,0
0,3,103.1,71.6,7.4,-0.56,2.31,3,1,1,0,0
0,0,95,65.6,7.6,0.63,2.2,3,2,1,0,0
0,-14,103.5,74.1,6.8,-0.12,2.42,3,0,1,0,0
1,24,105.4,78.1,7.6,0,2.89,3,2,1,1,0
0,14,81.3,75.7,7.7,-0.24,2.85,3,1,1,0,0
0,30,101.6,73.5,7.6,-0.12,2.06,3,0,1,1,0
0,17,106.8,74.6,7,-0.55,3.52,2,2,2,1,0
0,14,74.8,62.3,5.9,-0.59,2.8,2,0,2,0,0
0,28,102,71,7.1,-0.67,2.75,2,1,1,1,0
0,33,93.8,72.6,7.1,-0.32,2.34,2,0,1,1,0
0,-41,85.1,78.2,6.5,-0.42,2.23,2,2,1,0,0
0,2,98.4,71.3,7.5,-0.19,1.48,2,1,1,1,0
0,62,58.4,70.5,6.6,-1.06,2.84,2,0,0,0,0
0,-4,93.7,74.1,7.6,0.03,2.69,1,0,0,0,0
0,58,93.1,73,7.4,0.35,2.17,1,0,0,1,0
0,22,94.8,68.7,6.6,-0.64,2.72,9,2,2,1,0
0,30,100.2,76.8,7.9,0.07,2.27,9,0,1,0,0
0,14,67.1,68,8.9,-0.72,0.99,9,1,2,1,0
0,13,107.6,75,8,-0.31,2.3,9,1,2,1,0
0,37,91,74.9,7.9,-0.05,1.36,9,0,0,1,0
0,-54,42.4,63.2,7.3,-0.14,2.78,8,2,1,1,1
0,25,97.4,76.1,6.7,0.16,3.5,8,1,0,1,1
0,35,95.4,68.1,7.4,-0.57,2.15,8,0,2,1,0
0,-29,103.3,82.5,7.5,-0.1,2.03,8,1,0,0,0
0,17,83.2,69.5,6.5,-0.66,2.63,7,3,1,1,0
0,25,95.7,86.9,7.2,-0.36,3.08,7,3,1,0,0
0,6,96.7,67.3,7,-0.73,2.17,7,0,2,1,0
0,14,80.7,71.4,6.7,0.61,2.96,7,2,2,1,0
0,-28,86.7,63.2,6.3,-0.36,2.29,7,1,2,1,0
0,-26,86.5,73,6.8,0.42,1.95,7,1,1,1,0
0,9,97.9,66.8,8.3,0.02,1.6,7,1,2,0,0
0,18,103.1,74.6,7.4,0.45,2.66,7,2,0,1,0
0,2,112.6,76.7,7.4,-0.12,2.19,7,3,1,0,1
0,-19,93.8,63.1,6.6,0.22,2.03,7,0,0,1,1
0,-45,66.5,57.5,5.5,-0.55,3.15,7,1,2,0,1
0,13,103.7,85.3,7.9,-0.23,1.95,7,0,0,0,1
0,2,94,62.1,5.9,-0.13,2.38,7,3,2,1,1
0,39,57.6,58.4,6.3,0.64,2.4,6,0,1,1,0
0,18,87.7,70.5,7.3,-0.19,2.36,6,1,1,0,0
0,-22,88.3,67.5,6.1,1.09,2.22,6,2,1,1,0
0,53,91.7,73.3,7.1,0.62,2.9,6,1,1,0,0
0,10,104.6,70.3,6.8,-0.39,2.64,6,0,0,1,0
0,9,93.8,76.5,7.2,1.06,2.22,6,3,1,1,1
0,-35,73.3,74.5,7.9,1.02,1.9,6,3,2,0,1
0,14,103.2,75.7,7.8,-0.45,3.16,6,0,0,1,0
0,-17,84.9,71.1,7,-0.01,2.8,6,2,2,1,0
0,10,85.6,69.8,6.7,0.41,2.83,5,2,2,1,0
0,37,103.7,75.9,7.3,0.2,3.67,5,3,1,1,0
0,16,98,65.6,6.6,0.37,2.24,5,1,2,0,0
0,71,77.9,73.3,8.7,-0.01,1.39,5,0,0,1,0
0,11,94.5,69.8,6.1,-0.54,2.88,5,2,1,0,0
0,25,99.9,73.6,6.9,-0.41,2.65,5,3,2,1,0
0,-1,101.3,78.9,7.1,-0.37,2.15,5,1,0,1,0
0,31,92.8,61.3,5.7,0.39,2.96,5,1,2,1,0
0,-8,81.7,79,7.7,-0.17,2.64,4,0,0,1,0
0,50,89.4,70.1,6.9,-0.77,3.23,4,3,2,1,0
0,26,103.2,73.8,6.9,-0.08,2.33,4,0,0,1,0
0,-13,90.8,74.3,7.6,0.7,2.17,4,2,2,0,0
0,56,88.4,75.2,7.4,-0.15,2.73,4,1,1,1,0
0,22,102,66.2,6.5,-0.27,2.73,3,2,0,1,0
1,21,114.6,81.2,8.2,0.56,2.17,3,2,1,1,0
0,-11,95.3,63.6,6,-0.18,2.03,3,1,0,0,0
0,37,97.8,71.7,8.3,-0.31,1.58,3,1,2,1,0
0,58,74.3,67,6.4,0.02,3.23,3,1,2,1,0
0,32,99,71.2,7,-0.95,2.97,3,1,2,1,0
0,33,91.2,70.5,7.1,0.11,3.08,2,1,0,0,0
0,35,102.1,75,6.6,0.19,2.76,2,1,0,1,0
0,-5,93.5,72.1,6.9,-0.65,1.92,2,0,2,0,0
0,-13,94.6,73.8,6.9,-0.32,2.7,2,1,2,1,0
0,20,96.7,62.2,5.9,0.06,3.13,2,1,2,1,0
0,-3,102.2,73.1,7,-0.21,2.57,2,0,0,1,0
1,31,109.8,76.3,6.9,0.13,3.06,2,0,0,1,0
0,51,92.3,75,8.3,0.35,1.96,2,1,1,0,0
0,31,78.9,63.5,7.6,0.39,1.27,1,0,2,1,0
0,7,109.5,77,7.6,-0.11,2.06,1,0,0,1,0
0,-28,106,71.3,7.3,0.06,1.32,1,0,1,0,0
0,4,100.6,75.3,7,-0.48,2.97,1,1,1,1,0
0,44,101.5,76.4,7.6,-0.3,2.84,1,1,2,1,0
0,83,81.3,78.5,7.3,0.06,2.99,1,1,2,1,0
0,28,79.7,63.7,5.8,0.13,2.75,1,1,0,1,0
0,23,100.1,72.3,7.3,-0.54,2.06,9,2,2,0,0
0,44,93.6,76.3,7.7,0.17,2.25,9,0,1,1,0
0,73,92.5,71.7,7.4,0.83,3.38,8,0,0,0,1
1,28,109,77.3,7.7,0.28,2.26,8,0,0,0,0
0,-28,101.2,71.2,7,0.13,1.23,8,1,2,1,0
1,29,107.9,74,7.9,-0.34,2.81,8,0,0,1,0
0,16,99.1,68.7,8,-0.32,2.26,8,0,2,0,0
0,0,86.1,66.1,7.7,0.59,1.6,8,3,2,0,0
0,0,67.2,75.7,7.2,0.38,3.03,8,3,2,0,0
0,-13,103.2,71.2,6.7,0.15,2.6,8,0,0,0,0
1,36,101.2,74.1,8.1,0.96,1.4,8,1,1,1,0
0,69,84.1,71.3,8.4,0.7,2.63,7,3,2,0,1
0,-2,97.3,68.9,6.9,0.04,1.51,7,0,2,1,1
0,-15,92.9,67.7,7,-0.68,1.16,7,1,2,0,1
0,12,97.3,68.7,7.6,-0.1,1.99,7,1,0,0,1
0,39,80.6,65.3,7.4,0.21,3.32,6,1,0,0,1
0,-8,86.7,77.5,8.1,0.47,2.1,6,0,1,0,0
0,2,81.5,66.1,6.6,0.19,2.78,6,2,1,1,0
0,-39,50.3,81.5,8.3,-0.08,1.89,6,0,0,1,1
0,-35,99.9,73.6,7.1,0.47,2.58,6,1,2,0,1
0,15,93.3,72,7.4,1,2.86,5,0,2,0,0
0,26,81.2,65.7,6.9,-0.11,1.54,5,1,2,1,0
0,-20,86.2,74.7,7.1,0.41,3.44,5,2,0,0,1
0,21,84,65.9,6.6,-0.1,1.87,5,0,2,1,1
0,5,79.6,62.6,7.9,0.25,1.62,5,2,2,0,1
0,9,94.5,76.7,7.5,-0.42,2.45,4,3,2,1,0
0,4,104.7,79,7.9,-0.74,2.29,4,1,1,0,0
0,64,86.8,72.8,7.6,0.74,2.64,4,2,1,0,1
0,31,88.4,74.4,7,-0.94,2.73,4,1,0,0,1
0,32,106.3,76.6,8,0.18,3,3,0,0,0,0
0,56,99.6,72.9,7.1,-0.17,2.98,3,1,1,1,0
0,35,98.3,77.4,7.6,0.4,2.1,3,1,1,0,0
0,58,54.5,69.4,6.9,-0.78,2.77,3,0,0,0,1
0,-57,83.7,63.3,6.2,-0.6,2.34,3,0,0,0,1
0,78,95.9,75.3,7.7,0.36,3.25,2,0,0,0,0
0,-13,92.8,72.6,7,0.35,2.87,2,1,2,1,0
0,-12,82.1,73,7.3,-0.78,2.45,2,1,1,1,0
0,-31,68.9,75.2,7.6,-0.66,2.76,2,1,1,1,1
0,-1,85.7,67.5,7.2,0.92,2.32,2,1,1,0,1
0,23,92.4,66.6,6.7,1.27,4.35,2,1,2,0,1
1,25,106.4,71.6,7.1,-0.15,2.21,1,0,1,0,0
0,59,72.6,74,8.3,0.71,2.54,1,2,2,0,0
0,20,90.8,61.6,6.8,0.22,1.51,1,0,2,1,0
0,11,98.3,71.8,7.2,0.84,2.34,1,1,2,0,1
0,86,73.1,70.7,7.7,0.37,1.85,1,0,2,0,1
0,12,102.5,74.5,8.3,0.15,1.93,1,0,0,0,1
0,28,76.4,74.1,7.6,-1.04,3,9,0,1,1,0
0,4,104,75.3,7.5,-0.41,1.79,9,1,0,1,0
0,7,92.2,64.3,6.2,-0.34,2.09,9,1,2,0,0
0,31,88.3,73.2,6.5,-0.12,2.94,9,1,2,0,0
0,13,92.6,79,8.5,-1,2.37,9,3,1,1,0
0,9,112.6,78.4,7.8,-0.08,2.18,9,0,1,0,0
0,18,106.4,74.6,7.1,0.07,1.92,8,0,2,0,0
0,3,99.8,72.9,6.6,-0.61,2.87,8,1,1,0,0
0,37,63.7,67.1,6,0.79,3.51,8,0,0,1,1
0,5,101.9,72.6,7.1,-0.35,2.62,8,0,1,0,1
0,17,96.6,64.2,6.2,-0.47,2.42,8,1,1,1,0
0,14,75.2,70.1,7.1,1.15,2.12,8,1,0,0,0
0,-12,95.6,61.1,6.4,-0.05,1.59,7,1,0,0,0
0,-9,96.8,69.4,7.1,0.21,1.9,7,1,2,1,0
0,-8,90.5,69,6.1,-0.54,2.44,7,2,1,0,0
0,37,26.5,9.8,1.6,-0.15,2.22,7,0,0,0,1
0,4,92.7,64.8,6.8,0.72,1.71,7,1,2,1,1
0,-7,86.7,71.3,7,-0.25,1.97,6,0,0,0,0
0,12,110.7,78.4,7.6,0.18,2.1,6,0,0,1,0
0,-1,90,76,6.6,-0.32,2.52,6,1,0,0,0
0,-7,75.3,76.4,7.9,0.21,1.72,6,0,0,1,0
0,53,96.3,71.6,7.2,-0.14,2.56,6,2,0,0,0
0,34,93.8,81.3,7.6,0.33,2.25,5,0,0,1,0
0,6,97.5,65.2,5.7,-0.79,2.04,5,1,2,0,0
0,16,105.7,84.9,7.5,0.3,2.13,5,1,1,0,1
0,48,96.6,80.3,7.2,0.78,3.12,5,1,2,0,1
0,13,95.5,63.6,6,0.17,3.07,5,3,2,1,1
0,-20,97.6,74,6.9,-0.4,2.29,4,2,2,0,0
0,-13,72.4,73.5,7.4,-0.49,2.62,4,0,0,0,0
0,-9,101.2,74.9,6.8,0.11,2.47,4,1,2,0,1
0,37,90.4,71,7,0.86,2.65,4,1,1,0,1
0,64,77.3,71.8,7,0.16,3.5,3,2,2,1,0
0,3,96.3,76,6.7,-0.15,2.44,3,0,0,0,0
0,-24,66.1,77.1,8.3,-0.37,1.74,3,0,1,1,0
0,40,87.8,67.3,7.1,0.09,2.67,3,1,2,0,0
0,17,98.1,74.1,7.2,0.73,2.97,3,1,2,0,1
0,64,78.3,78.1,8.1,0.33,2.05,3,2,1,0,1
0,-21,68.4,70.1,7.3,1.09,2.02,3,2,2,0,1
0,-12,96.6,63.7,6.2,-0.89,1.89,2,0,0,0,0
0,75,65.6,67.1,7.7,-0.98,2.67,2,2,2,1,0
0,7,78.4,70.5,7.8,0.91,2.14,2,0,2,0,0
0,30,97.9,72.5,6.7,-0.19,2.67,2,0,1,1,1
0,32,96.4,66.8,6.3,-0.19,3.41,2,2,1,1,1
0,20,80.6,75.9,8.3,-0.01,1.42,2,1,1,0,1
0,-7,107.2,72.9,7.4,0.43,1.71,1,2,2,0,0
0,50,90.8,77.6,7.7,-0.16,1.99,1,0,0,1,0
0,-10,88.9,74,7.3,0.53,2.49,1,3,2,0,1
1,26,106.5,79.1,7.4,0.16,2.44,1,0,0,0,1
0,18,93.9,71.5,6.3,-0.36,2.71,1,1,1,0,1
0,49,93.9,70.8,6.7,0.02,2.82,1,0,0,1,1
0,4,77.7,75.5,7.8,0.61,2.2,9,1,0,0,0
0,-19,94.1,74,7.8,-0.35,1.52,9,2,2,1,0
0,15,65.4,57.1,8.9,0.7,1.59,8,0,2,0,0
0,-14,103,68.6,6.4,-0.33,1.74,8,2,1,1,0
0,64,80.5,70.6,6.1,-0.8,2.72,8,1,0,0,0
0,3,100.7,66.7,7,0.02,2.83,8,0,1,0,0
0,-17,94.2,77.7,7.2,1.09,2.24,7,2,2,1,0
0,42,84.5,81.4,7.2,0.13,2.5,7,3,2,0,0
0,9,102.2,73.5,7.6,-0.28,2.09,7,1,0,0,0
0,53,92.2,74.2,8.2,0.28,2.14,7,1,2,0,0
0,26,84.3,62.3,6.2,0.47,1.85,6,1,1,0,0
0,4,91.6,69.5,6.8,-0.2,2.48,6,2,2,0,0
0,-7,82.4,70.9,7.1,0.55,2.7,6,0,0,1,0
0,28,90.3,61.8,7.7,-0.58,1.61,6,2,2,1,0
0,44,92.2,66.8,7.9,-0.36,1.85,6,1,2,1,0
0,-4,73,71.4,8.1,-0.49,2.08,6,1,1,1,0
0,2,57.3,65.6,6.2,-1.14,2.71,5,0,0,0,0
0,20,100.2,75.8,7.5,0.16,2.56,5,0,0,0,0
0,27,99.8,64.5,5.8,0.34,2.8,5,3,2,1,0
0,2,103.5,70.3,6.5,-0.44,2.69,5,1,0,1,0
0,-37,71.7,68.7,6.3,0.5,1.41,5,1,0,0,0
0,-31,75.3,63.6,5.6,-0.71,2.61,4,0,0,0,0
0,28,90.5,78.9,7.7,-0.75,2.35,4,2,0,0,0
0,-6,105.7,73.6,7.7,0.61,2.08,4,2,1,1,0
0,19,90.8,68.8,6.8,0.6,1.73,4,1,0,1,0
0,40,59.5,62,6.4,0.41,2.6,4,1,0,1,0
0,48,90,74.7,7.6,0.17,2.75,4,0,1,1,0
0,-10,94.3,80.7,7.6,-0.18,2.63,3,1,0,0,0
1,26,95.5,73.3,7.3,0.37,2.29,3,3,2,1,0
0,39,76.8,73.9,6.2,-0.08,3.11,3,2,0,0,0
0,12,97.3,73.1,7.9,0.82,2.16,3,1,2,0,0
0,8,100.7,69.7,6.8,0.07,1.85,3,1,2,0,0
0,51,86.8,72.6,7.2,0.06,2.71,3,0,0,0,0
0,7,97.8,67.8,6,-0.34,2.54,3,0,1,1,0
0,-20,59.2,61.6,8.4,-0.21,1.95,3,1,1,1,0
0,29,84.6,66.1,7.5,-0.38,1.9,2,1,1,1,0
0,-15,67.1,75.6,7.5,-0.57,2.41,2,0,1,0,0
0,31,96.2,64.8,6.9,-0.6,3.12,2,0,1,0,0
0,43,100.6,72.8,7.7,0.34,2.24,2,0,0,1,0
0,26,98.4,70.4,7.5,0.34,2.35,2,0,1,0,0
0,-26,88.8,80.4,7.8,0.08,1.82,1,2,0,1,0
0,32,98.1,82.8,7.9,0.07,2.44,1,2,2,0,0
0,-38,85.2,68.6,6.6,0.06,2.1,1,1,1,1,0
0,41,90.4,71.8,6.5,0.09,2.93,9,1,0,0,0
0,-1,97.5,71.6,6.4,-0.26,2.5,9,0,0,1,0
0,-47,56.2,74.7,7.1,-0.3,1.65,8,1,1,1,1
0,-34,69.2,74.4,7.3,-0.23,1.26,8,1,2,1,0
1,31,109.1,78.8,7.7,-0.16,1.97,8,1,1,0,0
0,13,86.1,71.6,7.7,0.41,1.67,8,0,0,0,0
0,2,106.1,81.5,6.8,-0.23,2.51,8,1,0,1,0
0,-23,69.4,69.4,7.5,-0.04,1.59,8,0,2,1,0
0,19,94.6,77.8,7.2,0.05,2.77,8,0,1,1,0
0,25,100,70.8,7.3,0.32,3.25,8,0,2,0,0
0,-1,95,74.1,6,-0.53,2.97,7,1,1,0,0
0,-5,72,77.3,6.7,0.7,1.88,7,1,0,1,0
0,19,87.5,60.7,6.4,0.3,1.6,7,0,1,1,0
0,2,93.8,68.2,7,-0.53,2.96,7,2,1,0,0
0,25,91.8,69.7,7.6,0.22,1.96,7,1,2,0,0
0,18,79.7,70.1,7.5,0.3,2.13,7,3,2,0,0
0,18,94.7,61.6,7.6,-0.76,1.63,7,1,2,1,0
0,-50,60.6,71.7,7.1,0.77,1.96,7,3,1,0,0
0,13,102.5,73.2,6.6,-0.29,3.19,6,1,0,0,1
0,15,102.1,77.4,6.4,-0.33,2.61,6,1,0,0,0
0,20,84.3,83.1,7.4,-0.7,2.35,6,0,0,1,0
0,17,108.5,75.1,7,0.28,2.55,6,1,1,0,0
0,44,102.8,78.9,7.8,0.45,2.25,6,0,1,1,0
0,26,66.6,59.9,7.9,-0.41,1.18,6,0,2,1,0
0,11,98.4,73,6.6,0.41,2.48,6,1,1,1,0
0,-42,67.4,71.6,7.5,0.32,1.82,6,0,2,0,0
0,33,82.2,67.8,6.8,-0.35,2.38,5,1,1,1,0
0,-67,60.1,65.7,6.5,0.58,2.34,5,1,0,0,0
0,-1,106.4,75.6,7.4,0.45,2.79,5,0,0,0,0
0,5,63.9,68.3,6,-0.5,2.84,5,0,1,0,0
0,24,95.3,73.7,7.5,-0.6,1.82,5,0,0,1,0
0,17,92.3,68,6.9,0.63,2.56,5,1,2,0,0
1,20,117.9,81.8,7.8,-0.04,2.62,5,3,2,1,0
0,8,93.2,67.4,7.1,-0.5,2.1,5,1,1,1,0
0,22,89.2,73.5,7.3,0.66,2.02,4,1,0,0,0
0,49,82.4,68.5,7.7,-0.62,1.67,4,0,1,1,0
0,5,98.2,80.4,8.4,-0.13,1.83,4,0,0,0,0
0,54,103.2,78.5,7.3,-0.05,2.6,4,3,2,1,0
0,17,95.7,66.2,7.2,0.33,3.04,3,2,1,0,0
0,36,87.1,74.6,7,-1.11,3.09,3,0,0,0,0
0,-1,84.9,64.6,6.5,-0.26,3.24,3,3,2,0,0
1,32,99.8,73.7,6.5,0.12,3,3,0,1,1,0
0,38,95.7,72.2,7.2,0.29,2.64,3,1,2,1,0
0,67,83.2,74.1,6.9,0.09,2.73,2,1,1,0,0
0,13,92,71.8,6.9,0.1,3.62,2,2,2,0,0
0,39,102.9,76.5,7.6,0.21,2.16,2,1,1,0,0
0,4,88.2,73.9,6.4,0.52,2.41,2,1,1,1,1
0,5,103.1,87.8,7.3,-0.55,2.46,2,3,2,1,0
0,21,97.4,74.6,7.5,-0.08,3.1,2,0,2,0,0
0,5,86.1,72.9,7.4,0.66,1.78,1,1,2,0,1
0,-26,82.7,72.5,7.1,0.22,1.9,1,0,1,0,1
0,16,106.3,74.7,7.7,-0.25,2.26,1,1,1,0,0
0,50,86.6,77.2,7.3,0.16,1.96,1,1,1,1,0
0,7,97.5,74.3,6.9,-0.13,2.78,1,3,1,0,0
0,36,101.8,77.1,7.1,0.25,2.11,9,1,1,1,0
0,39,77.5,71.7,6.2,-0.95,2.77,9,1,2,0,1
0,-38,93.2,62.2,5,0.36,2.54,9,1,2,1,1
0,-34,87.6,73.3,7,0.27,1.79,9,0,0,0,1
0,28,102.4,75.2,7.9,-0.57,2.63,8,2,2,1,0
0,15,104.1,71,6.9,0.2,4.24,8,1,2,0,0
0,49,108.1,83,8.3,-0.1,2.86,8,1,1,0,0
0,-79,65,71.6,6.5,0.49,3.69,8,2,2,0,0
0,14,99.4,76.4,7.3,0.18,2.88,8,0,0,0,0
0,12,114.8,83.7,7.9,-0.43,2.66,8,1,1,0,0
0,15,76.9,70.1,6.1,-0.83,2.53,8,0,2,0,0
0,40,99.1,74.4,7.7,-0.84,3.13,7,3,2,1,0
0,5,105.2,73.3,6.5,-0.55,1.78,7,0,0,0,1
0,37,91.3,80.8,8,0.1,2,7,1,0,0,1
0,41,94.1,76.2,7.4,0.52,2.21,6,2,2,1,1
0,36,95.1,77.6,7.7,-0.26,2.26,6,3,0,0,1
0,58,76.7,75.3,8.1,0.35,2.83,6,3,2,1,1
0,-1,107,77.3,7.9,-0.02,2.5,6,0,0,0,0
0,38,73.6,58.4,6.6,0.02,1.46,6,2,2,1,1
0,42,91.4,67.8,7,0.69,2.21,6,1,2,0,1
0,32,99.3,75.3,6.8,0,2.38,6,0,1,0,1
0,65,102.9,75,7,0.24,3.6,5,0,2,1,0
0,2,107.9,82.3,7.9,0.24,2.73,5,0,0,0,0
0,55,68.1,57.3,6.6,0.13,2.48,5,2,2,1,1
0,53,80.9,72.3,6.9,-0.19,1.86,5,0,0,0,1
0,17,99.4,74.7,7.5,0.53,1.42,5,1,2,0,1
0,81,75.1,74.4,6.3,-0.62,3.55,4,2,1,0,0
0,6,102.2,72.3,7.2,-0.42,3.52,4,2,2,1,0
0,-10,90.4,69.6,8.8,0.03,1.03,4,1,2,0,1
0,78,75.7,86.6,7.8,0.55,2.08,4,3,2,0,1
0,1,73.2,75.4,8.3,1.56,1.94,4,1,2,0,1
0,31,81.9,62.3,7,1.07,1.55,4,1,0,1,1
0,45,87.9,72.4,7.3,-0.24,3.1,3,0,1,0,0
0,40,44.3,64,6.2,0.93,3.21,3,1,2,1,0
0,39,89.3,68.9,7.2,-0.1,3.02,3,1,2,0,0
0,-28,73.3,73.3,6.8,1.13,2.37,3,1,2,0,1
0,0,91.1,70.3,6.3,0.33,1.1,3,3,2,0,1
0,14,103.1,74.8,7.3,-0.13,2.8,2,0,0,1,0
0,63,95.4,75,6.9,-0.48,3.24,2,1,1,0,0
0,39,104.8,69.6,6.4,0.07,3.26,2,0,2,0,1
0,6,90.4,74.3,7.7,-0.05,2.13,1,0,0,1,0
0,33,74.3,68,7.4,0.5,1.92,1,3,2,1,0
0,19,89.3,58.7,6.4,-0.92,2.01,1,1,2,1,1
0,-56,86.7,73,6.8,-0.29,3,9,1,0,0,0
0,27,81.4,59.4,6.3,-0.82,2.11,9,1,1,0,0
0,54,85.3,72.3,7.3,0.32,1.87,9,2,2,1,0
0,75,87,75.9,7.4,0.22,2.68,8,1,2,0,0
0,21,101.2,75.6,7.1,-0.04,2.15,8,2,0,1,0
0,-37,73.9,68.2,6.1,-0.16,2.26,8,1,0,1,0
0,21,90,70.4,7,-0.06,2.99,8,1,2,1,0
0,39,78.6,76.1,7.8,-0.91,2.42,8,0,1,0,0
0,-2,98.7,69.7,7.5,-0.22,1.41,7,1,0,1,0
0,24,98.4,69.6,6.6,-0.56,2.66,7,0,0,0,0
0,-9,95.6,62.8,5.9,-0.11,3.28,7,0,1,0,0
0,12,103.2,76.7,7.7,0.13,3.25,7,0,0,0,1
0,63,93.2,70.5,7.9,-0.37,2.76,7,0,2,0,1
0,-13,59.1,62.4,6,-0.99,3.07,6,1,1,0,0
0,-6,96.3,72.8,6.4,-0.97,2.3,6,1,1,0,0
0,25,97,72.4,6.1,-0.6,2.93,6,2,0,1,0
0,-20,71.7,73.4,7.8,-0.05,1.51,6,1,1,0,0
0,-11,84.1,61.1,7.3,0.19,1.95,6,0,2,0,0
0,-5,92.7,72.3,7.1,-0.28,1.7,6,1,2,1,0
1,27,103.9,74.8,7.3,-0.42,2.78,6,1,1,0,0
0,41,30.9,65.9,7.4,-0.02,1.27,6,0,2,0,1
0,4,105,72.8,6.8,-0.63,2.71,6,3,1,0,1
0,-3,87.8,69.6,7.5,-0.03,2.26,6,3,2,1,1
0,30,98,70.4,6.6,0.58,2.67,5,2,2,1,0
0,24,94.3,63.7,6.8,0.82,2.88,5,0,2,0,0
0,45,97.9,74.9,8.4,0.41,2.37,5,1,2,0,1
0,-11,74.7,71.7,7.5,0.66,1.24,4,0,2,1,0
0,0,89.9,68.4,6.1,0.55,2.63,4,0,0,1,0
0,21,78.7,66.6,7.7,0.53,2.24,4,1,1,0,0
0,16,71.6,66.2,6.3,-0.77,2.18,4,2,2,0,0
0,-46,27.2,77.2,7.8,0.76,1.47,4,1,1,1,0
0,16,86.8,65.9,8,0.42,2.43,4,0,0,0,1
1,24,102.9,71.4,7.1,0.27,3.07,4,3,2,0,1
0,-60,22.1,73.7,7.6,-1.63,1.59,4,2,2,0,1
0,1,104.8,81.3,8.2,0.33,1.38,4,1,2,0,1
0,13,83.7,67.1,7.4,-0.31,2.1,4,1,2,1,1
0,12,87.7,74.2,7.3,0.85,2.13,3,2,0,0,0
0,-23,55.5,72.1,7.7,-0.79,1.95,3,0,0,1,0
1,27,103,74.2,7.4,-0.16,1.79,3,0,1,1,0
0,-75,48.9,57.8,6.4,-0.39,1.28,3,0,2,1,0
0,5,95.1,83.9,7.4,-0.38,2.45,3,2,2,0,0
0,72,90.7,78.7,7.1,-0.42,2.48,3,2,0,0,1
0,25,88.6,72.9,7.3,0.65,2.22,3,0,0,0,1
0,15,99.2,71.9,6.7,0.28,2.47,2,1,2,0,0
0,61,87.8,74.2,7.5,0.18,2.3,2,1,1,1,0
0,11,59.2,62.5,7.9,0.2,1.28,2,1,2,0,0
0,17,98.4,64.4,7,0.02,2.23,2,1,2,0,1
0,-1,104.5,81.3,7.6,0.42,2.41,2,1,1,0,1
0,-9,106.2,80.4,7.5,0.3,1.9,1,0,1,0,0
0,26,82.7,72.7,8.5,-0.21,1.38,1,0,1,1,0
0,44,94.7,72.8,7.5,0.1,1.77,1,1,2,1,0
0,6,81.3,67.6,6.5,0.65,2.61,1,0,0,1,1
0,-9,65.3,66.6,8.9,0.54,2.07,1,1,2,0,1
0,14,110.3,80.3,7.5,0.1,2.54,9,0,0,1,0
0,-12,93.7,79,7.2,-0.54,1.93,9,1,1,0,0
0,-10,92.1,71.4,8.3,0.01,1.64,9,0,0,0,0
0,51,61.6,72.4,6.8,-0.36,3.04,8,3,2,0,0
0,19,84.4,53.3,6.3,-0.76,2.55,8,1,2,1,0
0,43,52,66.7,7.7,0.13,1.57,8,1,1,0,1
0,13,99.5,73.3,8.5,0.24,2.05,8,2,1,0,1
0,33,94,60.7,5.9,0.22,4.1,8,3,2,0,1
0,40,94.8,75.2,7.4,-0.19,2.66,7,0,0,0,1
0,1,104.2,72.1,7.9,0.27,2.39,7,1,1,0,1
0,-45,76.5,69.5,7,-0.68,2.29,7,1,2,1,1
0,-29,70,73.2,6.9,1.11,2.15,7,0,0,1,0
0,12,90.6,69.2,6.2,0.71,2.37,7,0,1,1,0
0,18,100.4,69.9,7.8,0.71,2.48,6,3,2,0,1
0,56,93.7,77.1,7,0.06,3.26,6,1,2,1,1
0,65,85.9,81.7,7.7,-0.66,2.85,6,3,2,0,0
0,2,93,74,7.6,-0.03,2.43,5,0,0,0,0
0,-45,75.2,80.1,7.6,-0.67,2.58,5,3,1,1,0
0,5,110.8,74.8,6.3,0.08,2.8,5,0,2,0,0
0,7,90.6,71.8,7.5,-0.06,1.91,5,1,2,0,0
0,72,64.7,71.6,7.8,0.27,1.52,5,0,0,0,0
0,9,64.4,68.4,5.9,0.44,2.88,4,1,0,1,0
0,-7,96.6,68.1,7.9,0.14,1.54,4,0,1,0,0
0,6,113,78.7,7.5,0.15,2.51,4,0,0,0,0
0,3,88.5,71.3,6.9,0.58,3.08,4,0,0,1,1
0,17,109.1,75.2,7.5,0.02,2.98,4,1,0,0,1
0,48,83.1,75.8,6.9,-0.48,3.39,4,1,1,0,1
0,20,94.8,74.5,7.6,0.26,2.56,3,3,2,0,0
0,6,83,67,6.3,0.14,2.65,3,1,0,1,0
0,46,96.9,74,7.4,-0.02,2.3,3,0,0,0,0
0,-8,93,66.9,7.9,-0.29,1.97,3,1,2,1,1
0,45,91.3,69,6.3,-0.93,3.46,2,0,2,1,0
0,23,83.2,73.9,8.2,-0.36,1.21,2,0,2,0,1
0,-28,75.3,66.3,7.5,-0.02,2.14,2,3,2,1,1
0,16,106.3,75.2,7.6,-0.04,1.99,1,1,1,1,0
0,8,93.2,63.6,6.3,-0.4,1.56,1,1,2,0,0
0,9,100.1,68.3,6,-0.19,3.1,1,0,2,0,1
0,33,83.9,77.2,7.3,-0.86,3.22,9,1,1,0,0
0,47,70.1,65.4,6.7,-0.52,2.24,9,1,2,0,0
0,33,83.8,72.2,6.9,0.02,1.53,8,1,2,0,1
0,14,107.4,75.4,7.3,-0.23,2.42,8,2,2,1,1
0,17,97.3,79.9,8.8,-0.52,2.3,8,0,1,0,1
0,6,77.6,73.7,8,0.73,1.84,8,3,2,0,0
0,4,91.7,70.1,6.2,-0.33,2.56,8,2,0,0,0
0,52,82.9,63.5,7.8,0.76,2.13,8,0,2,0,0
0,35,72.1,70.1,7.7,-1.04,2.11,8,2,2,0,0
0,41,87.2,74.2,6.4,-0.01,2.88,7,0,0,1,0
0,64,83.9,72.3,6.9,-0.42,3.3,7,2,2,0,0
0,33,89.8,69,6.8,0.19,2.77,7,1,2,0,0
0,4,99.1,72.8,6.9,0.11,2.44,7,3,2,0,1
0,23,66.1,59.7,6.1,0.01,3.96,7,1,1,0,1
0,34,91.8,63.4,6.1,0,3.25,6,0,1,0,0
0,28,76.3,68.6,7,0.81,1.88,6,2,1,0,0
0,52,91.7,79.4,7.7,0.23,2.21,6,2,2,1,0
0,6,74.9,68.8,7.5,0.48,1.79,6,0,0,0,0
0,14,92.4,73.1,7.6,0.87,2,6,1,2,0,0
0,-45,61.4,80.6,7.9,0,1.93,6,0,0,0,0
0,-10,84.4,56.5,6.6,1.12,2.78,6,3,2,0,0
0,20,102.2,68.4,6.9,0.1,3.52,6,2,1,0,0
0,-24,66.9,75.9,8,0.64,2.07,6,0,1,0,0
0,4,102.5,77.7,7.1,-0.1,2.83,5,3,2,0,0
0,41,27.6,12.7,2.2,0.29,1.99,5,0,1,0,0
0,2,105.1,76.9,7.7,0.57,3.26,5,3,2,0,0
0,37,102.1,74.8,7.3,-0.09,2.72,5,2,1,0,0
0,45,90.5,76.8,8,0.42,2.17,5,0,0,0,0
0,18,65.8,71.7,8,1.35,2.35,4,2,2,0,0
0,-32,67.9,61.8,7.7,1,1.94,4,0,2,0,0
0,2,94.5,67.6,7.1,0.4,2.72,4,0,1,0,0
0,-14,104.5,76.8,7.6,0.48,2.34,4,0,1,0,0
0,45,99.1,75.7,7.4,-0.08,2.69,4,0,0,0,0
0,22,75.7,68,7.3,-0.45,2.22,4,2,1,0,0
0,6,99.1,68.5,7.3,0.65,1.77,4,0,2,0,0
0,45,97.7,76.4,7.8,-0.11,2.06,3,0,0,1,0
0,-61,70.9,56.4,7.5,0.6,2.99,3,0,2,0,0
1,28,105.3,76.8,8.2,-0.03,2.2,3,2,2,1,0
0,15,107.6,74.3,7.3,0.35,2.64,3,0,0,0,0
0,45,102.9,79.1,8,-1.05,2.39,3,0,0,0,0
0,35,71.6,79.9,8.1,0.45,2.15,3,0,1,0,0
0,49,82,70.2,6.8,-0.11,2.98,3,1,2,0,0
0,33,102.5,75,6.8,0.16,3.16,3,0,0,0,0
0,-5,86.9,67.1,7.5,0.44,2.63,2,0,1,0,0
0,40,78.5,75,7.7,-0.19,2.56,2,2,2,1,0
0,22,88.2,70,6.3,0.17,3.08,2,0,1,0,0
0,58,84.5,75.8,7.4,-0.89,3.14,2,3,1,0,0
0,21,93.1,73.1,6.8,-0.01,2.85,2,1,2,0,0
0,20,87.4,77.3,7.3,-0.37,1.99,1,2,0,1,0
0,-6,52.6,75.6,8.4,0.24,1.38,1,0,2,0,0
0,43,67.6,68.2,7.8,0.06,2.36,1,2,2,0,0
0,-46,69.1,68.4,7.7,0.73,1.53,1,0,0,0,0
0,3,104.2,74.9,7.3,-0.19,2.01,1,0,1,0,0
0,47,86.5,68,6.3,0.08,2.54,9,3,2,1,0
0,-25,90,73.4,7.9,-0.4,1.64,9,2,1,1,0
0,-59,58.7,75,7,-0.83,2.32,9,3,2,1,1
0,-13,80.8,51,7.3,1.21,2.21,9,1,2,0,1
0,-48,28.9,9.5,2.1,0.71,2.37,9,0,1,0,1
0,86,72.9,73,8.2,0.5,2.35,8,2,0,0,0
0,28,105.7,73.8,7.8,0.42,2.21,8,1,1,0,0
0,13,107.9,75.3,7.4,0.03,1.66,8,0,0,1,0
0,-13,81.7,68.5,6,-0.64,2.6,8,2,1,0,1
0,15,71.3,70.8,7.4,-0.36,1.86,8,2,2,0,1
0,40,91.3,68.8,7.1,-0.84,2.67,7,2,1,1,0
0,26,97.8,68,6.9,-0.41,2.89,7,0,0,0,0
0,-33,70.9,71.3,6.8,-1.11,1.6,7,2,1,0,0
0,-4,106,73.7,7.3,0.61,2.53,7,2,1,0,1
0,10,114.6,81.8,7.7,0.2,1.65,7,1,1,0,1
0,23,110.6,74.9,7.5,0.37,2.16,7,3,2,1,0
1,29,107,73.1,7.4,0.55,1.46,7,1,2,1,0
0,10,102.7,77,7.4,-0.19,2.91,7,2,1,0,0
0,-9,91.6,72,6.7,-0.11,1.54,7,0,0,0,0
0,-1,101.9,70,7.7,-0.64,1.95,6,2,2,1,0
0,33,87.3,69.6,7,-0.58,2.37,6,3,2,0,0
0,49,97.3,73.6,7.1,0.14,2.7,6,1,1,1,0
0,-38,56.2,63.2,7.2,0.49,2.05,6,0,0,0,0
0,-18,99.9,68.8,7.7,-0.24,1.85,5,0,1,1,0
0,7,84.5,73.3,6.9,0.19,1.97,5,1,1,1,0
0,33,97.8,72.8,7.8,-0.39,1.79,5,0,0,0,0
0,-18,81.5,68,7,-0.23,1.61,5,1,2,1,1
0,-1,89.3,71.8,8.3,0.04,1.97,5,0,0,0,0
0,-35,68.6,63,6.1,-0.39,2.06,4,1,1,0,0
0,9,96.5,69.2,7.8,-0.05,1.94,4,1,2,1,0
0,-34,85.1,64.5,6.8,-0.23,2.05,4,2,0,1,0
0,-40,83.5,65.6,5.6,0.47,2.66,4,2,2,1,0
0,18,93,68.2,7.1,-0.23,2.04,4,0,2,0,0
1,33,111.6,80.1,7.1,0.21,3.31,4,1,2,0,0
0,34,107.2,77.9,7.6,-0.3,1.98,3,2,2,1,0
0,56,89.9,73.2,7.4,0.83,2.64,3,0,1,1,0
0,16,102.8,68.6,7.4,-0.2,1.97,3,0,0,0,0
0,41,77.6,77.1,7.6,0.04,2.39,3,1,1,1,0
0,-27,94.9,73.5,6.7,0.14,2.21,2,1,0,1,0
0,0,102.8,71.8,7.1,0.15,1.54,2,0,1,0,0
0,16,99.2,72.2,7.4,-0.65,2.57,2,0,1,0,0
0,14,115,80.3,7.6,-0.57,1.84,2,1,0,0,0
0,46,82.9,63.3,6.5,-0.72,2.96,2,2,0,0,0
0,-13,97.3,70.3,7.1,0.52,2.06,2,2,1,0,0
0,-6,102.7,70.4,7.6,-0.46,1.62,1,1,2,1,0
0,-8,106,80.8,8,-0.22,2.32,1,2,0,1,0
1,27,96.4,76.3,7,0.84,2.43,1,1,0,1,0
0,-6,106.7,78.8,7,0.29,2.01,1,1,2,0,0
0,44,101.5,77.2,7.9,0.28,1.85,1,1,0,1,0
0,15,75.1,70.2,7.6,-1.05,2,11,1,0,1,1
0,56,81.2,65.4,6.1,-0.42,3.44,11,2,2,0,1
0,50,92.1,70.2,7.4,0.08,1.53,10,2,2,1,0
0,29,96.1,68.7,6.3,0.27,2.74,10,1,1,0,0
0,48,96.6,75,8,0.04,2.48,9,1,0,1,0
0,-1,99.9,68.6,5.4,-0.15,3.11,9,0,0,1,0
0,-9,74,74.9,7,0.75,3.08,9,1,1,1,0
0,-3,79.6,71.8,6.8,0.89,2.33,9,0,0,0,0
0,39,85.4,72.9,7.1,0.7,2.21,9,1,0,1,0
0,37,88.2,66.8,6.3,-0.12,3.16,9,3,2,1,0
0,-17,91.9,78.4,7.2,0.26,2.31,8,2,1,1,0
0,14,98.2,69.8,6.9,0,2.76,8,2,2,0,0
0,49,89.8,63.2,6.4,-0.16,3.55,8,1,2,1,0
0,36,65.5,61.8,5.5,-0.68,3.4,8,1,0,0,0
0,-58,51.9,76.6,8.6,-0.3,1.91,8,2,1,1,0
0,69,70,72.2,7.1,-0.4,3.72,8,0,0,0,0
0,7,105.7,74.4,7,-0.04,2.59,7,3,2,1,0
0,18,105.1,74.6,6.9,0.18,2.36,7,0,1,0,0
0,24,95.9,65.3,7.6,0.42,2.65,7,1,2,0,0
0,13,108.8,75.1,6.9,-0.37,2.5,7,2,2,0,0
0,2,106.4,75.2,7.2,0.34,2.62,7,0,1,1,0
0,15,103.3,74.6,7.8,0.06,1.81,7,0,1,1,0
0,12,53.8,64.7,6.9,0.76,1.82,7,2,2,1,0
0,21,89.4,71.9,7.8,0.51,1.15,6,1,2,1,0
0,0,102.3,66.7,7.3,0.59,2.73,6,3,2,0,0
0,69,79.3,73.3,8.6,-0.13,2.07,6,0,1,1,0
0,7,90.1,61.9,5.8,0.02,2.51,6,1,0,0,0
0,-19,90,67.1,6.4,-0.15,2.8,6,2,1,1,0
0,18,106,73.6,7.5,0.2,1.98,5,2,1,0,0
0,-39,101.2,72,6.9,-0.32,2.22,5,0,0,0,0
0,17,105,69.5,7.1,-0.71,3.45,5,2,2,1,0
0,29,93.2,67.4,6.2,-0.28,2.95,5,3,2,0,0
0,48,86.7,69.2,7.3,0.84,2.92,4,0,0,0,0
0,-4,106.5,79.8,7.4,0.47,2.54,4,1,0,1,0
0,17,95.3,66,6.8,-0.35,3.18,4,1,1,0,0
0,6,103.9,80.6,7.5,-0.35,2.13,4,1,1,1,0
0,-8,87.9,57,6.2,0.93,2.07,4,2,2,0,0
1,30,109.8,73.2,7.2,-0.49,2.96,4,1,2,0,0
0,-14,67.8,72.3,8,-0.35,2.25,4,2,0,1,0
0,34,88.5,71.1,7.3,0.92,2.74,4,0,1,1,0
0,-5,96.6,69.9,6.8,0.39,2.64,4,1,0,1,0
0,17,105.3,74.8,7.9,-0.4,1.7,3,0,0,0,0
0,-1,107.2,74.1,6.8,-0.21,2.41,3,0,2,1,0
0,-44,55.6,65.8,7.7,1.01,2.25,3,2,2,0,0
0,-48,66.5,55.8,5.3,0.78,2.62,3,1,2,1,0
0,25,68.5,65.8,6,-1.1,3.25,3,0,1,0,0
0,12,87.3,65.6,6.1,0.21,2.83,3,0,0,1,0
0,-18,104.3,77.7,7.9,0.42,2.43,3,2,1,1,0
0,29,89.5,76.4,7.9,0.98,2.14,3,0,0,0,0
0,4,70.6,67.3,5.6,0.58,2.5,3,1,1,1,0
0,14,82.4,72.4,6.7,1.07,2.62,2,3,2,1,0
0,-53,85,60.5,7.2,0.51,1.92,2,3,2,0,0
0,44,103.1,81,8.2,-0.24,2.99,2,0,0,1,0
0,16,87.4,62.8,5.2,-0.69,2.38,2,1,2,0,0
0,14,85.7,69.9,6.6,0.99,2.48,2,3,2,1,0
0,27,85.2,71.4,7.4,1.14,1.99,1,3,2,0,0
0,37,97.3,63.2,6.8,-0.51,3.28,1,3,2,0,0
0,-3,102.4,76.5,7.5,0.33,2.39,1,2,2,1,0
0,36,91.5,70.3,6.7,0.99,2.89,1,1,0,1,0
0,7,65.7,67,7.1,0.55,3.03,1,0,1,1,0
0,20,90,71.5,7,-0.71,3.14,1,1,1,0,0
0,32,86.1,76.2,7.6,-0.08,2.3,1,1,1,1,0
0,14,85.2,74,7.2,0.16,2.45,1,1,0,1,0
0,2,97.7,77.1,7.5,-0.33,2.06,9,0,0,1,0
0,-11,94,62.1,6.6,0.66,1.95,9,0,2,0,0
0,14,91.9,66.8,6.8,-0.03,2.48,9,2,2,1,0
0,-9,104.6,75.1,6.7,-0.58,2.54,8,0,2,0,1
0,19,99.4,76.4,8,0.44,2.2,8,0,0,1,0
0,5,84.4,69.1,8.1,0.8,2.02,8,2,2,0,0
0,11,60.6,67.6,6,-0.91,2.81,8,2,1,0,0
0,-38,91.6,75.5,7.5,-0.68,2.08,7,2,1,0,1
0,62,99.1,75.7,8.3,-0.73,2.72,7,0,0,0,1
0,9,80.1,66.1,6.4,-0.83,2.1,7,2,2,1,1
0,25,83.7,71.6,8,0.03,1.8,7,1,0,1,1
0,21,100.9,66.3,5.8,0.14,3.02,7,1,0,1,0
0,-4,108.2,73,6.7,-0.42,2.16,7,1,1,0,0
0,49,75.3,68.6,7,0.17,2.21,7,0,1,1,0
0,52,97.2,74.6,6.4,-0.26,3.41,6,0,0,1,1
0,21,101.8,70.5,7.9,0.28,2.61,6,0,0,0,0
0,19,95.3,69.5,6.5,-0.04,2.02,6,0,0,1,0
0,25,65.6,71.6,6.6,-0.97,2.54,6,0,0,0,0
0,16,78.9,71.4,7.6,-0.44,1.65,6,0,1,1,0
1,17,111.4,80.2,7.8,-0.45,1.83,6,2,2,0,0
0,-14,76.8,69.5,7.4,-0.43,1.95,6,0,1,1,1
0,-29,103.3,70.2,6.7,0.17,1.7,6,1,2,0,0
0,-4,99.6,69.5,7.4,-0.11,1.19,6,1,2,1,0
0,36,89.6,74.7,6.5,-0.33,3.35,6,2,0,0,0
0,12,80,65.1,7.8,-1.41,2.22,5,1,2,1,1
0,42,95.1,66.8,5.7,0.23,2.72,5,3,2,1,0
0,20,106.1,76.4,8.2,-0.43,2.45,5,2,1,0,0
0,32,89.7,73,7.4,-0.42,2.05,5,1,1,1,0
0,-52,63.6,86.4,7.2,-0.73,3.09,5,2,2,1,0
0,-3,102.8,75.3,7.3,0.27,2.33,4,2,2,0,0
0,-1,74.5,72.8,7.9,0.18,1.44,4,2,0,1,0
0,14,102,76.9,7.4,-0.21,2.44,4,2,2,0,0
0,22,77.2,65.6,6.7,-0.28,2.72,4,0,2,1,0
0,41,89.8,71.4,6.6,-1.28,2.65,4,1,0,0,0
0,75,91.7,73.6,8.9,0.5,3.08,3,3,2,0,0
0,-8,68.8,65.3,8,0.25,1.36,3,2,2,1,0
1,25,107.6,72.4,7.9,-0.31,2.76,3,0,0,1,0
0,36,88.3,76,6.5,0.29,2.83,3,2,2,1,0
1,32,100.1,73.8,7.1,-0.41,2.76,3,3,2,0,0
0,32,99.3,74.3,6.7,-0.48,2.37,3,1,0,1,0
0,53,101.4,75.2,7.5,0.42,2.3,2,1,0,1,0
0,27,100.8,72.5,8,0.75,2.32,2,2,2,0,0
0,13,99.3,72.3,7.6,0,3.11,2,0,1,0,0
0,1,94.9,83.4,7.3,-0.24,2.92,2,2,2,0,0
0,47,93.9,71,7.3,-0.05,2.32,2,3,2,1,0
0,39,96.9,69.3,7.3,0.44,2.23,1,3,1,1,0
0,20,94.2,76.9,7.2,-0.44,3.28,1,0,2,1,0
0,67,87,74.4,7.1,-0.37,2.05,1,3,1,1,0
0,-41,92,74.7,6.9,-0.38,2.37,1,0,0,0,0
0,36,85.1,69.4,7.7,0.01,1.85,1,0,1,1,0
0,55,77.9,62.7,8.2,0,2.05,1,0,2,0,0
0,-69,66.1,72.6,6.2,-1.01,3.73,1,2,2,1,0
0,40,99.2,74.9,7.3,-0.18,3,9,0,0,1,0
0,-36,105.2,68.6,7.3,0.23,2.39,9,2,2,0,0
0,-21,71.9,70,6.1,-0.22,2.85,8,0,2,0,0
0,9,102.4,87.7,7.9,0.06,2.25,8,2,1,1,0
0,24,85,80.8,8.5,-0.76,2.45,8,0,0,0,0
0,12,92.8,64.7,6.9,-1.43,3.24,8,0,0,0,0
0,63,82.5,67.6,6,-0.03,3.44,8,3,2,1,0
0,59,74.1,72.5,7.6,-0.57,2.41,8,0,0,0,0
0,56,88.6,69.9,6.8,-0.16,3.51,7,0,0,1,0
0,30,92.1,73.7,8.7,0.3,2.24,7,3,2,0,0
0,52,76.2,70.8,6.6,0.12,2.71,7,1,1,1,0
0,69,74.7,67.3,6.3,-0.14,3.89,7,0,1,0,0
0,47,92.1,74.5,7.3,0.03,1.79,7,1,2,0,0
0,-62,64.9,64.9,5.4,-0.88,2.46,7,0,0,0,0
0,0,107.5,73.8,7,0.35,2.17,6,2,1,1,0
0,19,105.3,71.6,6.8,-0.32,2.05,6,1,1,1,0
0,33,87.4,76.3,7.2,-0.59,2.46,6,1,2,0,0
0,30,67.4,64,7.9,0.86,2.78,6,0,1,0,0
0,-8,80.9,70.1,6.9,0.8,2.75,6,2,0,1,0
0,13,89.5,70.3,7.9,0.46,1.77,6,1,2,0,0
0,-6,77.3,79.2,7,-0.81,2.23,6,2,0,0,0
0,30,102,73.3,6.6,-0.23,2.36,6,3,2,1,0
0,-39,63,68.2,7.4,1.23,1.75,5,0,2,0,0
0,-3,88.9,75.1,7.1,-0.52,2.73,4,1,0,1,0
0,17,62.1,71.4,7.5,-0.91,2.4,4,2,1,0,0
0,16,107,71.8,7.3,-0.12,3.01,4,2,1,1,0
0,31,105.9,78.4,7.1,0.26,2.81,4,2,1,1,0
0,-19,100.3,69,6.6,-0.24,2.48,4,1,0,0,0
0,-10,86.1,74.4,7.5,-0.56,1.46,3,3,2,1,0
0,-2,114.7,79.7,7.8,0.18,2,3,3,2,0,0
0,-47,71.9,69.6,8.7,-1.07,0.65,3,1,2,0,0
0,-26,47.6,59.2,6,1.26,2.45,3,2,2,1,0
0,-35,77.9,61.3,6.1,-0.65,3.06,3,1,0,0,0
0,-3,90.1,73.5,6.4,-0.63,2.42,3,0,1,0,0
0,18,97.5,68.7,6.9,0.66,2.56,3,3,2,0,0
0,8,114.4,79.4,7.6,-0.08,1.26,3,2,2,0,0
0,-5,74.8,71.1,7.7,-0.72,1.86,3,0,0,1,0
0,16,85.5,64.2,8.1,-0.69,1.4,3,2,0,1,0
0,4,108.3,77.8,7.5,-0.47,1.75,3,2,1,0,0
0,64,87.7,73.7,8.5,-0.09,2.17,2,3,1,0,0
1,28,105.3,74.7,7.5,-0.13,3.2,2,0,1,1,0
0,15,104.1,73.9,8.4,0.04,1.12,2,1,1,0,0
0,-75,54.4,63,6.4,-1.02,2.8,2,0,1,0,0
0,-34,82.3,62.2,5.9,-0.73,3.06,2,0,0,0,0
0,7,101.3,78.2,7.7,0.22,2.11,2,0,1,0,0
0,-15,87.4,69.7,6.5,0.28,2.52,2,0,1,1,0
0,13,97,69.5,6.9,0.29,2.68,2,0,0,0,0
0,21,96.5,67.9,6.7,-0.91,2.19,1,0,1,1,0
0,9,89.9,73.5,7.5,-0.01,2.14,1,0,1,0,0
0,43,101.1,71.9,6.1,-0.43,3.72,1,0,0,1,0
0,-1,112.7,82,7.3,-0.38,1.66,1,2,1,0,0
0,4,113.4,77.2,7.1,0.06,2.94,1,2,1,1,0
0,-2,108.1,75,7.2,-0.07,2.21,1,0,0,1,0
0,-9,84.6,58.7,6.6,-1.13,2.52,9,1,0,0,0
0,-20,99.6,67.1,6.9,0.19,2.12,9,0,1,1,0
0,2,101.8,74.1,6.9,0.18,2.37,9,0,1,1,0
0,42,97.2,69.8,7.1,0.24,3.67,9,0,0,0,0
0,19,93.2,72,8.3,0.93,2.97,9,1,0,0,0
1,32,109.5,78.1,7.4,0.41,2.68,8,1,0,1,0
0,-11,80.8,61.8,7.5,0.45,1.88,8,3,2,0,0
0,0,100.5,69.8,7.4,0.44,2.15,8,0,1,0,0
0,-28,94.2,64.3,6.8,0.18,1.88,8,1,1,0,0
0,-11,95.7,71.2,7.1,0.37,2.05,8,1,2,1,0
0,32,95.4,72.6,6.9,0.4,3.47,8,2,2,0,0
0,40,89.3,75,7.2,0.67,2.81,8,0,0,1,0
0,12,89.9,70.9,6.5,0.19,2.67,8,0,2,1,0
0,7,107.1,73.8,7.3,0.36,2.35,8,0,0,0,0
0,-9,81,71.8,6.6,0.46,2.93,7,0,1,1,0
0,5,101.6,71.5,7.6,-0.21,1.75,7,0,0,0,0
0,-34,66.3,56.1,7.9,0.74,1.9,7,0,0,0,0
0,19,92,68.2,6.7,-0.22,2.91,7,1,0,0,0
0,47,66.1,70.6,7.8,-1.12,2.15,7,0,2,1,0
0,42,83,71.4,8.2,0.77,2.47,6,2,2,0,0
0,41,105.2,78.9,7.5,0.15,2.85,6,2,2,1,0
0,50,88.6,79,7.2,-0.37,2.48,6,0,0,0,0
0,26,101.8,76.5,7.3,-0.13,1.96,5,3,2,0,0
0,4,102.3,73.6,6.7,0,2.82,5,0,0,0,0
0,-11,94,75,7.8,-0.37,2.46,5,2,0,0,1
0,53,86.2,73.8,7.2,-0.47,2.48,5,1,1,0,1
0,17,95.8,67.2,8.5,0.5,1.65,5,2,2,0,1
0,75,78.6,79.9,7.7,0.91,2.92,4,1,1,1,0
0,30,101.5,72.8,7.5,0.59,2.47,4,0,0,0,0
0,-19,69,81.1,7.6,0.6,1.54,4,1,1,0,1
0,-7,102.9,73.2,7.5,0.18,2.82,4,2,2,0,1
0,7,86.7,73.5,7.1,0.45,1.91,4,2,1,0,1
0,48,77.2,70.2,7.9,0.01,1.9,3,2,1,1,0
0,27,102.3,75.3,7.4,0.04,2.04,3,0,1,0,0
0,4,106.7,77.1,7.6,-0.07,1.43,3,1,2,1,0
0,17,101.2,70.8,6.5,-0.38,2.87,3,2,2,0,0
0,34,53.7,66.8,7,-0.69,3.04,3,0,0,0,1
0,-7,99.3,63.5,6.4,0.11,1.87,3,3,2,0,1
0,53,83,72.2,6.6,0.66,3,2,3,2,1,0
0,43,60,75,6.7,1.02,2.63,2,2,1,1,0
0,5,91.2,77.4,7.6,0,2.8,2,2,2,0,0
0,-28,91.5,70.6,7.9,0.7,1.81,2,1,2,0,0
0,10,100.3,78.1,6.3,0.1,3.51,2,1,0,0,0
0,58,79.2,71.6,7.7,-1.04,1.92,2,2,2,1,0
0,-13,100.7,71.1,6.9,0.33,3.23,2,1,0,1,1
0,44,94.9,73.6,7.7,-0.02,2.33,2,3,2,0,1
0,19,105.4,73.2,6.2,0.2,3.19,1,3,2,0,0
0,13,108.5,74.6,6.9,-0.39,2.39,1,1,0,1,0
0,4,105.1,69.3,6.1,-0.55,2.87,1,0,1,0,1
0,-4,97.6,77.5,7.1,0.36,2.53,1,0,0,0,1
1,37,98.1,76.3,8.2,0.31,2.96,1,0,0,0,1
0,-8,73.8,74.8,7.4,-0.01,1.3,9,2,1,1,0
0,3,106.3,81.1,7.3,0.2,2.36,9,1,0,1,0
0,2,102.2,74.7,7.3,-0.18,2.26,9,2,1,1,0
0,70,82.3,73.5,7.8,0.62,2.51,9,3,2,0,0
1,28,99.6,67.1,6.4,0.4,2.6,9,0,2,1,0
0,-32,92.2,69.2,6.3,-0.2,2.01,9,1,1,0,0
0,33,66.6,67.7,8.2,1.58,1.92,9,0,1,0,0
0,19,104.2,73.1,7.4,0.26,2.05,8,0,1,0,0
0,-5,88.7,73.7,7.7,-0.25,2.16,8,0,0,1,0
0,55,66.5,70.8,5.7,-0.93,3.21,8,2,2,0,0
0,7,102.1,70.4,6.2,0.55,2.64,8,3,2,1,1
0,-1,107.2,75.6,7.3,-0.03,1.96,8,0,0,0,1
0,26,101,69.6,6.2,-0.1,3.25,8,0,0,1,1
0,-23,101.9,72.6,6.9,-0.61,1.86,8,2,2,1,0
0,9,101.4,69.4,6.8,0.94,2.48,8,1,2,0,0
0,3,84.7,64.3,7.8,1.05,1.98,8,3,2,0,0
1,27,106.1,72.5,6.9,-0.44,2.21,8,3,1,0,0
0,-22,83.9,71.5,6.1,0.82,1.75,8,0,0,1,0
0,-8,83.7,72.5,8.1,0.47,0.99,8,0,2,0,0
0,52,80.1,65.8,6.2,-0.33,3.4,7,0,1,0,1
0,-60,57,76,7.4,0,2.35,7,1,1,1,1
0,21,92.1,72.6,7.8,-0.85,2.41,7,2,1,1,1
0,84,73.9,69.5,6.8,0.74,2.64,7,0,0,1,0
0,13,90.7,74.8,7.4,-0.22,1.84,7,0,1,0,0
0,-2,94.9,71.9,7.9,0.76,1.79,7,1,0,0,0
1,30,100.1,77.2,7.7,0,1.68,7,3,2,1,0
1,35,106.7,76.7,7.3,-0.84,2.02,7,0,0,0,0
0,24,88.2,72.8,7.1,-0.54,2.28,6,0,0,1,0
0,45,94.4,68.8,6.4,-0.4,2.42,6,0,1,0,1
0,12,81.3,74.3,6.6,-0.89,2.11,6,1,2,0,1
0,-11,76.4,73.1,8.5,0.55,1.55,6,1,1,0,1
1,25,106.3,75.6,7.5,-0.04,2.89,6,2,0,0,0
0,80,84.6,77.1,7.9,-0.48,2.69,5,0,1,0,0
1,30,103.1,76.4,7.3,-0.2,1.96,5,0,1,1,0
0,1,87,67.9,7.1,0.35,0.66,5,1,2,1,0
1,25,104.2,77.2,7.9,-0.39,1.85,5,2,0,1,0
0,-10,93.1,70.8,7.2,-0.1,2.78,5,1,2,0,0
0,-17,78.3,64.4,6.9,-0.73,3.07,5,2,1,1,0
0,37,103.8,69.8,7,0.36,3.42,5,3,1,0,0
1,18,106.1,73.1,7.5,0.3,1.97,5,2,2,0,0
0,-53,69.6,59.7,5.9,0.09,2.05,4,0,2,0,0
0,27,83.3,63.5,7.9,-0.66,2.43,4,1,0,1,0
0,47,84.7,74.3,6.5,-0.42,2.8,4,0,1,0,0
1,32,109.6,75.3,7.4,0.48,2.13,4,1,1,1,0
0,22,97.4,72.6,8.1,-0.26,1.99,4,0,1,0,0
0,58,92.3,70.5,6.6,-0.09,2.41,4,3,2,0,0
0,0,106.2,75,7.6,-0.3,2.33,4,3,2,0,0
0,36,86.7,68.6,6.7,0.33,3,4,0,0,1,0
0,41,83.7,74.1,7.8,-0.34,3.06,4,3,1,0,0
0,29,69.2,77.6,7.6,0.17,2.75,4,0,0,0,0
0,25,93.9,77.3,6.7,0.18,1.97,3,1,1,1,0
0,12,76.5,59.6,8,-0.02,1.38,3,3,2,1,0
0,35,85.8,55.7,6.3,-0.36,2.82,3,1,2,0,0
0,39,95.6,71.8,6.5,-0.31,2.59,3,3,2,0,0
0,29,99.2,69.4,6.8,-0.12,2.85,3,2,1,0,0
0,41,104.3,72.2,7.6,0.51,2.18,2,1,0,1,0
0,-1,35.4,66.5,6.3,-1.5,2.59,2,2,2,0,0
0,-45,83.6,69.4,7.6,-0.23,0.88,2,0,2,1,0
0,-17,102.1,80.7,7.8,0.28,2.87,2,1,0,0,0
0,-7,99.9,75.2,7.5,-0.85,1.92,2,1,1,1,0
0,54,83,69.1,7.2,-0.51,2,1,3,2,1,0
0,15,100.8,72.6,6.7,-0.11,3.51,1,0,1,1,0
0,18,104.1,76.7,7.2,-0.43,2,1,0,0,1,0
0,-28,98.9,74.5,7.3,0.21,2,1,3,2,0,0
0,5,69.6,69.3,7,-0.29,2.9,9,3,2,0,0
0,80,80,75.3,7,-0.81,2.71,9,0,0,0,0
0,27,88.7,73.8,7.5,-0.15,2.35,9,0,1,1,0
0,-19,81.6,58.3,5,-0.84,2.38,9,0,1,0,0
0,-47,65.5,67,6.9,0.69,1.87,8,1,1,0,0
0,-16,93.9,70.2,7.5,0.06,1.69,8,2,2,0,0
0,54,89.9,76.5,7.9,0.64,2.62,8,2,0,0,0
0,-5,93.8,75.2,6.8,-0.93,2.12,8,1,0,0,0
0,8,103.8,76.1,7.2,0.87,2.3,8,1,0,1,0
0,-14,97.2,77.6,6.8,0.42,2.14,7,0,0,1,0
0,4,103.5,76.6,7.7,0.51,2.25,7,0,1,0,0
0,23,87.3,79.2,7.1,-0.58,3.11,7,0,0,1,1
0,14,101.3,77.9,7.6,0.02,2.16,7,3,2,0,0
0,-11,91.3,67.9,6.3,0.32,2.65,7,0,2,0,0
0,-1,81.6,73.7,7.5,-0.28,1.77,6,1,1,0,1
0,-13,79.4,83.5,7.3,0.4,2.72,6,0,1,0,1
0,-5,100.6,70.6,8.3,0.61,1.28,6,0,2,0,1
0,79,81.3,76.8,8.1,-0.24,2.58,6,1,0,1,0
0,19,106.2,79.2,7.4,-0.27,1.95,6,1,2,0,0
0,-4,93.2,73.5,6.9,-0.24,2.34,5,1,1,0,1
0,-11,98.2,68.5,6.9,0.99,2.47,5,0,2,0,1
0,-3,77.5,79.6,8.3,0.39,2.05,5,1,0,0,1
0,51,87.3,75.8,7.3,-0.93,3.19,5,2,1,0,0
0,-11,63.1,67.1,7.6,0.75,1.73,5,2,2,0,0
0,-58,56.2,75.4,7.8,0.72,1.92,4,1,2,0,1
0,-26,35.8,78.6,7.4,-0.56,2.38,4,1,1,1,1
0,16,95.8,74.2,7.2,-0.06,2.85,4,0,2,0,1
0,36,100,76.5,7.1,0.28,2.4,4,0,0,0,1
0,-10,100.4,75.5,7.2,0.45,2.78,4,2,0,0,1
0,-7,65.8,65.8,6.6,-0.55,2.86,4,3,1,0,0
0,2,111.3,80,7.5,0.07,1.98,4,3,2,1,0
0,0,92.2,62,5.5,0.05,2.62,4,0,2,0,0
0,0,77,60.4,5.4,-1.14,2.75,3,2,2,0,1
0,17,95.4,67.4,6.8,-0.31,2.8,3,3,2,0,1
0,-20,75.1,75.4,7.9,0.49,0.93,3,0,2,0,1
0,31,96.4,67.5,7.7,0,2.83,3,1,2,0,0
0,46,96,78.6,7.3,0.15,2.58,3,0,0,0,0
0,13,109.8,78.5,7,-0.27,2.53,3,0,1,1,0
0,20,93.6,73.9,7.9,0.25,1.33,2,1,1,0,1
0,-9,75.3,62.5,8.4,1.2,1.53,2,1,2,0,1
0,41,96.5,75.7,6.2,-0.14,3.19,2,1,2,1,1
0,6,84.6,73.1,6.4,-0.85,3.22,2,1,0,0,0
0,12,105.1,76.1,7.7,-0.06,1.91,2,2,1,0,0
0,9,86.5,65.6,7.4,0.64,2.25,2,1,2,0,0
0,17,92.4,65.4,5.9,-0.96,1.92,2,0,1,0,0
0,18,78.7,58.8,7.9,0.2,1.26,2,0,2,0,0
0,6,70.3,77.8,8.8,-0.61,1.75,1,0,1,0,1
0,-10,96.1,71.5,6.7,-0.07,2.42,1,1,1,0,1
0,40,83.3,75,7.2,-0.84,2.88,1,3,1,1,0
0,28,90.6,79.5,7.5,0.02,2.35,1,1,1,1,0
0,11,77.6,65.9,7.7,0.4,2.46,9,0,2,0,0
0,-2,99.2,66.4,6.5,0.83,3.05,8,3,2,0,1
0,-50,71.2,74.8,7.4,0.37,3.09,8,0,1,1,1
0,62,85.9,67.7,6.8,0.51,2.9,8,1,1,0,1
0,21,100.3,65.3,7.3,0.04,1.8,8,1,1,1,0
0,-9,78.2,71.3,7.2,1.39,2.82,8,3,2,0,0
0,3,94.7,64.2,6.8,0.15,1.83,8,0,2,1,0
0,-7,78.2,72.9,7.1,1.02,2.18,7,2,2,1,1
0,-20,77.2,72.7,7.5,-0.15,2.73,7,1,2,0,0
0,-15,103.9,71.1,6.4,-0.27,1.76,7,2,1,1,0
0,-18,97.9,65,6.2,-0.42,2.03,7,2,1,0,0
0,12,109.5,72.7,7.8,-0.15,3.23,7,2,2,1,1
1,28,96.2,72.4,7.7,-0.15,2.17,7,1,2,0,1
0,-8,95.7,72.3,6.7,-0.25,3.48,6,0,1,1,1
0,3,112.4,80.4,7.6,0.11,2.24,6,2,1,1,0
0,7,98.3,75.8,7.2,-0.76,2.63,6,3,2,1,0
0,57,79.9,72.6,8.5,0.51,2.46,6,1,1,0,0
0,-10,95.2,70.8,7.1,-0.06,0.99,5,0,0,1,0
0,62,101.1,81.6,8.3,-0.14,2.17,5,1,0,0,0
0,39,110.1,79.7,7.8,0.45,2.46,5,1,2,1,0
0,15,98.4,66.6,7.1,0.25,2.08,5,2,2,0,0
0,21,98.1,67.5,5.5,-0.26,2.9,4,0,1,1,0
0,-3,86.9,80.5,7.6,-0.86,2.5,4,3,1,1,0
0,53,79.4,76.6,7.3,-0.46,2.56,4,1,0,0,0
0,-12,101.2,72.1,7.4,-0.24,3.39,4,3,2,0,0
0,18,98.9,81.7,7.7,0.14,1.54,4,3,2,1,0
0,7,100.1,71.8,7.2,-0.36,2.61,4,1,1,0,0
0,-8,98.9,71.3,7.4,0.23,1.45,4,1,1,1,0
0,-10,110.1,74.9,7.7,-0.32,1.99,3,1,0,1,0
0,8,113.5,76.4,7.6,0.55,1.84,3,3,2,1,0
0,-11,105.7,72.4,6.6,0.14,1.47,3,0,1,0,0
1,24,108,76.3,7.6,0.29,2.06,3,1,1,0,0
0,6,94.1,65.2,6.2,-0.32,2.32,3,1,2,1,0
0,-7,74.8,63.3,7.2,0.29,2.01,3,0,0,0,0
0,29,94.5,67.9,6.3,0.41,1.93,3,0,1,0,0
0,28,89.7,71.5,7.9,0.86,2.01,3,0,2,0,0
0,19,101,69,6.8,-1.06,3.04,2,2,2,1,0
0,1,96.4,72.4,7.2,0.32,2.53,2,0,1,1,0
0,-3,102.3,75,7.9,0.24,2.06,2,0,0,0,0
0,-26,61.8,76.9,8.6,0.75,2.11,2,1,1,0,0
0,-7,97.3,67.8,6.6,-0.07,2.01,1,0,1,1,0
0,29,89.8,72.6,7,0.92,2.41,1,0,1,1,0
1,29,108.5,72.4,7.8,0.46,2.89,1,1,2,0,0
0,5,100.7,76.9,7.8,-0.25,2.8,10,3,2,1,1
0,26,96.9,73.4,6.5,0.54,2.98,10,0,1,1,1
0,16,98.5,67.1,7.7,0.37,3.27,10,2,2,0,1
0,22,89.4,64.6,7.1,-0.68,2.74,10,0,0,1,1
0,51,87.5,69.3,6.6,0.12,3.41,10,0,0,1,0
0,12,108.7,74.4,7,0.26,2.54,10,0,0,1,0
0,16,99.6,70.6,6.4,-0.53,2.63,10,2,0,0,1
0,-8,101,67.5,6.6,-0.32,2.78,10,2,1,1,1
0,-4,100.9,73.3,7.4,-0.18,2.4,9,1,1,1,0
0,24,67,70.3,6.8,-0.49,3.5,9,0,0,0,0
0,-7,101.9,70.2,7.6,0.61,2.65,9,0,1,0,0
0,4,99.7,66.5,8.5,0.41,1.97,9,0,1,0,0
1,28,105.5,72.4,7.5,-0.41,2.59,9,0,1,1,0
0,23,96.7,69.7,7.2,0.22,3,9,2,1,0,1
0,10,99.1,71.8,6.7,-0.04,2.69,9,0,0,0,1
0,-3,96.1,75.8,7.9,-0.15,1.65,9,0,1,1,1
0,-21,103.1,74.8,7.5,-0.29,1.67,9,3,1,0,1
0,29,91.4,63.7,6.6,-0.35,2.79,9,1,2,0,1
0,-1,78.1,76.5,8,0.06,1.27,8,3,2,1,0
0,-27,94.5,70.3,7.1,0.4,2.23,8,1,1,0,0
0,14,105.7,75.2,7.8,0.7,1.37,8,0,1,1,0
0,-6,92.7,69.6,7.1,-1.04,2.7,8,2,1,1,0
0,-61,75.5,69.1,7.3,0.72,2.21,8,0,0,0,0
0,28,75.8,68.3,6.4,-0.37,3.53,7,1,0,0,0
0,-3,96.4,70.8,8.1,0.29,2.24,7,0,0,0,0
0,40,101.7,75.4,7.3,-0.87,2.94,7,1,2,1,0
0,-3,78,70.5,6.6,0.79,2.46,7,0,1,1,1
0,9,107.9,74.2,7.8,0.17,1.98,7,0,1,0,1
0,85,75.6,71.7,8.1,0.15,2.25,7,0,2,0,1
0,-9,96.6,68.2,7,-0.22,2.52,6,0,0,0,0
1,26,107.3,71.7,7.3,-0.09,3.12,6,1,2,0,0
0,25,87.6,69.2,7.4,0.42,2.24,6,0,0,0,1
0,46,63.9,70.1,6.6,-0.78,3.05,6,1,0,0,1
0,72,89.6,80.3,7.7,0.11,2.37,6,3,2,1,0
0,23,78.6,66.6,6.1,0.13,2.59,6,0,0,1,0
0,-2,83.1,72.1,6.6,-1.09,2.67,5,0,0,0,0
0,75,77.7,80.2,9,0.21,1.94,5,3,2,0,0
0,-9,88.7,68.5,6.8,-0.52,2.34,4,2,0,0,1
0,29,72.8,67.8,7,-0.49,2.36,4,3,1,0,1
0,-4,77.6,64.7,6.4,-1.28,2.95,4,2,2,0,0
0,9,108,77.9,6.8,0.62,2.3,4,3,2,1,1
0,-8,82.6,62.2,7.7,0.13,0.74,4,0,2,0,1
0,19,94.8,69.9,6.8,0.36,1.81,4,3,1,0,1
0,26,66.4,85.7,7.4,0.18,1.56,4,3,2,0,1
0,-30,64.3,70.1,7.7,-0.69,2.1,4,0,1,1,1
0,36,82.7,64.7,6.2,-0.37,3.56,3,0,0,0,1
0,22,92.4,85.3,8,0.32,2.26,3,2,0,0,1
0,4,102.7,77.8,7.7,-0.33,2.69,3,0,0,1,1
0,44,93.4,66.2,7.1,-0.03,3.04,3,0,0,0,1
0,22,95.2,71.6,7.3,0.17,2.74,3,2,1,0,1
0,4,92.3,73.4,7.4,0.42,1.88,3,0,0,1,1
0,5,92.9,79.6,7.6,-0.15,1.78,3,1,0,0,1
0,23,97.8,71.7,7.4,-0.07,2.09,3,0,1,0,1
0,-34,64.2,75.6,8.9,0.78,2.17,2,0,0,0,1
0,39,69.7,68.8,8.3,0.91,1.44,2,0,1,0,1
0,73,83.4,68.9,7,-0.11,3.01,1,1,2,0,1
1,23,102.3,75.4,7.3,-0.8,2.46,1,2,1,1,1
0,-6,103.2,72.9,7.4,0.88,2,1,0,0,0,1
0,8,95.4,72.1,7.4,-0.74,2.22,9,1,0,0,0
0,-12,96.3,69.7,7.2,-0.03,2.22,9,1,2,0,0
0,49,74.8,79.1,8.2,0.04,1.68,8,0,0,0,1
0,3,97.4,70.5,6.6,0.8,3.11,8,1,1,0,1
0,-4,83.7,60.5,7.5,0.14,0.7,8,1,2,0,1
0,29,90,69,7,0.21,2.32,8,2,1,0,1
0,41,85.4,70.9,6.9,0.66,3.07,8,0,0,0,0
0,4,97.2,63.5,7.4,0.06,1.71,8,2,1,1,0
0,-6,103.8,84.1,7.8,0.61,2.36,8,1,1,1,0
0,49,98.6,68,7.4,-0.94,2.59,7,1,0,0,0
0,22,78.9,61.2,7.3,0.75,1.53,7,0,2,0,0
0,40,86.7,71,7.3,-0.64,2.82,7,0,0,0,1
0,17,90.7,59.8,6.2,0.27,2.74,7,0,2,1,1
0,-19,69.2,62.3,7.5,0.72,1.81,7,0,2,0,0
0,18,94.5,61.8,5.8,0.32,2.94,7,2,2,0,0
1,26,103.8,73.2,7.9,1.01,2.02,7,3,2,1,0
0,7,103,71.1,7.1,0.78,2.65,7,0,1,1,0
0,-19,86.4,64.7,6.4,-0.15,2.66,6,2,1,1,0
0,67,94.1,73.6,7.4,-0.37,2.93,6,0,1,0,0
0,58,99.9,75.1,8.3,0.07,2.54,6,2,2,1,0
0,20,95.6,74.6,7.2,-0.43,2.96,6,0,2,1,0
0,26,102.5,75.8,7.9,-0.6,2.26,6,2,1,1,0
0,-43,81.2,68.4,6.3,-0.75,3.09,5,1,1,0,0
0,3,71.7,58.6,7.4,0.23,1.68,5,1,0,1,0
0,7,75.6,72.2,8.1,0.51,1.54,4,0,0,0,1
0,3,79.5,69.9,7.4,0.98,2.99,4,2,2,0,1
0,62,76.9,67.4,7.1,-0.77,2.93,4,1,1,1,0
0,-50,80.7,68.1,7.3,-0.45,3.01,4,2,1,1,0
0,5,77.7,67.7,6.9,-0.59,2.54,3,2,1,0,1
0,-18,77.6,75.8,8.3,0.45,1.54,3,3,1,0,0
0,33,85.8,63.1,7.4,-0.32,2.1,3,2,2,0,0
0,51,90.5,68.9,6.6,0.02,2.82,2,2,2,0,1
1,25,101.1,71.4,8.1,-0.5,1.77,2,2,2,0,1
0,34,99.1,73.7,6.9,0.13,3.18,2,0,0,1,0
0,11,108.7,76.7,7.6,0.67,2.55,2,1,1,1,0
0,-24,85.8,77.5,7.3,-0.04,2.65,1,1,1,0,1
0,-22,74.7,76,7.3,0.24,1.92,1,1,0,0,1
0,-9,93.9,61.2,7.7,0.7,1.6,1,1,2,0,1
0,5,82.2,64.2,7.5,-0.09,1.68,1,1,2,0,1
0,6,73.3,64.2,8.8,-0.85,1.29,1,2,2,1,0
0,11,73.6,76.8,8.2,0.62,2.34,1,1,1,0,0
0,-9,102.5,69.7,7.8,-0.72,2.57,1,0,0,1,0
0,46,90.6,69,7.6,-0.46,1.9,9,1,0,1,0
0,8,82.2,85.2,8.6,0.72,1.56,9,1,2,0,0
0,-2,108.3,81,7.9,0.27,2.25,8,0,0,0,0
0,11,100.9,70,8.3,-0.67,1.47,8,1,2,1,0
0,-53,54.5,75.4,8.4,0.23,2.02,8,1,0,1,0
0,20,101.4,76.8,8.2,0.38,2.37,8,0,1,1,0
0,18,95.5,74.1,7.4,-0.29,2.71,8,2,2,0,0
0,21,81.9,68,6.8,-0.51,2.57,8,0,0,1,0
0,-6,98,67.8,6.6,-0.6,1.8,8,2,0,1,0
0,47,91.2,77.6,6.8,-0.49,2.76,8,1,1,1,0
0,53,82.3,68.9,6.1,0.16,3.27,8,1,0,1,0
0,53,89.5,71.6,8.2,-0.03,1.53,7,1,2,1,0
0,-32,75.1,69.3,6.8,-0.87,1.96,7,1,2,1,0
0,-22,96.8,71.2,8.3,-0.43,1.55,7,0,0,1,0
0,33,90.9,73,7.7,-0.08,2.11,7,1,1,0,0
0,60,83.6,75,7.4,0.57,2.95,7,1,0,1,0
0,4,85.2,72.8,8.1,-0.16,1.02,7,1,0,1,0
0,-27,24.2,7,1.2,-0.33,3.05,7,0,0,1,0
0,6,87.8,67.8,6.2,-0.02,2.83,7,0,0,1,0
0,2,107.3,75.1,8.2,-0.01,2.57,6,2,2,0,1
1,30,101.1,73.5,7.9,0.5,2.09,6,2,0,1,0
0,-29,89.7,82.6,8.3,0.1,2.27,6,0,0,0,0
0,0,93.4,74.7,8.3,-0.73,2.37,6,2,1,1,0
0,58,87.4,63.8,7.2,0.03,2.31,6,0,0,1,1
0,1,100.3,72.7,6.7,0.36,2.44,6,2,1,1,1
0,27,94.6,74.5,7.8,-0.73,1.76,6,1,0,0,1
0,31,83.7,76.9,8.5,0.26,1.53,5,1,1,0,0
0,-15,89,69.6,6.9,0.95,2.11,5,0,0,1,0
0,-9,83.5,69.9,7.4,0.63,3.49,5,1,2,0,0
0,15,107.6,73.4,7.5,0.72,2.5,5,0,1,0,1
0,-3,77.9,67.6,6.6,-0.41,2.66,5,0,0,1,1
0,30,99.3,68.4,6.9,-0.35,2.74,5,2,2,0,1
0,-21,86,72,8.2,-0.46,2.01,4,3,2,1,0
0,-17,74.3,71.3,7.9,-0.92,1.63,4,3,2,1,0
0,48,90.2,75.5,7.8,-0.38,2.63,4,1,1,0,0
0,-67,59.5,71.7,7.9,0.31,1.19,4,1,2,1,0
0,-17,107.4,74.2,7.6,-0.1,2.04,4,1,0,0,0
0,-5,100.2,71.9,6.4,-0.72,2.44,4,0,0,1,0
0,9,94.4,66.6,6,-0.21,2.11,4,2,2,1,0
0,3,101.2,69.9,6.4,-0.23,2.23,4,0,2,1,0
0,-21,89,60,7.7,0.11,1.51,3,2,2,1,0
0,5,74.7,74.2,8.3,0.66,2.24,3,1,1,0,0
0,15,99.4,67.6,8,0.19,1.83,3,0,0,1,0
0,10,106.5,76.7,7.4,-0.47,2.36,3,0,0,0,0
0,49,87.7,74,7.1,-0.43,2.41,3,2,2,0,0
1,28,103.8,70.6,6.9,0.19,2.86,3,2,1,1,0
0,-14,73.5,73.1,7.6,0.24,1.4,2,1,0,1,0
0,-20,93.9,77,7.3,0.14,2.92,2,2,2,1,0
0,-3,94.8,65,6.2,0.18,2.61,2,0,1,1,0
0,-13,98.8,65.7,5.3,-0.36,2.79,2,0,0,1,0
0,2,99.8,70.1,5.8,0.12,2.11,2,3,2,1,0
0,-22,109.8,73,6.5,-0.2,2.14,2,0,1,0,0
0,-2,74.3,74,8.1,0.89,2.32,1,2,0,0,0
0,50,75,63.2,6.8,0.67,2.98,1,1,2,1,0
0,35,98.8,75.1,7.3,-0.23,3.51,1,3,2,0,0
0,-7,110.9,74.3,7.3,-0.42,1.97,1,1,0,0,0
0,16,96.2,69,6.3,-0.55,3.18,1,1,0,1,0
0,-12,53.7,71.2,6.3,0.61,2.5,9,3,2,1,0
0,18,98.7,67.1,6.4,0.12,3.73,9,0,2,0,0
0,-53,57.8,62.8,8.2,-0.07,1.4,9,3,2,1,0
0,-14,66.5,70.4,7.1,-0.38,1.71,9,1,1,1,1
0,-45,84.6,75.5,7.5,0.25,1.37,9,2,1,0,1
0,0,95.6,74.1,7.5,-0.93,1.92,9,2,2,1,0
0,78,90,73.1,6.6,0.68,2.92,8,2,1,1,0
0,59,83.9,67.6,7.1,0.38,2.75,8,0,0,0,0
0,-15,27.2,6.1,1.4,0.68,3.12,8,0,0,0,0
0,14,71.8,68.7,7.5,1.24,1.61,8,3,2,0,0
0,-1,84.8,74.2,8.5,-0.51,1.97,8,2,1,1,0
0,-2,85.1,78.1,7.1,-1.21,1.87,7,1,2,0,0
0,28,85.9,60.5,6.1,-0.92,3.33,7,2,1,0,0
0,82,83.7,73.8,7.5,0.17,3.06,7,0,0,1,0
0,-21,69.5,73.6,7.9,-0.62,2.41,7,1,1,0,0
0,20,83.3,54.7,4.8,0.25,3.06,7,0,2,1,0
0,23,95.5,74.8,7.2,-0.49,2.32,6,1,0,1,1
0,46,68,60.4,7.6,-0.05,1.76,6,0,1,0,1
0,54,82.8,70.7,7.8,0.17,2.14,6,0,2,0,1
0,80,73.7,69.9,7.6,-0.64,2.92,6,0,2,1,0
0,-59,64.9,75,8.2,0.13,1.88,6,0,0,0,0
0,77,76.5,75.5,6.6,-0.39,2.85,5,0,1,0,0
0,24,83.3,69.5,6.9,-0.33,2,5,1,2,0,0
0,0,100.7,69.8,7.6,-0.25,2.7,5,2,1,1,0
0,-9,100.3,76.8,7.7,-0.01,1.99,5,3,2,0,1
0,7,99.1,71.5,7,-0.26,2.72,4,0,0,1,0
0,12,100.9,68.9,6.2,-0.47,2.43,4,1,0,1,0
0,-11,83.6,75.8,6.7,-0.17,2.4,4,3,2,1,0
0,-8,105.7,77.6,7.4,-0.51,2.25,4,0,2,0,0
0,27,93,71.9,6.9,0.82,2.49,4,0,0,1,0
0,16,105.5,74.2,7.2,0.14,3.05,4,3,1,1,0
0,-5,97.8,71.2,7.1,0.09,2.53,4,2,2,1,0
0,48,92.4,71.2,6.7,-0.73,2.67,4,3,2,1,0
0,25,100.1,74.4,7.2,-0.04,2.88,3,1,0,0,0
0,22,100.5,65.6,8.1,0.59,2.21,3,0,0,0,0
0,19,89.1,69.5,7.4,-0.92,2.96,3,0,1,1,0
0,3,90,66.9,5.9,0.07,2.33,3,3,1,1,0
0,40,101,74.7,6.8,0.16,3.09,3,0,1,1,0
0,19,77.8,65.5,8.1,-0.65,1.56,3,1,2,1,0
0,51,105.2,85.1,8.3,-0.08,1.84,3,3,1,1,0
0,16,90,77.5,6.8,-0.47,2.98,3,3,2,0,0
0,79,89,81.5,8.5,0.34,2.18,2,0,0,1,0
0,31,97,79.2,7.4,-0.36,2.11,2,3,1,0,0
0,4,85.1,66.4,7.4,-0.31,2.03,2,1,1,1,0
0,50,89.7,73.6,7.7,0.03,2.6,2,2,0,1,0
0,68,76.3,73.4,7.3,0.27,2.63,2,3,2,1,0
0,-9,74.6,67.9,7.3,0.46,2.46,1,2,0,1,0
0,17,92.2,56.9,6.7,-0.39,3.33,1,2,0,0,0
0,46,92,68.5,6.9,-0.79,2.73,1,1,1,1,0
0,45,87.5,63,5.6,-0.18,2.82,1,2,1,1,0
0,-23,70.1,71.4,7,-0.76,3.22,7,1,0,1,0
0,20,88.7,72.1,7,-0.67,2.66,7,3,1,0,0
0,56,97.8,71.5,7.1,-0.62,3.5,6,3,2,0,0
0,7,105,72.8,6.9,-0.16,2.17,6,2,1,0,1
0,17,80.8,70.1,8.3,0.73,1.89,6,2,1,0,1
0,-20,48.2,58.9,6,-1.16,2.56,6,2,1,0,1
0,80,79.5,72.7,7.4,-0.45,3.41,6,3,1,0,1
0,59,96.9,71.4,7.4,-0.15,2.93,6,1,1,0,0
0,7,108.6,73.3,7.8,0.3,2.05,6,2,1,0,0
0,9,86,70.4,8.2,-0.05,1.84,6,1,1,0,0
0,6,107.6,75.9,7.4,0.03,1.32,5,1,1,0,0
0,59,99.4,72.9,7.4,-0.49,3.26,5,0,0,0,0
0,17,97.8,67.7,6.5,0.53,2.86,5,3,1,1,0
0,58,93.3,73.4,7.8,-0.34,2.53,5,3,1,1,0
0,73,85.4,73.2,7.3,-0.15,3.22,5,0,2,0,0
0,5,90.5,73.5,7.9,0.25,1.99,5,0,2,0,0
1,27,107.2,77.3,7.9,-0.57,1.71,5,2,2,0,0
0,73,85.3,74.9,7.1,-0.12,2.77,5,2,1,1,0
0,25,77.5,70.3,8.1,0.63,2.44,5,0,2,0,0
0,5,106,75.9,7.4,-0.31,2.26,5,0,0,0,0
0,2,75.6,68,6.6,-0.26,3.36,4,1,1,0,0
0,-14,64.8,70,8.2,-0.14,2.06,4,0,1,1,0
0,11,105.4,70.5,8.4,0.19,1.89,4,3,1,0,0
0,5,104.9,68.5,6.6,-0.13,3.12,4,1,2,0,0
0,47,90.8,77,7.7,0.68,2.47,4,1,2,0,0
0,11,90.4,72.5,6.8,-0.69,2.85,4,0,2,0,0
0,27,77.2,73.3,6.5,-0.58,2.4,4,0,0,0,0
0,-3,97.4,67,6.5,0.66,2.1,3,1,1,1,0
0,-16,91.6,71.4,7.2,-0.53,1.58,3,1,0,1,0
0,34,75.1,71.5,6.7,-0.29,3.24,3,0,2,0,0
0,19,88.8,70.2,7.2,-0.99,1.8,3,1,2,1,0
0,5,98.2,73.7,7,-0.22,2.29,3,0,1,0,0
0,30,73.9,69.2,7.6,0.88,1.67,3,1,2,0,0
0,0,79.3,71,7.1,-0.58,2.17,3,0,0,0,0
0,60,81.6,69.9,8.4,0.76,2.03,2,3,2,0,0
0,36,94.5,70.4,7.6,0.13,1.8,2,3,2,0,0
0,6,95.8,77.3,7.3,-0.21,2.41,2,0,0,0,0
0,3,101.4,77.7,7.2,-0.1,2.42,2,3,2,0,0
0,33,89.1,72.7,7.3,-0.54,2.96,2,2,1,0,0
0,-50,71.8,68.7,6.8,-0.4,1.48,1,2,2,1,0
0,17,101.1,82.3,8,-0.23,2.53,1,1,1,0,0
0,14,91.1,67.4,7.7,0.77,2.73,1,1,2,0,0
0,-15,99.5,72.8,7,-0.42,1.58,1,1,2,0,0
0,-5,70.2,71.4,6.9,-0.5,2.64,1,0,0,0,0
0,31,98.9,77.3,7.4,-0.44,2.23,9,1,1,0,0
0,12,94.7,70,6.8,-0.42,1.98,9,1,2,1,0
0,-10,79.1,62.9,7.8,0.11,3.19,8,3,2,0,1
0,-40,83.1,68.2,6.1,0.57,2.08,8,0,1,1,0
0,12,71.3,69.6,8.1,0.15,2.58,8,3,2,0,0
0,7,76,75.2,6.9,-0.64,2.51,7,1,2,0,0
0,9,85,70.5,6.5,0.29,2.65,7,3,2,0,1
0,35,77.7,66.4,5.5,0.25,3.17,7,2,1,1,1
0,17,99.3,77.1,8.3,0.05,2.08,6,1,1,0,0
0,15,98.1,65.9,6.5,0.37,2.49,6,3,2,0,0
0,14,80.9,71.3,6.1,-0.11,2.67,6,0,1,0,0
0,-7,97.2,75.7,8.2,0.15,2.23,6,0,0,1,1
0,63,83.1,76,6.9,0.12,2.74,6,0,0,0,1
0,13,96.3,73.7,8.5,0.51,1.95,6,2,2,0,1
0,13,104.5,76.7,7.9,0.26,1.56,6,1,1,1,0
0,63,73.1,73.3,7.7,0.2,1.47,6,0,1,1,0
0,-14,90.7,70.6,8,0.51,1.28,6,1,2,0,0
0,35,92.6,73.9,8,0.65,2.63,5,2,1,0,1
0,45,81.2,69.5,7.2,0.93,2.35,5,0,1,0,1
0,11,99.8,70.8,7.2,-1.09,1.77,5,1,0,1,0
0,28,96.4,80.3,7.5,0.64,1.97,4,2,2,0,1
0,29,93.7,63,7.7,0.58,2.54,4,0,1,0,1
0,12,107.6,73.8,7.6,-0.11,2.47,4,0,1,1,1
0,-8,82.1,71.4,8.5,0.39,1.44,4,2,0,0,0
0,37,98.3,69.2,6.1,-0.17,3.05,4,2,2,1,0
0,16,100.5,73.1,7.9,-0.41,1.76,4,1,1,1,0
0,85,81,75.6,7.1,-0.14,2.74,3,2,2,0,1
0,34,92.3,71.6,8.1,0.21,1.99,3,0,1,0,1
0,83,68.2,76,7.2,0.45,2.39,3,2,1,1,0
0,-28,77.2,62.6,7.6,0.14,1.85,3,3,2,0,0
0,10,103.5,69.7,7.3,-0.03,1.9,3,0,0,0,0
0,31,80.8,67.8,6.4,0.28,3.44,2,2,2,0,1
0,33,96.4,68.2,6.9,0.1,3.01,2,1,2,1,1
0,50,78.3,74.4,8.3,0.24,1.8,2,1,0,0,0
0,28,78.9,69.8,8.3,-0.48,0.53,2,0,1,1,0
0,43,86.8,66.1,8.9,0.07,0.97,1,2,2,0,1
0,34,85.1,78.6,8.3,-0.11,2.48,1,1,1,1,1
0,13,110.5,78.1,7,-0.12,2.25,1,3,1,0,1
0,19,81.3,73,7.2,0.42,2.44,1,2,2,0,1
0,68,72.5,84.1,8.3,-0.3,2.22,1,0,0,0,1
0,-8,68.3,73.3,7.9,-0.45,2.34,1,2,0,1,0
0,66,60,68.3,7.9,0.67,2.31,9,1,1,0,0
0,19,98.9,71.2,6.8,0.38,3,9,2,2,1,0
0,14,102.2,72.7,7.4,0.43,3.23,9,0,0,0,0
0,-13,74.6,70.1,7.6,-0.5,2.53,8,1,1,0,0
0,29,87.5,66,8,-0.91,1.92,8,3,2,1,0
0,39,97,71,7.5,0.3,2.03,8,1,2,1,1
0,1,102.9,68.8,7.4,0.37,0.98,8,1,1,1,0
0,0,105.5,71.8,7.2,-0.52,2.38,8,0,1,0,0
0,3,67.3,65.6,7.2,0.83,2.27,8,0,0,0,0
0,-33,78.2,73,6.9,-0.08,2.41,8,1,2,1,0
0,-4,90.1,71.8,6.1,-0.21,2.44,7,1,1,0,0
0,-34,56.4,58.6,6.2,-1.11,3.01,7,0,1,0,0
0,56,96.7,73.4,6.4,-0.6,3.14,7,0,0,0,0
0,8,103.1,75.7,8.9,0.02,2.61,6,2,0,0,1
0,33,78.7,70.5,7.3,-0.06,1.72,6,2,2,1,1
0,-43,38.9,40.6,5.5,0.9,3.64,6,0,1,1,1
0,-25,95,61.9,7.3,-1.06,1.62,6,1,2,1,0
0,4,72,65.3,6.8,1.18,2.21,6,1,2,0,0
0,-8,110.3,73.7,7.7,0.11,1.81,6,3,2,0,0
0,61,92,70.4,7.1,-0.5,2.5,5,0,0,1,1
0,-10,104.7,73.9,6.9,0.21,2.41,5,2,1,0,1
0,-10,99,75.8,6.5,0,2.1,5,0,0,1,1
0,13,108.7,80.1,7.5,-0.25,2.13,5,1,0,0,1
0,-57,86.3,58.8,6,-1.2,1.95,5,0,1,0,0
0,-1,100.9,72.8,7.8,-0.42,2.74,5,0,0,1,0
0,49,94.5,75.2,7.2,1.08,2.78,5,2,2,0,0
0,47,90.6,65.8,6.8,-0.52,2.88,4,0,2,1,1
0,8,83.2,53.3,7.8,0.68,1.67,4,1,2,0,0
0,5,99.8,67.1,7.3,0.08,1.46,4,2,2,1,0
0,56,87.4,73.6,7.7,0.09,1.48,4,1,1,1,0
0,28,73.5,65.7,6,0.46,2.32,4,0,0,1,0
0,74,84.1,76.6,7.7,-0.44,2.3,4,1,1,0,0
0,54,94.1,72.4,7.5,-0.46,2.54,3,0,0,1,0
0,21,60.9,64.9,8.6,0.71,0.94,3,2,2,0,0
0,19,67.3,66.3,9,0.74,1.99,3,0,2,0,0
0,14,98.7,64.1,6.6,0.3,3.34,3,1,0,1,0
0,67,87.4,77.7,7.8,0.15,3.12,3,1,1,1,0
0,77,77.1,72.3,7.7,0.28,2.46,3,0,0,1,0
0,26,95.1,70.1,7.2,0.15,1.97,3,0,0,1,0
0,18,102.1,74.5,7.5,-0.76,2.19,3,0,0,0,0
0,18,84.8,67.5,6.6,0.78,2.36,3,1,1,1,0
0,59,83.2,82,6.9,-0.38,2.65,2,1,1,0,0
0,23,19.6,5.5,1.2,-0.32,3.23,2,0,0,1,0
1,25,106.5,78.4,7.7,0.32,2.1,2,0,1,0,0
0,-4,93.9,69.3,7.7,-0.36,1.96,2,1,1,1,0
0,56,65.1,67.9,7.6,0.12,1.33,2,0,1,0,0
0,-52,91.2,80,6.6,-0.22,2.54,2,1,0,0,0
0,8,83.2,71.9,8,-0.34,1.4,2,0,0,1,0
0,-57,85.1,69.7,7.5,-0.09,2.41,1,0,1,0,0
0,68,88.1,72.1,6.7,-0.2,3.12,1,2,0,1,0
0,13,103.2,75.6,8,-0.63,2.67,1,3,1,1,0
0,-4,55.3,55.2,6.7,0.35,1.95,1,2,2,1,0
0,21,105.9,74.4,7.7,-0.24,1.92,1,0,1,0,0
0,22,105.8,70.7,7.1,0.74,2.54,1,1,0,1,0
0,35,99.7,76.5,7.4,0.4,1.75,1,3,2,1,0
0,-17,101.4,68.9,7.6,0.2,1.56,9,1,1,1,0
0,-4,94.1,68.2,6.8,-0.45,2.06,8,0,0,1,0
0,36,99.3,75,7.5,0.14,1.99,8,0,0,0,0
0,0,96.8,69.5,7.5,-0.19,1.73,8,3,2,1,0
0,5,88.6,83,7.7,0.09,1.72,8,0,1,0,1
0,35,72.7,69.6,6.3,0.31,2.55,8,1,0,1,1
0,-13,74.4,65.2,6.3,-0.75,2.67,7,0,0,0,0
0,25,96.4,70,8,0.62,2.4,7,0,1,0,0
0,41,84.2,65.4,6.9,0.02,2.69,7,3,2,1,0
0,-38,76.8,75.3,6.9,-0.05,2.1,7,0,0,0,0
0,0,80.5,70.2,7.6,-0.39,1.7,7,1,2,1,0
0,32,87.8,59.4,5.6,0.15,4.15,6,0,2,1,0
0,16,103.6,71.5,6.3,-0.38,2.42,6,0,0,1,0
0,64,86.3,68,6.5,0.33,2.72,6,2,0,1,0
0,-11,87.2,69.2,7.5,-0.61,2,6,1,2,1,0
0,13,99.7,76,7.3,0.23,3.05,6,2,2,0,0
0,28,89.6,65.4,8.3,-1.2,2.68,6,1,1,1,0
0,35,100.7,79.4,8,0.85,2.41,6,2,2,0,0
0,68,80.4,67.1,7.6,0.45,2.17,5,1,0,0,0
0,4,96.5,66.4,7.4,-0.44,1.79,5,2,2,1,0
0,31,93.7,65.4,6.8,-0.01,2.09,5,1,2,1,0
0,22,78.8,72.3,6,0.03,2.98,4,0,1,1,0
0,-7,96.9,82.5,6.6,-1.16,2.4,4,0,0,0,0
0,39,65.3,70.5,7.1,-0.12,1.69,4,1,2,1,0
0,39,79.3,68.8,7.1,0.72,2.16,4,1,2,0,0
0,47,72.5,69,8.6,-1.29,2.42,4,2,1,1,0
0,19,75,71.7,6.8,-1.23,3.12,3,0,1,0,0
0,-14,106.6,78,7.8,0.29,1.67,3,2,2,0,0
0,18,78.5,77.1,8.3,0.81,2.13,3,0,0,0,0
0,13,84.4,70.3,6.8,-0.16,2.46,3,2,2,1,0
0,3,108.8,75,7.1,0.25,1.79,3,0,1,1,0
0,48,72.5,76.1,6.6,0.12,2.62,3,0,0,1,0
0,-13,94,68.5,8.2,0.88,1.7,3,0,1,0,0
0,-7,79.7,71.7,7.3,-0.68,1.91,3,0,0,1,0
0,52,82,63.7,7.5,0.55,2.34,3,0,1,0,0
0,18,74.7,70.4,7.8,1.16,1.95,2,0,1,0,0
0,24,91.2,66.9,7.4,0.43,1.09,2,2,2,1,0
0,7,95.2,70.5,6.3,0.18,2.67,2,3,2,1,0
0,-11,66.4,65,8.3,0.59,1.65,2,3,2,0,0
0,22,85.9,75,8,-0.9,2,1,2,1,1,0
0,-29,83.3,77.8,6.8,0.39,2.05,1,2,2,1,0
0,15,103.9,72.3,6.8,-0.27,2.35,1,0,0,1,0
0,78,82.6,69.7,8.3,0.83,2.36,1,0,2,1,0
0,-12,108.2,78.7,7.9,0.3,1.4,1,3,2,0,0
0,-18,103.5,78.3,8,0.07,1.75,1,2,1,1,0
0,12,92.8,77.2,8.3,0.48,1.94,9,0,1,0,0
0,-11,100.7,66.2,5.5,-0.28,2.55,9,1,1,0,0
0,2,98.2,65.3,6.9,-1.02,2.85,9,1,2,1,0
0,7,84.4,75,7.5,0.34,2.63,9,2,1,0,1
0,7,66.2,59.7,6.9,-0.51,1.97,9,1,0,1,1
0,-2,105.4,80.7,7.2,0.06,1.67,8,0,0,0,1
0,39,93.9,78.7,7.5,0.18,2.55,8,3,1,0,1
0,-4,101.9,69.4,6.2,-0.1,2.82,8,0,1,0,0
0,22,96.3,71.2,7,-0.19,2.44,8,0,0,0,0
0,-10,80.6,69.6,7.2,-0.68,2.46,7,0,2,0,1
0,26,98.8,78,7.5,-0.59,2.63,7,1,2,0,1
0,6,103.4,74.9,9,-0.13,1.68,7,0,2,1,0
0,17,89.9,70.4,6.1,0.21,3.04,6,1,0,0,0
0,6,109.8,82,7.2,-0.65,3.14,6,0,0,1,0
0,-15,100.9,72.7,6.8,-0.43,2.02,6,0,1,0,0
0,1,88.2,69.2,7.9,0.33,2.14,6,1,2,0,0
0,2,108.1,78.1,7.6,0.25,2.64,6,0,0,0,0
0,46,81.3,73.1,7.5,0.23,2.04,5,1,1,0,0
0,-6,92.7,74.3,8.1,0.25,1.96,5,3,2,0,0
0,32,91.7,68.2,7.3,-0.42,1.76,5,1,0,1,0
0,12,105.2,72,7,0.2,2.6,5,3,2,0,0
0,9,82.4,70.6,6.5,-0.44,2.97,5,1,0,0,0
0,-13,101.1,75.7,6.9,-0.99,1.83,5,0,0,0,0
0,-3,85.5,74.6,6.3,-0.26,1.91,5,2,1,0,0
0,-14,83.3,67.7,6,-0.75,2.47,4,2,2,0,0
0,54,88.5,70.4,7.3,0.42,2.45,4,1,2,1,0
0,-10,109.2,76.6,7.3,0.12,1.72,4,1,0,0,0
0,8,102.1,75.1,7.5,0.34,2.03,4,0,1,0,1
0,32,71.7,54.3,4.9,0.77,2.78,4,1,2,1,1
0,-1,106.7,73.3,7.7,0.63,1.9,4,3,2,0,1
0,-28,93.5,77.2,7.6,0.14,2.07,3,3,1,0,0
0,-10,103.1,72.3,6.6,0.27,2.3,3,0,0,0,1
0,30,60.1,60.3,5.8,-0.32,2.88,3,1,2,0,1
0,-37,94.6,70.7,6.6,0.67,2.5,3,3,2,0,1
0,-45,72.9,70.8,6.8,-0.26,1.47,2,1,2,0,0
0,-5,97.3,69.7,7,0.25,1.76,2,2,1,0,0
0,-13,98.5,71.4,7.6,-0.47,1.61,2,0,1,1,0
0,-2,101.4,75.5,8.4,0.07,2.48,2,1,1,0,1
0,15,109.9,76.1,7.9,-0.13,1.98,2,0,1,0,1
0,16,58.9,58.4,6.7,-1.31,1.77,2,1,1,1,1
0,69,89.3,79,8.1,0.16,2,2,1,0,0,1
0,-17,102.4,68.2,6.1,0.46,2.1,2,1,1,0,1
1,33,100.2,74.5,6.8,-0.4,2.43,2,2,2,0,1
0,28,91.5,69.4,6.8,0.09,1.96,1,1,1,0,0
0,-7,89.3,71.6,6.6,-0.55,2.39,1,0,0,1,0
0,5,82,70.3,6.4,-0.62,2.25,1,1,2,0,1
0,0,93.8,67.8,7.3,-0.25,1.35,1,0,1,0,1
0,13,85.4,79.4,8.5,-0.82,2.07,1,0,1,0,1
0,-51,71.6,54.4,4.5,0.58,2.02,1,1,2,1,1
0,29,94.5,72.4,7.5,0.6,2.02,9,1,1,0,0
0,-1,77.3,67.4,7.2,1.41,2.18,9,1,2,0,0
0,-21,91.7,77.8,8.3,-0.45,1.49,9,1,0,1,0
0,18,72.7,71.8,7.7,-0.84,1.86,9,0,2,1,0
0,-6,94.8,74.5,6.9,0.5,2.1,9,0,0,1,0
0,19,87.9,76.7,8.8,0.07,1.31,9,0,1,0,0
0,-43,75,75.5,7,-0.54,1.49,9,0,0,1,0
0,42,72,66.3,6.7,-0.51,1.34,8,1,2,1,0
0,18,107.3,77,7.4,-0.39,1.74,8,2,1,1,0
0,49,97.8,71.1,7.6,0.05,2.57,8,1,1,0,0
0,-16,99.6,72.6,7.2,-0.54,2.25,7,0,1,0,0
0,47,84.9,68.4,7.4,-1.19,1.99,7,2,2,1,0
0,30,95.6,69.8,7.1,0.43,1.76,7,1,1,0,0
0,-56,76.6,68.1,6.2,0.17,2.37,7,2,1,0,0
0,-59,65.4,59.2,6.1,-1.07,2.69,7,1,1,0,0
1,31,100.4,76.2,8,0.28,2.66,7,0,0,1,0
0,-9,68.6,45.8,6.3,0.29,2.06,7,1,1,0,0
0,57,59.9,78.4,6.9,-0.67,2.88,6,1,0,0,0
0,20,93.8,66.2,8.5,0.74,2.14,6,0,1,0,0
1,26,106.8,74,7.6,-0.4,2.57,6,1,0,1,0
0,8,105.3,73.9,8.4,-0.03,1.93,6,0,0,0,0
0,29,100.7,75.2,7.6,-0.07,2.6,6,3,2,1,0
0,13,79.1,76.1,8.3,0.65,2.09,6,1,1,0,0
0,25,99.3,68.6,6.7,-0.7,2.9,5,0,0,1,0
0,-8,86.5,66.5,6.1,-0.34,2.34,5,0,0,0,0
0,-10,65.5,79.4,8.1,0.18,1.27,5,1,1,0,0
0,1,96.5,79.7,7.8,0.05,1.83,5,0,0,1,0
0,2,74.7,73.8,7.7,-0.06,1.18,4,1,1,1,0
0,53,70.5,65,6.7,-0.88,3.06,4,2,1,0,0
0,12,106.3,70.7,7.1,-0.54,2.43,4,0,0,0,0
0,71,77.8,73.6,7.4,-0.84,2.07,4,0,0,0,0
0,41,90.6,68.9,8.2,-0.94,2.48,4,0,2,1,0
0,49,86.6,67.2,7.6,0.25,3.47,4,2,2,0,0
0,-19,96.6,74.7,7.5,-0.76,2.93,4,1,2,1,0
0,0,101.6,71.4,7.9,0.48,2.11,3,1,2,0,0
0,49,91.9,72.1,7.2,-0.44,2.53,3,1,1,1,0
0,5,91.9,70.2,6.5,-0.36,1.75,3,2,1,0,0
0,66,69.7,69.5,6.8,-0.57,2.99,3,1,2,0,0
1,23,106.5,70.2,6.9,-0.09,2.29,3,3,2,1,0
0,5,102.9,70.4,7.3,-0.14,2.05,3,1,0,0,0
0,32,50.4,68.1,6.6,0.83,2.46,3,3,2,1,0
0,-29,56.9,67.2,6.8,-0.38,1.05,3,0,1,1,0
0,-19,107.2,78.2,7.9,0.16,2.06,2,2,2,0,0
0,73,93.9,73,7.3,-0.36,3.02,2,0,0,0,0
0,26,103,74.3,7.6,0.41,2.06,2,1,1,1,0
0,43,78.8,58.5,6.3,-0.42,3.37,2,2,2,0,0
0,8,103.6,74.5,7.3,-0.16,1.73,2,0,0,1,0
0,-47,79.9,73.8,8.2,0.65,1.73,2,0,0,0,0
0,61,83.5,63.9,7.9,0.48,1.65,1,2,2,0,0
0,14,82.2,62.7,6,-0.69,2.04,1,0,1,0,0
0,-24,95.6,75.7,7,-0.88,2.01,1,0,1,1,0
0,43,89.9,67.8,6.8,-0.77,2.89,1,3,2,1,0
0,12,104.9,71,7,0.03,1.82,1,0,0,1,0
0,-12,96.7,74.5,7.5,-0.26,2.57,9,1,2,0,0
0,-47,28.1,71.9,8.1,0.34,1.53,9,2,2,1,0
0,23,83.1,67.7,7.2,0.74,2.17,9,0,0,0,0
0,14,94.1,72.9,6.7,0.15,3.17,9,1,1,1,0
0,8,103.7,75.1,7.9,0.24,1.06,8,1,1,1,0
0,-2,97.3,72.7,7.7,-0.16,2.24,8,1,2,0,0
0,17,102.8,68.2,6.7,0.5,2.69,8,2,1,0,0
0,3,93.6,74.5,6.4,-0.41,2.41,8,0,0,0,0
0,34,106.9,77,7.9,0.95,1.81,8,2,2,1,0
0,32,104.1,78.3,7.2,-0.06,3.41,8,1,1,0,0
0,-5,88.4,72.7,6.5,-0.74,2.88,7,1,1,0,0
0,10,102.8,69.9,6.4,0.18,2.08,7,1,1,1,0
0,14,82.2,55.9,7.4,0.82,2.02,7,2,2,0,0
0,3,88.5,71.9,7.5,0.89,2.31,7,0,0,0,0
0,14,88.5,68.9,7.8,0.45,2.39,7,0,0,0,0
0,59,91.9,75.1,7.2,0.02,2.53,7,1,1,1,0
0,24,91.1,63.5,7.5,0.21,1.45,7,2,2,0,0
0,36,65.5,67.2,6.1,-0.9,2.98,7,0,0,0,0
0,-25,78.6,72.9,6,0.37,2.98,7,1,2,1,0
0,2,68.2,66,7.5,0.45,1.34,6,3,2,0,0
0,12,88.9,71.8,6.9,-0.62,1.57,6,0,1,1,0
0,4,74.7,62,7.4,0.09,1.35,6,2,2,0,0
0,-4,91.9,68.7,6.9,-0.25,1.69,6,0,1,0,0
0,13,112,77.2,7,-0.32,1.94,6,3,2,0,0
0,69,98.1,80.8,8.1,0.35,2.39,6,0,0,1,0
0,34,92.1,72.2,8.1,0.39,1.78,5,0,0,1,0
0,25,103.7,76.7,8,-0.05,2.36,5,1,1,0,0
0,34,67.9,73.7,8.4,0.6,1.33,5,3,2,1,0
0,-55,70.7,68.1,6.3,0.29,1.85,5,2,2,0,0
0,35,73.3,65.4,8.3,0.26,1.64,5,0,1,1,0
0,12,106.7,74.5,7.3,0.08,2.18,5,2,0,0,0
0,-8,93.3,71.8,7.2,-0.57,1.96,5,0,0,0,0
0,-15,87.4,59.8,6.6,-0.01,1.74,5,1,2,0,0
0,15,99.9,72.9,7.4,0.36,2.31,5,0,0,0,0
0,23,98.2,75.7,6.7,-0.14,3.28,5,2,2,1,0
0,58,90.7,77.6,7.3,-0.31,2.29,4,2,0,1,0
0,4,63.3,63.5,5.9,-0.96,2.3,4,1,1,0,0
0,-14,105,75.7,6.8,0.15,2.33,4,0,0,0,0
0,-4,102.1,67.8,7,-0.72,2.77,4,2,2,1,0
0,-2,90.2,65,6.5,-0.12,2.93,3,1,1,1,0
1,33,101.6,75.3,8.5,-0.02,2.67,3,2,0,0,0
0,31,99.9,70.4,7.5,-0.13,2.62,3,0,0,1,0
0,43,72.5,71.3,7.3,-0.12,1.96,3,1,0,0,0
0,30,97.8,71.2,8.1,0.51,1.78,3,3,2,0,0
0,9,75.1,69.8,7.8,0.34,1.67,3,0,2,0,0
0,40,84.7,67.7,7.1,0.23,2.38,3,1,1,0,0
0,5,92.1,74.9,7.6,0.02,2.01,2,0,0,1,0
0,10,99.7,70.8,7.4,0.59,2.36,2,1,1,0,0
0,50,87.5,75.6,7,-0.34,2.2,2,3,1,1,0
0,64,93,70.9,6.9,-0.42,3.39,2,0,0,0,0
0,53,81.4,73,7.5,-0.1,2.48,1,1,0,0,0
1,30,103,75.6,8.2,-0.12,2.18,1,3,2,0,0
0,-20,60.4,72.3,7.8,0.52,1.81,1,0,1,0,0
0,-3,94.5,69.3,6.4,-0.31,2.61,1,1,1,1,0
0,30,94.1,77.4,6.9,-0.59,2.83,1,0,0,0,0
0,21,86.5,70.3,6.7,-0.51,2.8,1,0,0,0,0
0,15,97.2,67.3,6.6,0.05,2.78,9,1,2,0,0
0,17,101.5,72.5,8.1,0.95,3.02,9,1,2,0,0
0,32,103.6,80,7.3,-0.33,2.32,8,2,0,1,0
0,41,88.4,69.1,7.6,0.22,2.18,8,3,2,0,0
0,74,81.2,69.9,8,-0.45,2.48,8,3,2,1,0
0,-9,95.5,71.2,6.6,-0.39,2.7,8,0,0,1,0
0,0,83,70.6,7.2,-0.08,2.12,8,1,2,0,1
0,-6,84.4,76.4,7.3,-0.44,2.86,8,0,0,0,1
0,26,103.6,74.2,8.2,0.15,2.09,7,2,0,0,0
0,25,94.6,67.2,8.1,0.24,1.42,7,1,2,0,0
0,26,95.4,73.5,7.8,0.22,1.64,7,2,2,1,0
0,69,73.1,65.6,7.1,0.52,1.97,7,1,2,1,0
1,27,102.7,72,7.5,-0.09,3.12,7,0,1,0,0
0,16,94.1,68.9,6.3,-0.5,3.03,7,1,1,0,0
0,1,99.1,74.1,8.2,0.4,1.91,6,3,2,0,1
0,-12,84.4,74.7,7.6,-0.7,2.22,6,0,1,1,1
0,-41,70.8,74,7.9,-0.55,2.2,6,0,0,1,1
0,0,63.4,63.9,7.8,0.99,1.81,6,2,2,0,0
0,-16,63.9,76,8.9,0.42,0.85,6,1,2,1,0
0,-19,73.4,73.9,7.8,-0.18,1.61,6,1,2,1,0
0,27,68.4,66.3,7.1,0.21,2.82,5,3,2,1,1
0,2,101.4,67.5,5.9,0.12,2.93,5,1,0,1,0
0,23,99.1,73.7,7.2,0.15,2.37,5,0,2,0,0
0,10,93.4,69.8,7.5,-1.02,1.33,5,1,2,1,0
0,-39,59.5,69.2,8,0.54,1.98,5,2,2,0,0
0,9,81.2,72.1,7.9,-0.1,2.49,4,0,2,0,0
0,-1,75,77.6,7.9,-0.29,1.95,4,0,0,1,0
0,-44,96.3,61.8,6.5,-0.83,2.05,4,2,2,1,0
0,15,108.1,75.4,7.6,0.43,1.98,4,3,2,0,0
0,2,105.9,70.9,7,0.43,2.71,4,0,1,1,0
0,3,91.1,72,6.1,0.23,2.8,3,1,2,1,0
0,57,77.7,61.2,8.1,0.71,2.02,3,3,2,0,0
1,43,105.9,86.5,7.8,-0.33,2.27,3,1,1,0,0
0,11,106.5,72.8,7.3,-0.56,2.07,3,2,1,1,0
0,48,104.1,65,7.4,-0.48,3.25,3,0,0,0,0
0,-10,80.8,64.8,7.2,-1.36,1.76,3,2,2,1,0
0,20,97.4,72.9,6.4,0.32,3.5,2,0,1,1,0
0,0,86.8,75.5,7.7,-0.25,1.62,2,1,2,1,0
0,10,88.8,74.2,7.6,0.92,2.17,2,1,2,0,0
0,22,99.7,76,7.3,0.55,2.43,2,0,0,0,0
1,23,106.7,77.1,7.2,0.07,3.03,2,0,0,1,0
0,1,102.4,73.7,7.1,-0.57,2.75,2,1,0,1,0
0,8,104.1,69.5,6.3,0.15,2.26,2,3,2,0,0
0,19,90,58.9,7.2,0.39,1.39,2,3,2,0,0
0,9,106.6,73.8,7.2,-0.11,2.71,1,0,0,0,0
0,21,95.1,69.9,7.3,-0.99,2.14,1,1,2,1,0
0,14,76.7,72.3,7.7,0.18,1.78,9,0,1,0,0
0,58,91,72.5,8.2,0.59,2.02,9,1,1,1,0
0,16,110.5,76.2,6.9,-0.15,2.87,9,0,0,1,0
0,32,91.4,64.6,5.6,-0.29,3.17,9,2,2,1,0
0,20,70.8,68.4,8.1,0.42,2.5,9,0,2,0,0
0,68,91.4,72.4,6.6,-0.41,3.77,8,1,0,0,0
0,17,74.5,71.2,8.3,0.21,2.21,8,2,0,0,0
0,15,87.4,76.8,8.1,1.05,2.12,8,0,1,0,1
0,9,36.8,64.5,5.8,1.64,2.85,8,3,2,1,1
0,-78,37,82.7,6.1,0.67,2.6,8,1,2,1,1
0,-8,75.7,71.5,6.5,1.2,2.71,7,0,1,0,1
0,43,97.3,75.1,7.6,0.34,2.46,7,0,0,0,1
0,33,106.9,81.3,8,0.3,2.67,7,1,2,0,0
1,29,97,74.9,7.9,-0.3,1.89,6,0,1,1,0
0,36,96.9,71.9,7.2,-0.76,2.54,6,2,1,0,0
0,29,86.7,70.4,6.4,-0.24,2.52,6,3,1,0,0
0,10,101,68.8,7.7,0.22,2.09,6,1,0,1,1
0,-57,60,70.9,6.7,0.78,2.49,6,2,1,1,1
1,29,104.1,73.9,7.6,-0.25,2.45,6,1,0,0,1
0,4,101.4,70.1,6.4,0.02,2.69,6,1,1,0,1
0,47,89.9,72.3,7.3,0.16,2.97,5,0,2,0,0
0,3,99.1,73.2,8.2,0.06,2.44,5,2,0,1,0
0,24,90.1,70.5,7.1,-0.44,1.52,5,0,2,0,0
0,28,103.4,74.4,7.7,0.41,2.03,5,0,0,0,1
0,-5,104.1,68.7,6.9,0.58,2.35,5,1,1,1,1
0,37,97,70.2,6.8,-0.49,2.05,5,1,0,0,1
0,6,89.4,74.1,6.9,0.1,2.2,4,3,2,1,0
0,-18,100.2,73.3,7.8,-0.07,1.23,4,1,0,1,0
0,28,28.1,13.9,1.8,-1.06,2.26,4,1,1,0,0
0,52,93.5,78.6,7.8,0.15,1.98,4,0,0,1,0
0,-25,94.2,71.5,7.4,0.14,2.74,4,0,1,1,1
0,-86,62.2,75.2,5.7,0.4,3.02,4,1,1,1,1
0,17,105.6,70.5,6.9,0.25,2.97,4,1,0,0,1
0,-36,82.9,65,7.9,-0.88,2,4,0,2,1,1
0,7,101,68.1,6.3,-0.45,2.27,4,2,2,0,1
0,1,91.6,72.4,7.4,-0.13,1.78,3,1,1,0,0
0,40,90.9,72.2,7.7,-0.27,2.05,3,0,0,1,0
0,39,66.1,74,7.2,-0.51,2.31,3,0,2,0,1
0,34,97,82.1,7.1,0.05,2.93,3,0,0,1,1
0,34,96.5,69.5,7.1,-0.21,3.08,3,0,0,1,1
0,15,99.3,73.2,7.4,-0.35,2.77,2,3,1,1,0
0,9,92.8,65.2,6.8,-0.01,1.92,2,0,0,0,0
0,-31,95.4,82.5,8,0.24,1.8,2,1,1,0,1
0,11,102.3,74.6,7.8,-0.09,1.92,1,1,0,0,0
0,26,95.2,69.9,8.3,-0.02,1.52,1,0,0,1,0
0,38,88.3,71.5,7.4,0.26,1.71,1,0,1,0,0
0,11,99.6,68.8,6.5,-0.67,2.12,1,1,2,1,0
0,10,103.4,67.2,7.1,-0.03,1.9,1,2,0,0,1
0,-3,103.8,77.3,6.5,0.38,3.37,1,1,0,1,1
0,18,87.2,81,7.8,0.94,1.66,1,2,1,0,1
0,16,78.1,74,7,0.97,2.86,1,1,1,1,1
0,22,83,77.2,7.1,-0.94,2.53,9,0,2,0,0
0,15,91.7,71.4,5.7,0.14,2.59,9,0,1,1,0
0,45,94.5,70.1,7.2,-0.81,2.12,9,2,1,1,0
0,-1,53.7,68,6.6,-1.03,2.74,8,2,2,0,1
0,59,88,73.4,8.1,-0.05,2.6,8,0,0,1,1
0,9,94.8,71.5,7,0.73,3.41,8,0,1,0,1
0,34,97,72.7,7.8,0.95,3.18,8,2,2,0,1
1,33,106.4,76.5,6.8,0.4,2.65,8,3,1,1,0
0,12,101.5,72.6,7.6,-0.48,1.91,7,2,2,0,0
0,-5,72.5,66.2,6,-0.36,2.03,7,2,1,1,1
0,24,93.3,74.7,8,-0.44,2.74,7,1,0,0,0
0,17,102.5,68.3,6.7,-0.04,2.67,7,3,2,0,0
0,-42,78.8,52.6,5.6,0.09,1.51,6,0,2,0,1
0,17,90.2,71,6.7,-0.34,2.25,6,1,0,0,1
0,-4,78.3,52.4,6.1,-0.88,2.41,6,0,1,1,1
0,-7,99.3,69,6,0.2,3.17,6,2,2,0,1
0,63,65.3,65.3,7.1,0.35,2.14,5,3,2,1,0
0,15,65.2,70.3,6.9,-0.88,3.38,5,1,2,0,0
0,28,97.3,75,6.8,0.55,3.24,5,1,0,1,0
0,-7,61.5,76.6,7.5,-0.12,2.64,5,0,1,0,1
0,-6,91.1,69.6,8.4,0.5,1.39,5,1,2,0,1
0,49,94.8,73.4,7.9,0.03,2.84,4,0,1,0,0
0,2,105.3,71.5,6.1,-0.6,2.59,4,1,1,1,0
0,20,83.9,62.8,6.1,-0.41,2.57,4,1,2,0,0
0,7,105.6,71.8,6.9,0.24,2.03,4,3,1,0,0
0,43,90.5,68.4,7.1,0.36,2.67,4,0,0,1,0
1,25,106.3,75.2,7.5,-0.06,2.85,4,2,0,1,0
0,37,76.1,66.7,5.9,0.53,3.19,4,1,0,1,1
0,10,97.9,71.4,6.6,-0.25,2.15,4,3,1,0,1
0,-60,38.8,79.3,8.5,-0.89,1.67,4,3,2,0,1
0,16,99.8,70.7,6.6,-0.82,2.15,4,3,2,1,0
0,3,103.6,72.8,7.2,-0.29,1.97,4,3,2,0,0
0,4,110,77.9,7.9,0.03,2.2,4,2,1,1,0
0,-58,59.3,77.3,7.2,-0.22,2.49,4,0,0,1,0
0,-24,87.5,72.9,7.7,0.14,2.71,3,2,1,0,0
0,59,88.8,72.5,7.3,-0.61,2.13,3,1,1,0,0
0,-4,100.3,71.2,7.6,0.14,2.77,3,2,0,0,0
0,-3,73.9,69.9,7.5,-0.47,1.42,3,3,1,1,0
0,10,102,65.4,6.6,0.36,2.7,3,0,1,0,0
1,35,107.3,76.2,7.8,-0.03,2.18,3,0,0,1,0
0,33,57.1,56.4,5.2,0.56,3.29,2,2,1,1,0
0,-2,99.7,67.1,6.4,-0.35,2.58,2,2,1,0,0
0,11,85.1,59.1,6.8,0.96,2.25,2,2,2,0,0
0,8,75.1,71.7,8,-1.32,2.09,2,3,1,1,0
0,12,91.9,73,6.6,0.19,2.27,2,3,2,1,0
0,-13,107.7,76.3,6.8,-0.47,2.08,2,2,0,1,0
0,27,90.5,75.1,7.3,0.25,2.89,2,3,2,0,0
0,28,99,68.8,7.1,0.55,2.19,2,1,1,0,0
0,-58,65.9,75.1,7.1,-0.32,1.81,1,0,0,0,0
0,48,94.3,73.8,6.3,-0.33,2.67,1,1,1,1,0
0,29,86.8,65.3,7.9,-0.7,1.33,1,2,2,1,0
0,13,99.6,77.6,7.8,0.17,2.55,1,1,2,1,0
1,23,107.2,71.5,6.3,-0.52,3.17,9,0,0,1,0
0,11,100.5,69.8,6.5,-0.3,2.8,9,0,0,0,0
0,29,88.1,65.5,7.2,0.61,1.7,8,2,2,0,0
0,53,96,75.2,7.3,0.12,2.39,8,2,2,0,0
0,4,82.1,72.2,8.1,0.17,1.34,8,0,2,1,0
0,19,93,71.6,7.5,0.66,2.05,8,0,0,0,0
0,35,96.1,70.8,7.6,0.83,3.09,8,1,1,0,0
0,-41,83.8,67.9,5.7,0.13,2.35,7,2,1,0,1
0,35,89.4,62,6.3,0.42,3.21,7,2,2,0,0
0,-6,83.7,71.2,7.2,0.51,1.86,7,1,2,0,0
0,0,106.8,76.9,7.4,0.14,2,7,0,1,1,0
0,-28,93.9,72.5,7,-0.19,2.19,6,3,0,0,0
0,-33,71.4,78,7.7,-0.28,2.05,6,1,0,0,0
0,29,83.3,71.7,8.2,-0.35,1.97,6,1,0,1,1
0,13,86,73.9,7.5,-0.21,1.78,6,2,2,1,0
0,52,90.6,73.3,7,-0.58,3.34,5,0,1,1,0
0,35,98.6,74.5,6.4,-0.03,2.92,5,0,0,1,0
0,-14,74.1,72.8,7.2,-0.84,3,5,1,0,1,0
0,-1,74.8,63.8,7.2,-1.18,2.14,5,3,1,0,0
0,2,95.5,72.7,7.1,0.25,2.82,5,1,1,0,0
0,-11,104.8,73.1,6.7,-0.06,2.82,5,1,0,1,0
0,-66,54.9,69.4,6.2,-0.06,2.7,5,1,1,0,0
0,20,107.6,76.6,6.9,-0.13,2.76,5,1,1,1,0
0,46,83.6,70.5,7.6,0.29,2.14,4,2,1,0,0
0,-10,89.4,71.5,7.5,0.38,1.64,4,0,1,0,0
0,31,93.6,77.8,7.5,0.46,2.46,4,0,0,1,0
1,26,102.8,71.5,7.8,-0.35,2.17,4,3,2,0,0
0,27,102.9,74.5,7.1,0.28,2.06,4,2,0,1,0
0,12,110.4,78.6,7.6,-0.29,2.24,3,1,1,0,0
1,28,106.5,79.1,6.6,0.33,2.41,3,1,2,1,0
0,18,108.8,74.5,7.3,0.06,2.58,3,1,1,1,0
0,-26,93.2,69.8,7.2,-0.68,2.55,3,2,1,0,0
0,5,103.3,78.2,6.8,-0.18,2.46,3,0,0,0,0
0,34,101.6,78,7.2,0.14,2.72,3,1,0,1,0
0,-12,84,71.7,6,-1.15,2.9,3,1,1,0,0
0,71,82.1,59,6.8,-1.07,2.51,2,1,0,0,0
0,-36,69.4,75.1,7.3,-0.19,2.09,2,0,1,0,0
0,-17,80.3,79.2,7.4,-0.24,2.23,2,0,0,1,0
0,10,94.1,72.7,7.5,0.15,2.29,2,1,0,0,0
0,37,91.1,69.6,7,0.68,3.2,2,2,2,0,0
1,31,98.2,74.6,7.3,0.61,2.4,2,2,2,1,0
0,50,96.3,80,7.7,0.1,2.66,1,1,0,0,0
0,-48,83.1,73,7.4,0.56,2.48,1,0,0,0,0
0,15,108.7,74.4,6.9,-0.67,2.43,1,3,2,1,0
0,0,80.3,69.5,7.6,0.78,1.51,1,1,2,0,0
0,21,79.5,68.5,6.3,0.44,2.98,1,0,1,1,0
1,34,108.8,78.6,6.9,0.18,2.98,1,3,2,0,0
0,63,99.2,76,7.3,-0.24,2.96,1,1,0,1,0
0,4,107.6,76.6,7.9,0.5,1.43,9,2,1,1,0
0,4,88,78,7.7,0.21,2.83,9,3,1,0,0
0,-22,70.2,75,7.5,-0.7,3.11,9,0,1,1,0
0,-21,81.1,66.9,6.4,0.31,1.83,9,0,1,1,1
0,-14,99.7,67,6.6,0.08,1.48,9,0,0,0,1
0,10,82.2,79.8,8.8,-0.04,1.49,8,1,0,0,0
0,8,95.1,72.2,8.1,0.12,2.27,8,3,2,1,1
0,65,85.5,70.5,8.3,0.01,1.97,8,1,2,0,1
0,6,67.9,63.6,8,-0.97,2.08,8,1,1,1,1
0,-3,100,70.5,6.5,0.34,2.33,8,0,0,0,1
0,-9,79.7,63.6,6.3,0.37,1.65,8,1,2,0,0
0,19,79.7,72.5,6.5,-0.61,2.66,8,3,2,0,0
0,0,100.8,70.8,7.6,0.13,2.16,8,0,0,0,0
0,25,101.1,77,7.4,0.35,2.07,7,2,0,0,0
0,65,78.4,73.6,8,0.05,1.53,7,2,2,1,0
0,24,91.4,73.2,8,0,1.31,7,0,2,0,0
0,-2,74.7,66.1,7.1,-0.63,1.94,7,2,1,0,0
0,-6,80.9,59.5,7.3,-0.56,2.36,7,3,2,1,0
0,24,106.7,74.5,6.9,0.25,2.27,7,2,1,0,0
0,40,93.2,75.7,7.9,0.02,1.63,6,0,1,1,0
0,11,92.3,75.5,8.7,0.87,2.9,6,0,2,0,0
0,17,99.2,75.2,8.1,-0.09,1.9,6,1,0,1,0
0,43,89.2,71.7,7.2,-0.13,3.22,6,2,0,1,0
0,26,77.4,67.5,7.9,-0.92,1.98,6,1,2,1,0
0,8,99.7,74,7.2,-0.01,3.05,6,0,1,0,0
0,-8,96.2,81,7.8,0.36,1.8,5,0,0,1,0
0,2,86.3,73.9,8.2,0.27,2.24,5,0,1,0,0
1,29,97.5,75.7,6.8,0.23,3.47,5,3,2,1,0
0,2,106.4,73.3,7.7,-0.25,2.27,5,2,2,0,0
0,-12,67.8,74.1,8.5,-0.22,1.05,4,0,0,0,0
0,31,77,76.6,6.8,-0.06,2.89,4,0,2,1,0
0,43,80,75.1,8.6,-0.19,1.66,4,0,1,1,1
0,0,75.9,75,7.2,0.44,1.72,4,2,1,0,1
0,5,95,75.5,6.7,0.01,2.01,4,3,1,0,1
0,42,97.9,75.7,8.1,0.2,2.41,3,1,0,1,0
0,-5,95.3,72.4,7.8,0.22,1.52,3,2,2,1,0
0,-27,102,74.8,7,0.45,1.99,3,0,1,1,0
0,32,92.5,74.2,8.7,1.12,2.09,3,2,1,0,1
0,55,77.9,73.9,7.8,-0.68,1.88,3,0,1,1,1
0,42,81.4,68.6,7.7,-0.55,1.81,2,0,2,1,0
0,-9,102.7,75.2,6.9,-0.11,2.58,2,2,1,0,0
0,87,55.6,76.1,7.5,0.78,2.92,2,1,1,1,0
0,-16,77.5,64.4,8.3,1.55,1.91,2,1,2,0,1
0,34,85.5,65.5,6.3,-0.43,2.79,2,0,1,0,1
0,-1,27,7.1,1.6,-0.98,3.39,2,0,0,1,1
0,24,67,66.9,7.7,1.02,1.46,2,3,2,0,1
0,-9,97.4,74.2,7.8,0.45,3.11,1,3,2,0,0
1,34,106.1,78.2,8,0.37,2.68,1,0,0,0,0
0,29,101.5,73.5,7.8,-0.6,2.87,1,1,0,1,0
0,0,61.4,73.3,8.6,1.48,1.19,1,2,2,0,1
0,-36,100.7,73.2,7.3,-0.04,1.83,1,0,1,1,1
0,47,71.8,70.5,6,0.57,2.86,9,1,2,1,0
0,16,79.9,59.6,5.7,-0.92,3.19,9,0,1,0,0
0,12,70.2,76.9,6.3,-0.89,2.73,9,1,2,0,1
0,13,96.4,77.2,7.3,-0.71,3.2,9,0,0,0,1
0,-5,101.6,73.5,7.2,-0.27,1.91,8,0,2,0,0
0,21,84.1,72,6.5,0.77,3.15,8,0,1,1,0
0,-31,84.6,75.4,6.8,-0.06,2,8,0,1,0,0
0,9,91.2,64.8,5.9,0.01,3.62,8,3,2,0,0
0,-28,97.8,72.6,6.9,-0.45,2.25,8,0,0,0,0
0,30,104.1,73.6,7.4,-0.2,2.15,8,2,2,1,0
0,0,101.9,68.6,7.3,0.35,1.97,8,1,2,0,0
0,-5,105.7,77.5,7.4,-0.46,1.9,7,1,0,1,0
0,-12,66.9,68.5,7.6,0.55,1.54,7,2,2,0,0
0,-8,107.1,73,7,-0.1,2.8,7,1,2,1,0
0,11,108,76.9,7.2,0.42,2.04,7,0,1,1,0
0,-18,84.7,68.4,7.1,0.46,1.54,7,3,2,0,0
0,30,78,74.3,7.2,-0.17,1.81,7,1,2,0,1
0,-36,59.6,66.4,7.8,-1.07,1.95,6,2,2,1,0
0,-1,111.4,77,6.5,-0.3,2.13,6,0,1,0,0
0,39,92.1,65.6,7.6,0.79,1.96,6,0,2,0,0
0,-28,66,61.1,6.6,-0.78,2.68,6,0,0,0,1
0,8,95.8,68.5,6.5,-0.76,2.48,6,2,2,1,1
0,-37,41.7,64.6,5.8,-1.38,2.86,6,1,2,0,0
1,26,109,74.9,7.8,0.07,2.1,6,0,1,1,0
0,38,74.9,67.6,6.7,-0.48,2.29,6,2,2,0,0
0,47,90.7,74.4,6.6,-0.05,3.61,6,0,0,1,0
0,28,82.2,69.1,8.3,-0.64,1.84,5,2,1,1,0
0,45,70.9,69.5,6.8,1.18,2.55,5,0,1,1,0
0,46,69.1,65.7,6.2,-0.27,3.71,5,1,1,0,0
0,6,104.2,67.2,7.1,0.01,2.7,5,1,1,0,0
0,-3,81,62.1,7.7,1.35,1.94,5,1,2,0,0
0,-28,89.9,71.8,7,-0.67,2.37,5,0,1,1,0
0,39,90.4,70.8,7.7,-0.03,2.6,4,2,1,1,0
0,-19,96.4,74.5,6.1,-0.41,2.45,4,1,0,0,0
0,1,75.5,55.7,7.2,1.3,2.26,4,2,2,0,0
0,-4,101.5,66.4,6.6,-0.05,2.67,4,1,0,0,0
0,11,91.4,63.2,7.7,0.21,1.84,4,1,2,1,0
0,-5,104.4,70,7.3,0.06,2.14,4,0,0,0,0
0,8,101,82.9,8.5,0.59,1.95,4,1,0,0,0
0,73,91.4,75.4,7.2,0.04,3.09,3,2,2,1,0
0,17,88.8,64.7,6.5,0.68,3.26,3,3,2,1,0
0,15,110.8,77.2,8.2,0.52,1.98,3,1,1,1,0
0,-13,94.8,66.2,7.3,0.75,3.3,3,0,1,0,0
0,37,85.1,63.4,6.7,-1.18,3.37,3,2,2,1,0
0,-11,101.5,71.1,7.3,-0.23,1.65,3,1,1,0,0
0,4,109.6,75.9,7.4,0.23,2.11,3,2,2,0,0
0,-25,66.1,69.2,7.7,-0.63,1.66,2,0,0,1,0
0,7,106.7,72.9,7.1,-0.63,2.68,2,1,1,1,0
0,18,98.3,70.9,6.3,-1,3.05,2,2,2,0,0
0,-3,72.9,58.9,6.5,-0.49,2.83,2,1,0,0,0
0,33,77.2,71.5,6.7,0.35,1.78,2,3,2,1,0
0,36,86.6,73.2,7.4,-1.01,2.07,1,2,2,1,0
0,-8,38.5,67.5,8.4,1.02,2,1,0,0,0,0
0,23,76.1,62.9,6.2,0.67,3.16,1,1,0,1,0
0,38,94.4,71,8.3,-0.14,2.03,1,2,1,1,0
0,-2,71.7,64.1,7,-0.15,2.82,1,0,1,0,0
0,48,81.9,70.2,6.7,-0.01,2.68,1,0,0,1,0
0,-3,107.7,73.1,7,-0.18,1.89,9,1,0,0,0
0,-9,102.1,74.8,6.9,0.01,1.94,9,1,1,1,0
0,-9,83.4,68.4,5.6,-0.5,2.44,9,0,1,0,1
0,-21,94.3,64.3,6,0.22,1.73,9,1,1,1,1
0,-3,104.8,72.4,6.8,0.67,3.06,8,0,2,1,0
0,88,65.9,68.7,7.3,0.59,2.29,8,2,1,1,0
0,2,108,78.9,7.8,-0.15,1.83,8,1,1,0,1
0,8,101.9,67.8,7.6,-0.45,1.84,8,1,1,1,1
0,18,81.2,73.3,7.3,0.5,2.12,8,2,0,0,0
1,23,111.5,78.6,7.7,-0.38,2.34,8,3,2,1,0
0,-6,76.2,73.6,7.4,0.54,2.53,8,0,0,0,0
0,-42,59.2,69.5,7.8,1,2.26,8,1,2,0,0
1,24,103.4,68.6,6.9,0.46,2.78,8,0,1,1,0
0,36,95.4,73.7,8.7,-0.45,1.58,7,0,0,0,1
0,21,81.7,71.7,7.6,0.76,2.4,7,0,1,0,1
0,68,92.8,80.3,7.4,0.02,2.46,7,0,1,0,1
0,33,90.4,65.9,6.3,-0.7,3.17,7,1,2,1,0
0,69,87,74.2,7.6,0.5,2.4,7,0,0,0,0
0,-16,94.1,69.4,6.6,-0.21,3.2,6,2,2,1,1
0,1,107.8,77.2,7.5,0.34,1.96,6,0,1,1,1
0,-45,31.9,60.4,8.3,-0.03,2.58,6,3,2,0,1
0,30,84.5,70.7,7,-1.65,2.09,6,1,2,1,0
0,51,88.4,65.7,6.1,-0.1,4.1,6,0,1,1,0
0,23,91.8,68.7,7.6,0.39,1.26,6,2,2,0,0
0,-20,80.1,68.3,6.8,0.5,2.56,5,0,1,1,1
0,-31,78.8,74.7,7.6,0.01,1.64,5,0,1,0,1
0,22,72.2,68.1,6.2,-1.28,2.86,5,1,1,0,1
0,34,95.2,68.2,6.9,0.09,1.83,5,2,2,1,1
0,11,85.9,73.7,7.2,0.92,2,5,1,0,0,0
1,24,102.4,67,6.6,-0.31,3.32,5,0,0,1,0
0,-11,93.2,74.2,7.5,1.12,2.88,5,1,1,0,0
0,0,98.3,73.9,7,0.14,2.87,4,0,1,0,1
0,17,34.4,69.4,5.9,1.17,3.17,4,3,2,1,1
0,34,103.9,75.5,7.1,-0.29,3.56,4,0,0,0,1
0,4,108,74.8,7.3,-0.81,1.96,4,1,2,1,0
0,16,88.1,67.3,7.9,0.8,1.33,4,1,2,0,0
0,18,41.9,58.2,7.5,0.46,0.78,4,2,1,0,0
0,22,102.3,73.9,6.9,0.28,2.43,4,0,1,0,0
0,21,52.9,74.4,7.2,0.67,2.99,3,0,1,1,1
0,60,69.2,72.5,6.7,-0.56,3.06,3,1,1,0,1
0,2,94.9,69.5,6.5,-0.63,2.3,3,0,0,0,0
0,-6,90.5,74.5,7.7,-0.43,1.53,2,1,1,0,1
0,-4,74.9,61.6,5.6,0.67,3.56,2,0,2,1,1
0,-28,102.8,74.2,6.4,0.44,2.11,2,1,2,0,1
0,51,99.1,76.4,8.1,-0.19,2.06,2,1,0,0,0
0,7,81.3,70.6,7.8,-1.18,2.16,2,0,1,1,0
0,34,88.8,69.8,8.1,-0.21,1.8,1,0,2,1,1
0,-14,90.2,65.5,6.9,-0.48,2.19,1,0,1,1,1
0,7,105.6,74.3,7.4,0.26,2.58,1,1,2,1,1
0,61,64,65.6,6.1,0.47,3.42,1,0,0,1,0
0,-8,106.4,76.7,7.7,-0.22,1.65,9,2,2,1,0
0,-12,101.4,74.7,7.4,0.22,2.23,9,0,1,0,0
0,9,72.7,63.6,7.2,-0.76,1.56,9,0,2,1,0
0,35,86.7,67.7,6.8,-0.96,2.91,9,2,0,0,0
0,-69,54.8,68.6,7.1,-0.7,2.75,8,0,1,0,0
0,71,64.4,66.6,7.8,1.01,2.44,8,1,2,0,0
0,62,89.6,76.9,7.6,0.14,2.28,8,0,1,0,0
0,53,95.7,76.5,7.4,-0.1,2.27,7,3,2,1,0
0,52,81.1,72.2,7.5,-0.24,2.69,7,3,2,1,0
0,4,102.7,70.2,6.4,-0.21,3.16,7,0,1,1,0
0,14,95,63.9,6.6,-1.08,2.52,7,3,1,1,0
0,-26,85.1,73.2,8.1,-0.25,1.54,6,1,2,1,0
0,41,84.3,75.8,7.8,0.55,2.19,6,0,0,0,0
0,1,98.4,69.7,7.2,-0.23,2.43,6,1,2,1,0
0,62,92.9,70.1,8.5,-0.16,1.49,6,0,1,1,0
0,-4,101.4,71.7,7.2,-0.17,2.05,6,1,1,0,0
0,32,91.7,71.4,7.3,-0.49,2.44,5,1,2,0,0
0,62,87.7,69.2,7.3,-0.24,2.55,5,2,1,0,0
0,74,64.2,72.5,7.8,-0.17,2.51,5,0,1,0,0
0,6,94.7,62.1,5.8,0.43,2.82,5,2,1,0,1
0,69,71.7,62.7,6.1,-0.47,3.15,5,0,1,0,1
1,36,102.4,75.6,7.7,0.26,2.43,5,1,2,1,1
0,-7,88.6,62.5,7.1,-0.61,2.31,4,2,2,1,0
0,-43,86.6,71.9,6.4,0.36,2.34,4,0,2,0,1
1,36,103.6,68.8,7.1,0.01,2.93,4,3,0,0,1
1,26,103.7,72.5,7.4,-0.68,2.96,4,3,2,1,1
0,-9,88.9,71.3,8.2,0.48,1.24,4,1,0,0,1
0,7,81.4,69.4,7.5,0.47,1.49,4,3,2,0,1
0,11,64.6,58.2,7.4,1.04,1.75,3,0,1,0,0
0,10,105.9,71.6,6.9,0.06,2.82,3,2,1,1,0
0,10,108.3,74.2,7.7,0.45,2.88,3,0,0,0,0
0,78,66,79.6,7,-0.4,2.44,3,3,1,0,0
0,72,83.1,66.6,6.4,-0.13,4.43,3,2,2,0,0
0,50,92.9,74.4,7.6,-0.11,2.87,3,1,0,1,1
0,56,92.3,75.2,7.3,-0.06,2.28,3,0,0,0,1
0,69,63.2,69.4,6.2,0.54,3.12,2,1,0,1,0
0,52,79.7,69.2,6.4,-0.04,2.69,2,1,2,1,0
0,-14,61,69.6,7.3,-0.73,2.99,2,2,1,0,1
0,67,92.5,75.4,7.1,0.21,2.68,2,0,1,1,1
0,60,69.7,73.7,8,-0.07,1.61,1,0,2,0,0
0,1,74.2,70.9,8,0.32,1.52,1,2,0,0,1
0,4,92.5,68.8,6.8,0.71,1.88,1,1,1,0,1
0,56,89.8,75.8,6.8,-0.22,2.78,1,0,0,0,1
0,11,107.1,76.9,7.4,0.32,2.39,1,2,1,0,1
0,-58,50.9,64.4,8.6,1.01,1.82,9,0,0,1,0
0,-22,92.5,75.6,8,-0.36,1.53,9,3,1,1,0
0,-12,98.7,77.1,7.7,0.19,1.48,9,3,2,1,0
0,-39,67.9,62.2,6.2,-0.43,2.2,9,1,2,1,0
0,-22,82.9,59.5,5.7,-1.07,2.26,9,1,2,0,0
0,14,110.5,75,7.3,-0.41,2.29,9,2,1,1,0
0,14,112.4,75.3,7,0.42,2.02,8,2,0,1,1
0,-17,73.2,54.5,6.6,-0.42,2.35,8,0,2,1,1
0,25,99.4,68.2,7.6,-0.02,2.69,8,0,0,0,1
0,-8,104.3,74.5,7.4,0.34,1.88,8,0,1,0,1
0,-1,103.7,87.6,7.9,0.78,2.21,8,0,0,0,1
0,30,86.9,76.7,7.2,-0.24,2.78,8,2,1,0,1
0,5,90.5,70.3,6.5,-0.64,3.48,7,2,1,0,0
0,-17,86.2,65,7.1,-0.97,3.84,7,1,2,1,0
0,35,85.4,75.8,7.7,-0.42,1.63,7,0,0,1,1
0,17,100.6,70.3,6.4,0.11,2.04,7,1,1,0,1
0,4,94.2,60.6,6.1,0.38,2.19,7,0,1,0,1
0,21,97.2,66.8,7.6,0.78,2.28,6,0,0,0,0
0,-23,97.8,76.6,7.3,0.16,2.67,6,3,2,1,0
0,60,90.6,76.2,6.3,0.8,3.08,6,2,2,1,0
0,28,97.9,67,6.9,-0.07,1.96,6,1,1,0,1
0,10,92.9,74.4,7.6,0.41,2.28,6,0,1,0,1
0,51,86,76.4,7.4,-0.37,2.62,6,3,2,0,1
0,-25,92.5,69,6.6,0.47,3.07,6,0,2,0,1
0,62,95.7,68.9,6.7,0.87,2.59,5,0,1,1,0
0,-19,43.6,65.2,5.8,-1.61,3.11,5,0,1,0,0
0,5,85.8,72.9,7.7,-0.09,2.08,5,1,0,1,1
0,24,93.1,66,7.7,0.2,2.25,5,1,2,0,1
0,29,77.9,66.7,7.3,0.53,1.75,5,0,0,0,1
0,38,87.7,73.6,8,0.29,2.02,4,0,0,0,0
0,11,95.1,66.4,6.3,0.07,3.28,4,3,2,1,0
0,-31,91.8,66,7.9,0.35,2.26,4,0,0,0,0
0,-51,76.7,73.3,7.1,-1,1.96,4,0,1,1,0
0,9,106.8,74.2,6.5,0,1.63,4,0,0,1,0
0,-16,81.7,73.5,6.8,-0.67,2.55,4,0,1,0,1
0,63,82,70.4,7.3,-0.38,2.89,4,0,1,0,1
0,-2,99.3,74.8,7.4,-0.17,2.57,3,1,1,0,0
0,-22,90,70.3,6.8,-0.48,1.63,3,3,2,1,0
0,8,92.3,71,6.1,-0.55,2.66,3,1,0,0,0
0,41,90.4,66.6,6.6,-0.34,2.62,3,1,0,0,0
0,31,102.9,78.4,8.5,0.56,1.35,3,1,1,0,1
0,-36,56.3,72.8,6.5,-0.74,2.59,3,0,1,0,1
0,50,97.4,70.6,7.2,-0.14,3.44,2,1,2,1,0
0,69,80.8,71.6,8.2,-0.4,2.28,2,1,2,0,0
0,-7,91.4,76.7,8.2,-0.61,1.87,2,0,1,1,0
0,17,97.9,74,6.8,-0.47,2.33,2,1,2,1,1
0,16,78.8,53.4,5.7,-0.71,2.74,2,2,2,0,1
0,-8,71,57.4,5,-0.75,3.03,2,3,2,0,1
0,23,102.1,70.9,6.8,-0.3,2.29,1,0,2,1,0
0,3,74.6,69.1,7.4,0.34,1.98,1,1,0,0,1
0,-48,60.5,80.3,8,0.78,3.03,1,3,2,0,1
0,18,106.8,76.8,7.5,0.2,2.1,1,2,2,0,1
0,-7,106.1,73.2,6.8,0.28,2.98,1,0,0,0,1
1,38,100.3,74.4,8.2,-0.04,1.99,1,0,0,1,1
0,-7,88.6,59.2,8.3,-0.02,1.04,9,1,1,1,0
0,-74,52.4,53.4,5,-1.43,2.43,9,2,2,0,0
0,-19,73.2,71.7,7,-0.55,2.66,8,1,0,1,0
0,30,97.5,73,6,-0.28,2.63,8,1,2,0,0
0,-2,100.3,72.1,7.6,0.08,1.77,8,1,0,0,1
0,27,89.7,67.7,7.1,0.97,2.91,8,3,2,0,1
0,18,106.9,72.6,6.9,0.57,2.75,7,2,2,1,0
0,-39,40.6,66.4,8,0.92,1.74,7,1,2,0,0
0,-71,61.2,59.5,5.6,-1.09,2.51,7,0,0,0,0
0,-16,86.5,79.3,7.7,0.09,1.74,7,2,0,1,0
0,-11,76,61.4,5.4,0.11,2.65,6,0,0,1,0
1,29,106.1,74.3,7.2,-0.13,2.49,6,0,1,0,0
0,11,98.9,72.2,7.7,-0.05,1.59,6,0,1,1,0
0,-7,73.9,72.8,7.2,-0.61,2.22,6,0,0,1,0
0,-22,94,74.2,7.2,-0.82,2.09,6,0,2,1,0
0,0,99,67.4,6.7,0.18,1.88,6,2,1,0,0
0,49,102,74.4,8.5,-0.1,2.47,6,0,1,1,0
0,10,107,73.7,7.2,0.08,3.03,6,0,0,0,0
0,5,108.1,75.4,7.2,0.6,1.62,6,2,2,1,0
0,2,85.5,63,6.3,-0.47,2.94,6,2,1,0,0
0,38,79.9,73.3,7.2,0.32,2.42,5,0,0,1,0
0,64,79.4,72.3,6.6,0.08,2.39,5,3,2,1,0
0,-23,93.4,75.5,7.8,-0.64,2.54,5,2,0,1,0
0,11,85.8,64.3,7.3,0.49,1.52,5,0,1,0,0
0,0,77.2,66.8,5.7,0.56,2.46,5,0,2,1,0
0,15,102.1,80.7,8,0.46,2.26,4,2,1,0,0
0,-2,86.7,60.4,7.9,-1.01,0.93,4,1,2,1,0
0,16,96.6,75.4,8.8,0.34,2.44,4,1,1,0,0
0,52,73.6,73.6,7.1,0.51,2.99,4,2,2,1,0
0,-4,104.4,77.9,7.4,-0.52,2.24,4,2,2,0,0
0,-6,96,76.8,6.9,0.45,2.45,4,0,0,1,0
0,31,75.3,68.6,6.6,0.43,2.79,3,1,1,1,0
0,58,66.4,66,5.8,0.45,2.93,3,1,1,1,0
1,31,102.3,74.7,7.1,-0.57,2.79,3,1,0,0,0
0,-13,75.9,69.7,7.8,0.38,1.74,3,1,2,0,0
0,42,91.7,75.7,7.1,-0.26,1.74,2,3,2,1,0
0,-2,79.3,74.9,6.6,0.18,1.76,2,0,0,0,0
0,30,97,77,7.4,0.27,2.19,2,1,2,0,0
0,-10,77.8,69.7,7.2,0.49,2.12,2,3,2,0,0
0,-5,102.2,67.7,6,-0.02,2.74,2,0,2,1,0
0,38,92.7,73.3,8,-0.22,1.58,1,0,1,1,0
0,61,82.6,68,7.2,-0.04,3.01,1,2,0,0,0
0,11,101.2,68.5,6.1,0,3.24,9,1,0,1,0
0,-18,91.7,70.6,7.2,0.08,2.88,9,0,0,1,0
0,26,103.1,76.1,7.2,-0.13,2.23,9,2,1,0,1
0,5,99.7,67.9,7.3,0.67,2.78,9,2,2,0,1
0,22,106.5,74.9,6.8,-0.26,2.99,9,1,0,0,1
0,23,88.3,57.1,6.9,-0.13,2.23,8,0,0,0,1
0,34,90.4,72.7,7.4,-0.03,1.92,8,2,2,0,1
0,-7,70.7,76.8,8.4,-0.2,1.38,8,2,2,1,0
0,-25,66.4,69.5,7.9,-0.88,1.9,8,1,1,1,0
0,-57,71.2,60.3,6.4,-1.48,2.68,8,1,2,1,0
0,38,104.2,82.1,7.7,0.16,2.49,7,3,2,0,1
0,-9,87.2,75.2,6.9,-0.07,2.52,7,0,0,0,1
0,23,100.9,84.7,7.3,-0.19,2.3,7,3,2,1,0
0,30,101.5,72.7,7.6,0.13,2.7,7,1,0,0,0
0,-1,89.1,60.8,7.3,-1.39,2.17,7,2,2,1,0
0,23,95.6,71.4,6.5,0.18,2.28,6,1,0,0,0
0,13,103.9,69.4,7.1,-0.48,1.97,6,1,2,0,0
0,4,98.5,67.9,7.2,-0.07,1.8,6,0,0,1,0
0,27,91.1,61.4,6.1,-0.56,3.02,6,1,0,0,0
0,14,83.4,75.4,7.9,0.63,3.2,6,0,0,0,0
0,6,100.4,74,7.1,-0.95,2.51,6,2,1,1,0
0,51,86.8,74.9,7.6,0.08,2.49,6,1,0,1,0
0,27,69.8,71.7,7.3,-0.69,2.75,6,1,2,0,0
0,-15,98.2,70.8,7.3,-0.38,1.76,6,3,2,1,0
0,58,80.3,75.8,8.3,0.36,2.36,5,2,2,0,0
0,35,90.9,70.9,6.9,-0.14,2.26,5,0,0,1,0
0,-3,81.9,60.5,6.4,0.91,1.25,4,1,2,1,0
0,-14,89.5,84.5,7.4,0.4,1.97,4,0,0,1,0
0,4,103.4,67.9,6.6,-0.16,2.95,4,1,1,0,0
0,12,75.8,73.7,6.7,-0.83,2.98,4,0,2,0,0
0,-44,64.6,72.7,8.4,-0.88,2.16,4,1,1,1,0
0,11,106.7,71.8,6.2,0.18,2.78,3,0,2,1,0
0,36,101.5,74.4,7.5,0.77,2.71,3,2,2,0,0
0,0,69.3,69,7.9,-0.71,1.65,3,0,2,1,0
0,48,52.2,81,7.4,0.68,2.41,3,2,0,1,0
0,36,93.3,72.5,7.1,0.34,2.38,2,0,0,0,0
0,36,90.2,73,6.7,-0.2,2.64,2,0,1,0,0
0,-13,92.1,67.8,7.3,-0.2,1.75,2,0,0,1,0
0,-45,62.6,74.9,7.4,-0.71,2.36,2,2,1,1,0
0,18,100.4,77,6.9,-0.97,3.11,2,1,2,0,0
0,-5,67.5,72.9,6.6,-0.6,2.28,2,1,2,0,0
0,-38,79.8,76.7,7,-0.41,2.3,2,0,0,1,0
0,1,83.3,71.5,6.3,0.16,2.85,2,1,0,1,0
0,13,101.5,69.4,7.1,0.44,1.78,1,0,1,0,0
0,42,85.2,71.2,7.7,-0.15,2.17,1,2,1,1,0
0,74,88.3,71.1,7.1,0.32,2.97,1,0,0,1,0
0,59,80.2,72.7,8,0.6,1.96,9,2,2,0,0
0,14,85.6,69.9,7.5,-0.6,2.83,9,0,2,1,0
0,18,93.3,72.1,6.8,-0.17,2.65,9,1,0,0,0
0,29,88.7,72.8,7.5,-0.52,2.52,9,0,1,1,0
0,-11,70.6,66.9,8.1,1.12,1.62,9,1,2,0,1
0,-34,43.5,73,7.4,1.02,2.17,9,2,1,0,1
0,60,87.1,69.1,7,0.03,3.04,8,1,0,1,0
0,-8,81,73.6,7.9,0.76,2.09,8,0,0,0,1
0,18,100.4,72.6,6.8,0.19,3,8,0,1,0,1
0,25,104.9,74.8,7.5,0.42,2.09,8,0,0,0,1
0,17,107.2,74.7,7.5,0.42,2.48,8,2,1,0,1
0,24,90,71.5,7.8,-0.06,2.1,8,0,1,0,1
0,14,97.9,69.2,6.9,0.94,2.5,7,2,2,0,1
0,41,92.9,71.6,7.3,0.27,2.22,7,3,2,1,1
0,16,104.8,73.9,7.2,-0.77,2.76,7,0,0,0,0
0,32,84.4,74.1,6.7,-0.32,2.85,7,0,0,0,0
0,29,81.7,65.4,8,-0.63,1.36,7,1,2,0,0
0,-25,93.9,62.5,6,-0.15,2.67,6,0,2,0,0
0,13,105.2,73.7,7.7,-0.14,2.38,6,0,1,0,0
1,27,105,70.7,6.8,-0.68,2.69,6,0,1,0,0
0,55,73.4,59.6,5.3,-0.69,3.73,5,1,1,0,0
0,30,97.4,74.4,7.1,0.18,2.19,5,0,0,0,0
0,13,74.5,70.5,8.2,0.82,1.94,5,2,0,0,0
0,40,86.7,74.7,7.6,0.23,2.52,4,0,0,1,0
0,72,89.4,75.6,7.4,-0.57,2.71,4,3,1,0,0
0,21,98.8,71.5,7.3,-0.23,1.85,4,1,1,0,0
0,18,101.9,70.9,6.4,-0.02,2.76,4,3,2,0,0
0,7,110.2,75.3,7.4,-0.01,2.6,4,0,0,0,0
0,3,103.9,72.2,7.4,0.74,2.41,4,0,0,0,0
0,23,104.8,70.9,7,-0.38,2.13,3,1,2,1,0
0,10,74.9,75.4,8.3,0.32,2.19,3,0,0,0,0
0,-37,88.5,76.2,7.1,0.43,1.79,3,2,2,0,0
0,19,69.7,67.8,8.2,0.81,1.23,3,2,2,0,0
0,-2,95.7,65.5,7.2,0.64,2.36,3,1,2,0,0
0,52,49,61.4,5.9,-0.86,3.01,3,1,0,0,0
1,21,106.8,72.8,7,-0.2,2.39,3,0,0,0,0
0,0,90.7,62.6,5.7,-0.73,2.82,2,0,1,0,0
0,-15,92.7,73,7.7,-0.3,0.89,2,1,2,0,0
0,25,101.6,74.4,7.4,0.09,2.84,2,0,0,0,0
0,65,88.2,69.7,7,-0.17,2.58,2,3,2,1,0
0,26,78,73,7.2,0,1.99,2,3,2,0,0
0,21,78.8,64,6.2,-0.67,3.32,1,1,0,0,0
0,-45,50.7,73.7,7.3,-0.69,1.92,1,1,2,1,0
0,16,86.4,61.1,6.1,-1.33,3.03,1,2,2,1,0
0,5,108.4,75.4,7.7,0.37,2.14,1,2,2,0,0
0,15,84.1,67.1,5.9,-0.67,2.39,1,0,1,0,0
0,12,68.8,66.2,8.5,0.86,1.38,1,2,0,0,0
0,-20,77.3,60.7,6.9,0.65,1.97,1,1,1,0,0
0,15,102.1,67.2,6.6,-0.3,3.02,1,0,1,0,0
0,7,102.4,67.7,5.3,-0.2,2.8,9,3,2,1,0
0,7,99.1,66.7,7.1,0.14,3.68,9,0,0,0,0
0,-44,79.2,70.9,7.5,0.74,1.83,9,3,1,0,0
0,-14,69.3,58,5.2,-1.36,2.88,9,1,2,1,0
0,-3,107.5,76.3,7.9,-0.07,2.13,9,0,2,0,0
0,4,72.5,76.1,8,0.25,1.89,8,3,2,0,0
0,37,86.8,66.7,7.5,-0.39,2.5,8,0,1,1,0
0,-18,85.1,67.3,6,0.23,3.73,8,1,1,0,0
0,-12,64.8,67.4,6.5,0.43,2.27,8,2,1,1,0
0,69,85.6,64.9,6.9,0.01,3.28,7,3,1,1,0
0,3,103,73.3,7.6,-0.09,2.1,7,0,1,0,0
0,20,89.9,72.3,6.5,0.02,3.41,7,0,0,0,1
1,21,114.3,80.5,8.3,-0.21,2.25,7,1,0,0,1
0,-20,95.5,72.2,7.3,0.5,2.39,6,0,0,0,1
0,33,98.1,75.1,8.4,-0.54,2.48,6,1,0,0,1
0,47,88,72.4,7.2,-0.21,2.98,6,0,0,0,1
0,45,72.5,67.1,5.5,-0.77,3.31,6,0,0,0,1
0,-50,61.6,72.4,7.2,0.56,2.11,5,0,2,0,0
0,31,100.9,72.1,7.2,-0.02,2.2,5,0,1,1,0
0,-9,65.8,65.3,6.4,-0.89,2.72,5,1,0,0,0
0,8,82.9,71.5,7.6,0.71,2.86,5,0,0,0,0
0,-7,77.6,69,6.8,-0.51,1.69,5,1,2,0,1
0,8,103.8,78.2,8.2,-0.3,1.22,5,1,0,0,1
0,54,99.6,81.8,9.2,0.13,2.15,5,3,1,0,1
0,32,101.7,70.6,6.5,-0.41,2.51,4,0,1,1,0
0,27,94.2,68.3,7.5,-0.43,1.59,4,1,1,1,0
0,5,85.9,76.2,7.8,-0.63,2.41,4,1,1,0,1
0,45,76.4,66.9,6.1,0.06,2.52,4,1,2,1,1
0,12,99.3,67.5,6.6,0.58,2.84,3,2,2,0,0
0,19,71.1,69.8,7.2,0.12,2.44,3,1,1,1,0
0,8,80.2,74.9,7,0.85,3.02,3,0,1,0,0
0,1,83.7,61.8,6.9,-0.58,2,3,3,1,0,1
0,9,103.5,75,7.6,1,2.6,3,2,1,0,1
0,-21,70.2,55.4,7.2,-0.12,1.38,2,2,1,1,0
0,11,118.4,79.8,7.1,0.28,2.45,2,2,1,1,0
0,2,73.6,78,8.2,1.37,2.31,2,0,1,0,0
0,-1,93.1,65.9,7,-0.31,1.55,2,0,2,1,0
0,-16,97,66.1,6.1,-0.48,2.37,2,0,1,0,0
0,-18,59.5,62.3,4.8,-0.81,2.92,2,1,2,0,1
0,-39,76.9,65.2,7.7,-0.21,3.26,2,2,2,0,1
0,-18,88.9,58.5,6.8,0.55,2.83,1,2,2,1,0
0,44,88.1,72.3,8.1,-0.53,1.93,1,1,1,0,0
0,-51,53.3,67.5,6.2,-0.07,2.53,1,0,1,1,0
0,41,83.1,56.7,5.3,-0.17,3.29,1,0,0,1,1
0,70,78.5,72.3,7.2,0.25,2.01,9,2,2,1,0
0,-53,71,81.1,7.9,0.01,2.57,9,0,0,0,0
0,4,72.8,68.5,8,0.97,1.68,9,0,2,0,0
1,27,111.2,75.2,7,0.43,2.61,9,0,1,1,0
0,15,101,70.3,6.8,0.18,1.99,9,1,1,1,0
0,33,85.6,70.3,6.2,0.51,2.61,8,0,2,1,1
1,32,103,72.3,7.2,0.56,2.67,8,0,1,1,0
0,62,78.3,69.3,7.6,-0.67,2.12,7,0,0,0,1
0,69,87.3,80.4,8.2,0.74,2.54,7,3,2,0,1
0,6,115,86.7,8.1,-0.48,2.33,7,3,1,0,1
0,7,78.5,68.2,6.7,0.77,2.82,7,2,2,0,1
0,33,107.7,81.3,7.4,0.06,3.06,6,2,0,0,1
0,63,75.8,75.8,8.2,0.6,1.93,6,3,2,0,1
0,29,100.6,74.8,7.5,0,1.78,5,0,1,1,1
0,29,81.9,67.2,7.3,0.46,2.56,5,0,0,0,1
0,32,100.1,67.5,6.9,-0.04,2.14,5,1,2,0,1
0,11,89.2,71.5,7.6,0.44,2.59,5,3,2,0,1
0,0,76,72.6,8.2,-0.25,1.25,4,2,2,1,0
0,37,75.7,75.7,7.9,0.01,1.87,4,1,2,0,0
0,-16,85.7,71.3,5.6,-0.38,2.96,4,2,2,0,0
0,22,98.4,69.3,6.9,-0.49,3.49,4,0,2,1,0
0,67,86.8,71.4,6.7,0.15,3.04,3,0,1,1,0
0,10,95.3,66.7,6.6,-0.34,2.66,3,0,1,0,0
0,14,102,68.5,7,0.36,3.11,3,1,1,1,0
0,25,94,70.6,6,-0.12,3.18,3,1,2,1,0
0,21,71.7,61.2,6.4,-1.29,2.33,3,3,2,1,0
0,46,71.1,79.7,7.3,-0.13,2.48,3,3,2,0,0
0,7,103.1,71.9,6.8,-0.16,2.67,3,1,2,1,0
0,8,105.9,75.2,7.4,0.15,1.68,2,0,1,1,0
0,28,96.2,72.7,6.7,0.15,2.25,2,2,1,1,0
0,36,101.1,78.1,7.6,0.46,2.29,1,1,0,0,0
0,15,86.2,73.1,7.5,-0.79,3.19,1,0,1,1,0
1,36,103,70.3,7,-0.9,2.92,1,0,0,0,0
0,36,86.8,59.7,5.4,0,3.03,1,2,2,1,0
0,6,99.8,70.1,6.2,-0.51,3.3,9,0,2,1,0
0,-17,81.9,74.8,7,-0.14,3.01,9,1,2,1,0
0,-17,97.5,73.7,7.1,-0.82,2.49,8,2,1,1,0
0,41,92.2,77.2,7.9,-0.29,1.74,8,1,2,1,0
0,7,82.4,77.2,8.4,-0.09,1.46,8,2,1,0,0
0,21,82.3,72.7,7.2,-0.8,1.66,8,0,2,1,0
0,3,106.3,72.1,6.7,-0.14,2.09,8,3,2,0,0
0,10,75.6,73.9,7.9,-0.03,2.38,7,2,0,1,0
0,8,97.4,71.1,7.1,0.23,1.98,7,0,1,0,0
0,9,106,70.6,6.9,0.27,2.08,7,0,1,1,0
0,26,87,74.8,6.2,0.4,2.78,7,1,2,1,0
0,22,103.9,74.1,7.5,-0.2,2.42,7,3,1,0,0
1,29,101.6,77.5,7,0.27,2.19,7,1,0,1,0
0,14,101.3,77.9,7.3,0.32,2.12,7,1,0,1,0
0,-2,101.8,75.3,6.5,-0.82,2.39,7,2,2,1,0
0,36,98.9,68.6,7.4,0.34,2.47,7,0,2,0,0
0,15,100.4,70.4,7.3,-0.57,2.75,7,1,1,1,0
0,-2,87.5,79,8.3,0.11,1.63,7,0,0,0,0
0,-29,92.9,84.6,7.5,0.47,2.15,6,0,1,1,0
0,37,84.2,74.1,7.3,0.22,2.25,6,1,1,1,0
0,-27,69.7,65.5,6.7,-0.49,2.17,6,1,2,0,0
0,-5,104.6,72.6,6.2,-0.26,3.31,6,0,1,1,0
0,46,81,75.1,6.8,0.74,2.62,6,0,0,0,0
0,48,96.3,76.2,7.6,-0.06,2.59,6,2,0,0,0
0,13,90.1,71.5,6.3,0.36,4.02,5,1,1,0,0
0,58,52,70,6.5,0.56,2.82,5,0,0,1,0
0,13,106.1,74.8,7.5,-0.3,2.39,5,0,0,0,0
0,-4,94,76.7,7.1,-0.17,2.49,5,1,1,1,0
0,53,87.4,67.6,7.6,-0.27,2,5,0,2,0,0
0,56,90.9,80,7.6,-0.27,3.05,4,0,1,1,0
0,19,96.2,75.1,7.2,0.26,2,4,2,2,1,0
0,37,81.5,72,6.1,0.95,3.26,4,1,1,1,0
0,22,98.9,69.8,6.4,-0.43,3.06,4,1,1,1,0
0,28,97.4,70.4,6.9,-0.94,2.82,4,2,1,1,0
0,40,100.4,78.9,7,0.32,2.98,4,0,0,0,0
0,85,72.6,72.5,6.8,0.2,3.37,3,3,2,1,0
0,-30,64.2,76.2,7.6,0.77,2.18,3,0,0,0,0
0,56,86.2,69.6,7,0.18,2.68,3,2,2,1,0
0,67,62.8,70.4,7.7,-0.64,2.24,3,2,2,1,0
0,-16,86.6,69.1,6.4,0.61,2.36,3,0,0,0,0
0,-17,86.4,71.5,7,0.38,1.98,2,1,1,0,0
0,13,95.7,70.7,6.7,0.96,2.15,2,0,0,1,0
0,-8,101.1,68.4,5.9,0.09,2.89,2,0,0,1,0
0,-33,79.7,70.8,6.2,0.1,2.2,2,2,1,1,0
0,4,103.2,77.3,7.6,0.09,1.62,2,1,2,0,0
0,4,104.7,72.4,7.1,0.33,2.71,2,0,0,1,0
0,37,99.6,75.8,7.6,-0.22,2.32,2,2,1,0,0
0,9,84.8,73.9,6.7,0.23,2.42,1,0,1,1,0
0,10,103,81.9,7.5,-0.49,2.47,1,0,1,1,0
0,71,75.7,68.9,7.5,-0.44,2.39,1,1,1,1,0
0,-20,69.1,73,7.6,-0.96,3.37,1,1,1,1,0
0,33,91.5,70.8,7,0.73,2.2,1,1,2,0,0
0,-13,46.6,70.1,6.6,-0.72,2.94,9,1,0,0,0
0,39,104.9,72.6,7.1,-0.12,2.99,9,3,1,0,0
0,35,81.7,68.2,5.8,0.28,3.16,9,1,1,1,0
0,-6,97.6,63.6,6,-0.31,1.89,8,2,2,1,1
0,64,80.3,69.2,6.6,-0.57,1.88,8,2,1,0,1
0,39,90.6,66.8,6.8,0.38,2.28,8,1,0,0,0
0,20,110.3,76.8,8.3,-0.04,2.3,8,3,1,1,0
0,30,91,68.1,7.1,0.83,2.66,8,0,2,0,0
0,32,81.7,67.8,7.1,-0.09,1.95,7,0,1,1,0
0,43,105.6,78,8.1,0.06,2.47,7,0,0,0,0
1,34,104.4,86.6,7,0.59,2.79,7,1,1,1,0
0,-4,99.4,72.8,6.7,-0.23,2.72,7,3,2,1,1
0,12,103.7,68.5,6.3,-0.57,2.68,7,3,2,0,0
0,-15,84.2,70.9,7.8,0.51,1.4,6,3,2,0,0
0,-27,77.5,71.8,6.4,-0.35,1.98,6,2,2,1,0
0,10,77.1,62.2,5.9,0.63,2.51,6,2,1,0,0
0,-4,106,78.2,8.4,0,2.28,6,3,1,0,0
1,31,100.9,69.5,7.1,0.18,2.22,6,0,2,0,0
0,6,110.8,78.5,7.9,0.35,2.46,6,0,0,1,0
0,54,75.4,65.8,6.6,-0.77,2.78,5,0,1,0,0
0,25,87,72.7,7.4,0.36,2.35,5,0,2,1,0
0,-15,93.1,60.5,6.5,-0.91,1.42,5,2,2,1,0
0,-40,92.5,70.6,9,0.75,0.87,5,2,2,0,0
0,37,99.1,78.1,7.8,-0.19,1.64,4,0,0,0,0
0,43,93,68.9,6.3,-0.03,3.27,4,0,2,0,0
0,-13,76.4,73.8,6.5,0.43,2.64,4,0,0,1,0
0,5,94.4,67.1,7,0.75,2.01,4,1,1,0,0
0,-6,80.5,66.9,5.5,-0.84,2.78,3,1,2,0,0
0,-5,94.9,72.9,7.6,0.06,2.33,3,0,0,0,0
0,22,92.1,74.7,8.6,0.17,1.85,3,0,0,0,0
0,-64,56.4,67.1,6.4,0.4,3.21,2,1,1,1,0
0,6,106.4,75.2,7.2,0.07,2.73,2,1,0,0,0
0,3,71.3,70.3,7.6,0.56,2.14,2,1,1,0,0
0,-19,75.1,78.3,8.5,0.45,1.67,2,0,2,0,0
0,5,107.7,74.7,7.2,-0.08,2.84,1,1,0,1,0
0,-14,74.6,63,5.1,0.23,2.92,1,0,1,1,0
0,4,100.1,72.2,6.6,-0.71,2.37,9,0,0,0,0
0,-35,82.9,76.5,7.6,0.17,2.15,9,1,1,0,0
0,-13,101.3,76.8,7.2,-0.14,2.78,9,3,2,1,0
0,-15,96.2,73.5,7.3,0.29,1.62,9,0,0,1,0
0,-45,63.3,71.3,7,0.91,2.34,9,2,1,0,0
0,2,99.3,71,7,-0.26,1.9,9,0,2,0,0
0,8,110.1,81.8,7.3,0.22,2.16,8,0,0,1,1
0,36,82.3,63.9,6.9,0.4,2.19,8,1,1,0,1
0,23,84.8,62.6,5.8,0.05,3.4,8,1,0,1,1
0,-14,57.2,60.1,6.8,1.06,1.77,8,1,2,0,0
0,37,91.6,74.4,7.6,-0.21,2.23,8,0,0,0,0
0,7,102.5,72,7.3,0.33,2.08,7,2,1,0,1
0,-24,88.1,63.7,7.9,-0.65,1.9,7,2,2,1,1
0,-6,92.7,77,7.9,-0.92,2.17,7,1,2,1,0
0,5,96.1,69.3,7.5,0.43,1.93,7,2,0,0,0
0,35,83.6,75.3,8,0.67,1.57,7,1,2,1,0
0,-9,108.5,75.5,7.3,-0.13,1.78,6,0,1,0,0
0,14,100.7,75.4,6.8,-0.65,2.6,6,0,0,1,0
0,22,88.8,65.8,7.2,-0.29,1.78,6,0,1,1,0
0,83,71,70.5,6.7,-0.46,2.86,6,2,2,0,0
0,53,76.5,59.6,6,-0.48,2.36,6,1,1,0,0
0,9,97.9,73.5,7.7,0.03,1.54,6,0,2,0,0
0,-12,96.9,69.2,7,-0.44,1.55,5,2,2,1,0
0,3,102.8,72.1,7.2,0.4,2.73,5,1,0,0,0
0,40,93.1,66.9,6.4,0.47,3.37,5,0,1,0,0
0,-16,92.8,67.3,7.6,0.36,1.95,5,1,2,0,0
0,20,82.8,77.8,7.4,-0.59,2.65,5,2,2,1,0
0,23,91.9,75.5,8,-0.15,2.18,5,0,0,1,0
0,46,97.6,76.6,7.8,0.45,2.04,5,2,2,0,0
0,36,101.1,79.7,6.9,0.17,3.07,5,0,0,0,0
0,-14,102.6,75.1,6.9,-0.63,2.33,4,0,0,0,0
0,-2,106.1,69.2,6.2,0.26,2.91,4,0,2,0,0
0,65,60.8,64.1,7.8,1.32,2.65,4,1,2,0,0
0,25,89.2,68.7,6.2,-0.01,2.77,3,2,1,1,0
0,-23,86.8,70.1,7.2,-0.83,2.44,3,2,1,0,0
0,-17,85.4,71.7,7.2,0.3,2.19,3,0,0,0,0
0,53,78.9,76.4,7.3,-0.71,2.41,3,0,0,1,0
1,33,94.3,74.1,8.3,-0.02,2.06,3,0,1,1,0
0,65,86.8,75.6,7.7,-0.02,1.91,3,2,1,0,0
0,75,87,77.4,7.5,0.27,2.49,3,1,2,0,0
0,31,83.7,75.9,7.3,0.2,2.9,2,2,2,1,0
0,-37,77.7,70.4,6.7,-0.8,2.31,2,3,2,0,0
0,25,81.5,71.9,6.6,0.63,2.92,2,0,0,1,0
0,-19,84.8,65.5,6.5,0.57,3.4,2,0,1,0,0
0,24,79.7,77.4,7.6,0.79,2.54,2,2,2,1,0
0,47,98.4,73.9,7.2,0.18,2.61,2,1,2,0,0
0,3,87.5,70.8,5.9,0.11,2.75,1,1,0,1,0
0,8,67.2,71.4,7,-0.99,1.92,1,1,1,1,0
0,-1,65.1,61.2,4.8,-0.7,3.42,1,2,2,0,0
0,31,80.9,74.7,7.4,-0.92,2.44,1,0,1,1,0
0,27,94.7,65.3,6.1,0.41,2.94,1,1,1,0,0
0,44,80,80.8,7.4,-0.37,2.31,9,1,1,1,0
0,40,93.8,70.9,6.5,-0.2,2.67,9,2,1,1,0
0,7,102,69.1,6,0.19,2.51,9,1,1,0,0
0,32,98.8,81.3,8.1,-0.02,1.89,9,0,0,1,0
0,-5,65.3,72.7,6.2,0.77,3.16,8,1,1,1,1
0,-34,89.2,70.5,6.3,-0.47,2.46,8,1,2,0,1
0,11,107.7,77.8,8.2,0.32,1.73,8,0,0,0,1
0,5,78.8,52.4,5.1,-1.04,3.61,8,1,2,1,1
0,-2,105.8,74.8,6.7,-0.26,1.99,8,2,1,0,1
0,7,67.5,65.7,7.4,0.11,3.03,8,0,1,1,1
0,12,85.6,60.1,6,-0.69,2.79,8,0,2,1,1
0,-16,90.8,66,5.6,0.13,3.24,8,1,2,0,0
0,-6,96.8,68.6,7.1,-0.35,2.41,7,3,2,1,0
0,3,81.1,77.2,8.2,0.86,2.53,7,0,0,0,0
0,0,91.5,62.9,6.1,0.06,2.11,7,2,2,1,1
0,2,84.4,77.7,7.9,0.29,2.06,6,0,0,0,1
0,-11,87.8,85.1,8.1,-0.3,2.75,6,0,1,1,1
0,23,103,70.8,7.9,-0.19,2.72,6,2,1,0,0
0,10,89,83,8,-0.25,2.44,6,0,0,0,0
1,35,94.7,69.4,7.7,0.22,1.96,6,2,2,1,0
0,22,107.1,74.7,7.9,0.22,2.26,6,2,1,0,1
0,0,71.5,65.3,8.9,-1.37,1.88,6,1,2,1,1
0,40,77.9,75.3,8,0.3,2.44,5,0,1,0,1
0,64,76,74.4,7.6,0.66,1.85,5,0,1,0,0
0,7,77.4,78,7.5,0.33,1.9,5,3,1,1,0
0,23,79.4,86.7,8.5,0.97,2.22,5,0,1,0,0
0,16,87.7,67,6.9,0.46,1.47,5,0,2,1,0
0,-4,104.5,79.4,7.8,0.55,1.79,5,0,1,0,0
0,-16,74.8,75.4,6.9,-0.18,2.41,5,0,0,0,0
0,-9,83.8,78.8,6.8,0.84,2.03,4,3,2,0,0
0,2,100.1,74.8,8.1,0.83,2.55,4,1,2,0,0
0,-26,62.4,65.1,5.3,-0.5,2.35,4,1,2,0,0
0,7,90,76.9,6.4,0.37,2.73,4,1,1,0,0
1,26,108.6,77.5,7.6,-0.28,2.74,4,0,1,1,0
0,13,102.6,71.1,6.7,-0.11,2.67,3,3,2,1,0
0,7,105.3,75,7.4,0.09,3.13,3,2,0,0,0
0,-27,100,72,6.7,-0.18,2.73,3,0,0,0,0
0,11,89.7,64.5,5.8,0.3,2.12,3,1,2,1,0
0,33,81.7,71.9,8.2,0.9,2.49,3,0,1,0,0
0,-53,69.5,68.6,7.4,0.05,2.58,3,0,1,1,0
0,47,46.1,63.9,6.4,0.15,2.96,2,0,1,1,0
0,-18,70.2,69.9,7.1,1.07,2.57,2,1,2,0,0
0,41,85.4,64,6.2,-0.04,2.32,2,2,2,1,0
0,-48,39.8,69.4,5.5,-1.15,2.62,2,0,0,0,0
0,20,100.3,71.2,7.5,0.71,1.77,2,1,1,0,0
0,18,79.5,71.9,8.4,1.19,2.55,1,1,2,0,0
0,22,104.2,69.4,6,-0.3,3.36,1,2,2,1,0
0,31,91.5,62.5,6.2,0.54,2.11,1,1,0,1,0
0,-7,93.6,69.6,7,-0.63,2.56,9,2,1,0,0
0,23,95.4,66,6.6,-0.77,2.77,9,0,1,1,0
0,4,96.8,80.1,7.8,-0.33,2.03,8,0,1,1,0
0,49,96.9,70.9,7,-0.49,3.24,8,0,1,0,0
0,25,94.8,68.6,7.1,-0.39,2.79,8,1,2,1,0
0,18,100.3,80.9,6.7,0.36,2.63,8,1,0,0,0
0,-9,103.2,75.1,7.3,-0.12,1.87,8,1,1,0,0
0,10,108.3,72.3,6.7,0.36,2.58,8,2,0,1,0
0,60,86.4,77.1,7.7,0.34,1.77,7,1,0,1,1
0,7,99.1,75.5,7.7,-0.26,1.29,7,1,2,0,1
0,-54,27.7,9.7,1.7,0.38,2.25,7,0,0,0,0
0,-7,95,65.4,6.4,-0.22,2.77,7,0,1,1,0
0,4,95,62.5,5.7,-0.7,3.1,7,1,0,0,0
0,38,93.9,70.3,7.3,-0.18,1.99,7,3,2,0,0
0,7,100.9,70.8,7,0.56,2.46,6,1,2,0,0
0,4,93.8,65.3,7.2,0.52,1.47,6,0,1,0,0
0,36,95.8,71.4,7,0.04,2.95,6,0,0,1,0
0,0,104.2,77.5,7.1,-0.24,2.02,6,1,0,0,0
0,-13,82.4,75.6,7,-1,2.78,6,2,1,1,0
0,-4,108.3,80.9,8.2,-0.09,1.68,6,1,1,0,0
0,20,102.9,75.1,6.9,-0.04,3.1,5,2,0,1,0
0,-14,105.6,76.2,7.6,0.5,2.01,5,1,0,0,0
0,-27,106.9,74,5.9,-0.37,2.26,5,3,2,1,0
0,-33,82.9,73,7.5,0.58,2.34,5,1,0,0,0
0,42,78.7,71.7,6.6,-0.44,2.87,4,0,0,0,0
0,9,85.9,74.2,7.5,-0.46,2.54,4,0,1,0,0
0,43,101.8,69.7,7.7,0.24,2.24,4,1,0,1,0
0,23,83.3,74,7.5,0.88,1.69,3,1,2,0,0
0,46,93,70,7.4,-0.61,2.59,3,2,2,1,0
0,34,83.8,76,7.5,-0.87,1.87,3,1,2,1,0
0,-19,97.7,84,8.7,0.18,1.45,3,0,0,0,0
0,24,93.5,70.8,6.5,-0.36,2.77,3,2,2,1,0
0,16,107.8,74.4,6.9,-0.56,2.11,3,0,2,0,0
0,20,96.9,73,5.9,-0.59,2.78,3,1,0,1,0
1,22,108.9,75,7,-0.18,2.52,3,2,2,0,0
0,-34,62.5,70.8,8.1,0.91,1.33,2,2,2,0,0
0,-44,27.6,41.3,7.8,-0.44,1.54,2,1,2,1,0
0,-77,51.6,71.3,7.5,-0.64,2.17,2,2,1,1,0
0,34,74.6,71.7,7.7,-0.85,2.95,2,3,1,0,0
0,-22,87.8,76.4,6.7,-0.67,2.05,2,3,2,0,0
0,33,88.8,69.7,6.8,-0.51,3.07,1,1,0,0,0
1,27,105,71.8,6.6,0.55,3.09,1,2,2,0,0
0,45,74.2,74.3,6.8,0.44,2.39,1,1,0,1,0
0,2,90.1,67.7,6.6,-0.95,2.45,1,1,0,1,0
0,22,91,62.5,5.4,0.7,4.08,9,1,2,1,0
0,11,78,72.1,8.1,-0.87,1.22,8,1,2,1,1
0,70,71.3,75.8,7.2,-0.6,2.1,8,2,2,0,1
0,85,78.2,68.5,8.2,-0.47,2.81,8,0,1,1,1
0,24,58.2,67.5,6.2,-0.94,3.26,8,0,1,0,0
0,-29,58.4,74.2,8.4,-0.22,2.21,8,0,1,1,0
0,-38,71.5,69.9,6.9,-1.27,1.47,7,0,2,0,0
0,-4,82.5,72.9,7.6,-0.33,1.98,7,0,0,1,0
0,-9,99.4,69.7,6.4,0.28,1.91,7,1,2,0,1
0,-1,111.8,79.1,8,-0.03,2.39,7,2,1,0,1
0,-34,84.6,75.7,8,-0.3,2.64,6,3,2,1,0
0,10,77.2,79.9,8.1,-0.25,2.58,6,2,0,1,0
0,-7,105.5,70.7,7.1,-0.04,3.07,6,1,0,0,1
0,62,89.7,70.8,6.7,0.04,2.37,6,3,2,0,1
0,41,89.4,72.2,7.8,-0.58,2.66,5,2,0,1,1
1,39,96.7,73,6.7,0.05,3.58,5,0,1,0,1
0,7,81.4,76.9,8.5,-0.09,2.24,5,2,2,0,0
0,32,98,75.6,7.7,-0.42,2.79,5,2,2,1,0
0,-47,69.6,76,6.7,0.17,1.83,5,0,0,0,1
0,43,87.9,65.4,6.7,0.65,2.71,5,0,2,1,1
0,17,85.5,68,7,-0.27,1.95,5,0,1,0,1
0,61,93.9,81.7,8.1,-0.07,3.11,5,3,2,0,1
0,-8,97.2,74.9,7.5,-0.18,1.81,4,0,1,1,0
0,-8,67.4,67.8,8.5,-0.3,1.49,4,2,2,1,0
0,15,103.3,75.4,6.5,-0.19,3.09,4,1,1,0,0
0,66,76.7,71.2,6.8,-0.16,3.84,4,1,2,1,0
0,10,90.8,67.9,7.9,0.76,2.67,4,2,2,0,0
0,-2,63.9,71.7,7.3,-0.81,2.89,4,0,0,0,1
0,5,95.4,80.2,8.1,-0.44,1.87,4,0,0,0,1
0,70,70.3,75.4,7.8,-0.36,1.91,3,0,0,1,0
0,22,108.5,78,8.2,0.2,2.31,3,2,2,0,0
0,35,95.4,68.6,7.7,-0.74,2.51,3,1,1,1,0
0,-20,91,58.2,5.1,-0.29,3.47,3,0,2,1,1
0,41,89.8,71.8,7.6,0.34,1.81,3,1,0,0,1
0,52,90.5,72.2,7.3,0.54,2.23,2,2,1,1,0
0,44,101.1,75.6,7,-0.19,2.5,2,1,1,0,0
0,-22,75,57.3,8.3,-0.84,1.09,2,1,2,1,0
0,-15,86.3,67.8,7.9,0.72,2.34,2,0,1,0,1
0,71,89.6,77.5,7.8,-0.2,2.59,1,3,2,0,0
0,22,105.4,72.9,6.5,-0.68,3.2,1,0,0,1,0
0,63,97.3,81.5,8.6,0.53,2.97,1,1,0,0,0
0,55,94.6,74.7,8,-0.24,2.94,1,2,0,1,0
0,1,53.8,68.1,7.4,-1.03,3.24,1,2,1,0,1
0,1,75.1,66.1,6.4,-0.24,3.09,1,0,0,1,1
0,-15,98.2,72.8,6.9,-0.21,2.02,8,1,2,1,0
0,27,80.2,66.4,6.9,0.42,3.24,8,1,0,1,0
0,-43,83.7,75,7.3,-0.36,2.88,8,0,0,1,0
0,23,65.9,60,5.5,-1.25,3.49,8,2,1,0,0
0,-8,62.8,64.8,7.1,-0.45,3.15,7,2,2,0,0
0,-9,86.8,71.7,7.1,-0.55,2.99,7,3,2,0,0
0,0,105.1,74.6,7.4,-0.13,2.03,7,0,0,0,0
0,-8,105.4,74,6.7,0.09,1.82,7,0,1,1,0
0,-4,83.1,76.1,8.6,-0.48,2.2,7,2,1,1,0
0,63,91.4,77,7,0.59,3.36,6,2,1,1,0
0,23,91.3,67.8,6.2,-0.19,2.37,6,0,1,1,0
0,53,60.1,72.8,7.1,-0.07,2.53,6,1,0,1,0
0,0,103,68,6.6,-0.2,2.32,6,0,1,0,0
0,26,95.9,71.1,7.2,-1.21,2.68,6,2,2,0,0
0,43,89.7,68.2,7.1,-0.08,3.11,5,1,1,0,0
0,61,67.9,73.5,8.1,1.02,2.2,5,0,1,0,0
0,-9,79.9,76.5,7.3,-0.01,2.28,5,3,2,0,0
1,20,108.7,79.1,8,0.35,3.37,5,1,2,1,0
0,65,92.4,80,7.3,0.25,2.96,4,1,0,0,1
0,71,86.9,71.7,6.4,-0.36,2.87,4,2,2,0,1
0,-5,68.6,71.7,7.4,-0.53,3.55,4,1,2,1,0
0,-55,51.2,72.6,8,-0.65,2.32,4,0,2,1,0
0,-34,68,47.3,4.4,-0.62,2.71,3,2,1,0,1
0,14,84.6,73.6,7.9,-0.14,3.2,3,3,2,0,1
0,-17,81.5,66.6,7.1,0.92,2.47,3,0,2,0,1
0,-1,83.5,75.7,7.9,0.75,1.54,3,1,2,0,1
0,5,96.6,81.9,7,-0.07,2.37,3,3,2,1,0
0,0,104.3,72.4,6,-0.14,2.72,2,0,1,0,1
0,-14,57.2,75.5,7.4,0.16,2.07,2,1,2,0,1
0,-11,88.2,69,6.3,0.21,2.96,2,0,2,1,1
0,31,101.6,74,7,-0.26,2.25,2,2,1,0,1
0,72,87.7,71,7.2,0.13,3.06,1,0,0,0,1
0,10,97.9,73.4,7.5,0.06,2.19,1,3,2,0,1
0,44,86,77.3,8,0.48,1.58,1,0,1,0,1
0,-1,69.8,73.2,6.3,0.55,3.12,1,1,2,1,1
0,58,80.4,64.4,6.8,0.06,2.64,1,1,2,1,0
0,48,82.6,69.2,7,0.67,3.34,1,0,1,1,0
0,42,102.1,78.1,7,-0.22,2.81,9,2,0,0,1
0,24,101.6,69.3,7.3,0.19,3.1,9,1,1,0,1
0,18,99.4,72.4,6.9,0.31,2.61,8,0,0,1,1
0,-12,75.8,71.8,7.7,0.51,1.43,8,2,2,0,1
0,2,99.5,73.9,7.4,0.62,2.72,8,2,1,0,0
0,35,102.2,74.1,7.4,-0.44,2.41,8,1,0,1,0
0,33,86.1,67.4,7.4,-0.38,2.64,8,1,0,0,0
0,-2,100.9,71.1,8,0.13,1.67,7,1,0,0,1
0,38,91.5,74.4,8.2,0.5,2.38,7,3,2,0,1
1,27,103.5,72.5,7.1,0.49,2.57,7,1,1,1,1
0,30,93.5,65.5,7.6,0.72,3.03,7,0,0,0,1
1,31,95.7,78.1,7.4,0.48,2.76,7,0,0,1,1
0,42,96.8,74.5,6.7,0.01,2.38,7,3,1,1,1
0,-28,94.7,68,6.2,-0.15,2.9,7,0,1,0,1
0,-45,95.3,75.3,7.4,-0.23,1.92,6,2,1,0,0
0,-5,99.4,69,7.4,-0.45,2.37,6,2,2,1,0
0,77,20.8,13,1.9,0.24,2.15,6,0,0,0,1
0,-18,92.3,71.8,6.7,0.31,3.21,6,0,0,1,1
0,-6,101.3,69,6.8,0.47,2.37,6,0,2,0,1
0,27,104.8,75.7,6.9,-0.01,2.8,6,0,1,0,1
0,17,97.9,70.4,6.4,-0.07,2.56,5,0,1,1,0
0,23,84.1,70.6,6.3,-0.14,3.45,5,1,0,0,0
0,54,87.5,75.5,8.1,0.12,1.43,5,2,1,0,0
0,36,76.1,69.1,8.6,0.98,1.36,5,0,2,0,1
0,-11,63.5,72.4,8.8,0.86,1.63,5,2,2,0,1
0,-8,95.5,74.9,6.7,0.61,2.95,5,0,0,1,1
0,47,69.2,72,7.1,-0.59,3.09,4,1,2,0,0
0,-9,109.7,76.7,7.2,-0.64,1.82,4,1,0,1,0
0,13,104.3,74.5,7.5,-0.12,1.47,4,1,2,1,0
0,-43,95.3,82,7.7,0.03,2.29,4,0,0,0,1
0,17,76.7,62.8,6.1,-0.73,3.11,4,1,1,0,1
0,-12,94.5,64,7.2,-0.49,2.18,4,1,2,1,1
0,-4,72.5,75.3,7.7,-0.24,2.84,4,1,0,0,1
0,-13,58.1,67.4,8.4,0.39,1.91,3,0,0,0,0
0,8,83.4,67.6,7.9,-0.06,1.24,3,0,1,1,0
0,2,98,79.9,7.5,-0.66,1.7,3,3,1,0,1
0,26,74.8,69.7,7.5,-0.19,2.08,3,1,1,1,1
0,11,108.5,73.7,7,0.2,2.71,3,0,1,0,1
0,17,103.2,74.6,7.6,0.24,2.02,2,3,2,0,0
0,-15,72.7,74.8,8.2,0.79,1.75,2,0,1,0,0
0,28,96.3,68.6,7.2,-0.36,2.56,2,0,1,1,0
0,64,66.8,75.8,8.2,0.3,2.54,2,3,2,0,1
0,-53,85.1,69.2,6.3,-0.02,2.24,2,3,1,1,1
0,7,70.7,70.8,8.5,-0.28,1.2,2,1,2,0,1
0,-16,96.3,67.3,7,0.24,2.89,2,3,2,0,1
0,2,69.7,75.7,7.8,-0.27,3.01,1,1,0,0,0
0,20,102.7,70.6,7.2,0.24,2.54,1,2,1,1,0
0,-4,98.7,72.5,7.6,0.04,1.69,1,1,2,1,0
0,29,68.9,70.7,8.2,1.01,2.3,1,1,0,0,0
0,54,83.1,69.5,7.4,-0.08,2.02,1,1,2,1,0
0,-61,82.9,72.5,6.1,0.24,1.84,1,1,1,1,1
0,6,107.2,81.6,8.3,0.24,2.5,1,0,0,0,1
0,28,81.2,79.6,8,0.26,2.22,9,3,2,0,0
0,23,85,71,6.4,0.01,2.87,9,1,1,1,0
0,57,91.1,71.9,6.6,0.26,2.59,9,2,0,1,1
1,31,102.7,77.9,7.2,0.26,2.62,9,0,1,1,1
0,6,97.6,66.6,6.6,-0.44,2.6,9,1,2,1,0
0,1,100,68.8,7,0.11,1.92,9,0,0,1,0
1,32,103.2,78.7,8.6,-0.19,2.89,9,0,2,0,0
0,17,106.4,77.6,8,-0.28,2.29,9,0,1,1,0
0,48,95,71.8,7.4,-0.19,3.26,9,0,0,0,0
1,27,106.7,76.3,6.2,-0.65,3.05,9,0,2,1,0
1,28,103.8,77.3,7.3,-0.15,2.74,9,1,1,1,0
0,-9,92.8,74.7,7.1,-0.26,2.99,8,2,1,0,1
0,-30,98.3,72.7,7.2,0.35,2.2,8,1,2,0,1
0,-12,70.2,65.3,7.8,-0.35,1.33,8,2,2,1,0
0,-17,96.9,73.9,7.5,-0.61,2.53,8,0,2,1,0
0,-54,64.4,73.2,8.4,0.21,1.53,7,2,2,0,0
0,46,88.2,73.3,8.6,0.11,2.43,7,1,1,0,0
1,23,103.1,74.7,8.3,0.15,1.88,7,3,2,1,0
0,-8,106,75.4,7.3,-0.1,1.51,7,1,1,1,0
0,-8,78.3,59.4,5.7,0.52,2.93,6,0,0,1,1
0,9,91.2,71.6,6.2,-0.44,2.1,6,2,0,0,1
0,21,102.6,74.3,6.7,-0.38,1.96,6,3,2,1,0
0,17,87.7,63.8,7.4,0.42,2.48,5,0,1,0,1
0,-8,88.6,73.4,6.7,-0.08,1.43,5,3,2,1,0
0,9,97.6,70,7.4,-0.73,1.71,5,1,1,1,0
0,-36,92.2,76.3,8.5,0.09,2.81,5,0,0,0,0
0,-7,106.2,70,7.5,-0.85,2.61,5,3,2,1,0
0,20,102.2,72.7,7.4,0.02,2.78,4,0,0,0,1
0,34,95.7,75.5,7.7,0.26,2.54,4,0,0,0,1
0,10,100.3,73.9,6.8,-0.17,2.73,4,0,2,1,0
0,4,41.2,66.6,6.9,-0.58,2.85,4,0,1,0,0
0,-6,98.9,80,6.8,-0.23,2.28,4,0,0,1,0
0,-31,62,67.2,8.2,1.05,1.86,4,2,2,0,0
0,45,85.9,60.1,5.8,-0.63,3.42,3,1,2,1,1
0,-25,24.1,11.8,1.3,0.08,2.29,3,1,1,0,1
0,15,98.3,78.6,7.2,-0.3,2.45,3,2,2,0,1
0,27,89.9,68.7,6.5,0.47,2.61,3,1,2,1,0
0,5,102.4,70.2,6.6,-0.19,2.92,3,3,2,1,0
0,2,75.8,73.9,8.5,0.4,1.62,3,1,1,0,0
0,17,96.7,77,7.8,-0.21,2.17,2,0,2,0,0
0,-31,84.7,70.5,6.6,-0.15,3.06,2,2,2,1,0
0,7,103.9,77.8,7.2,-0.34,1.81,2,2,1,1,0
0,4,81.2,69,6.6,-0.13,3.68,1,1,2,0,1
0,-33,91.2,56.6,6,0.56,2.07,1,0,2,1,1
1,27,107.9,71.3,6.7,0.29,2.89,1,0,0,0,1
0,-26,92.4,70.3,7.2,0.12,1.64,1,0,0,0,0
0,10,106.3,74.1,7.4,0.09,1.6,1,3,1,1,0
0,-20,82.5,72.4,7.5,0.45,1.99,9,0,0,0,0
0,21,103.6,73.8,7.1,0.22,2.85,9,0,0,1,0
0,30,96,71.4,6.9,-0.11,3.03,9,0,0,0,0
0,-2,91.7,75.2,7.4,-0.46,1.78,8,0,2,0,0
0,-11,97.3,72.4,8,-0.03,2.39,8,1,1,0,0
0,22,102.2,73.9,8.1,-0.25,1.64,8,0,1,0,0
0,51,80.6,79,7.4,0.65,2.52,8,0,0,0,0
0,-55,75.5,67.3,6.4,-0.39,1.44,8,2,2,0,0
0,35,101,74.1,6.6,0.14,3.24,8,2,2,1,0
0,19,101.7,75.7,6.9,-0.32,2.27,7,0,1,1,0
0,-18,97.6,77.6,6.5,0.28,1.59,7,3,2,1,0
0,17,82.2,57.1,6.4,0.22,2.67,7,0,2,0,0
0,9,105.3,72.9,6.8,-0.6,2.3,7,0,0,0,0
0,11,103.8,67.9,8,0.01,1.96,7,2,2,0,0
0,8,100.7,72.3,6.5,-0.31,3.01,7,1,0,0,0
1,34,105,72.4,7.2,0.39,2.6,7,0,0,1,1
0,-35,69.8,84.6,8.9,-0.52,1.5,6,2,1,1,0
0,36,59,65.1,6.6,-0.6,2.93,6,0,1,0,0
0,8,101.2,72.5,8,0.4,2.24,6,1,1,0,0
0,-31,91.1,68.5,5.5,-0.57,2.51,6,1,2,0,1
0,11,101,71.9,6.1,0.54,1.87,6,0,2,1,1
0,-3,94.2,64.4,8.3,0.4,1.33,5,3,2,0,0
0,-17,72.7,80.1,7.2,0.02,1.58,5,0,2,1,0
0,-19,104.5,69.6,7.1,-0.23,1.97,5,0,2,0,0
0,8,101.2,72.6,6.6,-0.36,2.61,5,1,1,0,0
0,12,82.2,71.4,6.8,-0.07,2.32,5,1,0,1,0
0,7,100.3,68.9,7.2,-0.56,2.37,5,1,2,1,0
0,34,67.8,73,7.4,-1.02,2.12,5,0,1,1,0
1,24,105.7,76.7,6.8,-0.11,1.94,5,0,2,0,0
0,20,114.3,79.4,7.4,-0.04,2.48,5,0,2,1,0
0,23,101.2,67.3,7,0.04,2.55,5,3,2,1,0
0,-17,103.7,76.8,7,-0.21,2.23,4,2,1,0,0
0,72,64,66.1,6.2,0.79,3.06,4,1,1,1,0
0,54,83.7,77.8,7.7,-0.54,2.38,4,2,2,1,0
0,45,86.3,66.5,7.7,-0.13,2.59,3,0,0,1,0
0,10,82.4,79.5,8.5,0.61,1.85,3,0,0,0,0
0,17,99.8,68.4,6.2,0.03,2.63,3,1,1,1,0
0,8,109,75.7,8.2,0.02,2.55,3,1,1,0,0
0,-21,65.4,77.7,7.4,-0.6,1.88,3,1,1,1,0
0,-2,93,66.6,5.5,-0.25,2.69,3,1,0,1,0
0,3,107.2,72,6.8,0.03,2.39,3,1,1,1,0
0,22,71.5,68.6,5.5,-0.28,3.11,3,3,2,0,0
0,51,85.8,72.6,6.7,-0.52,2.83,2,0,1,0,0
0,17,98.2,70.6,7,-0.19,2.48,2,0,0,1,0
0,2,100.5,70.5,7.4,-0.55,2.24,2,1,1,1,0
0,5,91.6,71.7,7.6,0.25,1.67,2,1,1,0,0
0,-14,91.9,67.2,6.7,0.09,2.45,2,2,2,1,0
0,10,96.4,71.5,7,0.13,3,2,1,1,0,0
0,51,73,61.6,7.3,0.24,2.45,2,1,0,1,0
0,84,76,72.8,9.3,0.01,1.73,1,2,1,0,0
0,44,89.8,67.8,6.5,0.69,2.4,1,2,2,1,0
0,-4,90.7,74.4,7.5,-0.9,1.7,1,2,2,0,0
0,25,100.3,68.2,6.7,-0.88,2.63,1,2,2,1,0
0,-12,90.8,64.1,6.7,-0.13,1.77,1,0,2,1,0
0,14,84.6,71.2,7.7,-0.41,2.47,1,0,0,1,0
0,12,106.6,87.5,7.4,0.08,2.59,9,1,0,0,0
1,26,105.5,71.4,7.6,0.76,1.24,9,1,2,1,0
0,52,89.6,73.2,7.5,-0.14,2.73,9,2,1,1,0
0,-9,71.1,72.1,7.5,0.39,2.38,9,0,0,0,0
0,26,97.8,70.8,6.8,0.12,3.35,9,0,0,0,0
0,25,98.6,75.6,6.8,0.11,2.17,9,0,0,1,0
0,-39,73.4,63.7,5.8,0.01,3.63,9,0,0,1,0
0,8,100.3,73.6,7.2,0.87,2.42,9,2,0,0,0
0,-8,94.5,77.3,7.8,-1.04,3.76,9,1,1,1,0
0,-30,102.2,73.9,6.5,-0.51,2.97,8,2,0,0,0
0,-21,89.8,68.4,7.8,-0.69,1.84,8,3,2,1,0
0,-21,79.7,74.1,6.8,0.19,3.18,8,1,0,0,0
0,47,81.5,70.9,7.3,0.52,2.35,8,0,0,0,0
0,5,100.7,72.5,6.9,1.09,3.36,8,0,1,0,0
0,28,92.7,64.8,6.2,-0.41,2.91,7,1,2,1,0
0,20,107.5,76.8,7.3,-0.75,3.39,7,0,1,1,0
0,32,83,73.3,6.8,-0.05,2.81,7,3,2,1,0
0,-1,98.1,63.8,6.4,-0.54,2.91,7,0,0,1,0
0,-3,98.3,66.5,6.6,0.08,2.42,7,1,1,1,0
0,66,90.8,72.4,6.8,0.08,2.56,6,1,0,1,0
0,-9,97.8,75.3,7.1,-0.19,2.45,6,1,0,0,0
0,60,81,79,7.9,0.04,2.73,6,0,1,1,1
0,-12,88,79.7,8.8,0.49,1.73,6,1,0,0,1
0,-33,89.1,72.8,8.6,0.36,1.38,6,3,1,0,1
1,25,108.8,86.7,7.6,0,2.61,6,3,2,0,1
0,21,79,69.4,6.7,0.53,2.63,5,0,0,1,0
0,38,85.3,67.3,7,0.03,1.91,5,0,0,1,1
0,27,100.4,74.3,7.2,0.43,2.97,5,0,1,0,1
0,28,67.6,66.3,8.2,-1.26,2.53,5,1,2,1,1
0,36,66.6,51.4,6.4,-0.28,2.38,5,1,1,0,0
1,30,104.8,74.6,8.7,-0.3,1.32,5,2,2,1,0
0,9,105.5,73.7,6.8,-0.32,2.8,5,0,1,0,0
0,36,87.4,67,6.1,-0.22,3.03,5,1,1,1,0
0,54,73.3,68.5,6.7,-0.73,2.96,5,1,0,1,0
0,32,98.1,75.2,7.8,-0.83,2.81,4,1,1,1,0
0,11,91.2,69.9,7.6,-0.01,0.99,4,2,2,1,0
0,48,69.5,70.7,7.8,0.84,1.97,4,3,2,0,0
0,-52,50.4,64.1,6.2,-0.13,1.13,4,1,1,1,0
0,33,93.1,76,8.4,0.51,1.76,4,2,2,1,0
1,33,110.7,79.7,8.4,-0.26,2.87,4,0,0,1,0
0,0,86.7,71.9,7.6,0.75,2.19,3,0,1,0,0
0,43,91,77.4,8.3,0.59,1.76,3,3,1,0,0
0,2,98.3,72.3,6.7,0.29,2.93,3,2,2,1,0
0,65,75.3,70.6,7,0.43,2.85,2,3,2,1,0
0,66,81.5,73.6,8.3,0.38,2.63,2,3,2,0,0
0,73,66.7,67.7,7.8,0.84,1.9,2,2,2,0,0
0,51,82.9,68.2,7.1,-0.33,2.33,2,0,0,1,0
0,1,58.5,62,5.6,-1.33,2.81,2,3,1,0,0
0,21,96.3,70.3,7.4,0.01,1.84,2,1,1,1,0
0,20,80.6,87,8.1,-0.32,2.67,2,0,0,1,0
0,36,63,64.7,6,0.82,2.58,1,0,1,1,0
0,83,75,77.1,6.8,-0.5,3.19,1,1,0,0,0
0,-20,73.9,69.3,7,-0.62,1.5,1,2,2,1,0
0,40,75.3,73.6,7.3,0.32,2.84,1,3,2,1,0
0,8,89.3,73.2,8.3,0.5,2.13,1,0,0,0,0
0,7,89.1,74.5,7.6,-0.69,2.35,1,2,2,1,0
0,-8,85.2,69.4,5.8,0.23,2.48,1,0,2,1,0
0,56,100.7,83.9,7.4,0.16,2.72,9,2,2,0,0
0,-11,96.4,72.6,7.3,-0.38,2.44,9,1,0,0,0
0,79,88.2,69.2,7.1,0.29,3,8,1,1,0,0
0,37,95.2,66.1,6.5,-0.18,3.29,8,1,2,0,0
0,-35,84.1,66,7.6,-0.8,2.1,8,1,1,1,0
0,-17,83.5,56,5.7,0.14,3.56,8,2,2,0,0
0,31,88.2,68.8,6.8,-0.39,3.07,8,3,2,1,0
0,10,92.9,71.4,6.7,-0.63,2.26,8,1,0,1,0
0,33,97.3,77.3,9,0.05,1.84,7,0,1,0,0
0,77,79.7,72.8,7.8,-0.22,2.22,7,1,0,1,0
0,38,93.2,66.6,6.7,-0.3,3.75,7,0,1,0,0
0,-16,97.2,74.2,6.9,-0.21,2.22,7,1,1,0,1
0,2,106,75.6,7.2,0.14,2.88,7,2,0,0,1
0,-25,31.5,10.8,2.6,-0.05,1.32,7,0,0,1,1
0,20,96.6,67,6.6,-0.46,2.68,6,1,2,1,0
0,3,87.4,74.1,7.1,-0.04,1.72,6,1,1,0,0
0,-11,95.6,74.8,6.7,-1.08,2.1,6,2,0,0,1
0,49,96.7,71.8,8,-0.09,2.36,6,0,2,0,1
0,34,87.4,57.4,7.1,0.66,2.25,5,1,2,0,0
0,6,102.7,69.7,8.3,-0.12,1.33,5,0,0,1,0
0,9,97.7,73.7,7.3,0.11,2.48,5,1,1,0,1
0,-19,69.3,68.8,8,0.02,1.27,4,0,0,1,0
0,-18,81.5,69.9,7.6,0.34,1.34,4,0,0,0,0
0,13,90.6,69.4,6.1,-0.34,2.86,4,1,2,0,0
0,-25,91.1,67,7,-0.61,2.89,4,2,2,1,1
0,-14,100,71.1,7,-0.44,2.76,4,0,0,0,1
0,-35,90.7,76.6,7.5,-0.05,2.65,4,0,1,0,1
0,37,81.5,62.8,5.5,-0.15,3.36,3,0,2,0,0
1,21,110.7,76.6,7.9,0.24,2.04,3,2,1,0,0
0,47,95,71.9,7.1,-0.19,3.01,3,0,1,0,1
0,53,100,75.6,7.4,-0.08,2.36,3,0,2,0,1
0,-2,77.2,72.8,8.8,0.97,2.42,2,2,2,0,0
0,-11,73.1,69.7,8,-0.06,1.79,2,2,1,1,0
0,20,104.3,71.5,6.6,-0.18,2.49,2,1,0,0,0
0,0,101.9,73.3,7.6,-0.24,1.89,2,2,1,1,0
0,-53,61,75.2,7.6,0.83,1.2,2,0,1,0,0
0,19,101.5,66.9,6.8,0.24,1.86,2,0,1,0,0
0,-45,45.6,75,7.9,0.19,1.91,2,2,0,1,1
0,-17,94.8,73.6,8.3,-0.33,1.39,1,2,1,1,0
0,-7,104.2,67.9,6.9,-0.53,1.98,1,2,1,1,0
0,48,98.9,77.2,7,0.17,2.41,1,0,0,0,1
0,-11,78.6,78.3,7.9,0.18,1.54,9,2,2,0,0
0,63,89.1,72,6.8,-0.36,3.67,9,2,2,1,0
0,-2,87.6,57.3,7.1,-0.71,1.14,8,1,2,1,1
0,15,97.7,67.7,6.7,-0.05,2.03,8,1,1,1,0
0,55,95.7,68,7.7,0.15,2.47,8,0,1,0,0
0,70,83.6,78.9,8.5,0.6,1.88,8,2,2,1,0
0,35,69.1,64.5,8.1,0.7,2.13,8,2,2,0,0
0,-7,100,68.7,7.8,-0.14,2.29,8,1,0,1,1
0,50,63.4,71.1,7,-1.24,2.51,8,2,2,0,1
0,-26,95.1,63.9,5.8,-0.36,2.96,7,0,0,1,0
0,51,93.3,74.7,7.8,-0.07,2.19,7,1,1,0,0
0,-34,56.4,49.2,5.1,-1.29,2.85,7,0,2,0,0
0,0,91.3,64,7.1,0.04,0.76,7,1,2,1,1
0,-13,93.8,85.1,8,0.37,2.46,7,3,2,0,0
0,28,83.1,62.7,7.5,1.24,2.37,6,2,2,0,1
0,35,99.7,74.4,7,0.42,2.23,6,0,0,1,0
0,50,101.6,80,8.7,0.04,2.1,6,0,0,1,0
0,4,96.1,65.3,8,-0.91,1.31,6,3,2,1,0
0,36,95.8,72.3,7.1,0.23,1.94,6,0,0,1,0
0,19,97.6,75.4,6.9,-0.01,2.28,6,2,1,1,0
0,51,84,71.3,6.8,-0.37,2.73,5,1,1,0,1
1,27,105.3,83.9,8,0.44,2.28,5,2,1,0,1
0,22,97.8,74,7.8,0.11,1.88,5,1,2,0,1
0,19,92.3,71.2,6.5,0.01,3.57,5,2,1,0,1
0,-26,52.4,71,5.9,-1.55,3.08,5,1,2,0,0
0,21,90.6,62.3,6.6,-0.44,2.12,5,1,2,1,0
0,28,81.9,66.4,5.8,0.25,2.73,5,2,1,1,0
0,35,83.5,70.6,8.1,0.97,1.93,4,1,2,0,1
0,1,99.8,69.4,6.9,-0.99,2.6,4,1,2,1,1
0,28,80.2,70.4,7.5,-0.02,1.21,4,2,2,0,1
0,39,90.3,70.5,7.4,0.8,1.9,4,2,2,0,1
0,-30,78,74.1,7.2,-1.59,2.04,4,0,1,0,0
1,25,106.2,76.6,7.4,0.25,1.9,4,0,0,1,0
0,-11,104.2,70.9,7.1,-0.4,1.93,4,0,0,1,0
0,13,90.8,79.1,7.6,-0.77,1.72,3,1,0,0,1
0,9,89.4,71.3,6.4,-0.39,3.19,3,2,1,0,1
0,-36,71.4,60.4,6,-0.63,2.68,3,2,2,1,1
0,66,93.7,72.5,7.2,-0.36,2.94,3,1,1,1,0
0,-76,24.7,64.9,8.5,0.7,1.12,3,2,1,1,0
0,34,88.6,69.4,6.9,-0.46,2.92,3,2,2,0,0
0,37,72.5,79.9,6.7,0.26,2.91,3,1,2,1,0
0,-23,80.3,71.3,7.5,0.65,1.97,2,2,2,0,1
0,78,96.3,80.8,7.7,0.84,3.16,2,0,0,1,1
0,8,96.4,76.4,7.6,0.2,2.67,2,0,0,0,1
0,29,75.9,73.1,6.6,-0.01,2.84,2,3,2,1,0
1,42,101.5,75.1,8,0.17,2.52,2,2,2,1,0
0,44,92.7,77.3,7.1,-0.51,2.72,1,0,0,0,1
0,15,113.5,77.4,8,-0.01,2.25,1,3,2,0,1
0,-23,94.5,68.2,6.9,0.8,1.78,1,0,2,0,1
0,28,95.5,72.4,7.2,0.71,1.64,1,1,1,1,0
0,5,102.1,73.3,7.4,-0.08,1.34,1,1,1,1,0
0,31,93.4,62.6,5.8,-0.32,2.77,1,3,2,1,0
0,44,97.9,72.5,7.9,0.13,3.33,9,1,0,0,0
0,9,89.9,77.2,7.3,-0.27,1.45,9,0,0,0,0
0,38,91.6,68.9,7.3,-1.03,2.31,9,1,0,1,1
0,6,97.2,72.4,7.6,-0.26,1.79,9,1,0,0,1
0,48,90.3,71,6.8,0.29,2.99,9,0,0,1,1
0,44,84.3,72.4,7.2,0.19,2.64,9,0,1,0,1
0,48,89.2,70.1,6.8,-0.24,2.55,8,2,2,0,0
0,19,71.7,61.7,7.4,1.16,2.34,8,1,2,0,0
0,36,74.9,67.2,8.4,-0.27,1.62,8,0,0,1,0
0,17,97.8,66.2,5.9,-0.53,2.71,8,1,0,0,0
0,21,102.5,72.4,8.4,0.6,2.06,7,1,1,0,0
0,37,93.9,69.7,6.7,-0.04,2.28,7,2,2,0,0
0,69,88.9,69.7,7.4,0.58,3.17,7,1,1,0,0
1,28,107.3,75.2,8.1,0.42,0.86,7,2,1,1,0
0,21,104.1,71.4,7.1,-0.49,2.9,7,0,0,1,0
0,54,91.2,75.9,7.6,-0.18,3.24,6,0,0,0,0
0,22,97.5,69.9,7.3,-0.18,1.71,6,1,2,0,0
0,71,87.7,69.3,6.7,0.57,3.38,6,1,0,0,0
0,-9,87.3,77.5,7.3,0.13,2.56,6,2,1,1,0
0,-14,90.4,67.5,6.7,0.68,2.65,5,0,1,0,0
0,-10,96.9,80,7.8,-0.38,2.61,5,1,2,0,0
0,11,75.3,65.5,5.9,0.37,2.13,5,2,2,1,0
0,-30,85,72.5,8.3,0.33,1.91,4,3,2,0,0
0,10,90.8,62.5,5.8,0.1,2.77,4,0,2,1,0
0,-15,89.6,72.8,7,0.45,3.46,4,1,2,0,0
0,5,77.2,77.9,8.1,-0.81,1.96,4,0,0,1,0
0,-16,77.1,70.5,7.8,-1.12,0.83,4,1,2,1,0
0,-8,98.1,68.6,8.2,0.15,1.5,4,1,1,0,0
0,23,90.9,65.2,7.3,-1.18,1.79,4,3,2,1,0
0,-42,86.8,76.3,7.4,0.01,2.55,3,1,2,0,0
0,-19,65.2,73.8,7.4,-0.38,2.25,3,0,0,0,0
0,-3,89,71.7,7.1,-0.6,2.02,3,1,1,0,0
0,-44,83.9,72.4,7.3,0.12,1.37,3,0,2,0,0
0,31,102.3,78.9,7.8,-0.48,2.13,2,2,1,0,0
0,12,103.9,74,6.7,-0.54,1.76,2,1,2,1,0
0,64,79.3,67.9,6.6,0.26,2.39,2,0,0,1,0
0,14,108.4,74.2,6.7,0.21,2.62,2,2,1,0,0
1,27,106.7,72.5,6.7,-0.33,2.6,2,1,2,1,0
0,28,89.1,68.5,6.5,0.05,2.98,2,1,1,0,0
1,33,101.6,69.3,7.2,-0.83,2.11,2,0,2,1,0
0,54,78,67.2,7.4,0.54,1.97,2,1,2,0,0
0,16,104,76,7.7,-0.44,2.65,2,1,1,1,0
0,13,100.2,69.4,7.1,-0.43,2.49,2,2,2,0,0
0,-5,100.9,69.9,7.8,-0.67,2.65,1,1,2,1,0
0,29,85.5,76.4,7.1,-0.9,3.11,1,0,0,0,0
0,-25,97.8,72.7,6.5,0.02,2.5,1,1,2,1,0
0,-2,83.6,77.2,7.8,-0.63,2.09,1,0,0,1,0
0,0,78.5,66.8,7.8,-0.39,1.68,1,0,1,1,1
0,31,69.7,63.6,5.7,-0.49,3.07,1,2,1,0,1
0,12,106.2,70.6,7.3,0.08,2.93,1,0,1,1,1
0,15,106.9,74.3,7.6,-0.04,1.81,1,3,2,0,1
0,30,76.5,65.6,6.2,-0.34,3.05,9,1,2,0,1
0,11,70.5,70.7,6.6,-0.47,2.76,9,0,0,0,1
0,34,95.6,70.8,7.7,-0.21,1.92,9,1,0,0,1
0,-46,69.8,61.9,6.4,0.41,2.29,8,0,1,0,1
0,21,106.2,72,6.9,0.2,2.4,8,0,0,0,1
0,-19,82.2,62.5,5.9,0.23,3.2,8,0,2,0,1
0,4,100.2,65.6,7.5,-0.04,1.86,8,3,1,0,0
0,-58,33.2,12,1.7,0.5,2.25,8,0,0,0,0
1,24,104.8,73.9,6.6,-0.01,2.98,8,3,2,0,0
0,13,75.6,70.6,8.3,0.14,1.97,8,1,2,0,0
0,44,92.4,69,8.2,0.37,1.81,8,3,2,0,0
0,33,98.2,75,7,0.13,3.42,7,0,1,0,0
0,40,100,78.1,8.1,-0.77,2.12,7,3,2,1,0
0,-13,74.7,70.3,8,0.43,2.07,7,0,1,0,0
0,40,99.3,73.4,6.9,-0.32,2.94,6,0,1,0,0
0,11,100,70.9,7.1,0.47,2.64,6,1,0,0,0
0,16,91.1,70.4,6.7,-0.86,2.4,6,0,0,0,0
0,11,99.6,67.6,7.1,0.44,2.6,5,1,1,0,1
0,1,91,67.6,6.3,-0.5,2.49,5,2,1,0,1
1,26,110.1,74.6,7.7,0.35,2.71,5,0,0,0,1
0,40,92.3,66.8,7.8,0.61,2.37,5,1,1,0,0
0,59,79.2,83.7,8,0.56,2.39,5,3,2,1,0
0,-9,66.5,70.6,8.1,-0.9,0.63,5,0,2,0,0
0,-7,105.4,69.5,6.1,0.22,2.84,5,1,0,0,0
0,19,84,60.6,7.4,0.66,1.87,5,1,1,0,0
0,-15,82.1,74.1,6.5,0.57,2.15,4,2,1,0,1
0,20,104.4,77.6,6.8,0.11,2.24,4,1,0,0,1
0,-26,93.8,73.5,7.3,0.15,2.52,4,1,0,0,0
0,23,104.5,72.1,7.9,0.33,2.13,4,2,0,0,0
0,88,72.8,73.4,8.2,-0.18,3.17,4,0,0,0,0
0,-5,93.1,68.4,6.3,-0.1,1.83,3,0,1,0,1
0,-6,100.9,76.8,7.8,0.07,2.53,3,3,1,0,1
0,74,73.8,68,6.4,-0.56,3.23,3,1,1,0,0
0,31,94.8,73.3,7.6,0.71,1.99,3,0,0,0,0
0,-2,112.4,75.9,7.4,-0.16,2.14,2,2,2,0,1
0,-14,94.2,74.8,7.3,0.18,2.15,2,2,1,0,1
0,10,83.9,74.2,6.4,-0.05,2.63,2,1,1,0,1
0,-32,99.5,67.3,5.8,-0.25,2.79,2,2,1,0,0
0,26,56.1,78,6.7,-0.58,3.18,2,2,2,0,0
0,-39,78.8,75.3,6.4,-0.33,2.35,2,0,0,0,0
0,-35,93.4,74.4,7.1,0.2,1.94,2,1,0,0,0
0,24,77.4,64.8,7.2,0.4,2.51,2,3,2,0,0
0,-6,84,67.8,7.7,0.84,1.44,1,2,2,0,1
0,20,102.6,72.4,7.2,-0.43,1.8,1,1,0,0,1
0,40,91.1,73.1,7.3,0.31,2.65,1,1,0,0,1
0,13,96.5,69.9,6.3,0,2.52,1,1,1,0,1
0,31,96.1,74.3,7.4,-0.53,3.23,1,1,2,1,0
0,44,68.8,70.9,6.9,-0.3,2.01,1,1,1,0,0
0,74,55.7,68,6.6,-0.96,2.87,1,1,2,0,0
0,7,97.2,73.3,6.6,-0.26,2.73,10,1,1,1,0
0,-22,71.9,61.5,7.3,1.67,2.69,10,0,2,0,0
0,4,99.1,72.1,7.5,0.8,1.65,10,3,2,0,1
0,81,74,74.5,6.8,-0.71,3.31,10,2,2,0,1
0,7,96.7,72.8,7.3,0.38,2.69,9,1,1,0,0
0,9,87.6,74.3,6.6,0.5,2.62,9,0,0,1,0
0,-11,71,69.3,7.3,1.41,2.03,9,1,2,0,1
0,-18,104.9,74.2,7.1,-0.54,2.49,9,2,2,1,1
0,-13,105.5,68.5,7.7,0.43,2.45,9,1,1,0,1
0,25,99.6,67.8,7.8,0.32,2.06,8,1,1,0,0
0,47,68.2,69.1,8.5,0.66,1.75,8,1,2,0,1
0,19,98,68.2,7,1.1,3.16,8,2,2,0,1
0,-21,97.7,65.4,6.6,-0.12,1.2,7,1,2,1,0
0,69,86.2,74.3,7.5,-0.64,3.17,7,2,1,0,0
0,19,102.2,72.7,7.2,0.34,2.39,7,0,0,0,0
0,11,106.3,74.6,6.9,-0.21,2.29,7,1,0,0,0
0,16,86.6,66.5,6.8,-0.77,2.86,7,2,2,1,0
0,13,91.7,64,5.9,-0.33,2.59,7,1,1,0,0
0,36,99,82.6,7.4,-0.06,1.56,7,0,2,1,0
0,-14,90.4,74.9,7.4,-0.5,2.7,7,0,0,0,0
0,-8,55.6,73.7,6.4,-1.27,2.92,6,1,0,0,0
0,48,85.3,70.4,7.4,-0.1,1.81,6,2,2,1,0
0,10,105.8,75.5,7.4,-0.13,1.85,6,2,2,0,0
0,-24,97.7,64.5,6.5,0.36,3.01,6,1,2,1,0
0,35,102.5,73.6,7.4,0.19,3.47,6,1,1,0,0
0,-38,46.7,66.3,8.1,-0.09,1.15,5,1,1,1,0
0,-16,100.1,70.9,7.1,-0.48,1.67,5,1,2,1,0
0,56,86.2,75.2,6.6,-0.19,3.46,5,0,0,0,0
0,46,81.4,75.1,6.7,0.31,2.47,5,1,1,1,0
0,56,85.8,69.1,6.9,0.64,2.69,5,2,1,0,0
0,-38,61.3,74.9,7.7,0.3,1.6,4,2,2,0,0
0,-2,64.5,60.5,6,1.05,2.8,4,0,2,1,0
1,23,115.3,84.4,8.1,-0.08,1.94,4,1,1,0,0
0,37,90.8,70.4,6.6,-0.07,3.07,4,1,2,1,0
0,-34,101.6,69.3,7.3,0.9,1.58,4,3,2,0,0
0,47,84.5,69,7,-0.44,2.53,4,0,1,1,0
0,31,93.4,71.4,7.2,-0.66,2.98,4,3,2,0,0
0,67,68.6,69.7,6.1,0.32,2.63,3,2,2,1,0
0,59,84.4,81.3,8.2,0.33,2.21,3,0,0,0,0
0,18,87.7,56.4,6.3,-0.97,2.04,3,0,2,1,0
0,39,91.4,75.5,7.6,-0.41,2.61,3,0,1,1,0
0,8,98.6,79,8,-0.23,2.47,3,1,1,0,0
0,57,91.4,72.3,7.2,0.35,2.86,3,0,0,0,0
0,39,89.2,71.4,7.4,0.4,1.68,2,1,2,0,0
0,-11,95.5,66.2,6.6,0.08,2.69,2,1,0,0,0
0,-8,78.2,72.4,6.3,-0.73,2.41,2,3,2,0,0
0,20,106.7,72,7.2,0.32,3.44,2,3,2,1,0
0,17,92.2,73.5,6.7,-0.18,2.45,2,0,2,0,0
0,12,81.1,69.6,7,0.13,2.63,1,0,1,1,0
0,-13,89.8,60.4,7.7,-0.56,2.01,1,3,2,1,0
0,25,93.3,60.1,5.8,-0.1,3.37,1,1,2,1,0
0,37,90.1,67.7,7.9,0.26,2.21,1,0,0,0,0
0,-13,108.2,79,7.1,0.6,2.07,1,3,2,0,0
0,23,91.9,76.5,6.9,-0.54,2.47,1,3,2,1,0
0,63,64.4,75.5,7.9,-0.19,3.07,9,0,1,0,0
0,49,100.5,75.2,7.8,-0.06,2.83,9,3,2,1,0
0,49,75.8,74.6,7.2,1.12,2.72,8,1,1,0,1
0,11,104.1,80.6,6.9,0.42,2.58,8,1,1,0,1
0,-25,75.6,65,5.7,0.81,2.75,8,1,1,1,1
0,-31,58.8,68.2,7.9,-0.14,1.78,8,0,0,0,1
0,5,83.7,63.9,5.7,0.55,2.58,8,0,1,1,1
0,-27,82.5,68.1,5.9,0.06,2.28,8,2,2,1,1
0,19,97.5,72.4,7,0.75,3.16,7,0,1,1,1
0,11,87.5,68.4,7.1,0.95,2.09,7,0,1,0,1
0,0,95.8,70.8,7.5,-0.03,2.12,7,3,1,0,1
0,10,105.9,74.7,6.6,0.49,2.25,7,0,0,0,1
0,1,104.1,72.5,7,-0.09,2.73,7,3,1,0,0
0,42,89.7,73.8,7.4,0.11,3.47,7,0,0,0,0
0,-39,51.8,70.6,7.3,0.16,2.58,6,2,2,0,0
0,-8,81.8,75.3,8.2,-0.09,2.13,6,1,1,1,0
1,34,102.1,71.5,7.6,-0.47,2.73,6,0,2,0,0
0,38,102.7,77.1,7.7,0.13,2.71,6,0,1,0,0
0,-1,64.7,59.9,7.1,0.75,1.67,6,1,2,0,0
0,36,95.5,70.7,8.9,0.5,2.43,6,1,2,0,0
0,-14,73.8,74.6,7,-0.37,3.03,5,0,0,0,0
0,24,91.7,68.6,6.2,-0.49,2.32,5,0,1,1,0
0,38,71.7,71,6.9,-0.46,2.37,5,1,2,0,0
0,38,95.5,70.6,6.7,-0.07,3.21,4,2,2,0,0
0,-26,86,70.1,6.8,0,2.96,4,3,2,1,0
0,33,85.3,76,7.3,0.06,2.69,4,2,1,0,1
0,-29,90.5,62.9,6.1,-0.13,3.41,4,3,2,0,1
0,-31,67.5,80.1,7.5,0.28,2.4,3,2,0,0,1
0,-16,71.2,76.6,7.3,-0.16,2.07,3,0,1,0,1
0,-24,93.2,68.9,6.3,-0.41,2.19,3,3,2,1,1
0,60,92.5,81.3,8.2,0.26,2.55,3,0,0,0,1
0,31,64.5,74,9.3,0.79,1.62,3,0,1,0,1
0,11,96.8,66.8,5.9,0.11,2.4,3,2,0,1,1
0,36,84.2,80.5,7.4,-0.16,1.83,3,1,1,1,1
1,27,98.5,72,7.7,-0.28,2.16,2,0,0,0,1
0,37,53.5,63.1,6.2,-1.03,2.93,2,1,2,0,1
0,27,98.4,70.7,8,-0.28,1.75,2,0,1,0,1
0,10,93.1,78,8.3,0.42,1.96,2,1,2,0,1
0,12,100.6,73.2,8.3,0.25,1.39,2,1,0,0,1
0,10,106.7,82.6,8,-0.52,2.1,2,1,1,0,1
0,50,89.6,70.6,7,0.92,3.22,1,0,1,0,1
0,43,89.1,77.8,6.5,-0.66,2.62,1,0,1,0,1
0,17,68.4,60.6,6.5,-1.13,1.8,1,0,2,1,1
0,65,65.6,74.8,8.3,0.73,1.51,1,0,0,0,1
0,-2,49.5,62,6.1,-1.03,3.04,9,2,2,0,0
0,5,84.8,71.7,7.6,-0.33,2.81,9,1,0,1,0
0,30,81.1,67.8,6.4,-0.57,3.3,9,0,0,0,0
0,62,78.4,72.9,7.4,-0.03,2.95,9,2,2,0,0
0,3,97.1,65.9,6.4,-0.22,1.78,9,1,1,1,0
0,42,87.7,61,6.7,-0.2,2.81,9,1,1,1,0
1,35,103.9,84.5,7.3,0.16,2.86,9,2,2,0,0
0,30,96.8,73.4,7.4,-0.4,3.03,8,1,2,1,0
1,29,109.6,83,7,-0.31,2.52,8,3,2,1,0
0,40,93.2,67.6,6.8,0.26,3.42,8,0,0,0,0
0,3,103.1,73.4,7.9,-0.6,2.33,7,0,0,1,0
0,19,101.4,69.8,6.8,-0.22,1.94,7,0,1,1,0
0,-20,81.3,78.7,6.3,0.77,2.79,7,0,1,1,0
1,31,101.4,71.2,7.3,-0.26,2.57,7,2,1,1,0
0,-13,71.2,71.6,7.7,-0.71,2.19,6,0,1,0,0
1,27,106.4,81.5,7.1,-0.08,2.77,6,0,1,1,0
0,53,55.3,61.4,5.7,0.21,3.36,6,0,2,1,0
0,28,84.7,73.4,6.7,-0.71,2.21,6,2,0,0,0
0,-26,101.3,76.4,7.2,0.49,2.62,6,0,1,1,0
0,17,98.9,69.7,7.6,0.76,3.26,5,1,1,0,0
0,-8,96.6,73,7.6,-0.44,2.3,5,0,0,0,0
0,-13,53.5,57.4,5.4,-0.12,3.88,5,0,2,0,0
0,32,102.9,72.7,7.9,0.42,2.07,5,1,1,1,1
0,57,91.6,70,7.1,0.52,2.76,5,1,1,0,1
0,64,54.5,64.5,6.4,0.71,2.9,4,2,1,1,0
0,12,101.6,68.3,6.6,-0.48,2.62,4,2,1,1,0
0,13,96,71.7,7,0.49,2.72,4,1,0,0,0
0,2,70,64.1,8.6,0.84,1.15,4,0,2,0,0
0,-24,71.2,48.1,6.9,0.75,1.76,3,1,2,0,0
0,-8,90.3,66.7,7.8,-0.75,2.25,3,0,1,1,0
0,27,66.7,66.8,7.8,0.37,1.6,3,2,2,1,0
0,-7,98.1,67.6,6.4,0.38,3.11,3,3,1,1,0
0,24,93,72.6,7.5,-0.31,2.8,2,1,0,1,0
0,-20,91.6,74.2,6.8,0.12,2.91,2,1,0,1,0
0,23,92,59.6,6,-1.06,3.22,2,1,1,0,0
0,25,95.7,67.3,6.8,0,3.57,2,3,2,0,0
0,1,97.4,70,7.4,-0.72,3.11,2,0,0,1,0
0,-4,101.9,72.2,6.4,-0.22,2.25,1,1,1,0,0
0,-3,110.1,73.7,6.5,0.05,2.26,1,3,1,1,0
0,36,87.3,69.3,6.8,-0.5,3.18,1,1,2,1,0
0,46,72.8,75,7.9,-0.73,1.95,1,2,1,1,0
0,18,105.2,71.3,6.6,0.15,3.07,9,2,2,0,0
0,7,96.9,70.1,6.2,-0.31,1.9,9,3,1,1,0
0,-4,83.4,65.4,7.1,0.2,2.95,9,1,2,0,0
0,-3,91.5,66.8,7.1,-1.03,1.88,9,3,2,0,0
0,0,67.6,71.9,8.2,1.42,2.85,9,0,2,0,1
0,18,82.8,73.3,7.7,0.36,2.49,9,1,0,0,1
1,28,102.9,74.4,7.4,0.22,2.43,9,3,2,0,1
0,7,85.1,70.1,6.7,0.69,2.53,9,2,1,0,1
0,-36,89.9,73.8,6.1,0.57,2.4,9,0,0,1,1
0,1,90.5,74.6,6.7,-0.44,2.46,8,0,1,1,0
0,9,106.8,73.4,7.2,-0.33,3.22,8,0,2,1,0
1,30,101,71.4,8.1,-0.05,2.18,8,2,2,0,1
0,5,88.6,68.8,6.9,-0.08,1.99,8,2,2,1,1
0,-6,76.5,69.8,7.8,0.96,2.81,8,2,2,0,1
0,10,100.7,71.2,7,0.24,2.67,8,3,2,0,1
0,14,103.1,73.8,6.8,-0.46,2.06,8,3,2,0,0
0,-31,100.3,70.6,6.5,0.1,1.51,7,0,1,0,0
0,-11,92.3,69.9,6,-0.63,2.73,7,1,0,0,0
0,-19,67.5,73,8.7,0.98,2.01,7,1,1,0,0
0,6,81.6,74.1,8.2,0.98,2.08,6,0,0,0,0
0,11,72.5,67.1,8.2,0.73,2.88,6,1,1,0,0
0,9,85.1,63.6,6.1,0,3.39,6,2,0,1,1
0,-16,98.1,75.8,7.5,0.49,2.64,6,1,2,0,1
0,30,102.8,72.6,7.2,0.22,3.27,5,0,0,0,0
0,67,86.1,68,6.1,0.41,3.47,5,0,1,1,0
0,1,72.2,83.5,7.2,0.79,0.95,5,1,2,0,0
0,10,102.2,71.5,8.1,0.23,1.97,5,0,0,0,1
0,9,72,79.1,7.5,-0.5,1.72,5,1,2,1,1
0,4,107.7,77.4,6.8,0,1.95,5,2,2,0,1
0,76,88.5,80.1,7.7,-0.33,2.66,5,3,1,0,1
0,0,100.6,69.4,6.3,0.29,2.23,4,2,2,0,0
0,-26,99.3,76.1,7.7,0.06,1.96,4,0,1,0,0
0,21,79.6,69.8,7.4,-0.47,1.75,4,2,1,0,0
0,30,101.8,78.3,8.2,0.06,2.24,4,0,0,0,1
0,-7,108,74.1,7.4,0.58,2.13,4,1,1,0,1
0,59,94.9,73.4,7.7,-0.65,2.48,4,0,0,0,1
0,61,94,71.1,7.4,0.41,2.45,3,0,0,0,0
1,38,106.4,77.3,8.6,-0.13,2.31,3,1,1,0,0
0,30,92.4,65.7,7.3,-0.1,1.72,3,3,2,1,0
0,16,105.8,73.1,7.1,0.56,2.19,3,0,1,0,0
0,-16,95.6,71.6,6.1,0.12,2.64,3,2,0,0,0
0,62,90.1,73.4,7.5,-0.15,2.27,3,2,2,0,1
1,28,107.5,72.2,7,0.09,2.79,3,2,2,0,1
0,4,99.5,74.4,7.1,0.34,2.57,3,0,1,0,1
1,32,106.9,79.3,8.4,0,2.46,3,1,2,0,1
0,-13,96.5,82.2,7.4,-0.1,3.02,2,1,0,0,0
0,-2,67,66.4,6.1,-0.74,3.55,2,3,2,0,0
0,25,99,65,6.9,0.15,2.88,2,0,0,0,0
1,34,102.4,72.7,7.3,-0.39,2.99,2,3,2,0,0
0,57,79.1,73.5,8.2,0.45,2.11,2,2,2,0,1
0,19,103,72.2,6.9,-0.03,2.38,2,0,0,0,1
0,-28,64.5,70.3,9.2,0.53,1.73,1,1,2,0,0
0,-3,102,67.1,6.9,-0.32,2.79,1,1,1,1,0
0,31,83.3,69.4,7.1,0.16,2.08,1,1,2,0,1
0,57,90.3,71.4,7.4,0.49,2.49,1,2,1,0,1
0,26,99,76.9,7.5,0.77,1.96,9,1,2,0,0
0,-27,77.1,64.7,7.1,-0.4,2.19,9,2,2,1,0
0,52,72.5,72.3,7.2,-0.26,3.2,9,0,2,0,0
0,28,94.2,74.7,7.8,0.5,2.11,9,1,0,0,0
0,8,100.4,69,7.3,0.17,1.56,9,0,2,1,0
0,45,70.9,60.8,6,-0.45,3.23,9,1,2,0,0
0,4,97,73.7,7.4,0.21,2.03,9,1,1,1,0
0,22,107.5,75.4,7.2,-0.44,2.5,9,0,1,1,0
0,9,103.4,74.3,7.5,0.48,1.97,9,0,1,0,0
0,-67,59.3,70.3,7.1,0.99,2.53,9,2,2,0,0
0,17,98.4,75.4,7.1,0.08,2.6,8,0,0,0,0
0,-35,56.2,69.3,7.7,0.98,3.28,8,0,2,0,0
0,8,84,69.2,6.8,-0.19,2.23,8,2,2,1,0
0,-5,107,74.5,7.8,-0.2,2.65,8,1,2,1,0
0,13,84.8,79.9,8.1,0.64,1.26,8,2,2,0,0
0,24,95.1,72.7,6.7,-0.36,2.93,8,0,2,0,0
0,42,85.9,73.7,7.7,-0.93,2.98,8,3,2,1,0
0,10,83.9,69.2,6.8,-0.42,2.77,8,1,2,0,0
0,-14,89.7,74.6,8.1,0.78,2.31,7,1,1,0,0
0,39,98.1,71.9,7.4,-0.33,2.3,7,1,2,1,0
0,-24,103.1,81.3,8.2,-0.27,2.05,7,2,1,0,0
0,-17,78.9,61.9,6.3,0.05,2.67,7,3,2,1,0
1,32,104.1,72.7,7.5,-0.02,2.11,7,1,2,0,0
0,32,96.6,68.6,6.8,-0.42,3.37,7,1,2,1,1
0,1,99.8,75.2,7.5,0.36,1.45,7,0,2,0,1
0,47,93.3,77,8.6,-0.05,1.95,7,0,1,0,1
0,57,92.7,64.7,5.9,-0.29,3.87,6,1,2,0,0
0,10,103.4,72.4,7.5,0.02,1.66,6,1,1,1,0
0,-16,74.6,73.9,7.9,0.43,1.81,6,2,1,0,0
0,8,101.7,69.7,5.8,-0.04,2.69,6,0,0,1,0
0,33,99.1,70,7.1,0.42,2.51,6,1,0,0,1
0,73,90.4,81.3,7.8,-0.14,2.71,6,2,1,0,1
0,5,95.8,70.9,7.6,-0.5,1.65,6,0,0,1,1
0,50,68.4,75,7.2,0,2.28,5,3,2,0,0
0,60,61.4,68,6.7,-0.43,3.74,5,0,1,0,0
0,38,90.9,73.7,6.9,-0.01,2.25,5,2,1,0,0
0,16,94.2,70.3,7.2,-0.94,2.1,5,0,0,1,0
1,26,103.8,83.7,7.6,-0.05,2.88,5,3,0,0,0
1,28,103,73.7,7.8,-0.31,2.26,5,0,0,1,0
0,-7,99.9,68.5,6.4,0.07,2.78,5,0,2,1,0
1,34,101.9,72.5,6.7,-0.06,3.12,5,0,2,0,0
0,1,93.4,65,7.7,-0.43,1.94,4,1,0,1,0
0,-4,110.6,82.5,8,0.29,1.75,4,1,1,0,0
0,63,88.8,68.4,6.3,-0.05,3.61,4,0,0,0,0
0,4,83.8,54.8,7.8,0.93,1.91,4,1,2,0,0
0,37,72.7,75.5,7.7,-0.79,1.68,4,0,1,1,0
0,23,95.8,79.5,8.3,-0.52,1.4,4,1,1,0,0
0,63,89.6,73.2,8.5,-0.23,2.24,3,0,1,1,0
0,36,96.8,72.1,7.5,0,2.09,3,1,2,0,0
0,22,108.6,81.2,7.7,-0.46,2.31,3,0,1,1,0
0,40,89.4,73.6,6.9,0.07,3.67,3,0,0,0,0
0,-1,95,67.7,7.2,-0.61,2.5,3,0,0,1,0
0,7,98.7,68.1,6.7,0.54,1.61,3,2,1,1,0
0,-6,95.6,68.2,6.8,-0.03,2.18,2,2,2,1,0
0,16,105.2,81.1,8.5,0.02,2.29,2,0,1,0,0
0,58,85.9,73.8,7.1,0.24,2.54,2,0,0,0,0
0,13,76.3,55.1,7.5,1.19,2.21,2,2,2,0,0
0,50,69.5,59.9,8.1,-1.37,1.34,2,1,1,1,0
0,-5,69.3,72.4,8.5,0.67,1.94,1,1,0,0,0
1,34,102.4,74.4,6.9,0.19,2.24,1,3,2,1,0
0,8,90.9,72.1,6.6,0.88,3.3,1,0,0,1,0
0,-5,87.8,59.1,6.9,-0.19,2.13,1,0,0,1,0
0,21,95,76.8,7.2,0.27,2.29,1,3,2,0,0
0,44,94.7,73.9,7.8,0.35,2.15,1,2,2,1,0
0,16,101.2,65.3,6.4,0.42,2.54,1,0,0,1,0
0,18,94.6,64.7,7.8,-0.89,1.84,9,0,0,1,0
0,-20,98.4,73.3,7.6,-0.31,2.69,9,0,0,0,0
0,-17,72.6,68.5,6.4,-0.96,3.33,9,2,1,0,0
0,51,98.3,72.9,6.9,-0.2,3.33,9,1,0,1,0
0,66,77.8,78.4,7.7,0.64,2.47,9,1,2,1,0
0,-56,68.7,70.9,7,-0.57,2.14,9,0,2,1,0
0,-29,89.8,74.1,7.2,-0.01,2.4,9,1,2,1,0
0,-6,103,67.8,7,-0.48,2.56,9,0,0,0,0
0,-18,62.2,75.9,6.6,-1.66,2.83,8,0,1,0,0
0,24,83.6,64.5,7.4,-1.2,2.29,8,0,1,1,0
0,19,68.3,64.8,7.7,0.55,2.1,8,0,1,0,0
0,-22,80.4,70.7,6.2,0.55,3.1,8,0,0,1,0
0,16,107.4,76.3,7.5,0.03,2.92,8,0,0,1,0
0,-9,86.2,62.9,6.4,0.37,2.92,8,1,2,1,0
0,0,98,71.7,7.2,0.6,2.14,7,0,0,1,1
0,-4,97.9,66.8,7.7,0.03,2.54,7,3,1,0,1
0,-11,86.3,71.6,6.6,0.59,3.05,7,0,0,1,0
0,50,87.9,82.1,7.9,0.48,2.71,7,0,2,1,0
0,-18,94.9,66.5,5.9,-0.19,3.17,7,0,2,0,0
0,-6,96.3,67.1,6.5,-0.8,2.34,6,0,1,0,1
0,-8,99.7,75.8,7.1,0,2.22,6,3,2,1,1
0,14,79.5,66.5,7.9,-1.35,2.05,6,2,2,1,0
0,19,80.6,72.3,7.3,-0.81,3,6,1,0,0,0
0,11,83.1,73.3,8.2,0.03,1.83,6,2,1,1,0
0,7,99.8,68.8,7,-0.66,2.74,6,1,2,1,0
0,-6,93.4,65.5,6.9,-0.26,2.53,6,0,0,1,0
0,3,105.1,75.2,7.9,0.15,1.98,6,2,2,1,0
0,3,103.9,73.2,6.1,0.78,3.42,6,1,1,1,0
0,24,95.9,76.5,8.1,-0.19,2.13,6,1,1,1,0
0,-22,81.4,65.1,6.5,0.12,2.42,5,0,2,1,0
0,14,94.4,74.6,7.6,-0.45,1.88,5,1,1,0,0
0,12,103.6,72,6.7,-0.36,2.5,5,1,0,1,0
0,20,107.4,75.6,7.6,-0.24,2.56,5,1,1,0,0
0,59,90.8,70.4,6.7,-0.62,3.37,5,0,1,0,0
0,-19,96.4,77.8,7.5,0.09,2.69,5,2,0,0,0
0,46,84.4,77.1,7.9,-0.33,1.42,4,0,0,1,0
0,0,101.5,73.1,7.7,-0.28,2.31,4,2,2,0,0
0,6,96.5,75.2,8.7,-0.15,2.37,4,1,1,1,0
0,-6,97.9,65.8,6.4,-0.99,3.13,4,0,1,1,0
0,-21,84.4,65.9,6.1,0.22,2.24,4,0,1,1,0
0,31,96.5,71.2,7.6,0,1.64,3,1,1,1,0
0,-8,72.4,59.4,6.1,-0.3,2.92,3,1,2,1,0
0,-9,97.7,70.2,6.9,-0.61,2.86,3,0,0,0,0
0,69,71.9,75.7,7.1,0.61,3.21,3,0,1,1,0
0,53,89.5,74.4,7.7,-0.1,2.31,3,0,2,1,0
0,-5,99.2,67.8,6.9,-1.1,2.47,2,0,1,0,0
0,38,91.6,69.6,7,-0.33,2.09,2,3,2,1,0
0,14,78.4,75.7,6.9,-0.87,2.36,2,2,0,0,0
0,4,93.4,67.1,7,-1.04,2.69,2,0,0,0,0
0,25,79.6,73.4,6.6,-0.35,2.37,2,0,1,0,0
0,-12,72.6,72.6,8.8,-0.88,2.45,2,1,1,1,0
0,-16,94.5,77.3,7.4,-0.51,1.94,1,1,0,1,0
0,-13,96.4,65.8,6.3,0.22,3.62,1,0,1,0,0
0,20,99.2,70.7,7.5,-0.69,2.03,1,0,0,1,0
0,56,90.4,75.8,7.2,0.01,2.86,1,1,2,1,0
0,-59,70.5,67.2,7.9,-1.23,1.57,1,1,2,1,0
0,43,92.7,73.5,7.3,0.76,2.84,9,1,0,0,0
0,-30,71.3,64.2,6.6,-0.82,3.14,9,1,1,1,0
0,-14,95.2,74,7.6,-0.16,1.83,9,2,2,1,0
0,25,99.9,69,6.8,0,2.23,9,0,0,0,0
0,-23,102.9,68.3,6.8,-0.29,2.5,8,0,2,1,1
0,5,98.7,71.2,7.4,-0.37,1.81,8,2,2,1,1
0,73,83.8,79.3,8.2,0.11,2.89,8,0,1,0,0
0,6,84.3,65.9,7.3,-0.81,1.68,8,0,1,0,0
0,27,93,72.1,7.8,-0.37,2.45,8,1,1,1,0
0,11,90.7,70.6,6.2,0.38,2.4,8,0,1,0,0
0,5,75.5,76.5,6.1,0.59,2.25,8,0,0,1,0
0,19,88.6,72.7,8.2,0.27,2.22,8,1,2,0,0
0,8,102.2,68.7,6.8,0.31,2.16,8,2,0,0,0
0,52,78.4,67.1,7.9,-0.3,1.63,8,0,1,0,0
0,-15,77.7,77.2,8,-0.56,2.22,7,0,1,0,0
0,-3,74.4,71.9,7.3,0.56,1.64,7,0,2,0,0
0,-12,87,70.6,6.3,0.27,2.32,7,2,2,1,0
0,39,91.4,61.9,6.1,0.21,2.93,7,1,0,0,0
0,45,88.1,74,7.7,-0.8,2.74,7,1,1,1,0
1,30,105.6,70.6,7.5,-0.15,2.85,7,1,1,1,0
0,36,89.7,66.3,7.7,-0.69,1.65,6,0,2,0,1
0,26,103,68.2,7.3,-0.49,3.1,6,2,0,1,1
0,24,103.9,76.2,6.9,-0.06,2.56,6,0,0,0,1
0,10,93.2,61,6.3,0.59,2.36,6,3,2,0,1
0,6,103,67.9,8.6,0.2,2.22,6,3,2,0,1
0,-27,70,71,7.1,0.32,3.35,6,0,1,0,0
0,-34,45.3,77.4,8.7,0.28,1.8,6,3,0,1,0
0,9,85.7,83.6,7.8,-0.84,2.71,6,2,1,0,0
0,-76,74.5,63.8,5.9,-0.18,2.45,5,0,1,0,1
0,39,78,72.4,7,-0.88,2.34,5,1,0,0,1
0,-6,92.6,72.1,7.9,0.32,1.8,5,0,1,0,1
0,7,100.4,69,6.9,-0.39,2.47,5,1,1,0,0
0,50,93.2,72.2,6.5,0.47,2.96,5,0,1,1,0
0,48,84.5,73.4,7.4,-0.69,2.1,4,0,0,0,1
0,24,82.7,76.3,7.2,-0.85,2.33,4,1,2,0,1
0,1,99.5,64.6,6.6,0.5,2.15,4,1,0,0,0
0,7,104.1,71.4,7.2,0.37,2.32,4,0,2,1,0
0,87,88.8,76.9,7.3,0.2,2.92,4,2,0,0,0
0,30,96.6,76.6,6.6,-0.36,2.34,3,2,1,0,1
0,10,104.6,68.7,6.8,0.31,2.52,3,0,0,0,1
0,86,91.3,77.3,7.8,-0.14,3.33,3,2,2,0,0
0,6,106.6,72.1,7.2,-0.02,2.35,3,0,1,0,0
0,28,94.9,70,7.1,-0.64,2.81,3,1,0,0,0
0,-4,87.5,72.3,7.2,-0.46,2.48,3,0,0,1,0
0,74,80,74.4,8,-0.66,1.98,2,0,0,0,1
0,22,101.1,68.2,7.7,0.23,2.03,2,1,0,0,1
0,6,92.2,68.9,6.5,0.16,3.2,2,1,2,0,1
0,3,56.6,60.1,7.3,0.73,1.13,2,0,1,0,0
0,44,81.2,76.3,7.9,0.13,2.38,2,3,2,1,0
0,-3,78.3,70.5,7.6,-0.52,2.11,1,0,0,1,1
0,20,81.1,76.4,7.3,-0.45,1.91,1,1,2,0,1
0,17,96,74.7,8.3,0.48,2.3,1,1,2,0,1
1,21,112.8,79.4,7.1,-0.1,2.22,1,2,0,0,1
0,-28,63.1,78.7,8.5,0.39,1.7,1,1,1,0,0
0,-8,82.3,69.6,7.9,0.62,1.66,1,2,1,0,0
0,-10,87.4,58,6.2,0.66,1.2,9,0,2,0,0
0,34,67.1,73.8,6.9,0.3,3.11,9,1,1,1,0
0,29,97.5,68.1,6.4,0.51,3.21,9,0,1,1,0
0,12,89.8,75.4,6.4,0.41,2.62,9,0,0,1,0
0,38,97.4,71.2,7.8,0.03,2.24,9,0,1,0,0
0,38,72,71.3,7,0.66,2.31,9,1,0,1,0
0,4,104.4,69.8,7.6,0.46,2.1,8,0,0,1,1
0,13,100.1,71.5,6.7,0.56,3.13,8,0,1,0,1
0,14,101.4,71.1,6.7,0.23,3.34,8,2,2,0,1
0,-75,76,60.1,4.7,0.03,3.69,8,1,1,1,1
0,15,52.4,64.2,6.7,1.25,2.98,8,1,1,1,1
0,34,91.2,69.5,6.6,0.03,2.77,8,1,0,1,1
0,11,76.4,71.6,6.8,-0.6,3.13,8,1,1,0,1
0,-1,94,82.2,7.4,0.07,2.91,8,1,2,1,1
0,-27,86.5,57,6.1,0.38,3.53,7,0,2,0,1
0,28,44.3,74.1,6.9,0.41,3.08,7,0,0,1,1
0,-29,54.3,58.7,7.5,-0.17,1.52,7,1,1,1,0
0,28,82,71.8,7.2,-0.63,2.27,7,1,1,0,0
0,13,80.7,55.6,7.3,0.27,1.94,7,1,2,0,0
0,2,97.4,68.2,6.8,-0.85,2.84,7,1,0,1,0
0,-39,88.4,73.9,7.1,0.06,3.17,7,0,0,0,0
0,-15,88.5,68.4,7,-0.45,3.36,6,2,2,0,0
0,8,107.1,79.2,7,0.24,1.77,6,0,1,1,0
0,49,74.9,70.3,7.7,-0.2,1.84,6,2,2,1,0
0,-40,87.1,75.2,7.7,0.6,2.46,6,3,2,0,0
0,-63,77.1,64.2,7,-0.85,2.36,6,1,2,1,0
0,8,82.9,62.9,5.9,0.32,3.27,6,0,0,1,0
0,52,63.4,68.2,5.9,0.31,3.23,6,0,1,1,0
0,9,100.8,68.1,7.4,0.25,2.02,6,1,1,0,0
0,20,88.6,75.5,7.7,-0.35,1.44,6,1,2,1,0
0,56,70.5,69.4,6.5,0.96,2.37,5,1,2,0,0
0,20,102.7,73.3,7.6,0.12,2.41,5,0,0,0,0
0,20,110.8,80.5,7.7,0.41,1.83,5,0,2,0,0
0,23,102.2,69.1,7,-0.45,3.11,5,0,0,1,0
1,25,100.5,73.4,6.1,0.47,3.25,5,0,0,0,0
0,-34,87.6,68,7.5,0.73,1.72,5,1,2,0,0
0,23,57.1,70.2,6,0.94,3.23,5,3,2,1,0
0,30,75.5,62.1,6.1,-0.15,3.09,5,0,0,0,0
0,8,104.6,75.2,7.4,0.34,2.55,4,0,1,1,0
0,-76,53.1,74.3,8.3,1.19,2.2,4,1,2,0,0
0,6,105.1,74.4,6.8,0.41,1.98,4,0,0,1,0
0,35,91.1,68.6,7.6,-0.45,2.26,4,0,0,0,0
0,40,97.1,74,7.2,0.08,2.47,4,2,1,1,0
0,18,103.9,70.7,7.1,-0.16,2.76,4,0,2,0,0
0,-2,99.9,75.4,8.2,0.52,1.84,4,0,0,0,0
0,46,99.2,75.7,8,0.31,3.18,3,3,1,0,0
0,55,45.1,71.7,7,1.13,2.51,3,1,1,1,0
0,9,82.3,79.4,7.8,-0.12,2.01,3,1,1,1,0
0,-3,73.3,74,7.6,1.26,1.92,3,0,1,0,0
0,22,79.8,70.6,6.3,-0.21,3.08,3,3,1,0,0
0,2,109.6,72.8,6.6,0.39,2.01,3,0,1,1,0
0,23,87.8,67.2,6.8,0.74,1.88,2,1,2,0,0
0,-26,93,64.7,6.3,0.22,2.22,2,2,2,1,0
0,7,105.7,79.3,8.3,0.17,2.33,2,1,2,0,0
0,38,88.9,67.5,7.2,0.65,2.5,2,1,1,0,0
0,80,76.5,70.1,8.1,-0.09,1.36,2,1,1,1,0
0,7,97.6,73.5,7,-0.58,3.05,2,3,1,0,0
0,-12,83.4,73.1,7.7,-0.61,1.56,1,2,1,1,0
1,24,105.6,74.4,7.7,0.32,2.15,1,0,0,0,0
0,0,68.4,61.1,6.6,-0.91,2.19,1,0,1,1,0
0,-12,80,67.9,6.6,-0.15,3.2,1,1,2,0,0
0,41,95.3,68.2,6.5,-0.19,3.79,1,2,0,1,0
0,49,89.9,77,7.3,0.29,2.41,1,3,1,0,0
0,19,100.9,70.7,7.7,-0.14,1.92,9,0,0,1,0
0,30,100.4,73.4,6.9,-0.4,3.04,9,2,1,0,0
0,-3,84.3,74.6,7.9,1.1,2.46,9,1,1,0,1
0,19,94.7,68,6.5,-0.52,2.48,8,1,0,0,0
0,-13,88.6,65.1,7.7,-0.54,1.25,8,0,2,1,0
0,-7,57.3,61.6,6,-1.33,2.62,8,2,1,0,0
0,44,87.8,67.8,6.2,0.09,3.05,8,1,1,0,0
0,29,81.7,66,7.8,-0.18,1.58,8,2,2,0,0
0,-5,100.1,75,7.7,-0.4,2.76,8,0,0,0,0
0,5,79.7,76,8.4,-0.01,2.03,7,2,1,0,0
0,27,93.7,77.6,7.3,0.12,1.71,7,0,1,0,0
0,1,91.3,70.5,7.3,-0.03,2.71,7,0,2,1,0
0,-35,62.5,72.9,7.6,-0.55,2.19,7,0,1,1,1
0,6,100.3,66.6,6.3,0.29,1.45,7,1,1,0,1
0,8,106.2,82.1,8.2,-0.77,2.05,7,0,1,1,0
0,43,85.1,67.7,7.8,0.43,1.98,7,0,2,0,0
0,7,78.5,69.2,7.6,0.64,2.14,6,0,1,0,1
0,66,93,74.6,7,-0.41,2.44,6,1,1,0,1
0,56,59.4,50.5,7.5,0.13,1.38,6,1,2,0,1
0,-74,55,75.6,8,-0.68,2.05,6,1,2,1,0
0,44,94.7,74,7.7,-0.32,2.12,6,0,0,0,0
0,19,86.1,65,8.3,-0.8,1.58,6,1,2,1,0
0,26,75.4,60.4,4.8,-0.65,3.27,6,0,2,0,0
0,8,74.3,68.8,8.3,0.31,2.79,5,1,0,0,1
0,77,83.8,74.6,7.8,0.35,2.66,5,0,1,0,1
0,41,90,70.8,7.1,0.61,2.56,5,2,2,0,1
0,3,94.4,63.8,6.8,-0.25,2.76,5,0,1,0,1
0,39,93.3,68.8,8.2,0.38,2.32,4,1,0,0,1
0,45,99.6,72.5,7.1,0.03,2.86,4,0,0,0,1
0,21,86.1,73.4,6,-0.1,2.79,4,3,2,0,1
0,61,94.2,74.5,7.5,0.43,3.07,4,0,0,0,1
0,-64,43.6,58.8,8.5,0.87,1.25,4,1,0,0,0
0,29,94.6,68.8,7.9,1.01,2.8,4,0,1,0,0
0,68,70.3,72.7,7.1,0.52,2.71,3,0,0,1,1
0,-54,60.6,70.6,6.8,0.92,3.07,3,1,2,0,1
0,56,98,79.7,7.3,0.18,3.28,3,1,0,0,1
0,-17,85.3,73.4,7.8,0.78,1.79,3,1,2,0,0
0,8,108.6,78.2,7,-0.01,2.83,3,3,2,1,0
0,47,87.5,68.8,6.6,0,2.43,3,0,0,0,0
0,39,96.9,72.1,8,0.13,1.63,2,1,0,0,1
0,36,65.3,70.7,7.3,-0.61,2.69,2,2,1,0,1
0,4,107.6,79.3,7.6,-0.08,1.84,2,1,0,1,0
0,19,95.3,74,7.6,0.49,2.38,2,0,0,0,0
0,8,89.6,74.4,8.2,0.28,1.61,2,0,1,0,0
0,21,93.9,64.6,6.2,0.38,3.73,1,0,1,0,1
0,-26,87.3,74.2,7.4,0.86,1.96,1,3,1,0,1
0,-5,84.5,62.2,6.6,0.52,3.58,1,1,2,0,1
0,-2,99.8,66.1,7.1,0.33,4.03,1,2,2,0,0
0,21,73.8,74.4,7.8,-1.03,2.49,1,0,0,1,0
0,18,89.6,61.8,5.1,-0.13,2.6,1,2,2,0,0
0,-4,71.8,54.2,6.9,-0.18,2.15,9,0,0,0,0
0,19,104.8,71.8,6.7,-0.25,2.94,8,0,0,0,0
0,57,84.3,74,7.4,0.65,2.37,8,0,0,1,0
1,17,111.8,78.1,8.2,-0.42,1.43,8,3,2,0,0
0,28,97.7,65.9,6.5,0.04,2.51,8,1,2,0,0
0,18,88.1,65.4,6.5,0.66,1.54,8,1,2,1,0
0,60,88.6,68.2,6.8,-0.23,3.15,8,3,1,0,0
0,55,82.2,77.4,7.7,-0.17,1.87,8,0,0,1,1
0,29,97.8,77.1,7.3,-0.13,2.05,8,1,0,0,1
0,42,95.4,67.8,7.3,-0.29,2.58,8,1,0,1,1
0,-30,84.3,63.9,5.5,-0.14,3.27,7,0,0,1,0
0,-19,103.4,67.4,7.1,0.06,1.91,7,2,1,0,0
1,29,99.4,75.4,7.2,-0.58,2.75,7,1,1,1,0
0,-28,91.5,71.8,6.9,-0.6,3.25,7,2,1,1,0
0,42,91.4,71.8,7.8,0.1,1.97,7,0,0,1,1
0,59,91.2,63.9,7.7,0.05,2.67,7,1,0,0,0
0,-37,91.3,73.4,6.7,0.07,2.46,6,1,1,0,0
0,-31,90.2,60,5.9,-0.95,2.41,6,1,0,0,0
0,-20,100.1,73.8,7.4,-0.14,1.9,6,0,0,0,0
0,19,96,74.7,7.2,0.6,3.42,6,1,1,1,0
0,-12,103.1,71.4,7.1,0.22,1.68,6,0,0,0,0
0,0,81.5,60.6,5.7,-0.71,2.7,5,0,0,0,0
0,12,52.7,62.7,5.9,0.76,2.54,5,1,2,1,0
0,38,94.6,80.9,7.7,-0.43,2.05,5,0,1,1,0
0,34,75.9,76.4,6.5,1.08,3.37,5,0,0,1,0
0,12,104.3,74.5,7.4,0.02,2.28,5,0,1,0,0
0,11,90,69.4,7.9,-0.32,2.22,5,0,1,1,0
0,16,89,76.5,7.3,-0.1,2.6,5,1,2,0,0
0,-22,95.5,74.9,7.4,-0.39,1.91,4,1,2,0,0
0,14,106.1,74.4,7.1,-0.32,2.14,4,0,0,1,0
0,-19,86,69.2,6.7,-0.68,2.57,4,0,0,0,0
0,16,84.3,71,6,0.77,2.66,3,0,1,1,0
0,41,97.8,70.2,6.8,-0.41,3.13,3,0,0,0,0
0,9,101.7,76.7,8.1,0.21,1.31,3,0,1,1,0
0,2,89.6,73.4,6.5,0.69,2.97,3,1,1,1,0
0,37,102.8,72.6,7.8,-0.3,2.37,3,3,2,0,0
0,6,110,80.1,7.4,0.27,2.09,2,1,0,1,0
0,20,108.4,76.5,7.4,-0.12,2.45,2,0,1,0,0
0,30,89,74.5,7.5,0.46,2.97,2,1,0,1,0
0,-1,106.1,74,7,-0.26,2.56,2,0,2,1,0
0,-54,57,67.6,8,0.64,2.09,2,2,1,0,0
0,70,77.2,65.5,5.7,0.1,3.47,1,1,1,1,0
0,-13,88.8,61.9,6.5,-0.86,2.04,1,1,2,0,0
0,22,108.9,75.5,7.6,-0.54,2,1,0,0,1,0
0,-5,81.1,74.5,7.2,-0.79,1.93,1,0,0,1,0
0,52,86,69.5,7.3,-0.01,2.59,9,0,0,1,1
0,-10,90.8,76.2,7.7,0.46,2.35,9,0,0,0,1
0,-8,72.9,82,7.8,-0.09,2.6,9,0,0,0,1
0,-33,61,65.7,6.5,0.98,2.51,8,0,1,0,1
0,-28,72.5,76,7.2,0.46,1.72,8,1,2,0,1
0,64,76.2,63.9,8.1,-0.32,1.67,8,2,1,0,1
0,23,97.4,67.6,6.7,0.39,2.26,8,1,0,0,1
0,-32,66.1,67.3,6.9,0.25,2.43,7,0,2,1,0
0,-3,101.5,69.2,6.8,0.45,1.51,7,3,1,1,0
0,17,107.8,74.2,7,0.11,3.39,7,2,1,0,0
0,10,96.7,72.7,7.5,0.66,1.95,7,0,0,0,0
0,-20,93.6,64.2,5.9,-0.07,2.61,7,0,0,0,0
0,35,93,63.9,7.9,-0.61,2.42,6,0,0,1,0
1,33,94.6,70.1,8.1,-0.22,1.46,6,1,2,0,0
0,13,101.8,72.7,7.7,0.46,1.51,6,2,2,0,0
0,7,106.7,82.2,8.2,0.13,2.43,6,3,1,0,0
0,20,96.3,71.3,7.2,0.42,1.84,6,2,2,1,0
0,2,99.4,80.5,7.6,0.53,2.06,6,2,2,0,0
0,23,99.5,68.9,6.8,-0.35,2.99,6,0,0,1,0
0,19,98.2,69.2,6.8,0.31,3.31,6,1,1,0,0
0,46,73.4,71.2,7.3,0.34,1.8,5,1,1,0,0
0,39,103.8,72.9,7,0.38,3.4,5,1,1,0,0
0,11,110,74.6,7.9,0.14,2.56,5,1,0,1,0
0,19,108.8,75,7.2,-0.29,2.05,5,1,1,0,0
0,-14,66.1,63.4,7.5,0.82,1.52,5,1,1,0,0
0,-56,49,73.5,7.6,0.55,2.42,5,1,1,0,0
0,69,82.4,74,7.2,0.15,2.47,4,3,2,0,0
0,40,94.7,69.4,7.3,0.33,2.05,4,1,1,1,0
0,10,101.7,76.1,7.3,-0.52,2.68,4,0,0,0,0
0,9,97.2,71.8,8,-0.56,2.01,3,2,2,1,0
0,70,81.6,66.9,6.6,-0.03,3.18,3,0,1,0,0
0,30,87.3,68.8,6.3,0.82,2.89,3,1,2,0,0
0,66,85.9,76.7,7.7,-0.7,2.39,3,1,1,0,0
0,31,93.8,69.4,7.2,-0.51,2.13,3,1,2,1,0
0,-14,96.4,79,8,0.3,1.21,2,3,1,0,0
0,35,84.1,69.1,7.4,0.88,1.26,2,0,0,1,0
0,30,78.4,66.1,7.5,0.58,1.91,2,0,2,0,0
0,6,82.8,75.5,7.4,-0.76,2.42,2,3,2,0,0
0,-7,59.8,63.6,5.9,-1.07,2.4,2,1,2,0,0
0,-13,73.7,74,7.5,0.69,2.08,1,2,2,0,0
0,-8,107.3,78.6,7.3,-0.44,2.14,1,3,1,0,0
0,29,83.8,72.4,7.8,-0.21,1.69,1,3,2,1,0
0,9,107.1,72.3,6.8,0.32,2.4,1,3,1,0,0
0,36,99.2,74.2,7.4,0.2,2.8,1,0,0,0,0
0,52,86.4,73.4,7.9,0.01,1.76,1,0,0,0,0
